# elotto v3 mode=649 focus=off score=high items=8000/8000 ranked=7834 excl=166 void=0 blocks=52 paused_ms=0 pass_mean=-0,000000 pass_sigma=1,001305 pass_chi2=7853,4627 pass_stouffer=-0,0000 v_eff=1,0127 null_flags=0 flush_timeouts=0 drift_t=0.10 unlimited=on runs_cap=500 rounds=18 run_s=2,00 run_segs=52174 gap_s=0,80
# nodes=master,192.168.178.103,192.168.178.155,192.168.178.145
order;item;n1;n2;n3;n4;n5;n6;e1;e2;z_raw;z_ctr;block;k;skip_rank;z0;z1;z2;z3;round
1;381;13;15;22;29;33;46;0;0;2,072133;1,8542;0;4;0;0,212365;1,162681;1,911776;0,857445;1
2;266;7;13;15;22;43;47;0;0;-0,161719;-0,3796;0;4;0;-0,178931;-0,318299;-2,020373;2,194166;1
3;375;7;29;33;41;46;47;0;0;0,873171;0,6553;0;4;0;-1,435163;1,046282;1,642451;0,492772;1
4;92;6;7;22;29;33;41;0;0;1,139711;0,9218;0;4;0;-0,320095;0,891498;1,116183;0,591835;1
5;50;6;7;13;33;43;46;0;0;0,763893;0,5460;0;4;0;1,246945;-1,197476;0,838809;0,639508;1
6;324;7;15;22;29;33;43;0;0;-0,080612;-0,2985;0;4;0;0,013621;-0,197567;-0,722040;0,744762;1
7;119;6;7;29;41;43;47;0;0;1,227938;1,0100;0;4;0;1,557134;-0,417361;0,987402;0,328701;1
8;59;6;7;15;22;29;43;0;0;-0,907471;-1,1254;0;4;0;-0,135591;0,030895;-0,243445;-1,466801;1
9;1;6;7;13;15;22;29;0;0;-0,174412;-0,3923;0;4;0;0,236511;-0,228524;0,700741;-1,057551;1
10;331;7;15;22;29;43;47;0;0;0,118441;-0,0995;0;4;0;1,365820;0,089094;-1,551066;0,333035;1
11;87;6;7;15;33;46;47;0;0;-0,279974;-0,4979;0;4;0;-0,247036;1,453057;-0,850201;-0,915768;1
12;307;7;13;22;43;46;47;0;0;-0,980530;-1,1984;0;4;0;-0,523791;-0,055165;-0,754854;-0,627249;1
13;305;7;13;22;41;43;47;0;0;0,733556;0,5157;0;4;0;-0,481690;2,131013;-0,447761;0,265549;1
14;196;6;13;41;43;46;47;0;0;1,212459;0,9946;0;4;0;0,726869;-0,006253;1,821382;-0,117079;1
15;421;13;22;29;41;43;47;0;0;0,121846;-0,0961;0;4;0;0,111445;1,180016;0,114417;-1,162185;1
16;35;6;7;13;22;43;47;0;0;1,054888;0,8370;0;4;0;-0,665574;1,142868;0,625825;1,006658;1
17;338;7;15;22;33;46;47;0;0;-0,120856;-0,3388;0;4;0;-0,040863;1,129247;-0,444046;-0,886049;1
18;69;6;7;15;22;43;46;0;0;-1,258213;-1,4761;0;4;0;-0,654430;-1,578246;-0,105377;-0,178374;1
19;367;7;22;29;43;46;47;0;0;0,357119;0,1392;0;4;0;1,071729;-0,665017;1,232581;-0,925055;1
20;304;7;13;22;41;43;46;0;0;0,305731;0,0878;0;4;0;-1,820268;1,471631;0,514380;0,445718;1
21;48;6;7;13;33;41;46;0;0;-0,730707;-0,9486;0;4;0;-0,471784;0,030276;-0,661983;-0,357924;1
22;223;6;15;29;41;43;46;0;0;-1,390710;-1,6086;0;4;0;-0,714486;-2,090893;0,656782;-0,632822;1
23;212;6;15;22;33;46;47;0;0;0,199858;-0,0180;0;4;0;0,676099;-0,149274;-0,544966;0,417857;1
24;347;7;15;29;33;43;47;0;0;0,511594;0,2937;0;4;0;0,227224;0,799865;0,151565;-0,155466;1
25;339;7;15;22;41;43;46;0;0;-0,489244;-0,7071;0;4;0;-0,248275;-0,276198;-0,164196;-0,289819;1
26;21;6;7;13;15;46;47;0;0;1,107825;0,8899;0;4;0;0,751634;0,455005;-0,126428;1,135438;1
27;325;7;15;22;29;33;46;0;0;0,955826;0,7379;0;4;0;-0,251989;0,481628;1,214626;0,467388;1
28;301;7;13;22;33;43;46;0;0;0,171996;-0,0459;0;4;0;0,502741;2,093865;-2,218498;-0,034115;1
29;148;6;13;15;29;41;47;0;0;-0,771880;-0,9898;0;4;0;0,728107;-0,367211;-1,463149;-0,441508;1
30;449;15;22;41;43;46;47;0;0;-0,054299;-0,2722;0;4;0;1,110735;-1,976972;0,897008;-0,139368;1
31;166;6;13;22;29;41;43;0;0;-0,335387;-0,5533;0;4;0;-0,188837;-1,885339;0,970686;0,432716;1
32;441;15;22;29;41;43;46;0;0;0,850882;0,6330;0;4;0;0,160357;0,676038;-0,109711;0,975081;1
33;159;6;13;15;41;43;47;0;0;-0,485838;-0,7037;0;4;0;-0,669289;-0,526330;0,831379;-0,607437;1
34;395;13;15;22;41;43;46;0;0;1,401297;1,1834;0;4;0;0,289757;0,654368;1,011549;0,846920;1
35;72;6;7;15;29;33;41;0;0;1,774947;1,5570;0;4;0;0,718201;1,765722;1,511813;-0,445842;1
36;141;6;13;15;22;46;47;0;0;-0,920783;-1,1387;0;4;0;0,806119;0,930504;-0,142526;-3,435662;1
37;155;6;13;15;33;43;46;0;0;-0,333220;-0,5511;0;4;0;-0,632760;-0,715167;-0,274402;0,955888;1
38;248;6;29;33;41;43;47;0;0;-1,355108;-1,5730;0;4;0;-1,245088;-1,809185;-0,663221;1,007277;1
39;150;6;13;15;29;43;47;0;0;-0,340341;-0,5582;0;4;0;-0,515743;-0,798751;0,025880;0,607932;1
40;40;6;7;13;29;33;47;0;0;-1,564997;-1,7829;0;4;0;-0,279851;-0,969014;-0,214346;-1,666783;1
41;178;6;13;22;41;43;46;0;0;0,810948;0,5930;0;4;0;0,112064;1,404145;-0,552396;0,658082;1
42;257;7;13;15;22;29;47;0;0;0,330187;0,1123;0;4;0;-0,008668;2,487637;-1,541160;-0,277436;1
43;443;15;22;29;41;46;47;0;0;-2,119745;-2,3376;0;4;0;0,614186;-2,042600;-1,942981;-0,868094;1
44;312;7;13;29;33;43;47;0;0;-0,192986;-0,4109;0;4;0;0,120113;-0,876143;-1,094142;1,464201;1
45;152;6;13;15;33;41;43;0;0;-0,600688;-0,8186;0;4;0;-0,990622;-0,786368;-0,394515;0,970128;1
46;41;6;7;13;29;41;43;0;0;-0,965671;-1,1836;0;4;0;-0,307093;-1,610442;0,718696;-0,732503;1
47;306;7;13;22;41;46;47;0;0;-0,896017;-1,1139;0;4;0;0,766494;-1,674213;-1,301553;0,417238;1
48;183;6;13;29;33;41;46;0;0;1,027956;0,8101;0;4;0;0,437731;0,628983;0,367025;0,622172;1
49;328;7;15;22;29;41;46;0;0;0,401697;0,1838;0;4;0;-0,562178;-0,665017;1,749562;0,281027;1
50;224;6;15;29;41;43;47;0;0;1,599731;1,3818;0;4;0;1,286570;-1,231529;1,994741;1,149679;1
51;213;6;15;22;41;43;46;0;0;-1,443646;-1,6615;0;4;0;-0,171501;1,331705;-2,836398;-1,211097;1
52;349;7;15;29;41;43;46;0;0;-0,312479;-0,5304;0;4;0;1,368916;-0,400025;-1,200015;-0,393834;1
53;252;6;33;41;43;46;47;0;0;0,042287;-0,1756;0;4;0;-0,110207;0,215398;0,371359;-0,391977;1
54;400;13;15;29;33;41;46;0;0;1,044054;0,8262;0;4;0;0,237749;0,989941;1,006596;-0,146179;1
55;405;13;15;29;41;43;46;0;0;0,295825;0,0779;0;4;0;0,160976;-0,699069;0,787421;0,342322;1
56;190;6;13;29;41;46;47;0;0;0,453705;0,2358;0;4;0;-1,109496;0,848158;-0,162957;1,331705;1
57;209;6;15;22;33;41;47;0;0;0,505403;0,2875;0;4;0;0,369007;1,432006;0,030214;-0,820421;1
58;246;6;22;41;43;46;47;0;0;-1,080830;-1,2987;0;4;0;0,653810;-1,385694;-0,531345;-0,898432;1
59;316;7;13;29;41;46;47;0;0;-0,725135;-0,9430;0;4;0;-2,191132;-0,621058;0,436988;0,924931;1
60;149;6;13;15;29;43;46;0;0;0,037644;-0,1803;0;4;0;-1,485933;1,965703;-1,020464;0,615981;1
61;124;6;7;33;41;46;47;0;0;-0,186485;-0,4044;0;4;0;-1,762069;-1,089127;1,010310;1,467916;1
62;20;6;7;13;15;43;47;0;0;-1,540231;-1,7581;0;4;0;-0,037148;0,445099;-2,118816;-1,369597;1
63;103;6;7;22;33;41;46;0;0;-0,726373;-0,9443;0;4;0;-1,387490;-0,621677;0,100177;0,456243;1
64;126;6;7;41;43;46;47;0;0;1,610566;1,3927;0;4;0;0,586943;0,252547;1,571250;0,810391;1
65;412;13;15;33;43;46;47;0;0;-0,128595;-0,3465;0;4;0;-0,612328;-0,571527;1,064795;-0,138130;1
66;86;6;7;15;33;43;47;0;0;-0,442499;-0,6604;0;4;0;1,027770;-0,605580;0,272297;-1,579485;1
67;396;13;15;22;41;43;47;0;0;-0,207226;-0,4251;0;4;0;0,986288;-1,597440;-0,431663;0,628364;1
68;53;6;7;13;41;43;46;0;0;1,239701;1,0218;0;4;0;0,620377;1,737860;0,229577;-0,108411;1
69;109;6;7;22;41;43;47;0;0;-2,120055;-2,3380;0;4;0;-1,815934;-1,541098;-1,102810;0,219732;1
70;457;22;29;33;41;43;47;0;0;0,690525;0,4726;0;4;0;1,545370;0,719996;0,312541;-1,196857;1
71;31;6;7;13;22;41;43;0;0;0,249699;0,0318;0;4;0;1,183174;0,160914;0,723649;-1,568340;1
72;277;7;13;15;29;46;47;0;0;0,385600;0,1677;0;4;0;1,472312;-0,980158;1,005977;-0,726931;1
73;58;6;7;15;22;29;41;0;0;-1,172772;-1,3907;0;4;0;-0,850077;-0,214903;-1,220446;-0,060118;1
74;75;6;7;15;29;33;47;0;0;1,575275;1,3574;0;4;0;0,112683;0,284123;1,311212;1,442531;1
75;435;15;22;29;33;41;43;0;0;1,564130;1,3462;0;4;0;0,709533;0,717520;0,019689;1,681519;1
76;187;6;13;29;33;46;47;0;0;-0,213417;-0,4313;0;4;0;0,303997;-0,085503;1,076558;-1,721887;1
77;176;6;13;22;33;43;47;0;0;0,596107;0,3782;0;4;0;1,483456;1,378141;0,080983;-1,750367;1
78;254;7;13;15;22;29;41;0;0;1,735322;1,5174;0;4;0;0,487881;1,201686;1,641832;0,139244;1
79;29;6;7;13;22;33;46;0;0;1,279636;1,0617;0;4;0;1,118164;0,985607;1,776804;-1,321304;1
80;93;6;7;22;29;33;43;0;0;-0,410303;-0,6282;0;4;0;0,076773;0,434573;-0,314646;-1,017307;1
81;39;6;7;13;29;33;46;0;0;-0,814601;-1,0325;0;4;0;-0,000000;0,429620;-0,697274;-1,361548;1
82;112;6;7;29;33;41;43;0;0;0,219980;0,0021;0;4;0;-0,657525;0,817820;-0,352414;0,632079;1
83;111;6;7;22;43;46;47;0;0;1,518933;1,3010;0;4;0;0,489739;0,592454;-0,610595;2,566268;1
84;314;7;13;29;41;43;46;0;0;0,529859;0,3120;0;4;0;1,095256;-0,298487;0,130514;0,132434;1
85;340;7;15;22;41;43;47;0;0;0,271059;0,0532;0;4;0;0,177074;0,717520;-0,527011;0,174535;1
86;146;6;13;15;29;41;43;0;0;1,171596;0,9537;0;4;0;0,728107;2,553885;-0,032319;-0,906481;1
87;82;6;7;15;33;41;43;0;0;0,331734;0,1138;0;4;0;0,111445;0,748477;0,080983;-0,277436;1
88;378;7;33;41;43;46;47;0;0;2,909518;2,6916;0;4;0;2,669726;2,535311;0,320590;0,293410;1
89;81;6;7;15;29;46;47;0;0;-1,044611;-1,2625;0;4;0;-0,645762;1,055570;-0,585210;-1,913820;1
90;5;6;7;13;15;22;46;0;0;0,863884;0,6460;0;4;0;-0,308331;1,238835;1,412131;-0,614867;1
91;272;7;13;15;29;41;43;0;0;-1,309602;-1,5275;0;4;0;0,087918;-0,026685;-1,894688;-0,785749;1
92;137;6;13;15;22;41;46;0;0;-0,702847;-0,9207;0;4;0;-2,144077;0,546018;0,638827;-0,446461;1
93;56;6;7;13;43;46;47;0;0;1,738108;1,5202;0;4;0;1,611618;0,120670;0,571341;1,172587;1
94;98;6;7;22;29;41;47;0;0;0,839738;0,6218;0;4;0;0,751634;-0,447699;1,450518;-0,074978;1
95;211;6;15;22;33;43;47;0;0;1,161690;0,9438;0;4;0;0,819120;-0,509613;0,593630;1,420242;1
96;175;6;13;22;33;43;46;0;0;0,135158;-0,0827;0;4;0;-0,084203;0,328701;-0,631645;0,657463;1
97;78;6;7;15;29;41;47;0;0;-0,184008;-0,4019;0;4;0;-0,575799;1,205401;-0,274402;-0,723216;1
98;256;7;13;15;22;29;46;0;0;-1,774266;-1,9922;0;4;0;-1,836984;-0,923817;-0,170387;-0,617343;1
99;364;7;22;29;41;43;46;0;0;-1,136243;-1,3541;0;4;0;-0,757826;-1,835808;-0,155528;0,476675;1
100;329;7;15;22;29;41;47;0;0;0,671642;0,4537;0;4;0;-0,770208;0,238926;2,039319;-0,164753;1
101;77;6;7;15;29;41;46;0;0;0,972853;0,7550;0;4;0;0,658144;0,318795;0,533574;0,435193;1
102;206;6;15;22;29;46;47;0;0;-0,891374;-1,1093;0;4;0;-1,453118;0,531159;-0,133239;-0,727550;1
103;447;15;22;33;41;46;47;0;0;1,411203;1,1933;0;4;0;1,566421;0,694612;0,082222;0,479151;1
104;167;6;13;22;29;41;46;0;0;0,510356;0,2925;0;4;0;0,334335;0,070520;-0,147479;0,763336;1
105;420;13;22;29;41;43;46;0;0;-0,099495;-0,3174;0;4;0;-0,097824;0,792436;-1,123861;0,230258;1
106;43;6;7;13;29;41;47;0;0;-0,419281;-0,6372;0;4;0;-1,760830;0,037086;0,216575;0,668608;1
107;220;6;15;29;33;43;46;0;0;0,212860;-0,0050;0;4;0;-1,738541;0,143578;1,134757;0,885926;1
108;134;6;13;15;22;33;46;0;0;0,701669;0,4838;0;4;0;1,271711;0,027799;0,960779;-0,856950;1
109;199;6;15;22;29;33;46;0;0;2,153241;1,9353;0;4;0;0,684148;1,313750;1,515528;0,793055;1
110;446;15;22;33;41;43;47;0;0;0,430487;0,2126;0;4;0;1,231467;-0,167848;0,511904;-0,714548;1
111;207;6;15;22;33;41;43;0;0;0,607870;0,3900;0;4;0;1,923045;-1,244531;-0,363558;0,900785;1
112;229;6;15;33;41;46;47;0;0;-0,407826;-0,6257;0;4;0;0,358481;0,430859;-1,791292;0,186299;1
113;374;7;29;33;41;43;47;0;0;-0,249327;-0,4672;0;4;0;1,038296;-0,209950;-0,545585;-0,781415;1
114;164;6;13;22;29;33;46;0;0;1,457019;1,2391;0;4;0;-0,081726;0,738571;0,876577;1,380617;1
115;226;6;15;29;43;46;47;0;0;-0,524844;-0,7427;0;4;0;-1,196795;-0,710833;0,083460;0,774481;1
116;51;6;7;13;33;43;47;0;0;-0,172863;-0,3908;0;4;0;-0,293472;-0,022351;0,825188;-0,855092;1
117;10;6;7;13;15;29;46;0;0;-1,057613;-1,2755;0;4;0;-0,687863;-0,411789;-0,425472;-0,590101;1
118;267;7;13;15;22;46;47;0;0;-1,311150;-1,5291;0;4;0;-0,791878;0,942267;-2,363376;-0,409313;1
119;308;7;13;29;33;41;43;0;0;0,024641;-0,1933;0;4;0;-0,130019;-1,022260;0,420890;0,780672;1
120;108;6;7;22;41;43;46;0;0;-0,141287;-0,3592;0;4;0;0,435254;-0,438412;-0,132000;-0,147417;1
121;319;7;13;33;41;43;47;0;0;-0,631955;-0,8499;0;4;0;-0,369626;-0,809276;1,002881;-1,087889;1
122;440;15;22;29;33;46;47;0;0;-0,520200;-0,7381;0;4;0;0,050769;-0,409313;-0,257066;-0,424791;1
123;232;6;22;29;33;41;43;0;0;1,143116;0,9252;0;4;0;-0,300901;-0,183327;1,963784;0,806676;1
124;84;6;7;15;33;41;47;0;0;-1,633722;-1,8516;0;4;0;-2,469744;0,014797;-0,105997;-0,706499;1
125;295;7;13;22;29;43;46;0;0;-0,143765;-0,3617;0;4;0;-1,705727;0,907595;0,059313;0,451290;1
126;157;6;13;15;33;46;47;0;0;2,023221;1,8053;0;4;0;2,268524;2,496924;-0,028604;-0,690402;1
127;68;6;7;15;22;41;47;0;0;-1,619790;-1,8377;0;4;0;-1,266758;-1,882863;0,586820;-0,676780;1
128;237;6;22;29;33;46;47;0;0;0,388695;0,1708;0;4;0;0,124447;0,053803;0,402935;0,196205;1
129;107;6;7;22;33;46;47;0;0;0,706314;0,4884;0;4;0;0,086060;-0,259481;1,119279;0,466769;1
130;26;6;7;13;22;29;47;0;0;0,651829;0,4339;0;4;0;0,416680;0,939171;-0,114045;0,061852;1
131;458;22;29;33;41;46;47;0;0;-0,050584;-0,2685;0;4;0;-1,491505;0,038325;-0,438474;1,790487;1
132;389;13;15;22;33;41;43;0;0;0,073863;-0,1440;0;4;0;-2,848657;2,129156;0,373836;0,493392;1
133;177;6;13;22;33;46;47;0;0;0,385909;0,1680;0;4;0;0,911372;1,823301;-1,893450;-0,069405;1
134;354;7;15;33;41;43;47;0;0;0,680000;0,4621;0;4;0;0,153546;0,851873;0,415318;-0,060738;1
135;450;15;29;33;41;43;46;0;0;1,396653;1,1788;0;4;0;-0,630902;2,024522;0,616538;0,783149;1
136;161;6;13;15;43;46;47;0;0;1,711795;1,4939;0;4;0;0,218556;-0,126366;1,225152;2,106248;1
137;278;7;13;15;33;41;43;0;0;0,259605;0,0417;0;4;0;-0,353528;0,487200;-0,353652;0,739190;1
138;236;6;22;29;33;43;47;0;0;2,237134;2,0192;0;4;0;1,622762;1,593601;0,813424;0,444480;1
139;7;6;7;13;15;29;33;0;0;0,423057;0,2052;0;4;0;0,820359;0,271121;0,103272;-0,348637;1
140;54;6;7;13;41;43;47;0;0;-0,841843;-1,0597;0;4;0;-0,210507;-1,411079;0,126800;-0,188899;1
141;204;6;15;22;29;43;46;0;0;0,629540;0,4116;0;4;0;0,131877;0,303935;0,693931;0,129338;1
142;273;7;13;15;29;41;46;0;0;0,792992;0,5751;0;4;0;-0,187599;0,181965;1,184288;0,407331;1
143;123;6;7;33;41;43;47;0;0;0,451228;0,2333;0;4;0;-1,086588;1,368854;1,094513;-0,474322;1
144;422;13;22;29;41;46;47;0;0;0,968519;0,7506;0;4;0;1,139215;1,464201;-0,847106;0,180727;1
145;265;7;13;15;22;43;46;0;0;0,154661;-0,0632;0;4;0;0,511409;-0,336254;-0,665698;0,799865;1
146;22;6;7;13;22;29;33;0;0;-0,115283;-0,3332;0;4;0;0,612328;1,733526;-1,435906;-1,140515;1
147;145;6;13;15;29;33;47;0;0;0,778443;0,5605;0;4;0;-0,545461;1,526115;-0,171625;0,747858;1
148;355;7;15;33;41;46;47;0;0;-2,113863;-2,3318;0;4;0;0,151689;-1,182617;-0,444665;-2,752133;1
149;452;15;29;33;41;46;47;0;0;0,087484;-0,1304;0;4;0;-0,551033;0,456243;-1,725663;1,995422;1
150;193;6;13;33;41;43;47;0;0;-0,704085;-0,9220;0;4;0;-0,214841;-0,427268;-1,080521;0,314461;1
151;402;13;15;29;33;43;46;0;0;0,616538;0,3986;0;4;0;-1,776309;1,278459;0,444418;1,286508;1
152;174;6;13;22;33;41;47;0;0;0,642542;0,4246;0;4;0;-1,110735;1,675946;-0,297930;1,017802;1
153;57;6;7;15;22;29;33;0;0;1,320499;1,1026;0;4;0;0,175216;1,761388;1,791663;-1,087269;1
154;279;7;13;15;33;41;46;0;0;0,687739;0,4698;0;4;0;-0,652572;1,036376;1,363220;-0,371545;1
155;160;6;13;15;41;46;47;0;0;1,317713;1,0998;0;4;0;1,973814;0,542923;-0,026128;0,144817;1
156;64;6;7;15;22;33;46;0;0;2,542988;2,3251;0;4;0;1,662387;1,281555;1,101324;1,040710;1
157;432;13;29;33;43;46;47;0;0;1,815500;1,5976;0;4;0;0,405536;1,599173;-0,060799;1,687091;1
158;180;6;13;22;41;46;47;0;0;0,748415;0,5305;0;4;0;0,366530;1,007277;0,612823;-0,489801;1
159;113;6;7;29;33;41;46;0;0;1,205339;0,9874;0;4;0;0,742347;0,376994;2,080801;-0,789464;1
160;125;6;7;33;43;46;47;0;0;1,646475;1,4286;0;4;0;1,143549;1,233262;1,487666;-0,571527;1
161;416;13;22;29;33;41;47;0;0;-0,782096;-1,0000;0;4;0;1,165219;-0,997494;-0,222395;-1,509522;1
162;114;6;7;29;33;41;47;0;0;0,996690;0,7788;0;4;0;1,378822;0,801104;0,783087;-0,969633;1
163;344;7;15;29;33;41;46;0;0;-1,391948;-1,6099;0;4;0;-2,024583;-0,681114;0,656782;-0,734980;1
164;163;6;13;22;29;33;43;0;0;-2,623723;-2,8416;0;4;0;-1,437021;-0,524472;-1,011177;-2,274777;1
165;359;7;22;29;33;41;46;0;0;-0,698203;-0,9161;0;4;0;0,225986;-1,900818;0,117513;0,160914;1
166;394;13;15;22;33;46;47;0;0;-0,011269;-0,2292;0;4;0;0,347956;-0,891002;-0,164196;0,684705;1
167;179;6;13;22;41;43;47;0;0;1,806522;1,5886;0;4;0;0,017336;2,118011;0,178188;1,299510;1
168;366;7;22;29;41;46;47;0;0;1,821692;1,6038;0;4;0;-1,115069;3,010809;0,940967;0,806676;1
169;247;6;29;33;41;43;46;0;0;0,763274;0,5454;0;4;0;1,163362;-0,142464;-0,182770;0,688420;1
170;151;6;13;15;29;46;47;0;0;0,505712;0,2878;0;4;0;0,030338;0,019131;1,415846;-0,453891;1
171;97;6;7;22;29;41;46;0;0;1,014954;0,7971;0;4;0;0,987526;1,986135;-0,453952;-0,489801;1
172;283;7;13;15;33;46;47;0;0;0,839428;0,6215;0;4;0;0,064390;-0,413647;0,545337;1,482775;1
173;293;7;13;22;29;41;46;0;0;-0,600069;-0,8180;0;4;0;-1,320623;0,313222;-0,092995;-0,099743;1
174;386;13;15;22;29;43;46;0;0;0,815282;0,5974;0;4;0;-0,156642;1,064857;0,359596;0,362753;1
175;419;13;22;29;33;46;47;0;0;2,199985;1,9821;0;4;0;0,372721;1,851163;1,308735;0,867351;1
176;408;13;15;29;43;46;47;0;0;0,516238;0,2983;0;4;0;0,905181;-0,406836;-0,343127;0,877258;1
177;192;6;13;33;41;43;46;0;0;2,446093;2,2282;0;4;0;1,659292;0,789959;1,818286;0,624649;1
178;406;13;15;29;41;43;47;0;0;1,431944;1,2140;0;4;0;-0,764017;1,835065;1,841814;-0,048974;1
179;186;6;13;29;33;43;47;0;0;-0,316194;-0,5341;0;4;0;-1,313193;0,579452;-0,349318;0,450671;1
180;255;7;13;15;22;29;43;0;0;-1,226328;-1,4442;0;4;0;-0,379532;-1,459991;0,717458;-1,330591;1
181;117;6;7;29;33;46;47;0;0;0,341641;0,1237;0;4;0;1,403587;1,944653;-0,943691;-1,721267;1
182;105;6;7;22;33;43;46;0;0;-1,270906;-1,4888;0;4;0;-2,061732;-1,245150;0,074792;0,690278;1
183;403;13;15;29;33;43;47;0;0;-1,111787;-1,3297;0;4;0;-1,496458;0,555925;-1,778909;0,495868;1
184;250;6;29;33;43;46;47;0;0;0,296444;0,0785;0;4;0;-0,111445;0,716901;-0,360463;0,347894;1
185;79;6;7;15;29;43;46;0;0;1,105348;0,8874;0;4;0;0,933042;-0,157942;1,647404;-0,211807;1
186;397;13;15;22;41;46;47;0;0;-0,704704;-0,9226;0;4;0;-2,921096;2,200976;0,526763;-1,216050;1
187;365;7;22;29;41;43;47;0;0;0,062100;-0,1558;0;4;0;0,327524;0,945363;-1,215493;0,066805;1
188;120;6;7;29;41;46;47;0;0;-0,945858;-1,1638;0;4;0;0,183884;0,003653;-0,845248;-1,234005;1
189;263;7;13;15;22;41;46;0;0;0,488067;0,2702;0;4;0;-1,103924;0,710709;0,354643;1,014706;1
190;133;6;13;15;22;33;43;0;0;-0,639075;-0,8570;0;4;0;-1,053774;0,955888;-0,969076;-0,211188;1
191;70;6;7;15;22;43;47;0;0;-0,922640;-1,1405;0;4;0;0,301521;-0,956631;-0,333220;-0,856950;1
192;144;6;13;15;29;33;46;0;0;-0,214036;-0,4319;0;4;0;0,146117;-0,214284;-0,592020;0,232115;1
193;387;13;15;22;29;43;47;0;0;-0,302573;-0,5205;0;4;0;-0,680433;-0,548000;-0,346222;0,969509;1
194;23;6;7;13;22;29;41;0;0;1,325143;1,1072;0;4;0;0,570227;-0,000681;1,801570;0,279170;1
195;297;7;13;22;29;46;47;0;0;1,087393;0,8695;0;4;0;0,030957;-0,018636;1,651119;0,511347;1
196;274;7;13;15;29;41;47;0;0;0,263010;0,0451;0;4;0;0,026004;0,000557;-0,205678;0,705137;1
197;235;6;22;29;33;43;46;0;0;-2,358423;-2,5763;0;4;0;-2,660439;-1,025975;-0,971552;-0,058880;1
198;264;7;13;15;22;41;47;0;0;1,091727;0,8738;0;4;0;1,153455;0,811629;1,025170;-0,806800;1
199;154;6;13;15;33;41;47;0;0;1,539055;1,3212;0;4;0;0,056342;1,642513;1,532244;-0,152989;1
200;88;6;7;15;41;43;46;0;0;1,295114;1,0772;0;4;0;0,829646;0,988703;0,270440;0,501440;1
201;363;7;22;29;33;46;47;0;0;0,977187;0,7593;0;4;0;0,604279;1,207878;-0,153670;0,295886;1
202;210;6;15;22;33;43;46;0;0;-0,101043;-0,3189;0;4;0;1,335482;-0,686687;-1,480484;0,629602;1
203;342;7;15;22;43;46;47;0;0;0,498902;0,2810;0;4;0;-0,859364;0,152246;0,684024;1,020898;1
204;221;6;15;29;33;43;47;0;0;-1,078075;-0,8877;1;4;0;-1,145406;-1,993750;0,528249;0,454757;1
205;398;13;15;22;43;46;47;0;0;0,313439;0,5038;1;4;0;-0,401202;0,726745;-0,980592;1,281927;1
206;462;29;33;41;43;46;47;0;0;1,456059;1,6464;1;4;0;0,941710;1,008453;0,109711;0,852244;1
207;128;6;13;15;22;29;41;0;0;-0,946818;-0,7564;1;4;0;-1,005481;-0,236016;0,122094;-0,774233;1
208;185;6;13;29;33;43;46;0;0;-0,299199;-0,1088;1;4;0;0,398106;0,477232;0,049655;-1,523391;1
209;129;6;13;15;22;29;43;0;0;0,644369;0,8348;1;4;0;-0,733679;0,949635;-0,174473;1,247255;1
210;169;6;13;22;29;43;46;0;0;-2,011427;-1,8210;1;4;0;-0,906419;-0,540013;-0,321828;-2,254593;1
211;12;6;7;13;15;33;41;0;0;-1,412410;-1,2220;1;4;0;-0,117017;-0,448999;-2,236824;-0,021979;1
212;38;6;7;13;29;33;43;0;0;0,295175;0,4856;1;4;0;1,646909;0,355262;-1,648642;0,236821;1
213;195;6;13;33;43;46;47;0;0;0,831968;1,0224;1;4;0;0,403678;1,873390;1,109001;-1,722134;1
214;438;15;22;29;33;43;46;0;0;2,278275;2,4687;1;4;0;2,942147;1,061699;-0,963875;1,516580;1
215;350;7;15;29;41;43;47;0;0;0,303842;0,4942;1;4;0;0,614186;-0,232920;0,793240;-0,566821;1
216;322;7;13;41;43;46;47;0;0;0,827014;1,0174;1;4;0;-0,176455;1,290161;-0,758321;1,298643;1
217;45;6;7;13;29;43;47;0;0;0,921433;1,1118;1;4;0;1,391824;-0,197629;-0,687739;1,336411;1
218;202;6;15;22;29;41;46;0;0;-1,452345;-1,2620;1;4;0;0,077392;-0,932547;-2,099995;0,050460;1
219;326;7;15;22;29;33;47;0;0;0,454912;0,6453;1;4;0;-2,049968;2,434949;1,003748;-0,478904;1
220;191;6;13;29;43;46;47;0;0;-0,706592;-0,5162;1;4;0;1,223418;0,596726;-2,147668;-1,085660;1
221;198;6;15;22;29;33;43;0;0;-0,695447;-0,5051;1;4;0;0,294710;0,319971;-0,983068;-1,022508;1
222;357;7;15;41;43;46;47;0;0;-2,423153;-2,2328;1;4;0;-0,838933;-0,543108;-3,086282;-0,377984;1
223;360;7;22;29;33;41;47;0;0;-0,510015;-0,3196;1;4;0;0,094728;1,895679;-1,701888;-1,308550;1
224;429;13;29;33;41;43;46;0;0;-1,936201;-1,7458;1;4;0;-0,138068;-0,990127;-1,485190;-1,259018;1
225;200;6;15;22;29;33;47;0;0;-2,289730;-2,0993;1;4;0;-2,158317;0,298920;-1,613352;-1,106710;1
226;298;7;13;22;33;41;43;0;0;0,256788;0,4472;1;4;0;0,749777;2,038700;-2,447950;0,173049;1
227;162;6;13;22;29;33;41;0;0;0,492680;0,6831;1;4;0;-1,583757;0,768227;1,383280;0,417609;1
228;311;7;13;29;33;43;46;0;0;0,223664;0,4141;1;4;0;-0,022908;-1,349846;0,325172;1,494910;1
229;49;6;7;13;33;41;47;0;0;0,384949;0,5753;1;4;0;0,316380;0,620253;0,341888;-0,508622;1
230;46;6;7;13;29;46;47;0;0;-0,271647;-0,0813;1;4;0;1,169553;-0,803147;-0,789897;-0,119803;1
231;165;6;13;22;29;33;47;0;0;-2,024429;-1,8340;1;4;0;-1,621524;-0,324552;-0,215956;-1,886825;1
232;42;6;7;13;29;41;46;0;0;1,141537;1,3319;1;4;0;0,777019;2,008362;-0,943444;0,441136;1
233;370;7;22;33;41;46;47;0;0;-0,015943;0,1744;1;4;0;-0,447637;0,485281;0,873728;-0,943258;1
234;262;7;13;15;22;41;43;0;0;-2,108012;-1,9176;1;4;0;-1,183793;-1,645175;-0,593011;-0,794045;1
235;60;6;7;15;22;29;46;0;0;-1,174970;-0,9846;1;4;0;1,192461;0,204811;-2,265924;-1,481289;1
236;143;6;13;15;29;33;43;0;0;-1,683593;-1,4932;1;4;0;0,928089;-1,286075;-2,330314;-0,678886;1
237;4;6;7;13;15;22;43;0;0;2,103988;2,2944;1;4;0;1,280379;0,293348;1,821011;0,813239;1
238;132;6;13;15;22;33;41;0;0;-1,597533;-1,4071;1;4;0;-2,131075;0,336068;-1,894441;0,494382;1
239;418;13;22;29;33;43;47;0;0;-0,919885;-0,7295;1;4;0;-1,016007;0,746557;-0,790516;-0,779805;1
240;182;6;13;29;33;41;43;0;0;-0,362042;-0,1717;1;4;0;-0,908276;1,545865;-1,368792;0,007120;1
241;456;22;29;33;41;43;46;0;0;1,337804;1,5282;1;4;0;1,738541;1,292638;-0,719315;0,363744;1
242;122;6;7;33;41;43;46;0;0;0,420550;0,6109;1;4;0;-0,795593;1,740275;0,125190;-0,228772;1
243;315;7;13;29;41;43;47;0;0;2,268989;2,4594;1;4;0;3,473987;0,320590;-0,573818;1,317218;1
244;261;7;13;15;22;33;47;0;0;-0,429528;-0,2391;1;4;0;-0,349813;1,237534;-1,558867;-0,187909;1
245;95;6;7;22;29;33;47;0;0;0,035136;0,2255;1;4;0;0,889083;-0,115284;-0,928584;0,225057;1
246;240;6;22;29;41;46;47;0;0;-0,404143;-0,2138;1;4;0;0,549795;1,054888;-1,311212;-1,101757;1
247;233;6;22;29;33;41;46;0;0;0,135436;0,3258;1;4;0;-2,496367;0,666689;0,351175;1,749376;1
248;249;6;29;33;41;46;47;0;0;0,600100;0,7905;1;4;0;-0,292853;1,389842;-1,267253;1,370463;1
249;300;7;13;22;33;41;47;0;0;-0,542830;-0,3524;1;4;0;-0,107111;0,228338;-0,892055;-0,314832;1
250;309;7;13;29;33;41;46;0;0;-0,802249;-0,6119;1;4;0;-0,073058;0,882149;-2,158813;-0,254776;1
251;317;7;13;29;43;46;47;0;0;-0,195803;-0,0054;1;4;0;0,648857;1,670312;-1,758849;-0,951926;1
252;369;7;22;33;41;43;47;0;0;1,239670;1,4301;1;4;0;0,617900;1,366934;-0,744700;1,239206;1
253;116;6;7;29;33;43;47;0;0;-0,606601;-0,4162;1;4;0;1,337959;-1,179583;0,393896;-1,765474;1
254;142;6;13;15;29;33;41;0;0;-0,123982;0,0664;1;4;0;0,255704;0,775038;-1,518004;0,239297;1
255;238;6;22;29;41;43;46;0;0;-0,384639;-0,1943;1;4;0;0,639570;0,619015;-0,425224;-1,602640;1
256;407;13;15;29;41;46;47;0;0;-0,926696;-0,7363;1;4;0;-0,679195;0,196762;-1,661644;0,290686;1
257;352;7;15;29;43;46;47;0;0;-0,479678;-0,2893;1;4;0;-0,576418;-0,851440;0,389562;0,078940;1
258;36;6;7;13;22;46;47;0;0;-1,336256;-1,1459;1;4;0;-1,516890;-0,553015;-0,874100;0,271492;1
259;121;6;7;29;43;46;47;0;0;2,478257;2,6686;1;4;0;0,330620;2,556300;0,279355;1,790239;1
260;270;7;13;15;29;33;46;0;0;0,575644;0,7660;1;4;0;-1,009815;0,568865;0,644028;0,948211;1
261;184;6;13;29;33;41;47;0;0;0,149057;0,3394;1;4;0;0,075535;1,745228;-1,043125;-0,479523;1
262;65;6;7;15;22;33;47;0;0;0,463271;0,6537;1;4;0;1,142311;0,056218;-0,416556;0,144569;1
263;413;13;15;41;43;46;47;0;0;0,453364;0,6438;1;4;0;0,225986;0,402316;0,726373;-0,447947;1
264;171;6;13;22;29;46;47;0;0;2,105845;2,2962;1;4;0;2,014058;1,056746;1,886639;-0,745753;1
265;445;15;22;33;41;43;46;0;0;1,374953;1,5653;1;4;0;-0,502741;1,336597;0,987031;0,929018;1
266;356;7;15;33;43;46;47;0;0;1,768106;1,9585;1;4;0;0,411727;1,330405;1,034705;0,759374;1
267;424;13;22;33;41;43;46;0;0;-0,267932;-0,0775;1;4;0;0,429682;0,133610;0,169149;-1,268306;1
268;282;7;13;15;33;43;47;0;0;0,221188;0,4116;1;4;0;1,654338;0,399221;1,214874;-2,826058;1
269;459;22;29;33;43;46;47;0;0;-0,814941;-0,6246;1;4;0;-1,313193;-0,827293;0,996937;-0,486333;1
270;260;7;13;15;22;33;46;0;0;1,174352;1,3647;1;4;0;0,876081;2,019507;-0,418414;-0,128471;1
271;288;7;13;22;29;33;41;0;0;-1,414886;-1,2245;1;4;0;0,147974;-1,902737;-0,235768;-0,839242;1
272;409;13;15;33;41;43;46;0;0;-0,497633;-0,3072;1;4;0;-1,418447;0,365168;0,136334;-0,078321;1
273;384;13;15;22;29;41;46;0;0;0,634153;0,8245;1;4;0;-0,787544;1,172525;0,025509;0,857817;1
274;135;6;13;15;22;33;47;0;0;0,445315;0,6357;1;4;0;0,695912;0,727364;-1,361981;0,829336;1
275;208;6;15;22;33;41;46;0;0;-2,041455;-1,8511;1;4;0;-1,188127;-1,296600;-1,476522;-0,121661;1
276;379;13;15;22;29;33;41;0;0;-1,442438;-1,2520;1;4;0;0,619758;-0,486767;-1,831288;-1,186579;1
277;32;6;7;13;22;41;46;0;0;-0,976537;-0,7861;1;4;0;-1,567659;0,229577;-0,251866;-0,363125;1
278;287;7;13;15;43;46;47;0;0;-1,500328;-1,3099;1;4;0;-0,534317;-0,383371;-0,776895;-1,306073;1
279;197;6;15;22;29;33;41;0;0;-0,568215;-0,3778;1;4;0;-0,452590;-0,413089;0,198867;-0,469617;1
280;15;6;7;13;15;33;47;0;0;0,584313;0,7747;1;4;0;2,107548;1,100086;-1,793521;-0,245488;1
281;334;7;15;22;33;41;46;0;0;-0,514660;-0,3243;1;4;0;0,370245;0,233291;-1,230724;-0,402131;1
282;281;7;13;15;33;43;46;0;0;0,224592;0,4150;1;4;0;-0,126923;0,833237;-0,163329;-0,093800;1
283;448;15;22;33;43;46;47;0;0;-0,800701;-0,6103;1;4;0;-0,198124;1,075939;-1,391700;-1,087517;1
284;454;15;29;41;43;46;47;0;0;-1,965920;-1,7755;1;4;0;-3,096932;-0,903447;0,297930;-0,229391;1
285;294;7;13;22;29;41;47;0;0;1,056096;1,2465;1;4;0;1,484075;-0,381513;-1,192337;2,201967;1
286;25;6;7;13;22;29;46;0;0;0,298270;0,4887;1;4;0;0,117636;1,541531;-1,495715;0,433088;1
287;373;7;29;33;41;43;46;0;0;1,175280;1,3657;1;4;0;2,130456;0,502617;0,060799;-0,343312;1
288;118;6;7;29;41;43;46;0;0;-1,029783;-0,8394;1;4;0;-0,513885;0,459277;-1,568774;-0,436183;1
289;332;7;15;22;29;46;47;0;0;-0,228617;-0,0382;1;4;0;-0,814167;0,850573;-0,000495;-0,493144;1
290;455;15;33;41;43;46;47;0;0;-0,547783;-0,3574;1;4;0;-1,249422;1,723558;-2,480146;0,910443;1
291;269;7;13;15;29;33;43;0;0;0,654585;0,8450;1;4;0;1,263662;0,617157;0,681796;-1,253446;1
292;94;6;7;22;29;33;46;0;0;1,949204;2,1396;1;4;0;1,505126;1,785472;0,263877;0,343932;1
293;106;6;7;22;33;43;47;0;0;-0,401357;-0,2110;1;4;0;0,660621;0,113179;-0,773800;-0,802713;1
294;2;6;7;13;15;22;33;0;0;0,728571;0,9190;1;4;0;1,102686;0,387457;-0,282823;0,249822;1
295;341;7;15;22;41;46;47;0;0;0,405381;0,5958;1;4;0;-0,369626;1,043744;0,631645;-0,495001;1
296;99;6;7;22;29;43;46;0;0;0,571310;0,7617;1;4;0;-1,519985;1,241249;0,424853;0,996504;1
297;391;13;15;22;33;41;47;0;0;-0,349040;-0,1587;1;4;0;-0,193790;0,214098;-1,069748;0,351361;1
298;14;6;7;13;15;33;46;0;0;0,275052;0,4654;1;4;0;-1,388728;1,981739;-0,445656;0,402750;1
299;27;6;7;13;22;33;41;0;0;0,257407;0,4478;1;4;0;0,987526;0,677833;-0,173235;-0,977310;1
300;380;13;15;22;29;33;43;0;0;-0,360184;-0,1698;1;4;0;-0,657525;1,616447;-1,293876;-0,385414;1
301;55;6;7;13;41;46;47;0;0;-1,794109;-1,6037;1;4;0;-0,577656;-0,725135;-1,376841;-0,908586;1
302;251;6;29;41;43;46;47;0;0;-1,066931;-0,8765;1;4;0;-0,609852;-0,250256;-1,007834;-0,265920;1
303;37;6;7;13;29;33;41;0;0;0,768815;0,9592;1;4;0;1,731112;2,030032;-1,075939;-1,147574;1
304;243;6;22;33;41;43;47;0;0;-0,342848;-0,1525;1;4;0;1,291523;-1,669322;-0,477851;0,169954;1
305;289;7;13;22;29;33;43;0;0;-1,536857;-1,3465;1;4;0;-0,768970;-0,647743;-0,747796;-0,909205;1
306;158;6;13;15;41;43;46;0;0;0,787080;0,9775;1;4;0;-0,239607;1,858530;0,169149;-0,213912;1
307;245;6;22;33;43;46;47;0;0;1,009661;1,2000;1;4;0;0,761541;0,820235;0,062038;0,375508;1
308;368;7;22;33;41;43;46;0;0;1,410862;1,6013;1;4;0;0,095347;2,107424;0,163576;0,455376;1
309;401;13;15;29;33;41;47;0;0;-0,784294;-0,5939;1;4;0;-2,701921;0,970686;-0,025880;0,188528;1
310;284;7;13;15;41;43;46;0;0;-0,492370;-0,3020;1;4;0;-1,050059;0,082841;0,230443;-0,247965;1
311;392;13;15;22;33;43;46;0;0;0,321488;0,5119;1;4;0;-0,299663;1,589205;-1,325452;0,678886;1
312;30;6;7;13;22;33;47;0;0;-0,170108;0,0203;1;4;0;-0,141164;2,002790;0,090518;-2,292361;1
313;377;7;29;41;43;46;47;0;0;-1,926915;-1,7365;1;4;0;-1,327433;-1,168439;-2,361271;1,003314;1
314;244;6;22;33;41;46;47;0;0;-1,653565;-1,4632;1;4;0;-1,633288;0,864813;-0,233911;-2,304744;1
315;181;6;13;22;43;46;47;0;0;-0,275981;-0,0856;1;4;0;0,678576;0,158376;-0,807852;-0,581062;1
316;436;15;22;29;33;41;46;0;0;2,226578;2,4170;1;4;0;2,184940;1,043125;1,144292;0,080798;1
317;76;6;7;15;29;41;43;0;0;-0,288364;-0,0980;1;4;0;0,785687;-0,235397;-0,696407;-0,430611;1
318;138;6;13;15;22;41;47;0;0;-1,944869;-1,7545;1;4;0;-1,461167;0,371359;-1,911776;-0,888154;1
319;216;6;15;22;43;46;47;0;0;-0,381854;-0,1915;1;4;0;0,687244;-1,343655;-0,675356;0,568060;1
320;110;6;7;22;41;46;47;0;0;1,986042;2,1764;1;4;0;-1,261186;3,637935;1,158532;0,436802;1
321;343;7;15;29;33;41;43;0;0;0,996968;1,1874;1;4;0;0,505217;0,414699;-0,064886;1,138906;1
322;299;7;13;22;33;41;46;0;0;-1,441819;-1,2514;1;4;0;-0,552272;-0,627311;-1,777423;0,073368;1
323;9;6;7;13;15;29;43;0;0;-0,205709;-0,0153;1;4;0;0,830884;-0,374084;-1,078416;0,210198;1
324;219;6;15;29;33;41;47;0;0;-0,707211;-0,5168;1;4;0;0,414204;-0,528249;-0,658640;-0,641737;1
325;101;6;7;22;29;46;47;0;0;0,885833;1,0762;1;4;0;0,275517;0,699503;-0,206668;1,003314;1
326;303;7;13;22;33;46;47;0;0;-2,167140;-1,9768;1;4;0;-1,012911;-0,299168;-1,388604;-1,633597;1
327;90;6;7;15;41;46;47;0;0;-0,761386;-0,5710;1;4;0;-1,248184;1,948925;-1,396653;-0,826860;1
328;423;13;22;29;43;46;47;0;0;-0,371328;-0,1809;1;4;0;-0,486643;-1,349227;-1,266634;2,359847;1
329;431;13;29;33;41;46;47;0;0;-0,193945;-0,0036;1;4;0;-0,843267;1,774328;-0,898246;-0,420705;1
330;11;6;7;13;15;29;47;0;0;-1,278057;-1,0877;1;4;0;-1,350341;0,347832;-1,629449;0,075844;1
331;173;6;13;22;33;41;46;0;0;-0,060830;0,1296;1;4;0;0,877320;0,431416;-0,723649;-0,706747;1
332;259;7;13;15;22;33;43;0;0;0,672539;0,8629;1;4;0;-0,100300;0,976258;-1,624496;2,093617;1
333;218;6;15;29;33;41;46;0;0;-2,115442;-1,9251;1;4;0;-1,426496;-0,102901;-1,210292;-1,491195;1
334;130;6;13;15;22;29;46;0;0;0,591432;0,7818;1;4;0;0,220413;1,081511;0,335078;-0,454138;1
335;80;6;7;15;29;43;47;0;0;1,721979;1,9124;1;4;0;0,560940;1,211531;0,653934;1,017554;1
336;275;7;13;15;29;43;46;0;0;0,219949;0,4103;1;4;0;1,493982;-0,240969;-1,643689;0,830575;1
337;230;6;15;33;43;46;47;0;0;-2,070245;-1,8799;1;4;0;-0,621615;-0,663221;-0,453086;-2,402568;1
338;228;6;15;33;41;43;47;0;0;-0,562024;-0,3716;1;4;0;0,762779;0,152803;-1,148998;-0,890631;1
339;104;6;7;22;33;41;47;0;0;0,588646;0,7790;1;4;0;-0,417919;0,926727;-0,102653;0,771137;1
340;439;15;22;29;33;43;47;0;0;-0,877784;-0,6874;1;4;0;-1,144787;-1,249546;0,024889;0,613876;1
341;34;6;7;13;22;43;46;0;0;0,530447;0,7208;1;4;0;-0,000619;0,966352;-0,716839;0,812000;1
342;285;7;13;15;41;43;47;0;0;0,658918;0,8493;1;4;0;0,484166;-0,126428;-0,753987;1,714085;1
343;62;6;7;15;22;33;41;0;0;0,077857;0,2682;1;4;0;-0,268706;0,302635;0,473146;-0,351361;1
344;189;6;13;29;41;43;47;0;0;-0,208495;-0,0181;1;4;0;-1,059965;0,214717;0,185246;0,243012;1
345;194;6;13;33;41;46;47;0;0;-0,415597;-0,2252;1;4;0;0,108968;0,504474;-1,540912;0,096276;1
346;136;6;13;15;22;41;43;0;0;0,403523;0,5939;1;4;0;0,293472;0,856145;0,086803;-0,429373;1
347;321;7;13;33;43;46;47;0;0;0,463890;0,6543;1;4;0;1,149740;-0,443427;-0,841286;1,062752;1
348;47;6;7;13;33;41;43;0;0;0,153701;0,3441;1;4;0;0,111445;-0,699131;0,474384;0,420705;1
349;13;6;7;13;15;33;43;0;0;0,004798;0,1952;1;4;0;-0,064390;1,285208;-2,462191;1,250970;1
350;461;22;33;41;43;46;47;0;0;-0,688947;-0,4986;1;4;0;-0,255704;-0,211250;-0,352785;-0,558154;1
351;415;13;22;29;33;41;46;0;0;-0,488655;-0,2983;1;4;0;-1,342912;-0,136953;0,419900;0,082655;1
352;3;6;7;13;15;22;41;0;0;-0,180324;0,0101;1;4;0;-2,575617;0,730460;2,488442;-1,003933;1
353;296;7;13;22;29;43;47;0;0;-0,002941;0,1874;1;4;0;-2,449313;2,263447;-0,655544;0,835528;1
354;362;7;22;29;33;43;47;0;0;-1,271556;-1,0812;1;4;0;-0,830884;0,390553;-1,436278;-0,666503;1
355;353;7;15;33;41;43;46;0;0;-1,303132;-1,1127;1;4;0;-3,373687;1,605922;-0,044454;-0,794045;1
356;172;6;13;22;33;41;43;0;0;-2,954684;-2,7643;1;4;0;-1,196176;-0,184627;-2,642979;-1,885587;1
357;411;13;15;33;41;46;47;0;0;-1,552335;-1,3619;1;4;0;-0,689720;0,013497;-1,758849;-0,669598;1
358;258;7;13;15;22;33;41;0;0;1,402814;1,5932;1;4;0;-1,767641;2,131571;0,906543;1,535154;1
359;383;13;15;22;29;41;43;0;0;-0,191778;-0,0014;1;4;0;0,378913;-0,232301;0,588306;-1,118474;1
360;170;6;13;22;29;43;47;0;0;-0,340990;-0,1506;1;4;0;-0,387581;0,606632;-0,463611;-0,437421;1
361;323;7;15;22;29;33;41;0;0;-0,195493;-0,0051;1;4;0;-0,003096;-0,325791;-1,005357;0,943258;1
362;427;13;22;33;43;46;47;0;0;-1,050214;-0,8598;1;4;0;-2,302577;-0,031700;-0,532955;0,766803;1
363;433;13;29;41;43;46;47;0;0;0,609387;0,7998;1;4;0;-0,639570;1,782996;-1,280255;1,355604;1
364;291;7;13;22;29;33;47;0;0;-0,529209;-0,3388;1;4;0;0,169644;-0,848963;-0,411603;0,032505;1
365;131;6;13;15;22;29;47;0;0;0,433862;0,6243;1;4;0;0,578276;0,760798;-0,705694;0,234344;1
366;345;7;15;29;33;41;47;0;0;1,046809;1,2372;1;4;0;0,814786;-0,027366;0,398230;0,907967;1
367;444;15;22;29;43;46;47;0;0;-0,863544;-0,6732;1;4;0;-1,851225;-0,585829;0,626073;0,083893;1
368;63;6;7;15;22;33;43;0;0;-0,040089;0,1503;1;4;0;0,914468;0,324924;-0,302635;-1,016935;1
369;280;7;13;15;33;41;47;0;0;0,845279;1,0357;1;4;0;0,560940;-0,957312;1,246450;0,840481;1
370;385;13;15;22;29;41;47;0;0;0,821752;1,0121;1;4;0;0,419776;1,130423;-0,139802;0,233106;1
371;227;6;15;33;41;43;46;0;0;-1,230073;-1,0397;1;4;0;0,489120;0,688978;-0,750891;-2,887353;1
372;320;7;13;33;41;46;47;0;0;-1,443676;-1,2533;1;4;0;-1,307621;0,046931;-0,916821;-0,709842;1
373;434;13;33;41;43;46;47;0;0;1,274961;1,4654;1;4;0;0,520077;2,477669;-0,081602;-0,366221;1
374;417;13;22;29;33;43;46;0;0;-0,864472;-0,6741;1;4;0;-0,726250;-0,788287;0,978982;-1,193390;1
375;44;6;7;13;29;43;46;0;0;-1,211500;-1,0211;1;4;0;-0,143021;0,744081;-2,068418;-0,955641;1
376;358;7;22;29;33;41;43;0;0;-0,204780;-0,0144;1;4;0;-1,404826;1,209054;-0,734794;0,521005;1
377;28;6;7;13;22;33;43;0;0;-0,661085;-0,4707;1;4;0;-0,702103;-0,198248;-0,493949;0,072130;1
378;115;6;7;29;33;43;46;0;0;0,085596;0,2760;1;4;0;-1,014768;1,474045;-0,335449;0,047364;1
379;241;6;22;29;43;46;47;0;0;0,144104;0,3345;1;4;0;0,042101;0,683405;-0,186856;-0,250442;1
380;286;7;13;15;41;46;47;0;0;-0,132341;0,0580;1;4;0;0,970190;-0,021175;0,310931;-1,524629;1
381;85;6;7;15;33;43;46;0;0;-0,393928;-0,2035;1;4;0;-0,178931;1,197290;0,721420;-2,527634;1
382;96;6;7;22;29;41;43;0;0;0,030183;0,2206;1;4;0;0,467450;-0,011268;-1,693220;1,297405;1
383;66;6;7;15;22;41;43;0;0;-1,832187;-1,6418;1;4;0;-2,038204;0,809090;-2,198438;-0,236821;1
384;100;6;7;22;29;43;47;0;0;0,218401;0,4088;1;4;0;-1,303287;0,007925;1,144911;0,587253;1
385;214;6;15;22;41;43;47;0;0;0,256788;0,4472;1;4;0;-0,545461;1,906823;-0,245674;-0,602112;1
386;372;7;22;41;43;46;47;0;0;0,287435;0,4778;1;4;0;-0,238368;2,091327;-0,177569;-1,100519;1
387;426;13;22;33;41;46;47;0;0;0,059901;0,2503;1;4;0;-1,094637;0,790516;0,595116;-0,171192;1
388;410;13;15;33;41;43;47;0;0;-0,508158;-0,3178;1;4;0;0,173359;-0,531345;-0,669165;0,010835;1
389;201;6;15;22;29;41;43;0;0;-0,423646;-0,2333;1;4;0;0,468069;0,674737;-0,636351;-1,353747;1
390;253;7;13;15;22;29;33;0;0;-1,735910;-1,5455;1;4;0;-0,783210;-0,295453;-1,199148;-1,194009;1
391;215;6;15;22;41;46;47;0;0;0,193326;0,3837;1;4;0;0,718820;0,734175;-0,834475;-0,231867;1
392;205;6;15;22;29;43;47;0;0;0,021206;0,2116;1;4;0;-0,316999;0,613443;0,904066;-1,158099;1
393;147;6;13;15;29;41;46;0;0;-1,109961;-0,9196;1;4;0;-1,227752;-0,858869;0,032319;-0,165620;1
394;16;6;7;13;15;41;43;0;0;-1,326659;-1,1363;1;4;0;-1,399873;1,153951;-1,435659;-0,971738;1
395;61;6;7;15;22;29;47;0;0;-2,177666;-1,9873;1;4;0;-1,408540;-2,178254;-0,788659;0,020122;1
396;24;6;7;13;22;29;43;0;0;0,401047;0,5914;1;4;0;-0,562797;0,981830;-0,380027;0,763088;1
397;371;7;22;33;43;46;47;0;0;-1,070026;-0,8796;1;4;0;0,424110;0,221528;-1,553914;-1,231776;1
398;8;6;7;13;15;29;41;0;0;-1,102841;-0,9125;1;4;0;-0,647619;0,902580;-0,729841;-1,730802;1
399;453;15;29;33;43;46;47;0;0;-0,020586;0,1698;1;4;0;-0,097824;-0,350556;-0,250008;0,657216;1
400;361;7;22;29;33;43;46;0;0;-1,192926;-1,0025;1;4;0;-0,484166;0,116274;-1,220818;-0,797141;1
401;239;6;22;29;41;43;47;0;0;0,771911;0,9623;1;4;0;0,011144;0,691454;0,099186;0,742038;1
402;318;7;13;33;41;43;46;0;0;0,632295;0,8227;1;4;0;0,770208;0,841905;-0,506332;0,158809;1
403;404;13;15;29;33;46;47;0;0;-0,046590;0,1438;1;4;0;-0,384485;0,521191;-0,485900;0,256014;1
404;310;7;13;29;33;41;47;0;0;0,213139;0,4035;1;4;0;0,094109;2,394085;-2,246111;0,184194;1
405;346;7;15;29;33;43;46;0;0;0,193945;0,3843;1;4;0;-0,889702;0,263629;0,737518;0,276445;1
406;217;6;15;29;33;41;43;0;0;0,247810;0,4382;1;4;0;-2,387399;1,511194;0,318361;1,053464;1
407;271;7;13;15;29;33;47;0;0;1,202027;1,3652;2;4;0;0,291614;-0,466583;0,535493;2,043529;1
408;6;6;7;13;15;22;47;0;0;2,002883;2,1660;2;4;0;0,759064;1,218713;0,451290;1,576699;1
409;330;7;15;22;29;43;46;0;0;-0,090116;0,0730;2;4;0;-1,608522;-0,935890;0,057518;2,306663;1
410;451;15;29;33;41;43;47;0;0;0,177661;0,3408;2;4;0;-0,054484;-0,054237;1,568835;-1,104791;1
411;153;6;13;15;33;41;46;0;0;-0,028202;0,1349;2;4;0;-0,636475;-0,270935;0,573880;0,277126;1
412;292;7;13;22;29;41;43;0;0;2,391392;2,5545;2;4;0;1,410398;1,815562;1,096433;0,460392;1
413;71;6;7;15;22;46;47;0;0;-0,911712;-0,7486;2;4;0;-1,490886;-0,717334;0,477913;-0,093118;1
414;140;6;13;15;22;43;47;0;0;-1,719069;-1,5559;2;4;0;-1,748448;-0,426958;-1,477946;0,215213;1
415;156;6;13;15;33;43;47;0;0;0,756556;0,9197;2;4;0;0,616662;-0,631893;0,786863;0,741480;1
416;203;6;15;22;29;41;47;0;0;3,386967;3,5501;2;4;0;0,372102;2,653257;1,067333;2,681242;1
417;336;7;15;22;33;43;46;0;0;-0,613597;-0,4505;2;4;0;-1,736684;0,313532;0,986845;-0,790888;1
418;127;6;13;15;22;29;33;0;0;0,448845;0,6120;2;4;0;0,030957;-0,338421;0,721854;0,483300;1
419;73;6;7;15;29;33;43;0;0;-0,535896;-0,3728;2;4;0;-0,207411;0,327772;-1,051979;-0,140173;1
420;91;6;7;15;43;46;47;0;0;-1,684707;-1,5216;2;4;0;-2,101976;0,190942;0,892117;-2,350498;1
421;33;6;7;13;22;41;47;0;0;-0,958148;-0,7950;2;4;0;-0,043959;-0,743338;-2,383746;1,254746;1
422;430;13;29;33;41;43;47;0;0;2,228559;2,3917;2;4;0;1,970718;0,634246;0,883449;0,968704;1
423;437;15;22;29;33;41;47;0;0;-2,119961;-1,9568;2;4;0;-0,302759;-2,611279;-1,507045;0,181160;1
424;290;7;13;22;29;33;46;0;0;0,051977;0,2151;2;4;0;0,275517;-0,321085;-0,653253;0,802775;1
425;74;6;7;15;29;33;46;0;0;0,172709;0,3358;2;4;0;-0,474879;-0,704951;2,393528;-0,868280;1
426;52;6;7;13;33;46;47;0;0;-1,201470;-1,0383;2;4;0;-0,309569;-0,846734;-0,460701;-0,785935;1
427;428;13;22;41;43;46;47;0;0;0,319445;0,4826;2;4;0;1,029009;-1,486923;0,924931;0,171873;1
428;17;6;7;13;15;41;46;0;0;0,286940;0,4501;2;4;0;-1,084731;-0,353281;1,279079;0,732813;1
429;393;13;15;22;33;43;47;0;0;-0,625361;-0,4622;2;4;0;1,264281;-1,774204;-0,053927;-0,686872;1
430;234;6;22;29;33;41;47;0;0;-0,015200;0,1479;2;4;0;-1,131786;0,252856;0,188775;0,659754;1
431;351;7;15;29;41;46;47;0;0;1,442253;1,6054;2;4;0;0,199982;0,956817;-0,112745;1,840452;1
432;222;6;15;29;33;46;47;0;0;-0,506796;-0,3437;2;4;0;-0,967095;-0,181160;0,965794;-0,831132;1
433;390;13;15;22;33;41;46;0;0;-0,545182;-0,3820;2;4;0;-1,365201;-0,038758;-0,161657;0,475251;1
434;276;7;13;15;29;43;47;0;0;0,217906;0,3810;2;4;0;1,283474;-0,361329;-0,799989;0,313656;1
435;399;13;15;29;33;41;43;0;0;-0,676440;-0,5133;2;4;0;-1,490267;-0,816396;1,370092;-0,416309;1
436;414;13;22;29;33;41;43;0;0;1,609110;1,7722;2;4;0;1,392443;-1,151969;1,307559;1,670188;1
437;67;6;7;15;22;41;46;0;0;-0,674583;-0,5114;2;4;0;-1,546608;0,460887;-0,329444;0,066000;1
438;188;6;13;29;41;43;46;0;0;-0,169675;-0,0065;2;4;0;0,233415;0,928337;-0,260100;-1,241002;1
439;89;6;7;15;41;43;47;0;0;1,797947;1,9611;2;4;0;2,121788;0,454695;0,497106;0,522305;1
440;425;13;22;33;41;43;47;0;0;-0,512058;-0,3489;2;4;0;-1,517509;0,178560;0,331177;-0,016345;1
441;388;13;15;22;29;46;47;0;0;-2,052166;-1,8890;2;4;0;-1,643813;-1,096247;0,194348;-1,558620;1
442;225;6;15;29;41;46;47;0;0;0,996472;1,1596;2;4;0;-2,108167;2,152993;1,345326;0,602793;1
443;382;13;15;22;29;33;47;0;0;-0,365323;-0,2022;2;4;0;-1,062442;-0,361329;-0,462559;1,155684;1
444;460;22;29;41;43;46;47;0;0;-1,598337;-1,4352;2;4;0;-1,591806;-1,071481;-2,293352;1,759964;1
445;376;7;29;33;43;46;47;0;0;0,507663;0,6708;2;4;0;1,014149;-0,847972;-0,174040;1,023189;1
446;348;7;15;29;33;46;47;0;0;-1,341704;-1,1786;2;4;0;-1,726778;-1,817543;-1,213574;2,074486;1
447;18;6;7;13;15;41;47;0;0;-0,848251;-0,6851;2;4;0;-0,168406;-1,314184;-1,334306;1,120393;1
448;231;6;15;41;43;46;47;0;0;1,231436;1,3946;2;4;0;-1,561468;0,051636;2,815781;1,156923;1
449;102;6;7;22;33;41;43;0;0;-1,391855;-1,2287;2;4;0;-1,786215;-0,251123;-1,440178;0,693807;1
450;335;7;15;22;33;41;47;0;0;-0,335294;-0,1722;2;4;0;-0,364673;-2,007619;1,013468;0,688235;1
451;337;7;15;22;33;43;47;0;0;-0,666224;-0,5031;2;4;0;-1,746590;-0,517971;1,028947;-0,096833;1
452;19;6;7;13;15;43;46;0;0;-1,230879;-1,0677;2;4;0;-1,320623;-1,134634;2,726006;-2,732507;1
453;83;6;7;15;33;41;46;0;0;-0,480173;-0,3170;2;4;0;-0,864937;0,010154;0,772004;-0,877567;1
454;242;6;22;33;41;43;46;0;0;-0,193203;-0,0301;2;4;0;0,066248;-0,716715;0,406712;-0,142650;1
455;168;6;13;22;29;41;47;0;0;-0,323531;-0,1604;2;4;0;-0,520696;-0,145869;-0,366592;0,386095;1
456;139;6;13;15;22;43;46;0;0;0,001827;0,1650;2;4;0;0,955950;0,560568;-0,817944;-0,694921;1
457;313;7;13;29;33;46;47;0;0;-0,738973;-0,5758;2;4;0;-0,980716;-1,390957;0,848777;0,044949;1
458;302;7;13;22;33;43;47;0;0;-0,215181;-0,0520;2;4;0;-0,169644;1,195185;-0,301582;-1,154322;1
459;333;7;15;22;33;41;43;0;0;-0,428784;-0,2656;2;4;0;-0,825931;-0,298796;0,133053;0,134105;1
460;442;15;22;29;41;43;47;0;0;-1,886547;-1,7234;2;4;0;-0,611709;-1,127204;-1,555338;-0,478842;1
461;327;7;15;22;29;41;43;0;0;-1,642916;-1,4798;2;4;0;-0,647619;-1,613847;-0,250194;-0,774171;1
462;268;7;13;15;29;33;41;0;0;-1,038636;-0,8755;2;4;0;-0,245179;-0,456677;-0,993779;-0,381637;1
463;234;4;22;24;30;38;49;0;0;0,364115;0,2452;3;4;0;0,946044;-0,654120;0,813796;-0,377489;2
464;445;21;22;30;38;39;41;0;0;-1,327991;-1,4469;3;4;0;0,078631;0,733989;-2,600754;-0,867847;2
465;222;4;21;24;30;41;49;0;0;-0,798627;-0,9175;3;4;0;-1,036438;0,104325;-0,883882;0,218742;2
466;100;4;13;22;24;39;49;0;0;-0,522801;-0,6417;3;4;0;-0,105873;-0,147045;-0,121723;-0,670961;2
467;369;13;22;30;38;39;49;0;0;-0,357490;-0,4764;3;4;0;-0,354766;0,040554;-1,052288;0,651520;2
468;49;4;13;20;30;38;49;0;0;-0,980654;-1,0995;3;4;0;-0,849458;0,881344;-0,832494;-1,160699;2
469;180;4;20;22;38;41;49;0;0;-0,382566;-0,5015;3;4;0;-0,146736;0,221961;-0,872738;0,032381;2
470;154;4;20;21;30;38;49;0;0;1,633659;1,5148;3;4;0;0,456924;0,792807;0,739499;1,278088;2
471;393;20;21;22;30;39;49;0;0;-0,815034;-0,9339;3;4;0;-1,294619;1,431139;-1,286323;-0,480266;2
472;327;13;21;22;24;38;39;0;0;0,386714;0,2678;3;4;0;-0,299044;0,074606;0,634865;0,363001;2
473;458;22;24;30;38;41;49;0;0;1,119774;1,0009;3;4;0;0,095966;0,547009;1,380927;0,215646;2
474;427;20;22;30;39;41;49;0;0;0,028851;-0,0900;3;4;0;0,136830;0,638022;-1,299944;0,582795;2
475;167;4;20;22;24;38;41;0;0;1,241126;1,1222;3;4;0;0,755349;-0,543913;0,433645;1,837170;2
476;30;4;13;20;22;30;49;0;0;0,006563;-0,1123;3;4;0;-0,430301;-0,370554;1,347493;-0,533512;2
477;412;20;21;30;39;41;49;0;0;1,054764;0,9359;3;4;0;-0,846363;0,654739;1,887382;0,413770;2
478;395;20;21;22;38;39;41;0;0;0,616415;0,4975;3;4;0;1,768260;0,254776;0,008916;-0,799122;2
479;349;13;21;24;38;39;41;0;0;-0,311055;-0,4299;3;4;0;0,033433;-0,883820;-0,934033;1,162309;2
480;290;13;20;22;24;30;41;0;0;-1,193637;-1,3125;3;4;0;-1,713776;0,756278;-0,531592;-0,898184;2
481;272;13;20;21;24;38;39;0;0;0,474012;0,3551;3;4;0;0,425967;0,046745;1,083740;-0,608428;2
482;381;20;21;22;24;30;41;0;0;0,958798;0,8399;3;4;0;-0,160976;1,649076;-0,363187;0,792683;2
483;440;21;22;24;30;41;49;0;0;0,231001;0,1121;3;4;0;-0,749777;0,579204;1,415599;-0,783025;2
484;422;20;22;24;38;41;49;0;0;0,953226;0,8343;3;4;0;-0,136211;2,033561;-1,027523;1,036624;2
485;31;4;13;20;22;38;39;0;0;-1,013778;-1,1327;3;4;0;-1,493982;-1,116617;-0,177445;0,760488;2
486;256;13;20;21;22;24;41;0;0;-0,313222;-0,4321;3;4;0;-1,187508;0,834908;-0,569979;0,296134;2
487;345;13;21;24;30;38;49;0;0;1,985021;1,8661;3;4;0;-0,417919;2,059565;1,386499;0,941896;2
488;385;20;21;22;24;38;49;0;0;-1,792654;-1,9115;3;4;0;-3,050496;1,325885;-0,026375;-1,834322;2
489;451;21;24;30;38;39;49;0;0;-0,283504;-0,4024;3;4;0;-0,389438;0,488810;-0,178683;-0,487696;2
490;122;4;13;30;38;39;41;0;0;0,612700;0,4938;3;4;0;1,433306;0,859055;-0,452962;-0,614000;2
491;360;13;22;24;30;38;49;0;0;2,261466;2,1426;3;4;0;1,879705;1,381608;0,673251;0,588367;2
492;433;20;24;38;39;41;49;0;0;0,522615;0,4037;3;4;0;0,259419;-0,872057;1,357400;0,300468;2
493;305;13;20;22;38;39;49;0;0;0,073120;-0,0458;3;4;0;-1,318765;0,454757;0,101167;0,909081;2
494;179;4;20;22;38;39;49;0;0;-1,798535;-1,9174;3;4;0;-0,373341;-0,816953;-1,982234;-0,424543;2
495;119;4;13;24;38;39;49;0;0;-1,107577;-1,2265;3;4;0;-1,785596;-0,077702;-0,587934;0,236078;2
496;332;13;21;22;24;41;49;0;0;-1,300129;-1,4190;3;4;0;-1,477265;0,415132;-0,345851;-1,192275;2
497;252;4;30;38;39;41;49;0;0;-0,169273;-0,2882;3;4;0;-0,116398;-1,650314;0,280717;1,147450;2
498;408;20;21;24;39;41;49;0;0;-1,331395;-1,4503;3;4;0;0,710771;-1,468287;-0,967466;-0,937809;2
499;411;20;21;30;38;41;49;0;0;-0,447885;-0,5668;3;4;0;-1,230848;0,186051;-0,265982;0,415009;2
500;432;20;24;30;39;41;49;0;0;0,203758;0,0849;3;4;0;1,563325;-0,550105;-0,818873;0,213169;2
501;141;4;20;21;22;41;49;0;0;1,086340;0,9675;3;4;0;1,868561;1,231157;0,279479;-1,206516;2
502;294;13;20;22;24;38;49;0;0;-0,491224;-0,6101;3;4;0;-1,142930;0,829336;-0,235644;-0,433211;2
503;343;13;21;24;30;38;39;0;0;0,739623;0,6207;3;4;0;-1,747209;0,436183;0,925860;1,864412;2
504;300;13;20;22;30;38;49;0;0;-0,574189;-0,6931;3;4;0;-1,046963;-1,397086;0,635484;0,660188;2
505;45;4;13;20;24;39;49;0;0;-0,941338;-1,0602;3;4;0;1,116307;0,574251;-2,073867;-1,499368;2
506;105;4;13;22;30;39;41;0;0;0,602484;0,4836;3;4;0;-0,411108;1,611928;0,320961;-0,316813;2
507;221;4;21;24;30;39;49;0;0;1,699598;1,5807;3;4;0;0,425967;1,333315;0,844753;0,795160;2
508;228;4;21;30;38;39;49;0;0;-0,244807;-0,3637;3;4;0;-0,802404;-0,733989;1,250289;-0,203511;2
509;271;13;20;21;24;30;49;0;0;0,175588;0,0567;3;4;0;-1,018483;1,339507;-0,596602;0,626754;2
510;364;13;22;24;38;39;41;0;0;0,013993;-0,1049;3;4;0;-1,623382;2,514013;-0,427577;-0,435069;2
511;220;4;21;24;30;39;41;0;0;-0,601122;-0,7200;3;4;0;-1,896422;1,062132;0,421881;-0,789835;2
512;319;13;20;30;38;39;49;0;0;-0,396187;-0,5151;3;4;0;0,061914;0,056032;0,511037;-1,421357;2
513;417;20;22;24;30;39;41;0;0;-0,385042;-0,5039;3;4;0;0,582609;-0,075225;-0,400954;-0,876515;2
514;224;4;21;24;38;39;49;0;0;0,937128;0,8182;3;4;0;1,355295;2,020559;-0,727859;-0,773738;2
515;243;4;22;30;38;39;49;0;0;1,278274;1,1594;3;4;0;-0,469307;1,184103;0,020060;1,821692;2
516;281;13;20;21;30;39;41;0;0;0,344922;0,2260;3;4;0;-0,049531;1,932641;0,574189;-1,767455;2
517;165;4;20;22;24;30;49;0;0;-2,081791;-2,2007;3;4;0;-1,071110;1,007029;-1,755010;-2,344492;2
518;94;4;13;22;24;30;41;0;0;-0,986536;-1,1054;3;4;0;-1,099590;-0,777329;-1,418818;1,322666;2
519;459;22;24;30;39;41;49;0;0;0,887597;0,7687;3;4;0;0,156023;-0,123518;-0,225119;1,967808;2
520;152;4;20;21;30;38;39;0;0;0,543976;0,4251;3;4;0;0,649476;-0,878867;-0,561930;1,879272;2
521;203;4;21;22;24;38;49;0;0;-0,077640;-0,1965;3;4;0;1,168934;1,552490;-2,145687;-0,731017;2
522;383;20;21;22;24;38;39;0;0;-0,891808;-1,0107;3;4;0;0,324429;-0,995885;-0,881406;-0,230753;2
523;384;20;21;22;24;38;41;0;0;-0,752501;-0,8714;3;4;0;-0,734298;0,361887;-0,529116;-0,603474;2
524;201;4;21;22;24;38;39;0;0;-0,316628;-0,4355;3;4;0;1,312574;-0,873914;-0,423243;-0,648672;2
525;18;4;13;20;21;38;49;0;0;-0,950935;-1,0698;3;4;0;-1,365820;-0,814477;0,725259;-0,446832;2
526;6;4;13;20;21;22;49;0;0;-0,125933;-0,2448;3;4;0;-1,453738;1,023127;0,396496;-0,217751;2
527;215;4;21;22;38;41;49;0;0;1,911343;1,7925;3;4;0;-0,444542;-0,176145;1,130176;3,313197;2
528;61;4;13;21;22;24;49;0;0;0,478656;0,3598;3;4;0;0,303378;-0,215151;0,624339;0,244746;2
529;292;13;20;22;24;38;39;0;0;0,245241;0,1264;3;4;0;0,786306;0,241155;-0,216451;-0,320528;2
530;174;4;20;22;30;38;49;0;0;-0,289076;-0,4080;3;4;0;-1,217227;1,364891;0,472650;-1,198467;2
531;184;4;20;24;30;38;49;0;0;-0,489057;-0,6079;3;4;0;-0,584467;-0,725940;0,652820;-0,320528;2
532;430;20;24;30;38;39;49;0;0;-0,782839;-0,9017;3;4;0;-0,596850;-1,450332;-0,976134;1,457638;2
533;177;4;20;22;30;41;49;0;0;0,148345;0,0295;3;4;0;-1,268615;1,016935;0,128409;0,419962;2
534;67;4;13;21;22;38;41;0;0;1,561840;1,4430;3;4;0;0,372102;1,777857;0,179179;0,794541;2
535;447;21;22;30;38;41;49;0;0;-0,093118;-0,2120;3;4;0;0,228462;1,433616;-3,058297;1,209983;2
536;27;4;13;20;22;30;38;0;0;0,263505;0,1446;3;4;0;0,744824;1,564254;-0,773057;-1,009010;2
537;29;4;13;20;22;30;41;0;0;1,111416;0,9925;3;4;0;-0,260038;1,096804;1,621153;-0,235087;2
538;198;4;21;22;24;30;39;0;0;-0,971676;-1,0906;3;4;0;0,009287;-0,671456;-1,018235;-0,262948;2
539;316;13;20;24;38;41;49;0;0;-0,154723;-0,2736;3;4;0;-1,115688;0,430611;0,528373;-0,152742;2
540;25;4;13;20;22;24;41;0;0;-0,121289;-0,2402;3;4;0;-0,308950;0,539579;-0,137820;-0,335387;2
541;145;4;20;21;24;30;49;0;0;1,526239;1,4074;3;4;0;1,402968;1,831722;1,020588;-1,202801;2
542;114;4;13;24;30;38;49;0;0;-0,479461;-0,5983;3;4;0;-0,018574;-0,668360;1,515899;-1,787887;2
543;97;4;13;22;24;38;41;0;0;0,276198;0,1573;3;4;0;0,765255;-0,405845;0,869518;-0,676533;2
544;457;22;24;30;38;39;49;0;0;-1,030494;-1,1494;3;4;0;-1,879705;0,108040;1,097981;-1,387304;2
545;69;4;13;21;22;39;41;0;0;0,715787;0,5969;3;4;0;0,821597;1,943786;-0,785439;-0,548371;2
546;130;4;20;21;22;24;41;0;0;0,992851;0,8740;3;4;0;0,260038;1,631740;-0,229453;0,323376;2
547;453;21;24;30;39;41;49;0;0;-0,151627;-0,2705;3;4;0;1,204225;0,202149;0,333344;-2,042972;2
548;400;20;21;24;30;38;41;0;0;-1,682757;-1,8016;3;4;0;-0,477975;-0,542675;-1,317279;-1,027584;2
549;282;13;20;21;30;39;49;0;0;1,839213;1,7203;3;4;0;0,908896;0,655358;0,272050;1,842123;2
550;47;4;13;20;30;38;39;0;0;0,962203;0,8433;3;4;0;0,452590;0,803332;-0,142773;0,811257;2
551;112;4;13;24;30;38;39;0;0;-0,361206;-0,4801;3;4;0;-1,058727;-0,194100;-0,222642;0,753058;2
552;87;4;13;21;30;41;49;0;0;-1,344088;-1,4630;3;4;0;-1,377584;0,641118;-0,536546;-1,415165;2
553;309;13;20;24;30;38;41;0;0;0,326967;0,2081;3;4;0;-1,123737;0,502431;0,629293;0,645947;2
554;266;13;20;21;22;39;49;0;0;0,647372;0,5285;3;4;0;0,746062;-0,649786;0,356872;0,841595;2
555;335;13;21;22;30;38;49;0;0;-0,461197;-0,5801;3;4;0;-1,116926;1,043558;-0,864070;0,015045;2
556;99;4;13;22;24;39;41;0;0;0,608676;0,4898;3;4;0;0,242083;0,989074;-0,241216;0,227410;2
557;263;13;20;21;22;38;41;0;0;0,378975;0,2601;3;4;0;-0,521934;-0,704889;0,944434;1,040339;2
558;336;13;21;22;30;39;41;0;0;-1,392071;-1,5110;3;4;0;-0,559082;-0,543913;-1,981615;0,300468;2
559;310;13;20;24;30;38;49;0;0;-0,399592;-0,5185;3;4;0;-1,092780;-1,241063;-0,028852;1,563511;2
560;367;13;22;24;39;41;49;0;0;-1,526734;-1,6456;3;4;0;0,211745;-1,374178;-1,834879;-0,056156;2
561;35;4;13;20;22;39;49;0;0;1,512618;1,3937;3;4;0;0,580752;0,847291;0,218184;1,379008;2
562;279;13;20;21;30;38;41;0;0;0,299725;0,1808;3;4;0;-1,459310;1,008267;0,663345;0,387147;2
563;5;4;13;20;21;22;41;0;0;-0,230258;-0,3491;3;4;0;0,908896;0,602112;-0,177445;-1,794078;2
564;134;4;20;21;22;30;41;0;0;-0,345107;-0,4640;3;4;0;-1,079778;1,138906;-0,427577;-0,321766;2
565;14;4;13;20;21;30;41;0;0;-0,824012;-0,9429;3;4;0;-1,152217;1,107949;-1,374240;-0,229515;2
566;83;4;13;21;30;38;41;0;0;1,411389;1,2925;3;4;0;1,936047;-0,953164;1,678733;0,161162;2
567;147;4;20;21;24;38;41;0;0;0,126366;0,0075;3;4;0;-1,927998;1,115997;-0,104387;1,169120;2
568;70;4;13;21;22;39;49;0;0;1,169925;1,0510;3;4;0;-0,097824;0,680743;1,470702;0,286228;2
569;63;4;13;21;22;30;39;0;0;-0,362444;-0,4813;3;4;0;-2,094546;1,021269;0,618767;-0,270378;2
570;4;4;13;20;21;22;39;0;0;-1,232024;-1,3509;3;4;0;0,221652;-1,975362;-0,994708;0,284370;2
571;73;4;13;21;24;30;39;0;0;-0,193728;-0,3126;3;4;0;-0,747919;-0,501193;0,215089;0,646567;2
572;143;4;20;21;24;30;39;0;0;0,404360;0,2855;3;4;0;-0,136211;1,541346;0,450981;-1,047397;2
573;196;4;20;38;39;41;49;0;0;0,413956;0,2951;3;4;0;-1,230848;0,410179;0,398973;1,249608;2
574;370;13;22;30;38;41;49;0;0;0,131629;0,0127;3;4;0;0,297806;-0,091942;0,914096;-0,856702;2
575;406;20;21;24;38;39;49;0;0;-0,782220;-0,9011;3;4;0;-1,035819;-2,296076;2,255151;-0,487696;2
576;225;4;21;24;38;41;49;0;0;0,393214;0,2743;3;4;0;-0,657525;0,888154;0,553138;0,002662;2
577;65;4;13;21;22;30;49;0;0;-0,114169;-0,2331;3;4;0;-0,751634;0,617591;0,219423;-0,313718;2
578;22;4;13;20;22;24;30;0;0;-0,911311;-1,0302;3;4;0;0,445161;0,012692;-0,225738;-2,054736;2
579;368;13;22;30;38;39;41;0;0;-0,425595;-0,5445;3;4;0;-2,321151;0,844196;0,309198;0,316566;2
580;293;13;20;22;24;38;41;0;0;0,287342;0,1685;3;4;0;-0,495930;0,467759;-1,062813;1,665669;2
581;17;4;13;20;21;38;41;0;0;1,506117;1,3872;3;4;0;0,239607;1,665793;0,947530;0,159304;2
582;226;4;21;24;39;41;49;0;0;-0,463054;-0,5819;3;4;0;-0,225986;0,922826;-1,278893;-0,344055;2
583;396;20;21;22;38;39;49;0;0;-0,161534;-0,2804;3;4;0;0,072439;0,065938;1,191470;-1,652915;2
584;15;4;13;20;21;30;49;0;0;-0,285361;-0,4042;3;4;0;0,024766;-0,857197;0,317247;-0,055537;2
585;280;13;20;21;30;38;49;0;0;1,392195;1,2733;3;4;0;0,146736;1,198962;0,926479;0,512213;2
586;324;13;21;22;24;30;39;0;0;-0,472341;-0,5912;3;4;0;-1,024675;0,443613;0,326534;-0,690154;2
587;195;4;20;30;39;41;49;0;0;-0,322200;-0,4411;3;4;0;-1,515032;0,707985;-0,346470;0,509118;2
588;415;20;22;24;30;38;41;0;0;0,296320;0,1774;3;4;0;-0,266230;-0,498716;0,046683;1,310902;2
589;287;13;20;21;39;41;49;0;0;-0,085998;-0,2049;3;4;0;-0,789402;0,161905;0,146984;0,308517;2
590;291;13;20;22;24;30;49;0;0;0,474631;0,3557;3;4;0;0,622854;0,544532;-0,944558;0,726435;2
591;205;4;21;22;24;39;49;0;0;0,978920;0,8600;3;4;0;-0,341765;2,674989;-0,706809;0,331425;2
592;181;4;20;22;39;41;49;0;0;0,161967;0,0431;3;4;0;-1,191223;0,005263;0,469555;1,040339;2
593;232;4;22;24;30;38;39;0;0;0,878310;0,7594;3;4;0;1,880324;1,082564;-0,873357;-0,332911;2
594;387;20;21;22;24;39;49;0;0;-1,249050;-1,3679;3;4;0;-1,016007;0,519148;-1,620657;-0,380585;2
595;127;4;20;21;22;24;30;0;0;1,143301;1,0244;3;4;0;1,437021;1,222489;-0,491348;0,118441;2
596;91;4;13;21;39;41;49;0;0;1,723434;1,6045;3;4;0;1,105782;0,843576;0,818130;0,679381;2
597;251;4;24;38;39;41;49;0;0;-2,133800;-2,2527;3;4;0;-0,917563;-1,363653;0,137077;-2,123460;2
598;96;4;13;22;24;38;39;0;0;0,103458;-0,0154;3;4;0;-1,323718;0,849149;0,992727;-0,311241;2
599;438;21;22;24;30;39;41;0;0;0,366902;0,2480;3;4;0;0,594992;-0,485095;0,294339;0,329568;2
600;326;13;21;22;24;30;49;0;0;-0,459339;-0,5782;3;4;0;-0,909515;0,620067;-0,292605;-0,336626;2
601;270;13;20;21;24;30;41;0;0;1,516642;1,3978;3;4;0;0,724392;0,631831;1,412503;0,264558;2
602;249;4;24;30;38;41;49;0;0;0,347708;0,2288;3;4;0;-0,283566;1,205153;-0,083955;-0,142216;2
603;50;4;13;20;30;39;41;0;0;-0,538899;-0,6578;3;4;0;0,173359;-0,729036;-0,359472;-0,162648;2
604;71;4;13;21;22;41;49;0;0;-0,321271;-0,4402;3;4;0;0,885368;0,644214;-1,352570;-0,819554;2
605;242;4;22;30;38;39;41;0;0;1,800207;1,6813;3;4;0;-0,597469;0,315451;2,687309;1,195123;2
606;275;13;20;21;24;39;41;0;0;-0,285980;-0,4049;3;4;0;-1,336101;0,140854;-0,017707;0,640994;2
607;216;4;21;22;39;41;49;0;0;1,788444;1,6696;3;4;0;1,602331;-0,699317;0,637341;2,036533;2
608;277;13;20;21;24;41;49;0;0;0,444293;0,3254;3;4;0;0,713248;0,909824;-0,330992;-0,403493;2
609;60;4;13;21;22;24;41;0;0;1,613847;1,4950;3;4;0;0,657525;1,713466;0,677585;0,179117;2
610;347;13;21;24;30;39;49;0;0;1,191594;1,0727;3;4;0;0,300282;1,200200;0,330868;0,551838;2
611;140;4;20;21;22;39;49;0;0;0,323252;0,2044;3;4;0;1,521843;-0,503669;-0,444294;0,072625;2
612;268;13;20;21;24;30;38;0;0;-1,385880;-1,5048;3;4;0;0,162214;-0,310498;-1,310469;-1,313007;2
613;312;13;20;24;30;39;49;0;0;0,331301;0,2124;3;4;0;-0,645142;0,433707;0,827417;0,046621;2
614;421;20;22;24;38;39;49;0;0;-0,700184;-0,8191;3;4;0;-1,019102;0,334025;-1,188499;0,473208;2
615;24;4;13;20;22;24;39;0;0;-1,198591;-1,3175;3;4;0;-0,915706;0,489429;-1,915367;-0,055537;2
616;204;4;21;22;24;39;41;0;0;1,000590;0,8817;3;4;0;-0,889083;0,673932;0,475127;1,741204;2
617;237;4;22;24;30;41;49;0;0;-0,526826;-0,6457;3;4;0;-1,362105;-0,116708;1,735693;-1,310531;2
618;72;4;13;21;24;30;38;0;0;-0,413523;-0,5324;3;4;0;-0,923136;0,640499;-0,994089;0,449680;2
619;315;13;20;24;38;39;49;0;0;0,681114;0,5622;3;4;0;1,334863;1,481289;0,000248;-1,454171;2
620;372;13;22;38;39;41;49;0;0;0,023589;-0,0953;3;4;0;-0,053865;-0,264682;-0,963751;1,329476;2
621;404;20;21;24;30;41;49;0;0;-0,566141;-0,6850;3;4;0;-1,637003;-0,259729;0,959293;-0,194843;2
622;156;4;20;21;30;39;49;0;0;0,715476;0,5966;3;4;0;-0,048293;-0,183575;0,289385;1,373435;2
623;2;4;13;20;21;22;30;0;0;-0,878496;-0,9974;3;4;0;-0,149212;-1,319694;-0,818873;0,530788;2
624;371;13;22;30;39;41;49;0;0;1,529334;1,4104;3;4;0;0,299044;-0,114231;1,217474;1,656382;2
625;346;13;21;24;30;39;41;0;0;-0,424667;-0,5436;3;4;0;-0,383866;0,288828;-1,053526;0,299230;2
626;297;13;20;22;24;41;49;0;0;2,248773;2,1299;3;4;0;-0,434635;3,391951;0,966104;0,574127;2
627;136;4;20;21;22;38;39;0;0;1,312945;1,1941;3;4;0;0,915087;1,699226;-0,508684;0,520262;2
628;42;4;13;20;24;38;41;0;0;1,563388;1,4445;3;4;0;1,340435;1,768570;-0,482061;0,499831;2
629;133;4;20;21;22;30;39;0;0;0,097886;-0,0210;3;4;0;-1,467978;-0,407084;1,556143;0,514690;2
630;166;4;20;22;24;38;39;0;0;-0,594620;-0,7135;3;4;0;-1,080397;0,933352;-0,539641;-0,502555;2
631;382;20;21;22;24;30;49;0;0;-0,730212;-0,8491;3;4;0;-1,617809;0,109897;0,948768;-0,901280;2
632;209;4;21;22;30;38;49;0;0;-0,362444;-0,4813;3;4;0;-0,816644;0,955641;0,646628;-1,510513;2
633;267;13;20;21;22;41;49;0;0;1,323161;1,2043;3;4;0;0,029719;1,237349;0,752501;0,626754;2
634;443;21;22;24;38;41;49;0;0;0,221404;0,1025;3;4;0;0,816644;0,672075;-0,029471;-1,016440;2
635;441;21;22;24;38;39;41;0;0;1,494972;1,3761;3;4;0;0,403678;1,543203;0,802651;0,240412;2
636;158;4;20;21;38;39;41;0;0;0,187351;0,0685;3;4;0;0,801165;0,694364;-0,287033;-0,833794;2
637;199;4;21;22;24;30;41;0;0;0,093862;-0,0250;3;4;0;-1,522462;1,047273;0,140173;0,522739;2
638;351;13;21;24;38;41;49;0;0;-0,645390;-0,7643;3;4;0;-1,271092;-0,329072;-0,543975;0,853359;2
639;358;13;22;24;30;38;39;0;0;1,354119;1,2352;3;4;0;-1,071110;2,523919;1,073215;0,182213;2
640;32;4;13;20;22;38;41;0;0;-0,865184;-0,9841;3;4;0;-1,620905;-0,288209;-0,303130;0,481876;2
641;211;4;21;22;30;39;49;0;0;-0,483795;-0,6027;3;4;0;-0,422253;0,171192;-1,842309;1,125780;2
642;7;4;13;20;21;24;30;0;0;2,798260;2,6794;3;4;0;1,458072;1,268306;0,678824;2,191318;2
643;230;4;21;30;39;41;49;0;0;0,239978;0,1211;3;4;0;-1,116307;-0,099372;1,650871;0,044764;2
644;59;4;13;21;22;24;39;0;0;0,185494;0,0666;3;4;0;-2,163270;1,689939;0,333963;0,510356;2
645;13;4;13;20;21;30;39;0;0;-0,566140;-0,6850;3;4;0;-0,112683;0,504908;-0,245550;-1,278955;2
646;288;13;20;22;24;30;38;0;0;2,042291;1,9234;3;4;0;0,721297;2,310316;0,422500;0,630469;2
647;434;20;30;38;39;41;49;0;0;0,489182;0,3703;3;4;0;1,193080;1,250970;-1,381670;-0,084017;2
648;66;4;13;21;22;38;39;0;0;1,472374;1,3535;3;4;0;0,451352;1,661459;0,483176;0,348761;2
649;269;13;20;21;24;30;39;0;0;-0,166796;-0,2857;3;4;0;-1,629573;0,240535;1,044115;0,011330;2
650;306;13;20;22;38;41;49;0;0;0,718263;0,5994;3;4;0;-0,222890;1,457762;0,441074;-0,239421;2
651;231;4;21;38;39;41;49;0;0;-0,689968;-0,8089;3;4;0;-1,084731;-0,324738;1,572860;-1,543327;2
652;361;13;22;24;30;39;41;0;0;-0,805438;-0,9243;3;4;0;-2,679013;2,130766;0,927098;-1,989726;2
653;254;13;20;21;22;24;38;0;0;-0,223138;-0,3420;3;4;0;-0,460020;0,370554;-0,677090;0,320280;2
654;26;4;13;20;22;24;49;0;0;0,218928;0,1000;3;4;0;2,003533;-0,163143;-2,143210;0,740676;2
655;88;4;13;21;38;39;41;0;0;-0,427144;-0,5460;3;4;0;-0,410489;0,332787;-0,371855;-0,404731;2
656;339;13;21;22;38;39;41;0;0;-0,665822;-0,7847;3;4;0;0,376436;-0,505527;-0,893169;-0,309384;2
657;428;20;22;38;39;41;49;0;0;0,110888;-0,0080;3;4;0;-0,544842;0,782901;-0,628178;0,611895;2
658;104;4;13;22;30;38;49;0;0;1,296228;1,1773;3;4;0;0,588801;1,485004;-0,059809;0,578461;2
659;103;4;13;22;30;38;41;0;0;-1,088075;-1,2070;3;4;0;-0,968952;-0,703032;-1,184784;0,680619;2
660;64;4;13;21;22;30;41;0;0;1,598988;1,4801;3;4;0;1,067395;0,326596;0,677585;1,126399;2
661;446;21;22;30;38;39;49;0;0;0,476180;0,3573;3;4;0;-1,007958;0,759993;1,408788;-0,208464;2
662;92;4;13;22;24;30;38;0;0;-0,119742;-0,2386;3;4;0;-1,641337;0,986597;-0,653563;1,068819;2
663;19;4;13;20;21;39;41;0;0;1,130609;1,0117;3;4;0;-1,470454;0,056032;2,014306;1,661335;2
664;123;4;13;30;38;39;49;0;0;1,012973;0,8941;3;4;0;-1,166457;1,677556;0,211993;1,302854;2
665;21;4;13;20;21;41;49;0;0;-1,386809;-1,5057;3;4;0;-1,389347;0,090085;-1,161876;-0,312479;2
666;3;4;13;20;21;22;38;0;0;0,960036;0,8411;3;4;0;-1,079778;1,190913;0,574189;1,234748;2
667;330;13;21;22;24;39;41;0;0;-0,899020;-0,6340;4;4;0;-1,215369;-0,554067;-0,110640;0,082036;2
668;223;4;21;24;38;39;41;0;0;-0,606478;-0,3415;4;4;0;-0,489739;0,448937;0,132681;-1,304835;2
669;321;13;20;30;39;41;49;0;0;-0,152958;0,1120;4;4;0;-1,058108;1,025356;-0,182460;-0,090704;2
670;53;4;13;20;38;39;41;0;0;-1,139866;-0,8749;4;4;0;0,240845;0,201901;-2,255956;-0,466521;2
671;58;4;13;21;22;24;38;0;0;0,651303;0,9163;4;4;0;-0,593754;1,330591;0,149398;0,416371;2
672;168;4;20;22;24;38;49;0;0;-0,543015;-0,2780;4;4;0;0,290995;0,650158;-1,144602;-0,882582;2
673;212;4;21;22;30;41;49;0;0;1,111942;1,3769;4;4;0;-0,090394;1,003067;1,055198;0,256014;2
674;420;20;22;24;38;39;41;0;0;-0,465314;-0,2003;4;4;0;-0,118875;-0,115098;-1,361300;0,664645;2
675;56;4;13;20;39;41;49;0;0;0,325326;0,5903;4;4;0;-1,045106;1,798660;0,268273;-0,371174;2
676;227;4;21;30;38;39;41;0;0;-1,174537;-0,9095;4;4;0;0,438350;0,076835;-1,477079;-1,387180;2
677;259;13;20;21;22;30;39;0;0;-2,258649;-1,9936;4;4;0;-0,767113;-1,550261;-1,894998;-0,304926;2
678;450;21;24;30;38;39;41;0;0;-1,679754;-1,4148;4;4;0;-1,347865;-1,183731;0,685572;-1,513484;2
679;163;4;20;22;24;30;39;0;0;-1,180728;-0,9157;4;4;0;-0,214222;-0,538589;-0,557658;-1,050988;2
680;245;4;22;30;39;41;49;0;0;0,371143;0,6361;4;4;0;0,917563;0,053927;-0,848034;0,618829;2
681;448;21;22;30;39;41;49;0;0;-1,163083;-0,8981;4;4;0;-0,911991;-0,399902;-1,170605;0,156333;2
682;278;13;20;21;30;38;39;0;0;-0,787266;-0,5223;4;4;0;0,933661;0,095409;-1,077735;-1,525867;2
683;342;13;21;22;39;41;49;0;0;0,316349;0,5814;4;4;0;0,753492;0,303440;0,532026;-0,956260;2
684;146;4;20;21;24;38;39;0;0;-1,844445;-1,5794;4;4;0;-0,484786;-0,476675;-1,672108;-1,055322;2
685;322;13;20;38;39;41;49;0;0;0,029687;0,2947;4;4;0;-0,430301;-0,693993;-0,463549;1,647218;2
686;377;13;24;38;39;41;49;0;0;-0,309600;-0,0446;4;4;0;0,099681;-0,758383;0,360524;-0,321023;2
687;274;13;20;21;24;38;49;0;0;0,011423;0,2764;4;4;0;0,835218;0,607437;-0,991055;-0,428754;2
688;208;4;21;22;30;38;41;0;0;-2,007588;-1,7426;4;4;0;-1,725539;-0,100239;-1,133457;-1,055941;2
689;454;21;24;38;39;41;49;0;0;-0,066279;0,1987;4;4;0;0,562178;-0,255023;-0,703156;0,263444;2
690;376;13;24;30;39;41;49;0;0;-1,894595;-1,6296;4;4;0;0,353528;-1,624558;-0,906233;-1,611928;2
691;142;4;20;21;24;30;38;0;0;0,655328;0,9203;4;4;0;-0,869890;1,999261;0,017522;0,163762;2
692;255;13;20;21;22;24;39;0;0;-0,195988;0,0690;4;4;0;-0,517600;0,162276;0,284370;-0,321023;2
693;36;4;13;20;22;41;49;0;0;1,053433;1,3184;4;4;0;-1,359629;2,488380;0,552457;0,425658;2
694;48;4;13;20;30;38;41;0;0;-0,465932;-0,2009;4;4;0;-1,294000;0,578957;0,905986;-1,122808;2
695;162;4;20;22;24;30;38;0;0;0,080457;0,3455;4;4;0;-0,625330;0,350494;-0,295143;0,730893;2
696;253;13;20;21;22;24;30;0;0;0,656256;0,9213;4;4;0;1,029628;0,131938;1,231033;-1,080087;2
697;426;20;22;30;38;41;49;0;0;-1,635176;-1,3702;4;4;0;-2,015296;-0,820297;0,107297;-0,542056;2
698;425;20;22;30;38;39;49;0;0;-0,844536;-0,5795;4;4;0;0,321952;0,770270;-1,708018;-1,073277;2
699;461;22;30;38;39;41;49;0;0;0,045167;0,3102;4;4;0;0,638951;1,303349;-0,830698;-1,021269;2
700;373;13;24;30;38;39;41;0;0;-0,167198;0,0978;4;4;0;-0,544842;-0,228400;0,076959;0,361887;2
701;117;4;13;24;30;41;49;0;0;0,059715;0,3247;4;4;0;-0,483547;-1,292700;0,619324;1,276354;2
702;80;4;13;21;24;39;49;0;0;-2,271341;-2,0063;4;4;0;-1,006100;-0,541684;-0,764451;-2,230447;2
703;246;4;22;38;39;41;49;0;0;-0,802434;-0,5374;4;4;0;-0,865556;0,258243;-0,168839;-0,828717;2
704;55;4;13;20;38;41;49;0;0;0,111104;0,3761;4;4;0;-1,749067;1,328114;-0,136025;0,779186;2
705;260;13;20;21;22;30;41;0;0;-0,947932;-0,6829;4;4;0;-0,466211;-0,012940;0,021856;-1,438569;2
706;98;4;13;22;24;38;49;0;0;1,652140;1,9171;4;4;0;-0,008049;0,278055;0,931989;2,102285;2
707;394;20;21;22;30;41;49;0;0;-0,605240;-0,3402;4;4;0;-0,086060;0,453271;-0,840605;-0,737085;2
708;261;13;20;21;22;30;49;0;0;0,131536;0,3965;4;4;0;0,612947;-1,154632;0,191500;0,613257;2
709;75;4;13;21;24;30;49;0;0;-0,780145;-0,5151;4;4;0;-0,261896;1,168377;-1,649819;-0,816953;2
710;328;13;21;22;24;38;41;0;0;-2,025543;-1,7605;4;4;0;-0,778876;1,180140;-1,927193;-2,525157;2
711;435;21;22;24;30;38;39;0;0;0,418507;0,6835;4;4;0;-0,965856;0,830327;-0,230134;1,202677;2
712;389;20;21;22;30;38;39;0;0;0,299942;0,5649;4;4;0;0,484786;-0,915025;2,039629;-1,009506;2
713;429;20;24;30;38;39;41;0;0;0,196236;0,4612;4;4;0;1,360867;-0,550352;-0,695726;0,277684;2
714;148;4;20;21;24;38;49;0;0;0,059097;0,3241;4;4;0;0,809833;0,006253;-1,597192;0,899299;2
715;171;4;20;22;24;41;49;0;0;-1,273908;-1,0089;4;4;0;-1,351580;-1,121198;-0,648052;0,573013;2
716;307;13;20;22;39;41;49;0;0;-0,385754;-0,1208;4;4;0;-0,166548;0,128224;0,192119;-0,925303;2
717;359;13;22;24;30;38;41;0;0;-0,738044;-0,4730;4;4;0;-0,458163;-0,404236;-0,285856;-0,327834;2
718;236;4;22;24;30;39;49;0;0;1,486830;1,7518;4;4;0;1,048821;0,089218;1,203791;0,631831;2
719;52;4;13;20;30;41;49;0;0;0,167136;0,4321;4;4;0;0,712009;-0,941648;-0,395444;0,959355;2
720;90;4;13;21;38;41;49;0;0;-0,436524;-0,1715;4;4;0;-0,036529;-0,863637;0,436059;-0,408941;2
721;418;20;22;24;30;39;49;0;0;0,840450;1,1055;4;4;0;0,221033;1,113273;-0,055537;0,402131;2
722;407;20;21;24;38;41;49;0;0;1,356502;1,6215;4;4;0;-1,058727;1,721887;1,552366;0,497478;2
723;200;4;21;22;24;30;49;0;0;-0,500605;-0,2356;4;4;0;-0,280470;1,126275;-0,626383;-1,220632;2
724;337;13;21;22;30;39;49;0;0;1,063340;1,3283;4;4;0;1,032723;0,433459;0,067053;0,593444;2
725;126;4;13;38;39;41;49;0;0;-0,767763;-0,5028;4;4;0;0,305854;-0,346037;-0,830698;-0,664645;2
726;101;4;13;22;24;41;49;0;0;-2,159587;-1,8946;4;4;0;-2,166366;-0,014797;-0,520510;-1,617500;2
727;356;13;21;30;39;41;49;0;0;1,392721;1,6577;4;4;0;-0,107730;0,645824;1,141258;1,106091;2
728;379;20;21;22;24;30;38;0;0;0,733648;0,9987;4;4;0;0,717582;0,673066;-0,530416;0,607065;2
729;354;13;21;30;38;39;49;0;0;-0,968364;-0,7034;4;4;0;0,341765;-2,039381;-0,402874;0,163762;2
730;89;4;13;21;38;39;49;0;0;-1,219734;-0,9547;4;4;0;-2,627625;-0,024084;-0,324243;0,536484;2
731;40;4;13;20;24;30;49;0;0;-0,086401;0,1786;4;4;0;-2,266667;0,170944;1,499740;0,423181;2
732;161;4;20;21;39;41;49;0;0;1,470114;1,7351;4;4;0;0,765875;0,851378;0,481256;0,841719;2
733;77;4;13;21;24;38;41;0;0;0,659351;0,9244;4;4;0;0,133734;2,380650;-0,708109;-0,487572;2
734;169;4;20;22;24;39;41;0;0;0,945084;1,2101;4;4;0;1,864846;0,138749;0,296134;-0,409560;2
735;128;4;20;21;22;24;38;0;0;-0,951957;-0,6870;4;4;0;-0,492834;0,390738;-1,373683;-0,428134;2
736;460;22;24;38;39;41;49;0;0;-0,777979;-0,5130;4;4;0;-0,302759;1,290966;-0,940286;-1,603879;2
737;374;13;24;30;38;39;49;0;0;-2,284343;-2,0193;4;4;0;-1,133024;-3,315426;-0,648052;0,527816;2
738;378;13;30;38;39;41;49;0;0;-0,123550;0,1415;4;4;0;-0,653810;1,113273;-0,612762;-0,093800;2
739;333;13;21;22;30;38;39;0;0;1,175714;1,4407;4;4;0;0,248894;0,574623;1,062628;0,465283;2
740;401;20;21;24;30;38;49;0;0;0,397147;0,6621;4;4;0;-0,014859;0,396930;0,307279;0,104944;2
741;366;13;22;24;38;41;49;0;0;-0,354179;-0,0892;4;4;0;-0,382009;-1,703189;0,845929;0,530911;2
742;348;13;21;24;30;41;49;0;0;-1,210757;-0,9458;4;4;0;-0,690340;-0,031514;-1,994060;0,294400;2
743;20;4;13;20;21;39;49;0;0;-0,913570;-0,6486;4;4;0;-0,902085;0,258243;-0,680248;-0,503050;2
744;57;4;13;21;22;24;30;0;0;-0,155744;0,1093;4;4;0;0,275517;-1,070429;0,789588;-0,306164;2
745;150;4;20;21;24;39;49;0;0;-0,842989;-0,5780;4;4;0;-1,420304;0,702784;-0,900042;-0,068415;2
746;233;4;22;24;30;38;41;0;0;0,867073;1,1321;4;4;0;-0,102158;0,322014;1,852030;-0,337740;2
747;317;13;20;24;39;41;49;0;0;-1,263074;-0,9981;4;4;0;1,035200;-2,088912;-1,127266;-0,345170;2
748;397;20;21;22;38;41;49;0;0;-0,545183;-0,2802;4;4;0;0,056342;0,024208;0,643471;-1,814386;2
749;375;13;24;30;38;41;49;0;0;-0,348916;-0,0839;4;4;0;1,360867;-1,267934;-0,428877;-0,361887;2
750;240;4;22;24;38;41;49;0;0;-2,451820;-2,1868;4;4;0;-0,486024;-2,789158;-0,289571;-1,338887;2
751;118;4;13;24;38;39;41;0;0;0,755628;1,0206;4;4;0;1,631430;-0,878496;0,296134;0,462187;2
752;258;13;20;21;22;30;38;0;0;0,946942;1,2119;4;4;0;1,249422;-0,139244;1,445875;-0,662169;2
753;334;13;21;22;30;38;41;0;0;0,904840;1,1698;4;4;0;0,424110;0,834042;-0,186175;0,737704;2
754;244;4;22;30;38;41;49;0;0;-1,087548;-0,8225;4;4;0;-0,878558;0,939295;-0,562611;-1,673222;2
755;207;4;21;22;30;38;39;0;0;0,847260;1,1123;4;4;0;0,084822;-1,497635;1,865031;1,242302;2
756;301;13;20;22;30;39;41;0;0;0,123177;0,3882;4;4;0;1,538560;-0,361515;0,088103;-1,018793;2
757;187;4;20;24;30;41;49;0;0;1,016285;1,2813;4;4;0;1,517509;-0,435193;-0,023961;0,974215;2
758;138;4;20;21;22;38;49;0;0;1,119372;1,3844;4;4;0;0,557225;-0,499583;1,091108;1,089994;2
759;9;4;13;20;21;24;39;0;0;-0,275547;-0,0105;4;4;0;1,583138;-0,607932;-1,254189;-0,272111;2
760;416;20;22;24;30;38;49;0;0;-1,147914;-0,8829;4;4;0;0,304616;-0,834537;-0,812743;-0,953164;2
761;325;13;21;22;24;30;41;0;0;1,584964;1,8500;4;4;0;0,241464;2,220912;-0,094542;0,802094;2
762;34;4;13;20;22;39;41;0;0;-0,037179;0,2278;4;4;0;0,042721;-0,352228;0,000186;0,234963;2
763;68;4;13;21;22;38;49;0;0;1,341952;1,6070;4;4;0;0,437112;1,432130;0,095533;0,719130;2
764;302;13;20;22;30;39;49;0;0;-0,538681;-0,2737;4;4;0;1,013530;-1,119341;-1,205277;0,233725;2
765;121;4;13;24;39;41;49;0;0;1,773801;2,0388;4;4;0;1,505745;1,011115;-0,576852;1,607594;2
766;380;20;21;22;24;30;39;0;0;0,591556;0,8566;4;4;0;-0,761541;0,253290;1,573417;0,117946;2
767;86;4;13;21;30;39;49;0;0;-1,417549;-1,1525;4;4;0;-0,180788;-0,185061;-1,364396;-1,104853;2
768;8;4;13;20;21;24;38;0;0;-1,065568;-0,8006;4;4;0;-1,379441;0,754173;-0,040058;-1,465811;2
769;235;4;22;24;30;39;41;0;0;-0,184844;0,0802;4;4;0;-1,074825;-0,361515;-0,126119;1,192771;2
770;437;21;22;24;30;38;49;0;0;0,905459;1,1705;4;4;0;0,154785;0,799370;-0,431973;1,288737;2
771;78;4;13;21;24;38;49;0;0;-1,150390;-0,8854;4;4;0;0,085441;-0,750953;-0,541561;-1,093708;2
772;108;4;13;22;38;39;41;0;0;-1,113552;-0,8485;4;4;0;-2,058017;-1,324276;0,836642;0,318547;2
773;46;4;13;20;24;41;49;0;0;0,212024;0,4770;4;4;0;-0,422872;-0,033991;0,945610;-0,064700;2
774;144;4;20;21;24;30;41;0;0;-1,641058;-1,3761;4;4;0;-1,584376;-0,297125;-1,215803;-0,184813;2
775;462;24;30;38;39;41;49;0;0;-0,773026;-0,5080;4;4;0;0,716963;-1,270411;0,855216;-1,847819;2
776;329;13;21;22;24;38;49;0;0;-0,179581;0,0854;4;4;0;0,607994;-2,409626;0,887411;0,555058;2
777;344;13;21;24;30;38;41;0;0;-1,129030;-0,8640;4;4;0;-0,787544;-0,240783;-1,212707;-0,017026;2
778;399;20;21;24;30;38;39;0;0;-1,785937;-1,5209;4;4;0;-0,974524;-1,310655;-1,293195;0,006501;2
779;423;20;22;24;39;41;49;0;0;1,884627;2,1496;4;4;0;-0,124447;0,965918;0,903509;2,024274;2
780;320;13;20;30;38;41;49;0;0;-1,060616;-0,7956;4;4;0;0,360958;-0,613505;-0,771261;-1,097423;2
781;239;4;22;24;38;39;49;0;0;-0,567162;-0,3022;4;4;0;-1,435783;0,618581;1,197600;-1,514723;2
782;414;20;22;24;30;38;39;0;0;-0,747022;-0,4820;4;4;0;-0,559701;0,393834;0,016902;-1,345079;2
783;125;4;13;30;39;41;49;0;0;0,697429;0,9624;4;4;0;1,421542;1,055693;0,363001;-1,445379;2
784;43;4;13;20;24;38;49;0;0;-0,008390;0,2566;4;4;0;0,999290;-0,904500;0,138873;-0,250442;2
785;189;4;20;24;38;39;49;0;0;-1,160916;-0,8959;4;4;0;-0,585705;-2,179306;-0,206607;0,649786;2
786;1;4;13;20;21;22;24;0;0;0,815684;1,0807;4;4;0;-1,534845;-0,033372;0,682477;2,517108;2
787;11;4;13;20;21;24;49;0;0;-1,282268;-1,0173;4;4;0;-0,076154;-0,713186;-1,689444;-0,085751;2
788;386;20;21;22;24;39;41;0;0;-1,257192;-0,9922;4;4;0;-1,769498;-0,250689;0,525215;-1,019412;2
789;202;4;21;22;24;38;41;0;0;0,146086;0,4111;4;4;0;-1,104543;0,634679;0,275083;0,486953;2
790;436;21;22;24;30;38;41;0;0;-1,249762;-0,9848;4;4;0;-0,712629;-0,674799;0,452776;-1,564873;2
791;183;4;20;24;30;38;41;0;0;-0,567472;-0,3025;4;4;0;0,078011;0,580814;-0,583662;-1,210107;2
792;185;4;20;24;30;39;41;0;0;-0,543945;-0,2789;4;4;0;0,073678;0,717024;-0,668484;-1,210107;2
793;250;4;24;30;39;41;49;0;0;1,710030;1,9750;4;4;0;1,191842;1,275488;-0,883944;1,836675;2
794;116;4;13;24;30;39;49;0;0;-0,424450;-0,1594;4;4;0;-1,721825;1,782562;-0,103210;-0,806428;2
795;303;13;20;22;30;41;49;0;0;-1,285982;-1,0210;4;4;0;-0,179550;-1,556453;0,468874;-1,304835;2
796;413;20;21;38;39;41;49;0;0;-0,244281;0,0207;4;4;0;-0,157261;1,142373;-1,668393;0,194719;2
797;340;13;21;22;38;39;49;0;0;-1,124697;-0,8597;4;4;0;-0,250751;-0,802342;-1,262857;0,066557;2
798;81;4;13;21;24;41;49;0;0;-1,692137;-1,4271;4;4;0;-0,770828;-1,575646;0,683715;-1,721515;2
799;283;13;20;21;30;41;49;0;0;1,249701;1,5147;4;4;0;-0,163453;1,109558;0,936943;0,616353;2
800;419;20;22;24;30;41;49;0;0;-0,767454;-0,5025;4;4;0;-0,456924;-0,055661;-1,405878;0,383556;2
801;439;21;22;24;30;39;49;0;0;0,598986;0,8640;4;4;0;-0,024146;1,266820;-0,521129;0,476427;2
802;84;4;13;21;30;38;49;0;0;-0,293193;-0,0282;4;4;0;-0,903323;0,312108;-0,037582;0,042411;2
803;149;4;20;21;24;39;41;0;0;-0,813580;-0,5486;4;4;0;-0,081726;-2,064766;-0,425782;0,945115;2
804;402;20;21;24;30;39;41;0;0;1,782469;2,0475;4;4;0;1,417828;1,270534;1,107206;-0,230629;2
805;388;20;21;22;24;41;49;0;0;0,345139;0,6101;4;4;0;0,377675;0,247098;1,226080;-1,160575;2
806;444;21;22;24;39;41;49;0;0;-0,581093;-0,3161;4;4;0;0,838314;0,913911;-1,030061;-1,884349;2
807;289;13;20;22;24;30;39;0;0;-0,709873;-0,4449;4;4;0;0,247655;-0,656844;-1,057303;0,046745;2
808;16;4;13;20;21;38;39;0;0;-0,208371;0,0566;4;4;0;0,809833;-1,154632;-0,493887;0,421943;2
809;82;4;13;21;30;38;39;0;0;-1,422812;-1,1578;4;4;0;-0,522553;-2,246173;-0,529178;0,452281;2
810;295;13;20;22;24;39;41;0;0;0,402100;0,6671;4;4;0;-0,138068;0,739313;-0,268520;0,471474;2
811;120;4;13;24;38;41;49;0;0;0,935487;1,2005;4;4;0;0,685387;0,962203;1,070057;-0,846672;2
812;135;4;20;21;22;30;49;0;0;-0,259141;0,0059;4;4;0;-0,150451;0,734360;-2,180421;1,078230;2
813;132;4;20;21;22;30;38;0;0;-0,291645;-0,0266;4;4;0;0,342384;0,340588;0,276322;-1,542584;2
814;296;13;20;22;24;39;49;0;0;0,705168;0,9702;4;4;0;0,997432;0,704023;0,530168;-0,821287;2
815;76;4;13;21;24;38;39;0;0;-0,100950;0,1641;4;4;0;-1,695821;0,161038;0,349999;0,982883;2
816;238;4;22;24;38;39;41;0;0;0,147324;0,4123;4;4;0;-1,367058;0,777700;1,756063;-0,872057;2
817;10;4;13;20;21;24;41;0;0;-0,754451;-0,4894;4;4;0;-1,932951;0,892860;-0,397920;-0,070891;2
818;331;13;21;22;24;39;49;0;0;2,632546;2,8975;4;4;0;1,446308;0,384547;2,767116;0,667122;2
819;214;4;21;22;38;39;49;0;0;1,370433;1,6354;4;4;0;1,202986;-0,300839;0,795779;1,042939;2
820;247;4;24;30;38;39;41;0;0;-0,850109;-0,5851;4;4;0;-1,734827;0,055165;0,346284;-0,366840;2
821;229;4;21;30;38;41;49;0;0;-1,364612;-1,0996;4;4;0;0,237130;-0,733617;0,315327;-2,548065;2
822;391;20;21;22;30;38;49;0;0;-1,274838;-1,0098;4;4;0;-0,831503;-1,170729;-0,840605;0,293162;2
823;160;4;20;21;38;41;49;0;0;0,711050;0,9761;4;4;0;1,455595;0,928770;-1,173701;0,211436;2
824;157;4;20;21;30;41;49;0;0;-1,160915;-0,8959;4;4;0;-1,133024;0,266292;-1,701207;0,246108;2
825;218;4;21;24;30;38;41;0;0;-0,527537;-0,2625;4;4;0;0,115160;-1,300748;-0,900661;1,031175;2
826;355;13;21;30;38;41;49;0;0;-1,231498;-0,9665;4;4;0;-0,279851;-0,802342;-0,520510;-0,860293;2
827;190;4;20;24;38;41;49;0;0;0,271152;0,5362;4;4;0;-0,254466;0,198805;-0,033867;0,631831;2
828;449;21;22;38;39;41;49;0;0;-1,198993;-0,9340;4;4;0;0,265610;-0,092190;-1,479556;-1,091851;2
829;186;4;20;24;30;39;49;0;0;-2,006659;-1,7417;4;4;0;-0,734298;-0,979415;-0,642480;-1,657125;2
830;409;20;21;30;38;39;41;0;0;0,480111;0,7451;4;4;0;-0,157261;1,866765;-1,613909;0,864627;2
831;308;13;20;24;30;38;39;0;0;2,100707;2,3657;4;4;0;0,560320;1,981306;1,336287;0,323500;2
832;338;13;21;22;30;41;49;0;0;0,089124;0,3541;4;4;0;-0,165310;-0,113860;0,427391;0,030028;2
833;79;4;13;21;24;39;41;0;0;0,663995;0,9290;4;4;0;-0,796831;1,241435;0,189642;0,693745;2
834;182;4;20;24;30;38;39;0;0;-1,891500;-1,6265;4;4;0;-0,604898;-1,034519;0,605703;-2,749285;2
835;137;4;20;21;22;38;41;0;0;0,412625;0,6776;4;4;0;-0,638951;1,472993;-0,514318;0,505527;2
836;173;4;20;22;30;38;41;0;0;0,524999;0,7900;4;4;0;-0,246417;1,343593;0,085008;-0,132186;2
837;206;4;21;22;24;41;49;0;0;-0,929048;-0,6640;4;4;0;-0,682291;-0,199920;-1,302482;0,326596;2
838;172;4;20;22;30;38;39;0;0;-0,036870;0,2281;4;4;0;0,173359;-0,757145;-0,357057;0,867104;2
839;74;4;13;21;24;30;41;0;0;-0,203418;0,0616;4;4;0;-0,016717;-0,793055;0,722101;-0,319166;2
840;37;4;13;20;24;30;38;0;0;0,053215;0,3182;4;4;0;0,614805;0,401264;-1,203420;0,293781;2
841;298;13;20;22;30;38;39;0;0;-0,365013;-0,1000;4;4;0;0,001857;0,664398;0,033619;-1,429901;2
842;192;4;20;30;38;39;41;0;0;-1,524660;-1,2597;4;4;0;-1,477265;-1,860450;0,523358;-0,234963;2
843;28;4;13;20;22;30;39;0;0;-0,847013;-0,5820;4;4;0;-1,106401;-0,587501;0,585891;-0,586015;2
844;286;13;20;21;38;41;49;0;0;-1,009227;-0,7442;4;4;0;0,086060;-1,575027;0,112869;-0,642356;2
845;191;4;20;24;39;41;49;0;0;-1,082596;-0,8176;4;4;0;-0,451352;-1,006658;-0,309384;-0,397797;2
846;264;13;20;21;22;38;49;0;0;-1,660871;-1,3959;4;4;0;-0,038387;-1,859212;-0,807171;-0,616972;2
847;431;20;24;30;38;41;49;0;0;-1,647559;-1,3826;4;4;0;-0,616043;-1,368854;-0,567564;-0,742657;2
848;452;21;24;30;38;41;49;0;0;-0,467480;-0,2025;4;4;0;0,346099;-0,590596;0,512833;-1,203296;2
849;131;4;20;21;22;24;49;0;0;0,399623;0,6646;4;4;0;0,977620;-1,667279;2,120117;-0,631212;2
850;12;4;13;20;21;30;38;0;0;0,252577;0,5176;4;4;0;0,302759;-0,396806;-0,887040;1,486242;2
851;323;13;21;22;24;30;38;0;0;-1,583478;-1,3185;4;4;0;-0,599945;-0,751572;-2,059689;0,244250;2
852;178;4;20;22;38;39;41;0;0;-0,886947;-0,6219;4;4;0;-2,097023;0,471226;-0,475313;0,327215;2
853;85;4;13;21;30;39;41;0;0;-1,638891;-1,3739;4;4;0;0,556606;-2,261033;-1,031918;-0,541437;2
854;193;4;20;30;38;39;49;0;0;0,732719;0,9977;4;4;0;0,648238;1,028451;-0,259853;0,048602;2
855;111;4;13;22;39;41;49;0;0;-0,356345;-0,0913;4;4;0;1,320623;-0,058756;-2,715976;0,741419;2
856;313;13;20;24;30;41;49;0;0;-0,761572;-0,4966;4;4;0;-1,570136;-1,308178;0,180974;1,174196;2
857;115;4;13;24;30;39;41;0;0;-1,169894;-0,9049;4;4;0;-0,523172;-0,981892;-0,066062;-0,768661;2
858;357;13;21;38;39;41;49;0;0;0,202428;0,4674;4;4;0;-0,998671;0,181470;1,534411;-0,312355;2
859;175;4;20;22;30;39;41;0;0;-1,129340;-0,8643;4;4;0;-1,880943;0,866237;0,614371;-1,858345;2
860;106;4;13;22;30;39;49;0;0;-1,983132;-1,7181;4;4;0;0,092252;-1,566978;-0,658578;-1,832960;2
861;248;4;24;30;38;39;49;0;0;0,646659;0,9117;4;4;0;1,042010;1,107701;1,466925;-2,323318;2
862;39;4;13;20;24;30;41;0;0;0,273319;0,5383;4;4;0;0,208650;-0,205492;-0,303811;0,847291;2
863;424;20;22;30;38;39;41;0;0;-1,053805;-0,7888;4;4;0;-0,603660;-0,703280;-0,277188;-0,523482;2
864;113;4;13;24;30;38;41;0;0;3,113308;3,3783;4;4;0;0,578276;1,339259;2,735540;1,573541;2
865;194;4;20;30;38;41;49;0;0;0,733029;0,9980;4;4;0;-0,274898;0,962203;0,737580;0,041173;2
866;442;21;22;24;38;39;49;0;0;0,542334;0,8073;4;4;0;-0,260657;-0,427144;0,029285;1,743185;2
867;51;4;13;20;30;39;49;0;0;0,253507;0,5185;4;4;0;1,559610;0,981397;-1,642389;-0,391605;2
868;456;22;24;30;38;39;41;0;0;0,272081;0,5371;4;4;0;0,261896;0,316442;0,019379;-0,053555;2
869;299;13;20;22;30;38;41;0;0;-0,396279;-0,1313;4;4;0;-0,307093;-0,098381;0,067053;-0,454138;2
870;176;4;20;22;30;39;49;0;0;0,930503;1,0753;5;4;0;0,870509;0,508499;-0,543418;1,025417;2
871;362;13;22;24;30;39;49;0;0;-1,287252;-1,1425;5;4;0;-0,246417;-1,340869;1,014954;-2,002171;2
872;197;4;21;22;24;30;38;0;0;-1,205525;-1,0608;5;4;0;-0,208650;-2,151321;1,416156;-1,467235;2
873;93;4;13;22;24;30;39;0;0;-0,992541;-0,8478;5;4;0;-0,311427;-0,015912;-0,737828;-0,919916;2
874;314;13;20;24;38;39;41;0;0;-0,283627;-0,1389;5;4;0;-0,606756;-0,723587;-0,204130;0,967218;2
875;284;13;20;21;38;39;41;0;0;1,762316;1,9071;5;4;0;0,681672;1,400677;0,023094;1,419190;2
876;107;4;13;22;30;41;49;0;0;-0,673994;-0,5292;5;4;0;-0,663717;0,033000;-0,750210;0,032938;2
877;110;4;13;22;38;41;49;0;0;0,630221;0,7750;5;4;0;0,136211;1,331953;0,797017;-1,004738;2
878;257;13;20;21;22;24;49;0;0;0,227781;0,3726;5;4;0;0,172121;-0,525463;1,099157;-0,290252;2
879;392;20;21;22;30;39;41;0;0;0,229948;0,3747;5;4;0;-0,345479;-0,856702;1,411203;0,250875;2
880;159;4;20;21;38;39;49;0;0;-0,914530;-0,7698;5;4;0;-1,134881;-0,497602;0,251556;-0,448133;2
881;151;4;20;21;24;41;49;0;0;0,085999;0,2308;5;4;0;0,668051;-0,567564;0,572889;-0,501378;2
882;262;13;20;21;22;38;39;0;0;-2,049101;-1,9043;5;4;0;-1,596140;-1,347679;-0,948335;-0,206049;2
883;124;4;13;30;38;41;49;0;0;1,142559;1,2873;5;4;0;0,500883;-0,048107;0,047240;1,785101;2
884;311;13;20;24;30;39;41;0;0;-0,619200;-0,4744;5;4;0;-0,694054;-1,530325;0,450919;0,535060;2
885;363;13;22;24;30;41;49;0;0;-1,071172;-0,9264;5;4;0;0,608613;-0,120546;-1,186084;-1,444327;2
886;398;20;21;22;39;41;49;0;0;-0,474941;-0,3302;5;4;0;1,680961;0,640994;-2,803893;-0,467945;2
887;129;4;20;21;22;24;39;0;0;-1,401482;-1,2567;5;4;0;-1,952763;0,445966;0,975948;-2,272115;2
888;41;4;13;20;24;38;39;0;0;-1,202120;-1,0573;5;4;0;0,203077;-1,804603;-0,675295;-0,127419;2
889;219;4;21;24;30;38;49;0;0;-1,266510;-1,1217;5;4;0;0,037767;-1,401544;-0,451785;-0,717458;2
890;102;4;13;22;30;38;39;0;0;2,117702;2,2625;5;4;0;0,687244;2,030961;-0,587377;2,104576;2
891;304;13;20;22;38;39;41;0;0;0,039563;0,1843;5;4;0;-0,944186;-0,058632;0,270749;0,811195;2
892;139;4;20;21;22;39;41;0;0;-1,010496;-0,8657;5;4;0;-1,110735;1,093585;-0,632574;-1,371268;2
893;44;4;13;20;24;39;41;0;0;0,475437;0,6202;5;4;0;1,001766;0,385909;0,649043;-1,085845;2
894;353;13;21;30;38;39;41;0;0;-0,061356;0,0834;5;4;0;1,107639;-1,080211;0,497354;-0,647495;2
895;341;13;21;22;38;41;49;0;0;-1,383837;-1,2391;5;4;0;0,243321;-1,365015;-0,383061;-1,262919;2
896;318;13;20;30;38;39;41;0;0;-0,277436;-0,1327;5;4;0;0,426587;-0,796027;0,078816;-0,264248;2
897;410;20;21;30;38;39;49;0;0;0,945053;1,0898;5;4;0;1,373869;-2,225618;1,005667;1,736189;2
898;390;20;21;22;30;38;41;0;0;1,083121;1,2279;5;4;0;1,626477;0,263320;-0,259853;0,536298;2
899;62;4;13;21;22;30;38;0;0;-0,768413;-0,6236;5;4;0;-0,325667;-0,597902;0,639137;-1,252394;2
900;33;4;13;20;22;38;49;0;0;0,077949;0,2227;5;4;0;0,141783;1,285518;-0,466026;-0,805376;2
901;405;20;21;24;38;39;41;0;0;0,826179;0,9710;5;4;0;1,367677;0,179736;0,060242;0,044702;2
902;455;21;30;38;39;41;49;0;0;-1,521286;-1,3765;5;4;0;-0,635855;-0,893231;0,074482;-1,587967;2
903;350;13;21;24;38;39;49;0;0;4,003599;4,1484;5;4;0;1,465501;1,370340;2,416065;2,755291;2
904;164;4;20;22;24;30;41;0;0;0,169272;0,3140;5;4;0;1,093399;0,346284;0,697336;-1,798474;2
905;365;13;22;24;38;39;49;0;0;-0,340589;-0,1958;5;4;0;0,363434;-1,287004;0,636660;-0,394268;2
906;241;4;22;24;39;41;49;0;0;-0,239049;-0,0943;5;4;0;0,234654;0,187166;0,955517;-1,855435;2
907;285;13;20;21;38;39;49;0;0;0,077021;0,2218;5;4;0;0,048293;-0,809648;1,861317;-0,945920;2
908;273;13;20;21;24;38;41;0;0;-1,227504;-1,0827;5;4;0;-0,533078;-1,361919;-0,570660;0,010649;2
909;95;4;13;22;24;30;49;0;0;0,785316;0,9301;5;4;0;-0,159738;-0,614000;1,600040;0,744329;2
910;38;4;13;20;24;30;39;0;0;-0,024827;0,1199;5;4;0;1,453118;-0,379346;-1,241806;0,118379;2
911;276;13;20;21;24;39;49;0;0;-0,216141;-0,0714;5;4;0;-0,535555;-0,275331;1,202553;-0,823950;2
912;210;4;21;22;30;39;41;0;0;-0,463177;-0,3184;5;4;0;-0,117636;0,036715;0,003901;-0,849334;2
913;403;20;21;24;30;39;49;0;0;-0,508375;-0,3636;5;4;0;-0,081107;0,299849;0,131443;-1,366934;2
914;213;4;21;22;38;39;41;0;0;0,433645;0,5784;5;4;0;0,525030;1,772780;-0,404112;-1,026408;2
915;109;4;13;22;38;39;49;0;0;-1,233076;-1,0883;5;4;0;0,690340;-2,098694;-2,215092;1,157294;2
916;54;4;13;20;38;39;49;0;0;-0,055165;0,0896;5;4;0;1,871037;-0,369440;-0,444356;-1,167572;2
917;23;4;13;20;22;24;38;0;0;-0,422314;-0,2775;5;4;0;-0,146117;-0,856702;-0,419590;0,577780;2
918;265;13;20;21;22;39;41;0;0;0,285361;0,4301;5;4;0;0,112683;-0,386776;-0,371297;1,216112;2
919;170;4;20;22;24;39;49;0;0;0,569545;0,7143;5;4;0;-0,162833;1,104729;0,079435;0,117760;2
920;217;4;21;24;30;38;39;0;0;-0,080550;0,0642;5;4;0;-0,697769;0,071387;0,644709;-0,179426;2
921;188;4;20;24;38;39;41;0;0;-0,816087;-0,6713;5;4;0;-1,327433;-0,071015;0,248460;-0,482185;2
922;155;4;20;21;30;39;41;0;0;-0,160110;-0,0153;5;4;0;-0,755349;0,597035;-1,417023;1,255118;2
923;352;13;21;24;39;41;49;0;0;-0,530354;-0,3856;5;4;0;-0,694054;0,451538;-0,702537;-0,115655;2
924;153;4;20;21;30;38;41;0;0;-0,078383;0,0664;5;4;0;0,110207;0,865742;0,008235;-1,140949;2
925;312;5;6;21;22;30;45;0;0;0,333190;0,6691;6;4;0;-0,193790;0,180417;-0,768165;1,447918;3
926;45;2;5;6;21;30;45;0;0;-1,098569;-0,7627;6;4;0;0,212984;-0,459153;-1,133457;-0,817511;3
927;31;2;5;6;19;28;30;0;0;-0,956786;-0,6209;6;4;0;-0,386962;0,641675;-1,244283;-0,924003;3
928;273;5;6;15;21;28;36;0;0;-0,919018;-0,5831;6;4;0;-0,363434;0,145745;-0,772499;-0,847848;3
929;159;2;6;15;28;30;45;0;0;1,216391;1,5523;6;4;0;0,347337;0,255333;0,748724;1,081388;3
930;428;6;19;28;30;36;45;0;0;-1,115286;-0,7794;6;4;0;0,091633;-1,116679;-1,139649;-0,065876;3
931;430;6;21;22;28;30;45;0;0;0,042504;0,3784;6;4;0;-0,298425;-0,828160;-0,705632;1,917225;3
932;272;5;6;15;21;28;30;0;0;-0,087825;0,2481;6;4;0;1,333625;-0,430673;-1,191037;0,112436;3
933;427;6;19;22;30;36;45;0;0;0,675573;1,0114;6;4;0;1,818410;-0,238121;-1,952578;1,723434;3
934;133;2;6;15;19;22;30;0;0;2,233016;2,5689;6;4;0;1,084112;0,252856;0,540694;2,588371;3
935;304;5;6;19;28;30;36;0;0;0,553293;0,8892;6;4;0;1,431449;-0,990993;0,215646;0,450485;3
936;118;2;5;21;28;30;36;0;0;-1,271618;-0,9357;6;4;0;-2,159556;1,016873;-1,590382;0,189828;3
937;354;5;15;22;28;30;45;0;0;-2,263788;-1,9279;6;4;0;-0,261896;-1,301182;-3,039166;0,074668;3
938;401;6;15;21;22;28;45;0;0;0,599729;0,9356;6;4;0;0,442684;-0,003467;-0,140359;0,900599;3
939;169;2;6;19;21;30;36;0;0;-1,571900;-1,2360;6;4;0;0,478594;-2,330190;-0,255519;-1,036686;3
940;337;5;15;19;22;30;45;0;0;-0,468595;-0,1327;6;4;0;-1,858654;0,772314;-0,071015;0,220166;3
941;426;6;19;22;28;36;45;0;0;-1,505343;-1,1695;6;4;0;-0,619758;-1,101819;-0,157695;-1,131414;3
942;382;6;15;19;21;22;45;0;0;-0,518745;-0,1829;6;4;0;-0,802404;-2,236081;0,008235;1,992760;3
943;34;2;5;6;19;30;36;0;0;-0,358388;-0,0225;6;4;0;0,518219;-1,015140;0,026190;-0,246046;3
944;99;2;5;19;21;30;36;0;0;-0,320311;0,0156;6;4;0;-0,764017;-0,615795;0,228029;0,511161;3
945;371;5;19;22;30;36;45;0;0;0,919204;1,2551;6;4;0;-1,222799;0,849706;0,876267;1,335234;3
946;103;2;5;19;22;28;36;0;0;0,010309;0,3462;6;4;0;-0,473022;-0,278984;0,216265;0,556358;3
947;356;5;15;22;30;36;45;0;0;-0,354364;-0,0185;6;4;0;-0,267468;-0,723525;-0,389872;0,672137;3
948;411;6;15;22;28;36;45;0;0;-1,414639;-1,0788;6;4;0;-0,997432;-0,204687;-2,236762;0,609604;3
949;348;5;15;21;22;36;45;0;0;0,466304;0,8022;6;4;0;0,952854;-0,460392;-0,522367;0,962513;3
950;445;15;19;22;28;30;36;0;0;-0,837292;-0,5014;6;4;0;0,350432;1,091789;-0,970005;-2,146801;3
951;13;2;5;6;15;22;30;0;0;-0,093088;0,2428;6;4;0;1,302668;-0,085813;-0,859798;-0,543232;3
952;415;6;19;21;22;28;36;0;0;0,135065;0,4709;6;4;0;0,058199;1,694211;0,089961;-1,572241;3
953;91;2;5;15;30;36;45;0;0;-0,044794;0,2911;6;4;0;-0,425967;-0,306845;0,334521;0,308703;3
954;109;2;5;19;28;30;45;0;0;0,678978;1,0149;6;4;0;-0,264372;0,408260;0,418104;0,795965;3
955;387;6;15;19;21;30;45;0;0;0,114634;0,4505;6;4;0;0,130019;-0,089527;-0,828222;1,016997;3
956;221;2;15;21;22;30;45;0;0;-1,063587;-0,7277;6;4;0;0,864318;-0,275269;-0,549609;-2,166614;3
957;218;2;15;21;22;28;36;0;0;-0,195864;0,1400;6;4;0;-0,279232;0,259667;-1,504321;1,132157;3
958;437;15;19;21;22;28;45;0;0;1,769282;2,1052;6;4;0;0,221652;0,972915;1,752348;0,591649;3
959;131;2;6;15;19;21;45;0;0;0,153949;0,4898;6;4;0;-0,900847;-1,273940;1,562273;0,920412;3
960;447;15;19;22;28;36;45;0;0;0,315234;0,6511;6;4;0;0,432159;0,324057;-0,826984;0,701236;3
961;73;2;5;15;21;22;30;0;0;-1,073803;-0,7379;6;4;0;-0,467450;-0,664707;-0,477789;-0,537660;3
962;325;5;15;19;21;22;36;0;0;-0,469834;-0,1340;6;4;0;0,809214;0,127790;-0,970005;-0,906667;3
963;328;5;15;19;21;28;36;0;0;0,971831;1,3077;6;4;0;-0,827169;0,005820;-0,112497;2,877509;3
964;323;5;15;19;21;22;28;0;0;-0,489956;-0,1541;6;4;0;-0,822216;-0,847353;0,917749;-0,228091;3
965;403;6;15;21;22;30;45;0;0;0,162307;0,4982;6;4;0;2,332915;-0,770580;-1,477698;0,239978;3
966;413;6;15;28;30;36;45;0;0;-0,881251;-0,5454;6;4;0;-1,954621;-0,067858;-0,660435;0,920412;3
967;74;2;5;15;21;22;36;0;0;-0,667648;-0,3318;6;4;0;-1,554657;-0,514257;-0,798503;1,532121;3
968;23;2;5;6;19;21;28;0;0;0,638115;0,9740;6;4;0;0,679814;0,691826;-0,139740;0,044330;3
969;393;6;15;19;22;30;45;0;0;-1,580878;-1,2450;6;4;0;-1,129309;-0,475870;-1,315484;-0,241093;3
970;357;5;15;28;30;36;45;0;0;1,191625;1,5275;6;4;0;0,776400;0,370493;0,009473;1,226885;3
971;256;5;6;15;19;21;36;0;0;-0,884346;-0,5485;6;4;0;0,180169;-3,200699;0,415628;0,836209;3
972;11;2;5;6;15;21;45;0;0;-1,379348;-1,0435;6;4;0;0,816644;-0,597840;-1,699350;-1,278150;3
973;90;2;5;15;28;36;45;0;0;-1,191439;-0,8556;6;4;0;-0,557844;-1,203358;-1,040586;0,418909;3
974;47;2;5;6;22;28;30;0;0;-0,865773;-0,5299;6;4;0;-1,310717;-0,813301;0,909700;-0,517228;3
975;241;2;19;21;30;36;45;0;0;-2,031920;-1,6960;6;4;0;-1,395539;-2,476926;0,345665;-0,537041;3
976;368;5;19;22;28;30;36;0;0;0,498500;0,8344;6;4;0;1,326195;0,598955;-1,415784;0,487634;3
977;236;2;19;21;22;30;45;0;0;0,367242;0,7031;6;4;0;0,507075;-2,761730;-0,079064;3,068204;3
978;127;2;6;15;19;21;22;0;0;-1,659198;-1,3233;6;4;0;0,290995;-2,088107;-0,268520;-1,252765;3
979;29;2;5;6;19;22;36;0;0;-1,808102;-1,4722;6;4;0;-2,198561;-1,538312;1,686719;-1,566049;3
980;351;5;15;21;28;36;45;0;0;0,653903;0,9898;6;4;0;1,051297;-0,628178;-0,236325;1,121012;3
981;364;5;19;21;28;30;36;0;0;-1,775906;-1,4400;6;4;0;-0,128162;-1,285084;-2,270815;0,132248;3
982;121;2;5;21;30;36;45;0;0;-0,453426;-0,1176;6;4;0;0,008668;0,041111;-1,002200;0,045569;3
983;32;2;5;6;19;28;36;0;0;1,299665;1,6355;6;4;0;2,309387;-0,696902;0,392720;0,594125;3
984;194;2;6;22;28;36;45;0;0;2,406376;2,7423;6;4;0;0,273040;1,376593;0,817449;2,345669;3
985;52;2;5;6;22;36;45;0;0;-1,107856;-0,7720;6;4;0;-0,838314;-1,399006;0,293038;-0,271430;3
986;317;5;6;21;30;36;45;0;0;-0,882180;-0,5463;6;4;0;0,812310;-0,502493;-2,319727;0,245550;3
987;449;15;19;28;30;36;45;0;0;0,770921;1,1068;6;4;0;0,235892;0,654058;0,222457;0,429435;3
988;200;2;15;19;21;22;45;0;0;-2,215185;-1,8793;6;4;0;-0,983192;-1,101819;-2,004585;-0,340774;3
989;132;2;6;15;19;22;28;0;0;0,140018;0,4759;6;4;0;-1,407921;-0,630655;1,503454;0,815158;3
990;252;2;22;28;30;36;45;0;0;-1,421759;-1,0859;6;4;0;0,613566;-1,469588;-2,454699;0,467202;3
991;372;5;19;28;30;36;45;0;0;1,609543;1,9454;6;4;0;0,959665;0,612576;1,414298;0,232548;3
992;284;5;6;15;28;30;36;0;0;0,190168;0,5260;6;4;0;0,398725;-0,117389;-0,101972;0,200972;3
993;125;2;5;22;30;36;45;0;0;-0,405753;-0,0699;6;4;0;0,495311;-0,098815;0,785873;-1,993874;3
994;174;2;6;19;22;28;45;0;0;-2,100954;-1,7651;6;4;0;0,123209;-1,750677;-1,008391;-1,566049;3
995;51;2;5;6;22;30;45;0;0;-2,460983;-2,1251;6;4;0;-1,730493;-1,575460;-1,201562;-0,414451;3
996;271;5;6;15;21;22;45;0;0;-0,736063;-0,4002;6;4;0;0,219794;-0,526020;-0,505031;-0,660869;3
997;282;5;6;15;22;30;45;0;0;-0,940378;-0,6045;6;4;0;-0,181408;-0,999661;-1,482032;0,782344;3
998;414;6;19;21;22;28;30;0;0;-1,354273;-1,0184;6;4;0;-1,988054;-0,210879;-0,877753;0,368140;3
999;373;5;21;22;28;30;36;0;0;0,744297;1,0802;6;4;0;0,620377;2,166614;-0,664150;-0,634246;3
1000;101;2;5;19;21;36;45;0;0;-1,083090;-0,7472;6;4;0;-0,166548;-0,503731;-1,278955;-0,216946;3
1001;83;2;5;15;22;28;36;0;0;-0,067703;0,2682;6;4;0;0,738632;-0,607747;-0,683962;0,417671;3
1002;320;5;6;22;28;36;45;0;0;0,111538;0,4474;6;4;0;-0,428444;-1,148874;0,264558;1,535835;3
1003;54;2;5;6;28;30;45;0;0;-0,243539;0,0923;6;4;0;1,910662;-0,220785;-1,425691;-0,751263;3
1004;307;5;6;19;30;36;45;0;0;-1,266974;-0,9311;6;4;0;0,224128;0,140173;-0,906852;-1,991398;3
1005;137;2;6;15;19;28;36;0;0;1,696843;2,0327;6;4;0;0,310188;1,738170;1,049626;0,295701;3
1006;384;6;15;19;21;28;36;0;0;-0,625237;-0,2894;6;4;0;0,772685;-1,802684;-0,129214;-0,091261;3
1007;239;2;19;21;28;30;45;0;0;-0,726467;-0,3906;6;4;0;0,410489;-1,440488;-0,524225;0,101291;3
1008;431;6;21;22;28;36;45;0;0;1,581373;1,9172;6;4;0;0,457543;0,049160;1,024241;1,631802;3
1009;182;2;6;21;22;28;30;0;0;-1,557351;-1,2215;6;4;0;-0,037148;-1,229981;-1,613909;-0,233663;3
1010;462;21;22;28;30;36;45;0;0;-1,274404;-0,9385;6;4;0;0,268706;-0,331611;-1,615766;-0,870137;3
1011;244;2;19;22;28;36;45;0;0;-1,316815;-0,9809;6;4;0;-0,712629;-2,104824;-1,286384;1,470207;3
1012;429;6;21;22;28;30;36;0;0;-0,073585;0,2623;6;4;0;0,159119;-0,024518;0,180355;-0,462125;3
1013;283;5;6;15;22;36;45;0;0;-0,150048;0,1858;6;4;0;-0,934280;-0,581124;0,384052;0,831256;3
1014;220;2;15;21;22;30;36;0;0;0,454851;0,7907;6;4;0;0,078011;0,093738;0,536360;0,201592;3
1015;55;2;5;6;28;36;45;0;0;-0,386868;-0,0510;6;4;0;-0,869271;0,508561;-1,151412;0,738385;3
1016;446;15;19;22;28;30;45;0;0;-0,749994;-0,4141;6;4;0;1,154074;-1,295610;-0,358915;-0,999537;3
1017;58;2;5;15;19;21;28;0;0;-0,628023;-0,2921;6;4;0;0,094109;0,239235;-1,659106;0,069715;3
1018;362;5;19;21;22;30;45;0;0;-0,086277;0,2496;6;4;0;0,811072;-0,184256;-0,165743;-0,633627;3
1019;293;5;6;19;21;28;36;0;0;-1,178747;-0,8429;6;4;0;0,468688;-1,051050;-1,133457;-0,641675;3
1020;40;2;5;6;21;22;45;0;0;-1,384611;-1,0487;6;4;0;-1,555895;-0,430673;-0,348389;-0,434264;3
1021;379;6;15;19;21;22;28;0;0;0,397579;0,7335;6;4;0;-0,482309;0,444789;0,346284;0,486395;3
1022;319;5;6;22;28;30;45;0;0;0,034765;0,3706;6;4;0;-0,343003;-0,621987;-0,379346;1,413865;3
1023;203;2;15;19;21;28;45;0;0;0,167880;0,5038;6;4;0;0,362196;0,785935;0,106058;-0,918430;3
1024;126;2;5;28;30;36;45;0;0;-0,661147;-0,3253;6;4;0;0,377055;0,568617;-1,839275;-0,428692;3
1025;143;2;6;15;21;22;30;0;0;-1,216824;-0,8809;6;4;0;-1,492743;-1,305516;1,828502;-1,463891;3
1026;210;2;15;19;22;30;36;0;0;-0,600162;-0,2643;6;4;0;-0,279232;-0,517352;-1,257285;0,853545;3
1027;343;5;15;21;22;28;30;0;0;-0,359008;-0,0231;6;4;0;-0,297806;-0,147107;-1,228805;0,955702;3
1028;418;6;19;21;22;30;45;0;0;0,137232;0,4731;6;4;0;0,163453;0,267096;-1,118598;0,962513;3
1029;274;5;6;15;21;28;45;0;0;-1,548992;-1,2131;6;4;0;-1,060585;-0,004086;-1,394115;-0,639199;3
1030;15;2;5;6;15;22;45;0;0;-0,786832;-0,4510;6;4;0;-0,364673;-0,643037;0,117203;-0,683158;3
1031;69;2;5;15;19;30;36;0;0;-1,823890;-1,4880;6;4;0;-1,456214;-0,941462;-1,187941;-0,062162;3
1032;458;19;21;22;28;36;45;0;0;-0,445068;-0,1092;6;4;0;-0,929327;-0,057951;-0,539703;0,636846;3
1033;185;2;6;21;22;30;36;0;0;-1,627932;-1,2921;6;4;0;-0,565893;-1,088198;-1,209611;-0,392162;3
1034;329;5;15;19;21;28;45;0;0;0,911774;1,2476;6;4;0;1,204844;-0,621368;0,640994;0,599079;3
1035;277;5;6;15;21;36;45;0;0;-0,379130;-0,0433;6;4;0;-0,192552;-0,251123;-0,598521;0,283937;3
1036;95;2;5;19;21;22;45;0;0;-0,117543;0,2183;6;4;0;-0,856888;-0,423243;0,022475;1,022569;3
1037;338;5;15;19;22;36;45;0;0;-0,264899;0,0710;6;4;0;-0,382009;0,449123;-0,207845;-0,389067;3
1038;183;2;6;21;22;28;36;0;0;0,337833;0,6737;6;4;0;1,459310;-0,796584;-0,464168;0,477108;3
1039;84;2;5;15;22;28;45;0;0;-0,029316;0,3066;6;4;0;0,511409;0,164939;-0,397301;-0,337678;3
1040;78;2;5;15;21;28;45;0;0;-1,801601;-1,4657;6;4;0;-0,689101;-0,279603;-1,788506;-0,845991;3
1041;398;6;15;19;30;36;45;0;0;1,361888;1,6978;6;4;0;0,547938;0,584715;0,284370;1,306754;3
1042;193;2;6;22;28;30;45;0;0;0,348978;0,6849;6;4;0;0,966475;-0,235025;1,046530;-1,080025;3
1043;346;5;15;21;22;30;36;0;0;-0,832339;-0,4965;6;4;0;-1,104543;-1,433678;0,995142;-0,121599;3
1044;240;2;19;21;28;36;45;0;0;0,354550;0,6904;6;4;0;-0,638332;1,688639;0,787730;-1,128937;3
1045;456;19;21;22;28;30;36;0;0;0,442467;0,7783;6;4;0;0,339288;-0,153299;0,613133;0,085813;3
1046;75;2;5;15;21;22;45;0;0;-0,948737;-0,6129;6;4;0;1,457452;-0,728479;-2,031827;-0,594621;3
1047;117;2;5;21;22;36;45;0;0;2,176675;2,5125;6;4;0;0,804880;1,483704;0,626754;1,438011;3
1048;249;2;21;22;28;36;45;0;0;-0,132403;0,2035;6;4;0;-0,184503;1,113459;-0,467264;-0,726497;3
1049;247;2;21;22;28;30;36;0;0;-0,324335;0,0115;6;4;0;-0,235892;-0,379284;-0,164505;0,131010;3
1050;141;2;6;15;19;36;45;0;0;-1,487698;-1,1518;6;4;0;0,039006;-2,315331;-0,123023;-0,576047;3
1051;105;2;5;19;22;30;36;0;0;0,416154;0,7520;6;4;0;-0,231558;0,093738;-0,404731;1,374859;3
1052;222;2;15;21;22;36;45;0;0;0,160450;0,4963;6;4;0;-0,241464;0,009535;-0,603474;1,156303;3
1053;171;2;6;19;21;36;45;0;0;-0,119711;0,2162;6;4;0;0,596850;-0,590411;0,154970;-0,400830;3
1054;261;5;6;15;19;22;45;0;0;-1,157696;-0,8218;6;4;0;-1,265519;-0,114293;-1,735879;0,800299;3
1055;246;2;19;28;30;36;45;0;0;-2,489154;-2,1533;6;4;0;-1,185031;-1,075196;-1,806461;-0,911620;3
1056;25;2;5;6;19;21;36;0;0;-1,444667;-1,1088;6;4;0;0,386962;0,283813;-2,280721;-1,279388;3
1057;367;5;19;21;30;36;45;0;0;-1,319292;-0,9834;6;4;0;0,364673;0,948149;-1,718543;-2,232862;3
1058;309;5;6;21;22;28;36;0;0;-0,240752;0,0951;6;4;0;-0,360339;-0,024518;0,257128;-0,353776;3
1059;339;5;15;19;28;30;36;0;0;-1,071945;-0,7361;6;4;0;-1,342912;-2,254036;0,286228;1,166829;3
1060;184;2;6;21;22;28;45;0;0;-1,327031;-0,9912;6;4;0;-0,365911;-0,518591;0,563602;-2,333162;3
1061;352;5;15;21;30;36;45;0;0;0,159830;0,4957;6;4;0;0,416680;-1,117917;0,338235;0,682662;3
1062;342;5;15;19;30;36;45;0;0;-0,357460;-0,0216;6;4;0;-0,388819;-0,781105;-0,620810;1,075815;3
1063;419;6;19;21;22;36;45;0;0;0,643068;0,9789;6;4;0;1,811600;0,576047;-1,104358;0,002848;3
1064;316;5;6;21;28;36;45;0;0;0,185835;0,5217;6;4;0;1,038296;-1,236172;-1,136553;1,706099;3
1065;139;2;6;15;19;30;36;0;0;-0,396156;-0,0603;6;4;0;-0,943567;-0,993470;0,906605;0,238121;3
1066;318;5;6;22;28;30;36;0;0;0,385816;0,7217;6;4;0;0,148593;0,528992;-0,292667;0,386714;3
1067;341;5;15;19;28;36;45;0;0;0,466923;0,8028;6;4;0;-0,241464;0,070210;-0,055537;1,160637;3
1068;1;2;5;6;15;19;21;0;0;-0,414421;-0,0785;6;4;0;0,068724;1,132652;-1,028823;-1,001395;3
1069;215;2;15;19;28;36;45;0;0;0,351763;0,6876;6;4;0;0,803023;-1,020093;-0,441260;1,361857;3
1070;410;6;15;22;28;30;45;0;0;-0,127450;0,2084;6;4;0;0,868032;0,032443;-1,690063;0,534688;3
1071;460;19;21;28;30;36;45;0;0;1,636477;1,9724;6;4;0;0,782591;-1,128442;2,042105;1,576699;3
1072;332;5;15;19;21;36;45;0;0;-2,274622;-1,9387;6;4;0;-2,093927;-1,265272;-0,400397;-0,789649;3
1073;110;2;5;19;28;36;45;0;0;-0,432685;-0,0968;6;4;0;0,320095;-0,789154;-0,647433;0,251123;3
1074;180;2;6;19;28;36;45;0;0;-2,340560;-2,0047;6;4;0;-1,294619;-0,669660;-1,883234;-0,833608;3
1075;124;2;5;22;28;36;45;0;0;-1,522678;-1,1868;6;4;0;-0,347337;-2,072009;-0,330434;-0,295577;3
1076;392;6;15;19;22;30;36;0;0;0,545863;0,8817;6;4;0;2,241282;-2,650285;0,577842;0,922888;3
1077;308;5;6;21;22;28;30;0;0;-1,195155;-0,8593;6;4;0;0,347956;-0,248027;-1,298148;-1,192090;3
1078;438;15;19;21;22;30;36;0;0;0,119587;0,4555;6;4;0;0,299663;0,221280;-0,471598;0,189828;3
1079;115;2;5;21;22;30;36;0;0;-0,105780;0,2301;6;4;0;0,904562;-1,453490;-0,272235;0,609604;3
1080;122;2;5;22;28;30;36;0;0;0,180262;0,5161;6;4;0;1,900756;0,091261;-0,729779;-0,901714;3
1081;262;5;6;15;19;28;30;0;0;0,616755;0,9526;6;4;0;0,087918;0,489986;0,577842;0,077764;3
1082;20;2;5;6;15;30;45;0;0;0,370028;0,7059;6;4;0;0,265610;-0,121104;-0,786120;1,381670;3
1083;259;5;6;15;19;22;30;0;0;1,598090;1,9340;6;4;0;-0,429063;2,061979;0,436679;1,126585;3
1084;359;5;19;21;22;28;36;0;0;0,040956;0,3768;6;4;0;-0,409251;-1,337711;-0,319290;2,148164;3
1085;422;6;19;21;28;36;45;0;0;-1,581187;-1,2453;6;4;0;-0,473022;-1,334615;-0,397301;-0,957436;3
1086;385;6;15;19;21;28;45;0;0;-0,899206;-0,5633;6;4;0;-0,409251;-0,229453;-0,968147;-0,191562;3
1087;64;2;5;15;19;22;36;0;0;0,204099;0,5400;6;4;0;-0,630283;-0,031948;0,329568;0,740861;3
1088;334;5;15;19;22;28;36;0;0;1,098445;1,4343;6;4;0;-0,297806;0,033062;1,718296;0,743338;3
1089;439;15;19;21;22;30;45;0;0;0,191407;0,5273;6;4;0;0,105873;-0,575551;-0,399159;1,251651;3
1090;192;2;6;22;28;30;36;0;0;-0,367675;-0,0318;6;4;0;0,531840;-0,944558;-0,392348;0,069715;3
1091;450;15;21;22;28;30;36;0;0;-1,000745;-0,6649;6;4;0;0,846982;-1,049192;-2,005824;0,206545;3
1092;233;2;19;21;22;28;36;0;0;-0,777855;-0,4420;6;4;0;-0,581990;-0,170635;-0,629478;-0,173606;3
1093;213;2;15;19;28;30;36;0;0;1,416992;1,7529;6;4;0;0,474260;-0,786058;0,809400;2,336382;3
1094;198;2;15;19;21;22;30;0;0;-0,218154;0,1177;6;4;0;0,266849;1,127699;0,117203;-1,948058;3
1095;286;5;6;15;28;36;45;0;0;-1,139432;-0,8036;6;4;0;-0,866794;0,470793;-1,162557;-0,720306;3
1096;442;15;19;21;28;30;45;0;0;0,763801;1,0997;6;4;0;-0,112683;1,286199;-0,397301;0,751387;3
1097;181;2;6;19;30;36;45;0;0;-0,539177;-0,2033;6;4;0;-0,011764;-0,399716;-0,256138;-0,410737;3
1098;331;5;15;19;21;30;45;0;0;-0,711916;-0,3760;6;4;0;-2,178130;0,285671;-1,003438;1,472064;3
1099;66;2;5;15;19;28;30;0;0;-0,100827;0,2350;6;4;0;0,208650;-1,086341;0,809400;-0,133362;3
1100;291;5;6;19;21;22;45;0;0;1,221653;1,5575;6;4;0;0,999909;0,346346;1,284898;-0,187847;3
1101;279;5;6;15;22;28;36;0;0;-0,125592;0,2103;6;4;0;-0,762160;-0,225738;0,761107;-0,024394;3
1102;14;2;5;6;15;22;36;0;0;1,768353;2,1042;6;4;0;1,406064;1,925150;-1,141506;1,346998;3
1103;196;2;6;28;30;36;45;0;0;0,765039;1,1009;6;4;0;-0,315761;-0,578647;1,670003;0,754482;3
1104;144;2;6;15;21;22;36;0;0;-1,362941;-1,0271;6;4;0;-0,326286;-1,403340;-0,714919;-0,281337;3
1105;289;5;6;19;21;22;30;0;0;-0,140761;0,1951;6;4;0;0,670527;0,730212;-2,013872;0,331611;3
1106;378;5;22;28;30;36;45;0;0;-0,103922;0,2320;6;4;0;-0,897132;-0,187971;0,276322;0,600936;3
1107;116;2;5;21;22;30;45;0;0;-1,552707;-1,2168;6;4;0;-0,455686;-1,815067;-0,262329;-0,572332;3
1108;152;2;6;15;22;28;30;0;0;-0,680031;-0,3442;6;4;0;0,922517;-0,778010;-1,969294;0,464725;3
1109;209;2;15;19;22;28;45;0;0;0,860696;1,1966;6;4;0;0,016098;-0,418290;0,758631;1,364953;3
1110;81;2;5;15;21;36;45;0;0;-1,116834;-0,7810;6;4;0;-1,750305;-1,322233;0,932609;-0,093738;3
1111;412;6;15;22;30;36;45;0;0;1,894967;2,2308;6;4;0;1,584376;-0,925365;0,294896;2,836027;3
1112;18;2;5;6;15;28;45;0;0;-0,622451;-0,2866;6;4;0;-0,468069;-0,290128;-0,605332;0,118627;3
1113;324;5;15;19;21;22;30;0;0;-0,653717;-0,3178;6;4;0;-1,149121;-0,285175;-0,440641;0,567503;3
1114;377;5;21;28;30;36;45;0;0;-2,420120;-2,0842;6;4;0;-0,609852;-0,657278;0,091199;-3,664310;3
1115;278;5;6;15;22;28;30;0;0;0,153949;0,4898;6;4;0;0,742347;-0,301892;0,070148;-0,202706;3
1116;146;2;6;15;21;28;30;0;0;-0,259017;0,0769;6;4;0;-0,734918;-0,378046;-0,301335;0,896265;3
1117;60;2;5;15;19;21;36;0;0;-0,503885;-0,1680;6;4;0;-0,477356;0,745691;-1,026965;-0,249141;3
1118;420;6;19;21;28;30;36;0;0;-1,481197;-1,1453;6;4;0;0,266849;-2,058388;-1,969914;0,799060;3
1119;303;5;6;19;22;36;45;0;0;-0,023744;0,3121;6;4;0;1,652481;-0,520448;-1,581714;0,402192;3
1120;326;5;15;19;21;22;45;0;0;-1,092686;-0,7568;6;4;0;0,736775;-1,034952;-1,272763;-0,614433;3
1121;230;2;15;22;30;36;45;0;0;-0,236418;0,0995;6;4;0;0,625330;-0,452343;-1,124170;0,478347;3
1122;191;2;6;21;30;36;45;0;0;-0,592733;-0,2569;6;4;0;-1,983720;0,749405;-0,757640;0,806490;3
1123;79;2;5;15;21;30;36;0;0;0,591370;0,9272;6;4;0;-0,755349;0,527135;0,622420;0,788535;3
1124;190;2;6;21;28;36;45;0;0;-1,911808;-1,5759;6;4;0;-1,768260;-1,130300;-0,232610;-0,692445;3
1125;406;6;15;21;28;30;45;0;0;-1,712445;-1,3766;6;4;0;-0,251370;-0,724764;-1,460982;-0,987774;3
1126;436;15;19;21;22;28;36;0;0;-1,667248;-1,3314;6;4;0;0,694054;-2,881843;-0,724826;-0,421881;3
1127;149;2;6;15;21;30;36;0;0;0,050552;0,3864;6;4;0;-0,102777;0,615671;-0,542180;0,130391;3
1128;253;5;6;15;19;21;22;0;0;-0,371174;0,0630;7;4;0;-0,601184;0,282761;-0,488377;0,064452;3
1129;188;2;6;21;28;30;36;0;0;0,097205;0,5314;7;4;0;-0,275517;0,470979;-0,354023;0,352971;3
1130;250;2;21;22;30;36;45;0;0;0,208650;0,6428;7;4;0;0,050150;-0,659568;-0,068601;1,095318;3
1131;173;2;6;19;22;28;36;0;0;-0,949140;-0,5150;7;4;0;-0,633998;0,516795;-1,086465;-0,694612;3
1132;425;6;19;22;28;30;45;0;0;-0,781044;-0,3469;7;4;0;0,021051;-0,444727;-1,828193;0,689782;3
1133;38;2;5;6;21;22;30;0;0;0,267468;0,7016;7;4;0;-1,016626;1,604622;0,112188;-0,165248;3
1134;162;2;6;19;21;22;28;0;0;0,404607;0,8388;7;4;0;0,244560;1,303720;0,655173;-1,394238;3
1135;37;2;5;6;21;22;28;0;0;0,030647;0,4648;7;4;0;-0,153546;1,205277;-0,915582;-0,074854;3
1136;179;2;6;19;28;30;45;0;0;-1,723682;-1,2895;7;4;0;-1,861131;-0,491782;0,046559;-1,141011;3
1137;119;2;5;21;28;30;45;0;0;-0,568989;-0,1348;7;4;0;0,369626;0,332292;-0,127419;-1,712476;3
1138;96;2;5;19;21;28;30;0;0;1,291833;1,7260;7;4;0;0,525030;2,019445;-0,643780;0,682972;3
1139;2;2;5;6;15;19;22;0;0;-0,038696;0,3955;7;4;0;0,526887;0,268520;-0,753368;-0,119432;3
1140;205;2;15;19;21;30;45;0;0;0,435255;0,8694;7;4;0;-0,014859;0,934714;-0,244436;0,195091;3
1141;167;2;6;19;21;28;36;0;0;-0,053246;0,3809;7;4;0;-0,073058;0,975577;-1,137853;0,128843;3
1142;263;5;6;15;19;28;36;0;0;2,985796;3,4199;7;4;0;1,846891;1,410212;1,135005;1,579485;3
1143;56;2;5;6;30;36;45;0;0;0,399963;0,8341;7;4;0;0,391915;-0,348761;0,206297;0,550476;3
1144;80;2;5;15;21;30;45;0;0;0,541437;0,9756;7;4;0;1,264900;0,217132;-1,079035;0,679876;3
1145;93;2;5;19;21;22;30;0;0;-1,701084;-1,2669;7;4;0;-1,363343;0,269140;-1,144664;-1,163300;3
1146;366;5;19;21;28;36;45;0;0;0,612638;1,0468;7;4;0;1,473550;0,763212;-0,812805;-0,198682;3
1147;53;2;5;6;28;30;36;0;0;0,197815;0,6320;7;4;0;0,993098;-0,662045;0,619262;-0,554686;3
1148;114;2;5;21;22;28;45;0;0;-1,180387;-0,7462;7;4;0;-0,980716;0,323624;-1,496953;-0,206730;3
1149;386;6;15;19;21;30;36;0;0;-1,567969;-1,1338;7;4;0;-1,845033;0,713681;-0,104511;-1,900075;3
1150;416;6;19;21;22;28;45;0;0;0,787235;1,2214;7;4;0;0,143021;0,278427;0,674366;0,478656;3
1151;365;5;19;21;28;30;45;0;0;-1,620905;-1,1868;7;4;0;-0,473022;1,129742;-1,395415;-2,503116;3
1152;388;6;15;19;21;36;45;0;0;-1,630192;-1,1960;7;4;0;-0,637713;-0,878124;-1,169429;-0,575118;3
1153;370;5;19;22;28;36;45;0;0;-0,655049;-0,2209;7;4;0;0,210507;0,887659;-1,163238;-1,245026;3
1154;166;2;6;19;21;28;30;0;0;-1,439498;-1,0053;7;4;0;0,115779;-0,561745;-0,583724;-1,849305;3
1155;226;2;15;21;30;36;45;0;0;-1,767022;-1,3329;7;4;0;0,048912;0,368202;-2,198438;-1,752720;3
1156;292;5;6;19;21;28;30;0;0;0,037767;0,4719;7;4;0;0,097824;-0,151875;1,506488;-1,376902;3
1157;228;2;15;22;28;30;45;0;0;0,363744;0,7979;7;4;0;0,521315;1,101262;-1,108754;0,213665;3
1158;322;5;6;28;30;36;45;0;0;-1,415970;-0,9818;7;4;0;-0,060056;-0,499831;0,088042;-2,360095;3
1159;16;2;5;6;15;28;30;0;0;-0,995575;-0,5614;7;4;0;-1,121260;0,667246;-0,956445;-0,580690;3
1160;212;2;15;19;22;36;45;0;0;-0,757826;-0,3237;7;4;0;-1,596140;0,910567;-0,141040;-0,689039;3
1161;156;2;6;15;22;30;45;0;0;-0,012692;0,4215;7;4;0;1,858035;-1,516456;-0,480328;0,113364;3
1162;310;5;6;21;22;28;45;0;0;-1,309787;-0,8756;7;4;0;0,196886;-0,887411;0,000124;-1,929174;3
1163;189;2;6;21;28;30;45;0;0;0,521315;0,9555;7;4;0;1,275426;-0,297991;0,123952;-0,058756;3
1164;266;5;6;15;19;30;45;0;0;-0,274279;0,1599;7;4;0;0,626568;-0,472589;-1,066652;0,364115;3
1165;199;2;15;19;21;22;36;0;0;-1,523081;-1,0889;7;4;0;-0,876081;-0,813734;-0,706313;-0,650034;3
1166;269;5;6;15;21;22;30;0;0;-0,840171;-0,4060;7;4;0;-1,042629;0,731017;-0,421510;-0,947220;3
1167;299;5;6;19;22;28;36;0;0;-1,870418;-1,4363;7;4;0;-0,207411;-0,688049;-0,526763;-2,318612;3
1168;396;6;15;19;28;30;45;0;0;-1,135500;-0,7013;7;4;0;-0,195029;1,183607;-1,231343;-2,028236;3
1169;275;5;6;15;21;30;36;0;0;-0,956259;-0,5221;7;4;0;-0,208650;0,001053;-0,291490;-1,413432;3
1170;148;2;6;15;21;28;45;0;0;0,764636;1,1988;7;4;0;1,293381;0,086494;0,803147;-0,653749;3
1171;76;2;5;15;21;28;30;0;0;0,647619;1,0818;7;4;0;0,214841;1,330343;-0,362072;0,112126;3
1172;24;2;5;6;19;21;30;0;0;0,282017;0,7162;7;4;0;1,401730;-0,073863;-1,113707;0,349875;3
1173;113;2;5;21;22;28;36;0;0;-0,647000;-0,2128;7;4;0;-0,363434;0,921712;-1,354552;-0,497726;3
1174;201;2;15;19;21;28;30;0;0;0,117327;0,5515;7;4;0;-0,301521;1,074639;2,125008;-2,663473;3
1175;461;19;22;28;30;36;45;0;0;0,098443;0,5326;7;4;0;0,212984;0,337245;1,441479;-1,794821;3
1176;49;2;5;6;22;28;45;0;0;-0,856269;-0,4221;7;4;0;1,436402;-1,293566;-0,080983;-1,774390;3
1177;380;6;15;19;21;22;30;0;0;1,380060;1,8142;7;4;0;0,869890;2,799559;-0,729841;-0,179488;3
1178;290;5;6;19;21;22;36;0;0;0,039934;0,4741;7;4;0;-0,362815;1,174939;-0,900723;0,168468;3
1179;97;2;5;19;21;28;36;0;0;1,491505;1,9257;7;4;0;0,260038;1,838037;0,545585;0,339350;3
1180;100;2;5;19;21;30;45;0;0;-0,976381;-0,5422;7;4;0;-1,566421;1,542089;-1,909919;-0,018512;3
1181;361;5;19;21;22;30;36;0;0;-0,447637;-0,0135;7;4;0;1,067395;-0,845310;-0,562673;-0,554686;3
1182;165;2;6;19;21;22;45;0;0;0,713248;1,1474;7;4;0;0,761541;-0,603227;0,816768;0,451414;3
1183;355;5;15;22;28;36;45;0;0;0,458781;0,8929;7;4;0;1,476646;0,704394;-1,256728;-0,006749;3
1184;67;2;5;15;19;28;36;0;0;0,030957;0,4651;7;4;0;-0,631521;0,054298;0,954836;-0,315699;3
1185;217;2;15;21;22;28;30;0;0;0,195958;0,6301;7;4;0;1,081016;-0,411913;-0,098938;-0,178250;3
1186;92;2;5;19;21;22;28;0;0;-0,475499;-0,0413;7;4;0;-0,070582;-0,267035;-0,341641;-0,271740;3
1187;452;15;21;22;28;36;45;0;0;-0,129709;0,3044;7;4;0;-0,967095;0,399159;0,336316;-0,027799;3
1188;383;6;15;19;21;28;30;0;0;-0,444232;-0,0101;7;4;0;1,576946;-2,448879;1,411760;-1,428291;3
1189;22;2;5;6;19;21;22;0;0;-0,597469;-0,1633;7;4;0;0,182646;-0,405102;1,141816;-2,114297;3
1190;313;5;6;21;22;36;45;0;0;-1,769498;-1,3353;7;4;0;-1,041391;-0,958612;-0,274155;-1,264838;3
1191;204;2;15;19;21;30;36;0;0;1,205773;1,6399;7;4;0;-0,347956;1,129742;1,436526;0,193233;3
1192;164;2;6;19;21;22;36;0;0;-1,137978;-0,7038;7;4;0;-0,750396;-0,571032;0,587686;-1,542213;3
1193;26;2;5;6;19;21;45;0;0;1,223727;1,6579;7;4;0;-0,232796;1,029442;1,103429;0,547380;3
1194;61;2;5;15;19;21;45;0;0;0,613876;1,0480;7;4;0;-0,303997;2,935151;-0,595488;-0,807914;3
1195;71;2;5;15;19;36;45;0;0;0,051388;0,4855;7;4;0;0,342384;2,169895;-0,898866;-1,510636;3
1196;207;2;15;19;22;28;30;0;0;-1,633288;-1,1991;7;4;0;-0,945425;0,467264;-1,342788;-1,445627;3
1197;7;2;5;6;15;21;22;0;0;-0,656597;-0,2224;7;4;0;-0,935519;0,852987;-0,404793;-0,825869;3
1198;407;6;15;21;28;36;45;0;0;-2,069471;-1,6353;7;4;0;-1,087827;0,457358;-1,841195;-1,667279;3
1199;108;2;5;19;28;30;36;0;0;-1,050369;-0,6162;7;4;0;-1,493362;0,062347;0,118998;-0,788721;3
1200;85;2;5;15;22;30;36;0;0;-0,657215;-0,2231;7;4;0;-0,616043;0,760117;-0,362691;-1,095814;3
1201;219;2;15;21;22;28;45;0;0;-1,190913;-0,7568;7;4;0;-0,051389;-0,113488;-0,523667;-1,693282;3
1202;285;5;6;15;28;30;45;0;0;-0,368387;0,0658;7;4;0;1,608522;-1,233510;-0,361453;-0,750334;3
1203;238;2;19;21;28;30;36;0;0;0,145807;0,5800;7;4;0;1,602331;-0,780920;-0,913725;0,383928;3
1204;258;5;6;15;19;22;28;0;0;-1,084731;-0,6506;7;4;0;-0,141164;0,045011;-0,936633;-1,136677;3
1205;440;15;19;21;22;36;45;0;0;-1,292142;-0,8580;7;4;0;0,205554;-1,678671;-0,753987;-0,357181;3
1206;417;6;19;21;22;30;36;0;0;0,257872;0,6920;7;4;0;-0,668051;-0,124013;1,201253;0,106554;3
1207;421;6;19;21;28;30;45;0;0;0,149522;0,5837;7;4;0;0,564035;0,233849;-0,201096;-0,297744;3
1208;216;2;15;19;30;36;45;0;0;0,757516;1,1917;7;4;0;2,126741;0,253661;0,367273;-1,232643;3
1209;251;2;21;28;30;36;45;0;0;-0,719439;-0,2853;7;4;0;2,433834;0,410922;-2,438044;-1,845590;3
1210;158;2;6;15;28;30;36;0;0;-0,497787;-0,0636;7;4;0;0,647619;-1,044054;0,445904;-1,045044;3
1211;276;5;6;15;21;30;45;0;0;-2,248712;-1,8146;7;4;0;-0,077392;-0,850882;-0,745319;-2,823830;3
1212;140;2;6;15;19;30;45;0;0;1,067395;1,5015;7;4;0;1,567659;-0,716529;0,388324;0,895336;3
1213;424;6;19;22;28;30;36;0;0;1,143549;1,5777;7;4;0;1,696440;0,615238;0,221775;-0,246355;3
1214;315;5;6;21;28;30;45;0;0;-0,871128;-0,4370;7;4;0;-0,516362;0,208464;0,561063;-1,995422;3
1215;397;6;15;19;28;36;45;0;0;-1,307002;-0,8728;7;4;0;-0,610471;0,656101;-1,314308;-1,345326;3
1216;57;2;5;15;19;21;22;0;0;1,676318;2,1105;7;4;0;-0,247036;1,548280;1,266262;0,785130;3
1217;130;2;6;15;19;21;36;0;0;0,003715;0,4379;7;4;0;-0,157261;0,546514;-0,357738;-0,024084;3
1218;302;5;6;19;22;30;45;0;0;-1,176982;-0,7428;7;4;0;-0,887226;0,081541;-1,513051;-0,035229;3
1219;389;6;15;19;22;28;30;0;0;-1,740708;-1,3066;7;4;0;0,081726;-0,384671;-1,159523;-2,018949;3
1220;17;2;5;6;15;28;36;0;0;-0,713867;-0,2797;7;4;0;0,084822;0,817696;-1,782376;-0,547876;3
1221;402;6;15;21;22;30;36;0;0;-0,292853;0,1413;7;4;0;1,531749;0,656101;-0,623349;-2,150207;3
1222;89;2;5;15;28;30;45;0;0;-0,822526;-0,3884;7;4;0;-1,224037;-0,632326;-0,098938;0,310250;3
1223;206;2;15;19;21;36;45;0;0;0,105253;0,5394;7;4;0;-0,750396;0,618334;-0,614062;0,956631;3
1224;245;2;19;22;30;36;45;0;0;-0,989693;-0,5555;7;4;0;0,733060;-2,867417;0,702846;-0,547876;3
1225;145;2;6;15;21;22;45;0;0;-1,064609;-0,6305;7;4;0;-0,226605;0,373774;-1,509955;-0,766432;3
1226;224;2;15;21;28;30;45;0;0;-0,868342;-0,4342;7;4;0;-1,180078;-0,349999;0,129524;-0,336130;3
1227;381;6;15;19;21;22;36;0;0;-1,474169;-1,0400;7;4;0;-0,172121;-1,923230;-0,593630;-0,259357;3
1228;65;2;5;15;19;22;45;0;0;1,144478;1,5786;7;4;0;1,183793;0,488934;0,277498;0,338731;3
1229;30;2;5;6;19;22;45;0;0;0,026313;0,4605;7;4;0;0,809833;-0,037334;-0,949016;0,229143;3
1230;186;2;6;21;22;30;45;0;0;-0,752873;-0,3187;7;4;0;0,053865;-0,335140;-0,775038;-0,449433;3
1231;157;2;6;15;22;36;45;0;0;-1,413494;-0,9793;7;4;0;-0,607375;-1,447113;0,561683;-1,334182;3
1232;435;15;19;21;22;28;30;0;0;-2,650223;-2,2161;7;4;0;-0,439588;-1,097299;-1,778042;-1,985516;3
1233;264;5;6;15;19;28;45;0;0;0,310498;0,7447;7;4;0;-2,802841;2,412598;0,371607;0,639632;3
1234;59;2;5;15;19;21;30;0;0;-0,694364;-0,2602;7;4;0;-1,608522;-1,855744;2,218498;-0,142959;3
1235;155;2;6;15;22;30;36;0;0;1,738541;2,1727;7;4;0;1,513175;-0,696717;1,848872;0,811753;3
1236;267;5;6;15;19;36;45;0;0;-1,800765;-1,3666;7;4;0;-0,188837;0,826984;-1,100705;-3,138971;3
1237;214;2;15;19;28;30;45;0;0;0,150451;0,5846;7;4;0;0,921278;0,313718;0,555491;-1,489586;3
1238;300;5;6;19;22;28;45;0;0;0,643595;1,0777;7;4;0;0,684767;-0,180355;0,865061;-0,082284;3
1239;19;2;5;6;15;30;36;0;0;-0,969571;-0,5354;7;4;0;-0,493454;-0,296753;-0,650591;-0,498345;3
1240;443;15;19;21;28;36;45;0;0;-0,123209;0,3109;7;4;0;0,980716;1,366872;-0,497664;-2,096342;3
1241;63;2;5;15;19;22;30;0;0;0,353219;0,7874;7;4;0;-0,765875;0,222704;0,231682;1,017926;3
1242;333;5;15;19;22;28;30;0;0;-0,724083;-0,2899;7;4;0;0,107111;0,121785;-1,197910;-0,479151;3
1243;297;5;6;19;21;36;45;0;0;0,517910;0,9521;7;4;0;-1,003624;2,294342;-0,098319;-0,156580;3
1244;280;5;6;15;22;28;45;0;0;0,349814;0,7840;7;4;0;0,480452;1,011487;-0,353404;-0,438907;3
1245;94;2;5;19;21;22;36;0;0;-1,701703;-1,2675;7;4;0;-0,591897;0,319290;-1,860388;-1,270411;3
1246;345;5;15;21;22;28;45;0;0;-0,493454;-0,0593;7;4;0;-0,534936;0,916139;-1,493858;0,125747;3
1247;294;5;6;19;21;28;45;0;0;0,214841;0,6490;7;4;0;1,606665;-0,287466;-0,513761;-0,375755;3
1248;43;2;5;6;21;28;45;0;0;-1,411017;-0,9769;7;4;0;0,178931;0,718015;-1,166953;-2,552028;3
1249;163;2;6;19;21;22;30;0;0;-1,511936;-1,0778;7;4;0;-1,986197;-0,363620;0,236635;-0,910691;3
1250;21;2;5;6;15;36;45;0;0;0,440207;0,8744;7;4;0;0,946044;0,596664;-0,843143;0,180850;3
1251;423;6;19;21;30;36;45;0;0;-0,119803;0,3144;7;4;0;-1,122498;0,262948;0,133858;0,486086;3
1252;360;5;19;21;22;28;45;0;0;1,186579;1,6207;7;4;0;2,023345;0,396682;1,562830;-1,609699;3
1253;168;2;6;19;21;28;45;0;0;-2,412474;-1,9783;7;4;0;-1,202367;-2,102162;-0,345356;-1,175063;3
1254;107;2;5;19;22;36;45;0;0;0,126923;0,5611;7;4;0;0,803023;-0,260224;0,603784;-0,892736;3
1255;330;5;15;19;21;30;36;0;0;-0,004644;0,4295;7;4;0;0,023527;1,075877;-1,126709;0,018017;3
1256;288;5;6;19;21;22;28;0;0;-2,926978;-2,4928;7;4;0;0,833361;-2,065632;-2,201533;-2,420151;3
1257;314;5;6;21;28;30;36;0;0;0,485404;0,9196;7;4;0;-0,934899;1,311150;-0,648734;1,243292;3
1258;154;2;6;15;22;28;45;0;0;-0,240536;0,1936;7;4;0;-0,354147;1,701826;-0,142897;-1,685853;3
1259;327;5;15;19;21;28;30;0;0;-0,794045;-0,3599;7;4;0;-0,872366;-0,553696;0,374703;-0,536731;3
1260;375;5;21;22;28;36;45;0;0;-1,793335;-1,3592;7;4;0;0,627187;-3,453741;-1,101943;0,341826;3
1261;347;5;15;21;22;30;45;0;0;-1,459929;-1,0258;7;4;0;-1,055631;0,643718;-1,230105;-1,277840;3
1262;232;2;19;21;22;28;30;0;0;-1,184722;-0,7506;7;4;0;-0,890321;0,072253;0,024270;-1,575646;3
1263;225;2;15;21;28;36;45;0;0;0,311427;0,7456;7;4;0;1,702012;-1,961617;0,345603;0,536855;3
1264;227;2;15;22;28;30;36;0;0;-1,696750;-1,2626;7;4;0;0,195648;1,477079;-2,478288;-2,587938;3
1265;142;2;6;15;21;22;28;0;0;0,674242;1,1084;7;4;0;2,158937;-0,016283;0,517724;-1,311893;3
1266;177;2;6;19;22;36;45;0;0;-0,723154;-0,2890;7;4;0;0,097205;-0,199548;-1,367553;0,023589;3
1267;358;5;19;21;22;28;30;0;0;-1,165838;-0,7317;7;4;0;-0,915706;0,563850;-1,411512;-0,568307;3
1268;344;5;15;21;22;28;36;0;0;-0,940472;-0,5063;7;4;0;-1,286570;-0,352476;-0,442560;0,200663;3
1269;260;5;6;15;19;22;36;0;0;-0,156952;0,2772;7;4;0;-1,667960;1,671489;-0,569484;0,252051;3
1270;353;5;15;22;28;30;36;0;0;-0,601183;-0,1670;7;4;0;-0,021670;-1,320189;-0,231434;0,370926;3
1271;106;2;5;19;22;30;45;0;0;-1,350960;-0,9168;7;4;0;-1,339197;0,409684;-1,371268;-0,401140;3
1272;306;5;6;19;28;36;45;0;0;-0,829646;-0,3955;7;4;0;-1,867322;0,209083;1,590072;-1,591124;3
1273;112;2;5;21;22;28;30;0;0;1,389966;1,8241;7;4;0;0,448876;0,644338;0,962884;0,723835;3
1274;305;5;6;19;28;30;45;0;0;-2,225184;-1,7910;7;4;0;0,187599;-0,169211;-3,171104;-1,297653;3
1275;160;2;6;15;28;36;45;0;0;-1,165838;-0,7317;7;4;0;-0,808595;-0,194595;-0,524287;-0,804199;3
1276;433;6;21;28;30;36;45;0;0;0,286042;0,7202;7;4;0;-0,137449;1,666536;0,310931;-1,267934;3
1277;301;5;6;19;22;30;36;0;0;-2,556424;-2,1223;7;4;0;-2,583046;-0,505403;0,741233;-2,765631;3
1278;8;2;5;6;15;21;28;0;0;0,031885;0,4660;7;4;0;0,065629;-0,531407;-0,297063;0,826612;3
1279;41;2;5;6;21;28;30;0;0;-1,003315;-0,5692;7;4;0;-1,371392;0,058013;-1,526053;0,832803;3
1280;399;6;15;21;22;28;30;0;0;-0,989074;-0,5549;7;4;0;-0,619139;1,137172;-1,001023;-1,495158;3
1281;248;2;21;22;28;30;45;0;0;-2,138505;-1,7044;7;4;0;-0,362815;-0,189023;-1,629449;-2,095722;3
1282;270;5;6;15;21;22;36;0;0;0,562487;0,9966;7;4;0;0,807357;0,919235;0,544347;-1,145964;3
1283;231;2;15;28;30;36;45;0;0;0,293782;0,7279;7;4;0;1,674770;0,358915;-1,549580;0,103458;3
1284;138;2;6;15;19;28;45;0;0;0,276136;0,7103;7;4;0;-1,321242;1,972390;-1,111849;1,012973;3
1285;376;5;21;22;30;36;45;0;0;-0,212674;0,2215;7;4;0;0,472403;0,653625;-0,728602;-0,822773;3
1286;243;2;19;22;28;30;45;0;0;-0,372722;0,0614;7;4;0;-0,003096;-0,822402;-0,623349;0,703403;3
1287;87;2;5;15;22;36;45;0;0;0,637403;1,0716;7;4;0;2,040062;0,846796;-0,454324;-1,157727;3
1288;395;6;15;19;28;30;36;0;0;1,132715;1,5669;7;4;0;1,037057;0,559516;-0,731698;1,400554;3
1289;77;2;5;15;21;28;36;0;0;-0,651644;-0,2175;7;4;0;-0,819120;1,116740;-0,927965;-0,672942;3
1290;350;5;15;21;28;30;45;0;0;-1,093708;-0,6596;7;4;0;-1,298953;0,813982;-1,327929;-0,374517;3
1291;5;2;5;6;15;19;36;0;0;0,604589;1,0387;7;4;0;1,565802;-0,210074;-0,098319;-0,048231;3
1292;454;15;21;28;30;36;45;0;0;-1,201438;-0,7673;7;4;0;-1,154694;0,082160;-1,757611;0,427268;3
1293;187;2;6;21;22;36;45;0;0;0,410489;0,8446;7;4;0;0,698388;-0,358667;0,648362;-0,167106;3
1294;229;2;15;22;28;36;45;0;0;-2,258308;-1,8242;7;4;0;-0,365911;-0,542551;-2,057274;-1,550880;3
1295;453;15;21;22;30;36;45;0;0;1,763617;2,1978;7;4;0;0,345479;1,137172;0,170387;1,874195;3
1296;363;5;19;21;22;36;45;0;0;0,812620;1,2468;7;4;0;-1,409779;1,748262;0,618643;0,668113;3
1297;374;5;21;22;28;30;45;0;0;0,112374;0,5465;7;4;0;-1,456833;-1,083059;3,401053;-0,636413;3
1298;405;6;15;21;28;30;36;0;0;-1,684057;-1,2499;7;4;0;0,404298;-1,618614;-2,072752;-0,081045;3
1299;369;5;19;22;28;30;45;0;0;-0,732132;-0,2980;7;4;0;-0,393153;-1,160452;-0,419033;0,508375;3
1300;459;19;21;22;30;36;45;0;0;-0,811381;-0,3772;7;4;0;-0,617281;-1,842123;0,348080;0,488562;3
1301;432;6;21;22;30;36;45;0;0;0,055722;0,4899;7;4;0;-0,313903;1,423833;-0,268582;-0,729903;3
1302;349;5;15;21;28;30;36;0;0;-0,297186;0,1370;7;4;0;0,741109;1,371826;-2,156955;-0,550352;3
1303;134;2;6;15;19;22;36;0;0;0,243632;0,6778;7;4;0;1,016007;0,090209;-1,541531;0,922579;3
1304;102;2;5;19;22;28;30;0;0;-1,610689;-1,1765;7;4;0;0,189456;-0,346903;-1,416465;-1,647466;3
1305;86;2;5;15;22;30;45;0;0;0,272421;0,7066;7;4;0;0,403678;-0,457110;1,536826;-0,938552;3
1306;223;2;15;21;28;30;36;0;0;0,204006;0,6382;7;4;0;1,291523;0,223942;-0,345356;-0,762098;3
1307;48;2;5;6;22;28;36;0;0;-0,468688;-0,0345;7;4;0;-1,979386;1,669631;-1,815191;1,187570;3
1308;33;2;5;6;19;28;45;0;0;-1,448475;-1,0143;7;4;0;-1,362105;0,869085;-1,687029;-0,716901;3
1309;39;2;5;6;21;22;36;0;0;0,048912;0,4831;7;4;0;-0,674861;1,551995;0,742471;-1,521781;3
1310;4;2;5;6;15;19;30;0;0;0,932113;1,3663;7;4;0;0,293472;0,895089;1,150483;-0,474817;3
1311;70;2;5;15;19;30;45;0;0;-0,362196;0,0720;7;4;0;0,932423;-0,046621;0,155528;-1,765722;3
1312;68;2;5;15;19;28;45;0;0;0,591277;1,0254;7;4;0;-0,127543;-0,774109;1,458195;0,626011;3
1313;136;2;6;15;19;28;30;0;0;-0,625330;-0,1912;7;4;0;0,863079;-0,517786;-2,160051;0,564097;3
1314;35;2;5;6;19;30;45;0;0;-2,263880;-1,8297;7;4;0;-0,745443;-1,389533;-1,124851;-1,267934;3
1315;441;15;19;21;28;30;36;0;0;-2,990131;-2,5560;7;4;0;-1,037057;-1,125161;-2,167481;-1,650562;3
1316;128;2;6;15;19;21;28;0;0;-0,359410;0,0747;7;4;0;-0,368388;0,654244;-1,005977;0,001300;3
1317;211;2;15;19;22;30;45;0;0;-1,641646;-1,2075;7;4;0;0,086060;-0,199548;-1,570012;-1,599792;3
1318;255;5;6;15;19;21;30;0;0;-1,648457;-1,2143;7;4;0;-2,137267;-0,640375;0,260781;-0,780053;3
1319;123;2;5;22;28;30;45;0;0;-0,091322;0,3428;7;4;0;-0,182646;0,103830;-0,027737;-0,076092;3
1320;335;5;15;19;22;28;45;0;0;-0,924065;-0,4899;7;4;0;0,299044;0,644338;-1,962546;-0,828965;3
1321;321;5;6;22;30;36;45;0;0;-1,211035;-0,7769;7;4;0;-0,023527;0,051822;-0,851192;-1,599173;3
1322;390;6;15;19;22;28;36;0;0;0,753492;1,1876;7;4;0;-1,785596;1,645485;0,800051;0,847044;3
1323;170;2;6;19;21;30;45;0;0;-2,475007;-2,0409;7;4;0;-0,076773;-0,340712;-1,197910;-3,334619;3
1324;135;2;6;15;19;22;45;0;0;-0,358481;0,0757;7;4;0;-1,019102;1,072782;-0,029595;-0,741047;3
1325;202;2;15;19;21;28;36;0;0;-0,386962;0,0472;7;4;0;0,391915;-0,031762;-0,768227;-0,365849;3
1326;451;15;21;22;28;30;45;0;0;-0,997742;-0,5636;7;4;0;-2,051826;0,830079;-0,041978;-0,731760;3
1327;254;5;6;15;19;21;28;0;0;-0,912301;-0,4781;7;4;0;-0,337431;-0,227410;0,030462;-1,290223;3
1328;234;2;19;21;22;28;45;0;0;0,004334;0,4385;7;4;0;-0,827169;0,443118;0,459525;-0,066805;3
1329;72;2;5;15;21;22;28;0;0;-0,836766;-0,4026;7;4;0;-0,692816;1,336535;-1,139710;-1,177540;3
1330;391;6;15;19;22;28;45;0;0;1,033342;1,4675;7;4;0;1,575089;1,564378;-1,015264;-0,057518;3
1331;457;19;21;22;28;30;45;0;0;-0,295948;0,0049;8;4;0;0,152308;-0,488005;0,092375;-0,348575;3
1332;172;2;6;19;22;28;30;0;0;-0,170263;0,1306;8;4;0;0,934280;-1,207444;-0,290252;0,222890;3
1333;281;5;6;15;22;30;36;0;0;-1,119093;-0,8182;8;4;0;-1,453118;-0,050274;-0,879672;0,144878;3
1334;150;2;6;15;21;30;45;0;0;-0,767731;-0,4669;8;4;0;-1,129309;0,474756;-0,767608;-0,113302;3
1335;44;2;5;6;21;30;36;0;0;-0,470855;-0,1700;8;4;0;0,876700;-0,622977;-0,038263;-1,157170;3
1336;295;5;6;19;21;30;36;0;0;1,176364;1,4772;8;4;0;1,072348;0,627064;1,141816;-0,488500;3
1337;176;2;6;19;22;30;45;0;0;-0,221342;0,0795;8;4;0;-0,704580;-0,810576;0,259543;0,812929;3
1338;50;2;5;6;22;30;36;0;0;-0,084203;0,2167;8;4;0;-0,424729;1,151474;-1,080273;0,185122;3
1339;120;2;5;21;28;36;45;0;0;0,397797;0,6987;8;4;0;-1,268615;1,640594;-0,085317;0,508932;3
1340;82;2;5;15;22;28;30;0;0;0,716653;1,0175;8;4;0;0,962761;-1,330034;0,398230;1,402349;3
1341;336;5;15;19;22;30;36;0;0;0,064081;0,3650;8;4;0;0,892179;1,031361;-1,762564;-0,032814;3
1342;448;15;19;22;30;36;45;0;0;0,623782;0,9247;8;4;0;-0,941091;-1,058232;1,474293;1,772594;3
1343;178;2;6;19;28;30;36;0;0;0,160976;0,4619;8;4;0;-0,277374;0,515000;1,035324;-0,950997;3
1344;27;2;5;6;19;22;28;0;0;-3,213330;-2,9125;8;4;0;-1,126213;-1,551685;-2,136524;-1,612237;3
1345;208;2;15;19;22;28;36;0;0;1,531749;1,8326;8;4;0;0,868652;0,012878;0,969076;1,212893;3
1346;296;5;6;19;21;30;45;0;0;0,291305;0,5922;8;4;0;1,634526;-0,962265;-1,780519;1,690868;3
1347;6;2;5;6;15;19;45;0;0;-1,325885;-1,0250;8;4;0;-0,827788;-2,019754;-0,293348;0,489120;3
1348;287;5;6;15;30;36;45;0;0;-0,423800;-0,1229;8;4;0;-0,227224;-0,931928;-0,240102;0,551653;3
1349;311;5;6;21;22;30;36;0;0;0,516362;0,8172;8;4;0;0,845743;-0,127666;1,502154;-1,187508;3
1350;161;2;6;15;30;36;45;0;0;-0,858745;-0,5579;8;4;0;1,308859;-1,445193;-1,256728;-0,324429;3
1351;434;6;22;28;30;36;45;0;0;-1,270163;-0,9693;8;4;0;-1,265519;-1,594406;0,063895;0,255704;3
1352;10;2;5;6;15;21;36;0;0;0,121661;0,4225;8;4;0;-1,142930;0,908772;1,261309;-0,783830;3
1353;62;2;5;15;19;22;28;0;0;-0,476117;-0,1752;8;4;0;-0,919421;-1,446432;0,745567;0,668051;3
1354;408;6;15;21;30;36;45;0;0;0,566821;0,8677;8;4;0;-0,586324;-0,013126;1,370897;0,362196;3
1355;175;2;6;19;22;30;36;0;0;-0,755040;-0,4542;8;4;0;0,438969;-0,575304;-0,442560;-0,931185;3
1356;153;2;6;15;22;28;36;0;0;-0,093181;0,2077;8;4;0;-0,095347;-1,630316;-0,051884;1,591186;3
1357;9;2;5;6;15;21;30;0;0;-0,685386;-0,3845;8;4;0;0,232177;-0,419900;-2,397181;1,214131;3
1358;242;2;19;22;28;30;36;0;0;0,013002;0,3139;8;4;0;2,247473;-1,557258;-0,742223;0,078011;3
1359;197;2;15;19;21;22;28;0;0;1,086589;1,3875;8;4;0;0,725631;0,046312;-0,088413;1,489648;3
1360;28;2;5;6;19;22;30;0;0;0,444542;0,7454;8;4;0;1,564563;-0,667555;-0,274155;0,266230;3
1361;36;2;5;6;19;36;45;0;0;0,673623;0,9745;8;4;0;0,538651;0,048169;-0,588677;1,349103;3
1362;265;5;6;15;19;30;36;0;0;-2,502559;-2,2017;8;4;0;0,048912;-3,318707;-1,409655;-0,325667;3
1363;404;6;15;21;22;36;45;0;0;-0,563726;-0,2629;8;4;0;0,207411;-0,765379;0,300406;-0,869890;3
1364;42;2;5;6;21;28;36;0;0;-0,484786;-0,1839;8;4;0;-0,711390;-0,118379;0,532583;-0,672385;3
1365;298;5;6;19;22;28;30;0;0;0,301830;0,6027;8;4;0;-0,539270;0,053741;-0,407269;1,496458;3
1366;409;6;15;22;28;30;36;0;0;0,476118;0,7770;8;4;0;-0,128781;-0,792621;1,709566;0,164072;3
1367;151;2;6;15;21;36;45;0;0;-0,790640;-0,4898;8;4;0;-1,281617;-0,919545;0,018698;0,601184;3
1368;3;2;5;6;15;19;28;0;0;-0,821596;-0,5207;8;4;0;0,188218;-0,631645;-0,719934;-0,479832;3
1369;444;15;19;21;30;36;45;0;0;0,422562;0,7234;8;4;0;1,085350;-1,826583;0,362320;1,224037;3
1370;88;2;5;15;28;30;36;0;0;-1,061822;-0,7609;8;4;0;-1,749686;0,033929;1,271835;-1,679723;3
1371;195;2;6;22;30;36;45;0;0;-0,510170;-0,2093;8;4;0;-0,110826;-0,862584;-1,249298;1,202367;3
1372;400;6;15;21;22;28;36;0;0;-1,928617;-1,6277;8;4;0;0,735537;-2,684090;-0,534193;-1,374488;3
1373;340;5;15;19;28;30;45;0;0;-1,617191;-1,3163;8;4;0;0,168406;0,080364;-2,841723;-0,641428;3
1374;129;2;6;15;19;21;30;0;0;-0,558463;-0,2576;8;4;0;1,695202;-0,629169;-1,463520;-0,719439;3
1375;12;2;5;6;15;22;28;0;0;0,379222;0,6801;8;4;0;1,284713;-0,341269;-1,229486;1,044487;3
1376;111;2;5;19;30;36;45;0;0;-0,175835;0,1250;8;4;0;1,248184;0,278489;-2,693129;0,814786;3
1377;104;2;5;19;22;28;45;0;0;-1,139525;-0,8387;8;4;0;0,747919;-2,497729;-0,409746;-0,119494;3
1378;46;2;5;6;21;36;45;0;0;0,138068;0,4389;8;4;0;0,507694;-1,097857;0,084946;0,781353;3
1379;98;2;5;19;21;28;45;0;0;-0,050150;0,2507;8;4;0;-0,021051;-1,170296;0,792621;0,298425;3
1380;455;15;22;28;30;36;45;0;0;-0,596850;-0,2960;8;4;0;-0,165929;0,186856;-0,296444;-0,918183;3
1381;394;6;15;19;22;36;45;0;0;-0,830884;-0,5300;8;4;0;-1,640098;0,097081;-0,765751;0,647000;3
1382;147;2;6;15;21;28;36;0;0;-0,222581;0,0783;8;4;0;0,402440;-3,088388;0,729469;1,511317;3
1383;235;2;19;21;22;30;36;0;0;-0,246417;0,0545;8;4;0;0,421633;-0,542489;0,073801;-0,445780;3
1384;237;2;19;21;22;36;45;0;0;-0,188528;0,1123;8;4;0;0,000000;-0,870014;0,234158;0,258800;3
1385;268;5;6;15;21;22;28;0;0;-0,831193;-0,5303;8;4;0;0,086679;-0,931308;-0,206668;-0,611090;3
1386;257;5;6;15;19;21;45;0;0;0,400583;0,7015;8;4;0;1,221561;-1,332510;-0,718696;1,630811;3
1387;75;6;7;15;19;22;40;0;0;-1,603693;-1,5377;9;4;0;-0,991860;-0,532769;-0,342631;-1,340126;4
1388;440;15;17;19;22;39;40;0;0;-0,062966;0,0030;9;4;0;-0,308331;0,402131;0,046807;-0,266539;4
1389;229;6;15;22;27;39;40;0;0;0,198930;0,2649;9;4;0;-0,542365;-0,566202;0,750768;0,755659;4
1390;187;6;12;19;22;39;40;0;0;0,685882;0,7519;9;4;0;-0,131257;0,494382;1,465873;-0,457234;4
1391;113;6;7;19;22;27;39;0;0;-0,157076;-0,0911;9;4;0;-0,568988;0,639261;-0,893046;0,508622;4
1392;169;6;12;17;19;32;39;0;0;-0,397301;-0,3313;9;4;0;-1,354056;-1,327743;1,443584;0,443613;4
1393;364;7;17;19;27;32;39;0;0;-1,063185;-0,9972;9;4;0;0,822835;-1,508531;-1,091170;-0,349504;4
1394;333;7;15;17;22;27;32;0;0;0,068291;0,1343;9;4;0;-1,795502;0,834908;0,756340;0,340836;4
1395;95;6;7;17;19;22;40;0;0;0,840357;0,9064;9;4;0;0,004953;0,254156;1,088198;0,333406;4
1396;341;7;15;17;27;39;40;0;0;0,484971;0,5510;9;4;0;-1,139834;0,750087;1,073958;0,285732;4
1397;29;6;7;12;17;22;39;0;0;-1,115193;-1,0492;9;4;0;0,959046;-1,380370;-0,327772;-1,481289;4
1398;156;6;12;15;22;32;40;0;0;-0,251804;-0,1858;9;4;0;-0,753492;1,798907;-0,814415;-0,734608;4
1399;371;7;17;22;32;39;40;0;0;0,320590;0,3866;9;4;0;1,199891;-0,868342;0,405288;-0,095657;4
1400;63;6;7;15;17;22;32;0;0;-0,694178;-0,6282;9;4;0;-0,129400;-0,505527;1,122870;-1,876300;4
1401;48;6;7;12;22;27;39;0;0;0,565460;0,6315;9;4;0;-0,864937;1,413184;0,862832;-0,280160;4
1402;367;7;17;19;32;39;40;0;0;0,895150;0,9611;9;4;0;1,977529;0,221342;0,607127;-1,015697;4
1403;284;7;12;15;27;32;39;0;0;-0,081231;-0,0152;9;4;0;0,885987;0,335883;-0,901714;-0,482619;4
1404;444;15;17;19;32;39;40;0;0;0,153113;0,2191;9;4;0;0,035910;0,079559;-0,268954;0,459710;4
1405;331;7;15;17;19;32;40;0;0;-1,570878;-1,5049;9;4;0;-0,352290;-0,517290;-2,005638;-0,266539;4
1406;269;7;12;15;19;22;32;0;0;-2,229952;-2,1640;9;4;0;-1,498316;-1,008267;-1,774080;-0,179241;4
1407;405;12;15;19;27;32;39;0;0;-0,416186;-0,3502;9;4;0;-0,590658;0,651024;-2,089222;1,196485;4
1408;289;7;12;17;19;22;32;0;0;0,094604;0,1606;9;4;0;0,209269;-0,977310;1,392195;-0,434945;4
1409;23;6;7;12;17;19;27;0;0;-3,084982;-3,0190;9;4;0;-1,050059;-2,045944;-1,093027;-1,980934;4
1410;130;6;12;15;17;19;39;0;0;-0,027366;0,0386;9;4;0;0,148593;-0,133424;0,664088;-0,733989;4
1411;103;6;7;17;22;27;39;0;0;-1,889426;-1,8234;9;4;0;-1,150360;-0,214532;-0,772933;-1,641027;4
1412;10;6;7;12;15;19;39;0;0;0,562983;0,6290;9;4;0;-0,330001;-0,051698;1,663378;-0,155713;4
1413;420;12;17;19;27;32;39;0;0;0,109154;0,1751;9;4;0;-0,331239;-0,950687;1,307373;0,192862;4
1414;190;6;12;19;27;39;40;0;0;-0,679010;-0,6130;9;4;0;-0,916944;-0,608304;0,025756;0,141473;4
1415;431;12;19;22;27;39;40;0;0;-0,317123;-0,2511;9;4;0;0,559082;-0,180479;-1,375974;0,363125;4
1416;158;6;12;15;27;32;39;0;0;0,563602;0,6296;9;4;0;1,141073;-0,862151;1,035571;-0,187289;4
1417;211;6;15;17;22;32;40;0;0;-2,243573;-2,1776;9;4;0;-1,141692;-0,182955;-1,853330;-1,309169;4
1418;2;6;7;12;15;17;22;0;0;-1,339011;-1,2730;9;4;0;-1,309478;-1,432377;-0,963627;1,027461;4
1419;389;12;15;17;22;27;32;0;0;0,651210;0,7172;9;4;0;-0,541127;0,581062;1,779776;-0,517290;4
1420;221;6;15;19;22;32;40;0;0;1,495406;1,5614;9;4;0;0,734298;0,442375;2,407583;-0,593444;4
1421;329;7;15;17;19;27;40;0;0;1,042815;1,1088;9;4;0;0,870509;1,338268;-0,603289;0,480142;4
1422;74;6;7;15;19;22;39;0;0;0,311612;0,3776;9;4;0;-0,350432;0,778567;2,120921;-1,925831;4
1423;260;7;12;15;17;22;39;0;0;-0,131691;-0,0657;9;4;0;1,072348;-1,178530;0,651705;-0,808905;4
1424;366;7;17;19;27;39;40;0;0;-0,583662;-0,5177;9;4;0;1,422781;-0,461568;-1,179707;-0,948830;4
1425;358;7;17;19;22;27;32;0;0;-1,507726;-1,4417;9;4;0;-0,820359;-0,957498;-0,844753;-0,392843;4
1426;65;6;7;15;17;22;40;0;0;1,489214;1,5552;9;4;0;1,030247;0,169334;0,516114;1,262733;4
1427;98;6;7;17;19;27;40;0;0;-1,002200;-0,9362;9;4;0;-2,332915;-0,986597;3,440925;-2,125813;4
1428;71;6;7;15;17;39;40;0;0;0,074173;0,1402;9;4;0;0,025385;-0,393463;0,720430;-0,204006;4
1429;69;6;7;15;17;32;39;0;0;-0,447142;-0,3811;9;4;0;-1,266139;-0,361267;0,399097;0,334025;4
1430;148;6;12;15;19;27;40;0;0;0,716529;0,7825;9;4;0;1,127452;0,052936;-1,375355;1,628025;4
1431;159;6;12;15;27;32;40;0;0;1,343717;1,4097;9;4;0;0,162214;0,958117;1,725911;-0,158809;4
1432;261;7;12;15;17;22;40;0;0;-0,026438;0,0396;9;4;0;1,142930;-1,229919;0,348327;-0,314213;4
1433;146;6;12;15;19;27;32;0;0;-0,626073;-0,5601;9;4;0;-1,274187;-1,657744;0,820730;0,859055;4
1434;50;6;7;12;22;32;39;0;0;0,776276;0,8423;9;4;0;-0,879796;1,457762;1,479494;-0,504908;4
1435;302;7;12;17;22;32;40;0;0;0,536360;0,6024;9;4;0;0,940472;-0,426277;0,753863;-0,195338;4
1436;142;6;12;15;19;22;27;0;0;-0,247470;-0,1815;9;4;0;0,620996;0,136520;0,781724;-2,034180;4
1437;324;7;15;17;19;22;32;0;0;0,655234;0,7212;9;4;0;0,057580;-0,238059;0,625702;0,865246;4
1438;200;6;15;17;19;22;40;0;0;0,107607;0,1736;9;4;0;0,799927;0,269016;-0,220042;-0,633688;4
1439;335;7;15;17;22;27;40;0;0;-0,399159;-0,3332;9;4;0;-0,134972;-0,591587;0,443675;-0,515433;4
1440;60;6;7;15;17;19;39;0;0;0,885245;0,9512;9;4;0;-0,190695;1,511008;-0,467697;0,917873;4
1441;91;6;7;15;32;39;40;0;0;-0,606570;-0,5406;9;4;0;0,754730;-0,974215;-0,959913;-0,033743;4
1442;39;6;7;12;19;22;39;0;0;0,668236;0,7342;9;4;0;0,506455;-0,031267;1,149493;-0,288209;4
1443;306;7;12;17;27;39;40;0;0;-0,451166;-0,3852;9;4;0;1,247564;-0,896203;-0,317866;-0,935828;4
1444;299;7;12;17;22;27;39;0;0;-0,854845;-0,7888;9;4;0;0,952854;-0,880725;-1,310345;-0,471474;4
1445;336;7;15;17;22;32;39;0;0;-0,842152;-0,7762;9;4;0;-1,577565;0,148903;-0,359967;0,104325;4
1446;236;6;17;19;22;32;40;0;0;0,555244;0,6212;9;4;0;-0,409870;-1,171720;1,700526;0,991551;4
1447;246;6;17;27;32;39;40;0;0;-0,274402;-0,2084;9;4;0;-0,043340;0,700555;-0,640437;-0,565583;4
1448;402;12;15;19;22;32;39;0;0;-1,658487;-1,5925;9;4;0;-0,002477;-0,314213;-1,512184;-1,488100;4
1449;35;6;7;12;17;32;40;0;0;-1,012725;-0,9467;9;4;0;-1,322480;0,950068;-0,261524;-1,391514;4
1450;290;7;12;17;19;22;39;0;0;-1,993131;-1,9271;9;4;0;0,192552;-3,164108;-1,108506;0,093800;4
1451;430;12;19;22;27;32;40;0;0;0,082841;0,1488;9;4;0;0,716963;1,179150;0,921650;-2,652080;4
1452;31;6;7;12;17;27;32;0;0;0,540694;0,6067;9;4;0;-0,188837;-0,397177;0,990993;0,676409;4
1453;293;7;12;17;19;27;39;0;0;1,489833;1,5558;9;4;0;-0,347337;-0,585396;2,128351;1,784048;4
1454;33;6;7;12;17;27;40;0;0;1,378079;1,4441;9;4;0;1,097114;0,311117;0,661612;0,686315;4
1455;195;6;12;22;32;39;40;0;0;1,539364;1,6054;9;4;0;0,164072;0,913539;-1,251527;3,252645;4
1456;176;6;12;17;22;32;40;0;0;-0,020865;0,0451;9;4;0;0,539889;2,206920;-0,214470;-2,574069;4
1457;108;6;7;17;27;32;39;0;0;-2,191565;-2,1256;9;4;0;-0,256943;-0,714176;-1,375355;-2,036657;4
1458;356;7;15;22;32;39;40;0;0;1,353314;1,4193;9;4;0;1,308240;0,987836;-0,180417;0,590968;4
1459;67;6;7;15;17;27;39;0;0;2,090707;2,1567;9;4;0;1,854939;0,054794;0,937747;1,333934;4
1460;238;6;17;19;27;32;39;0;0;2,170885;2,2369;9;4;0;0,825312;0,869580;1,070862;1,576017;4
1461;280;7;12;15;22;27;40;0;0;0,254652;0,3206;9;4;0;-0,260657;0,810762;-0,323438;0,282637;4
1462;20;6;7;12;15;32;40;0;0;0,723340;0,7893;9;4;0;0,352909;0,654120;0,722287;-0,282637;4
1463;237;6;17;19;22;39;40;0;0;-0,315265;-0,2493;9;4;0;-0,500264;0,434945;0,607747;-1,172958;4
1464;379;12;15;17;19;22;27;0;0;-0,612762;-0,5468;9;4;0;-0,000619;-1,166148;-0,386590;0,327834;4
1465;54;6;7;12;27;32;40;0;0;-0,183389;-0,1174;9;4;0;-0,975143;0,210817;0,512399;-0,114850;4
1466;160;6;12;15;27;39;40;0;0;-0,524535;-0,4585;9;4;0;0,604279;-0,473332;-0,865804;-0,314213;4
1467;96;6;7;17;19;27;32;0;0;-1,150484;-1,0845;9;4;0;-0,233415;-0,647309;-1,290533;-0,129710;4
1468;296;7;12;17;19;32;40;0;0;-0,412470;-0,3465;9;4;0;0,274898;1,625549;-0,935766;-1,789620;4
1469;445;15;17;22;27;32;39;0;0;0,991736;1,0577;9;4;0;0,917563;-0,243631;0,466583;0,842957;4
1470;99;6;7;17;19;32;39;0;0;1,166643;1,2326;9;4;0;0,339907;0,621306;-0,252856;1,624929;4
1471;76;6;7;15;19;27;32;0;0;-1,866827;-1,8008;9;4;0;-1,142311;-0,324119;-1,080645;-1,186579;4
1472;177;6;12;17;22;39;40;0;0;0,121537;0,1875;9;4;0;1,422162;-1,237968;0,731574;-0,672694;4
1473;393;12;15;17;22;32;40;0;0;1,141568;1,2076;9;4;0;0,834599;-0,351361;-0,660249;2,460148;4
1474;235;6;17;19;22;32;39;0;0;-0,309384;-0,2434;9;4;0;0,419776;-1,076373;0,119865;-0,082036;4
1475;167;6;12;17;19;27;39;0;0;-1,327867;-1,2619;9;4;0;-0,679195;-1,449713;0,810824;-1,337649;4
1476;409;12;15;22;27;32;39;0;0;0,172616;0,2386;9;4;0;0,850077;-1,431758;0,806490;0,120422;4
1477;204;6;15;17;19;32;39;0;0;0,174164;0,2402;9;4;0;-0,844505;0,157571;-0,394020;1,429282;4
1478;233;6;17;19;22;27;39;0;0;0,427701;0,4937;9;4;0;-0,265610;0,883820;0,714238;-0,477046;4
1479;163;6;12;17;19;22;32;0;0;0,313470;0,3795;9;4;0;0,876700;-0,951926;0,405288;0,296877;4
1480;143;6;12;15;19;22;32;0;0;1,765969;1,8320;9;4;0;0,385723;2,957935;0,506208;-0,317928;4
1481;56;6;7;12;32;39;40;0;0;0,622420;0,6884;9;4;0;0,924993;0,673932;-0,112312;-0,241774;4
1482;182;6;12;19;22;27;32;0;0;1,510575;1,5766;9;4;0;0,621615;1,176673;1,002757;0,220104;4
1483;287;7;12;15;32;39;40;0;0;-0,551777;-0,4858;9;4;0;-0,317618;1,721515;-0,862708;-1,644742;4
1484;26;6;7;12;17;19;40;0;0;-0,388634;-0,3226;9;4;0;1,347246;-0,792188;0,717334;-2,049659;4
1485;58;6;7;15;17;19;27;0;0;0,244746;0,3107;9;4;0;1,568278;-1,587781;0,994089;-0,485095;4
1486;131;6;12;15;17;19;40;0;0;-0,654553;-0,5886;9;4;0;-0,149212;-1,683128;0,491968;0,031267;4
1487;53;6;7;12;27;32;39;0;0;-0,122095;-0,0561;9;4;0;1,021579;0,731512;-1,112221;-0,885059;4
1488;338;7;15;17;22;39;40;0;0;2,514508;2,5805;9;4;0;1,573231;1,078849;2,233605;0,143331;4
1489;193;6;12;22;27;32;40;0;0;-0,143454;-0,0775;9;4;0;-0,217318;2,058946;-1,243478;-0,885059;4
1490;270;7;12;15;19;22;39;0;0;1,223294;1,2893;9;4;0;1,144787;0,907348;1,036190;-0,641737;4
1491;453;15;19;22;32;39;40;0;0;-1,313936;-1,2479;9;4;0;-2,233852;-0,105563;0,018327;-0,306783;4
1492;43;6;7;12;19;27;40;0;0;-0,909948;-0,8440;9;4;0;0,669289;0,140235;-0,766741;-1,862679;4
1493;307;7;12;17;32;39;40;0;0;1,093585;1,1596;9;4;0;1,841318;-0,544532;0,864689;0,025694;4
1494;348;7;15;19;22;39;40;0;0;1,246822;1,3128;9;4;0;1,406683;-0,817573;1,002138;0,902395;4
1495;421;12;17;19;27;32;40;0;0;0,030833;0,0968;9;4;0;1,082874;0,072749;0,630655;-1,724611;4
1496;363;7;17;19;22;39;40;0;0;0,153422;0,2194;9;4;0;0,009906;0,690649;-0,130267;-0,263444;4
1497;254;7;12;15;17;19;27;0;0;-2,962083;-2,8961;9;4;0;0,057580;-1,366129;-0,426215;-4,189402;4
1498;342;7;15;17;32;39;40;0;0;-0,423925;-0,3579;9;4;0;0,612947;-0,884440;0,504350;-1,080707;4
1499;457;17;19;22;27;32;40;0;0;-0,001052;0,0649;9;4;0;-1,243850;-0,601493;1,130919;0,712319;4
1500;408;12;15;19;32;39;40;0;0;-0,971243;-0,9052;9;4;0;-0,848839;0,037458;-0,186608;-0,944496;4
1501;443;15;17;19;27;39;40;0;0;-2,338920;-2,2729;9;4;0;-1,080397;-0,468998;-1,048449;-2,079996;4
1502;282;7;12;15;22;32;40;0;0;-0,022413;0,0436;9;4;0;-0,759064;1,041701;1,451013;-1,778476;4
1503;154;6;12;15;22;27;40;0;0;0,090580;0,1566;9;4;0;-0,307093;-0,015169;0,656658;-0,153237;4
1504;79;6;7;15;19;32;39;0;0;0,478780;0,5448;9;4;0;-0,983811;2,228590;0,079002;-0,366221;4
1505;125;6;7;22;32;39;40;0;0;-0,434140;-0,3681;9;4;0;0,300901;-0,563726;0,517352;-1,122808;4
1506;212;6;15;17;22;39;40;0;0;-0,840914;-0,7749;9;4;0;0,328763;-0,260348;-0,530849;-1,219394;4
1507;439;15;17;19;22;32;40;0;0;-1,579547;-1,5136;9;4;0;-0,088537;-1,202058;-1,210045;-0,658454;4
1508;183;6;12;19;22;27;39;0;0;-0,374703;-0,3087;9;4;0;1,429591;-0,262205;-2,290442;0,373650;4
1509;49;6;7;12;22;27;40;0;0;-0,888588;-0,8226;9;4;0;-0,318856;0,569298;-0,860850;-1,166767;4
1510;359;7;17;19;22;27;39;0;0;-0,275022;-0,2090;9;4;0;-0,058199;0,472712;0,485157;-1,449713;4
1511;199;6;15;17;19;22;39;0;0;0,006377;0,0724;9;4;0;1,032104;-1,017554;1,226266;-1,228062;4
1512;197;6;15;17;19;22;27;0;0;0,333592;0,3996;9;4;0;0,780734;0,122899;-1,248431;1,011982;4
1513;354;7;15;22;27;32;40;0;0;-0,841843;-0,7758;9;4;0;-1,789311;0,077702;1,117917;-1,089994;4
1514;247;6;19;22;27;32;39;0;0;0,271678;0,3377;9;4;0;0,905800;2,317746;-1,341921;-1,338268;4
1515;275;7;12;15;19;32;39;0;0;-0,829151;-0,7632;9;4;0;-0,255704;0,309879;-0,241712;-1,470764;4
1516;120;6;7;19;27;39;40;0;0;0,777205;0,8432;9;4;0;-0,008668;-0,170573;2,503549;-0,769899;4
1517;353;7;15;22;27;32;39;0;0;-1,651057;-1,5851;9;4;0;-2,143458;-2,705326;0,666565;0,880106;4
1518;304;7;12;17;27;32;39;0;0;0,134229;0,2002;9;4;0;-1,555895;0,819430;0,903695;0,101229;4
1519;155;6;12;15;22;32;39;0;0;-0,581495;-0,5155;9;4;0;-1,221561;-0,478285;1,470207;-0,933352;4
1520;77;6;7;15;19;27;39;0;0;0,101415;0,1674;9;4;0;-0,834599;1,552490;-0,176702;-0,338359;4
1521;14;6;7;12;15;22;39;0;0;-2,086312;-2,0203;9;4;0;-2,014677;0,421943;-1,517137;-1,062752;4
1522;141;6;12;15;17;39;40;0;0;1,631926;1,6979;9;4;0;1,679104;-0,668360;0,576170;1,676937;4
1523;145;6;12;15;19;22;40;0;0;0,591463;0,6575;9;4;0;0,417299;-0,028171;-1,361734;2,155531;4
1524;310;7;12;19;22;27;40;0;0;-0,856392;-0,7904;9;4;0;-0,454448;-0,471474;0,963132;-1,749995;4
1525;194;6;12;22;27;39;40;0;0;-0,569422;-0,5034;9;4;0;-0,659383;0,222580;-0,883139;0,181098;4
1526;51;6;7;12;22;32;40;0;0;0,237935;0,3039;9;4;0;-1,690249;0,748229;0,172492;1,245397;4
1527;59;6;7;15;17;19;32;0;0;0,332354;0,3983;9;4;0;1,308240;0,620687;-1,172277;-0,091942;4
1528;413;12;15;27;32;39;40;0;0;1,778971;1,8450;9;4;0;0,794355;1,675080;0,896265;0,192243;4
1529;180;6;12;17;27;39;40;0;0;-1,008701;-0,9427;9;4;0;-0,144878;0,429992;-1,471321;-0,831194;4
1530;45;6;7;12;19;32;40;0;0;0,538527;0,6045;9;4;0;1,088446;0,904871;0,407765;-1,324028;4
1531;455;15;22;27;32;39;40;0;0;0,640376;0,7064;9;4;0;-0,638332;0,375508;0,555739;0,987836;4
1532;192;6;12;22;27;32;39;0;0;-0,204130;-0,1381;9;4;0;-0,018574;-0,115469;-0,631769;0,357553;4
1533;303;7;12;17;22;39;40;0;0;-0,820483;-0,7545;9;4;0;0,260657;-0,730274;0,714238;-1,885587;4
1534;314;7;12;19;27;32;39;0;0;1,267254;1,3332;9;4;0;0,183265;0,880725;0,844877;0,625640;4
1535;86;6;7;15;22;32;40;0;0;-0,893850;-0,8279;9;4;0;-0,436493;0,121661;-0,018203;-1,454666;4
1536;85;6;7;15;22;32;39;0;0;-2,022231;-1,9562;9;4;0;-1,469835;-0,523482;-0,744452;-1,306692;4
1537;412;12;15;22;32;39;40;0;0;-0,639384;-0,5734;9;4;0;-0,330620;-1,428662;-0,480699;0,961213;4
1538;317;7;12;19;32;39;40;0;0;0,028975;0,0950;9;4;0;0,313903;0,695602;-1,049688;0,098133;4
1539;114;6;7;19;22;27;40;0;0;-1,188870;-1,1229;9;4;0;-1,700774;-1,066466;1,308611;-0,919111;4
1540;386;12;15;17;19;32;39;0;0;1,517076;1,5831;9;4;0;1,162742;0,806428;1,511070;-0,446089;4
1541;223;6;15;19;27;32;39;0;0;0,922393;0,9884;9;4;0;0,222890;0,308641;0,396001;0,917254;4
1542;328;7;15;17;19;27;39;0;0;0,927965;0,9940;9;4;0;1,040772;2,253355;-0,016964;-1,421233;4
1543;330;7;15;17;19;32;39;0;0;0,625826;0,6918;9;4;0;1,585614;-0,122280;-0,381637;0,169954;4
1544;377;7;19;27;32;39;40;0;0;-0,820173;-0,7542;9;4;0;1,193080;-0,929018;0,798441;-2,702850;4
1545;144;6;12;15;19;22;39;0;0;0,641923;0,7079;9;4;0;-0,682910;1,851534;-0,462125;0,577347;4
1546;117;6;7;19;22;39;40;0;0;-0,155528;-0,0895;9;4;0;-0,451971;-0,554439;0,704332;-0,008978;4
1547;385;12;15;17;19;27;40;0;0;0,336997;0,4030;9;4;0;0,112064;0,592206;-2,179616;2,149340;4
1548;435;15;17;19;22;27;32;0;0;0,687120;0,7531;9;4;0;0,194410;-0,388510;0,789154;0,779186;4
1549;426;12;17;22;27;39;40;0;0;2,268091;2,3341;9;4;0;1,807885;0,748229;2,260228;-0,280160;4
1550;368;7;17;22;27;32;39;0;0;-0,067610;-0,0016;9;4;0;0,834599;-0,160047;0,176207;-0,985978;4
1551;438;15;17;19;22;32;39;0;0;0,614990;0,6810;9;4;0;1,378203;-0,286971;1,073339;-0,934590;4
1552;407;12;15;19;27;39;40;0;0;-0,020555;0,0454;9;4;0;-0,507075;0,894965;-1,347493;0,918492;4
1553;208;6;15;17;22;27;39;0;0;0,336068;0,4021;9;4;0;1,030866;0,670837;-0,402069;-0,627497;4
1554;417;12;17;19;22;32;39;0;0;-0,810886;-0,7449;9;4;0;-0,046435;0,649167;-1,470702;-0,753801;4
1555;24;6;7;12;17;19;32;0;0;2,244563;2,3106;9;4;0;1,642575;-0,732751;1,186641;2,392661;4
1556;84;6;7;15;22;27;40;0;0;-1,133767;-1,0678;9;4;0;0,039006;-0,454138;0,495682;-2,348083;4
1557;3;6;7;12;15;17;27;0;0;0,044455;0,1104;9;4;0;-0,056961;1,460239;-0,837942;-0,476427;4
1558;436;15;17;19;22;27;39;0;0;-1,707399;-1,6414;9;4;0;-0,707056;-0,603970;-0,546947;-1,556824;4
1559;34;6;7;12;17;32;39;0;0;0,558339;0,6243;9;4;0;-1,417208;-0,064081;0,944558;1,653410;4
1560;297;7;12;17;19;39;40;0;0;-0,113426;-0,0474;9;4;0;0,292233;0,079559;-0,838561;0,239916;4
1561;369;7;17;22;27;32;40;0;0;0,720244;0,7862;9;4;0;1,410398;1,155003;-0,455934;-0,668979;4
1562;149;6;12;15;19;32;39;0;0;-0,480266;-0,4143;9;4;0;0,035910;-0,412037;-1,327062;0,742657;4
1563;30;6;7;12;17;22;40;0;0;0,621181;0,6872;9;4;0;-0,647619;-0,023837;1,695573;0,218246;4
1564;202;6;15;17;19;27;39;0;0;-0,176888;-0,1109;9;4;0;0,312665;-0,056032;-0,528992;-0,081417;4
1565;138;6;12;15;17;27;40;0;0;-0,106926;-0,0409;9;4;0;1,350961;-1,952454;0,401573;-0,013931;4
1566;292;7;12;17;19;27;32;0;0;0,366716;0,4327;9;4;0;-1,155313;-0,259729;1,503640;0,644833;4
1567;239;6;17;19;27;32;40;0;0;0,244127;0,3101;9;4;0;0,482309;-1,293071;0,181160;1,117855;4
1568;184;6;12;19;22;27;40;0;0;-0,494197;-0,4282;9;4;0;-0,286661;-0,196577;-0,234282;-0,270873;4
1569;351;7;15;19;27;39;40;0;0;-0,640933;-0,5749;9;4;0;0,642047;-1,268306;0,622606;-1,278212;4
1570;72;6;7;15;19;22;27;0;0;1,500978;1,5670;9;4;0;1,853082;0,714796;-0,277003;0,711081;4
1571;315;7;12;19;27;32;40;0;0;0,352785;0,4188;9;4;0;-0,567750;0,691887;0,647371;-0,065938;4
1572;224;6;15;19;27;32;40;0;0;-0,833484;-0,7675;9;4;0;-0,963999;0,247965;0,069096;-1,020031;4
1573;434;12;22;27;32;39;40;0;0;-1,631864;-1,5659;9;4;0;-0,346099;-2,648366;1,192833;-1,462096;4
1574;102;6;7;17;22;27;32;0;0;-0,013435;0,0526;9;4;0;-1,742256;0,134044;1,124727;0,456615;4
1575;392;12;15;17;22;32;39;0;0;1,250227;1,3162;9;4;0;2,921715;0,580443;-0,355014;-0,646690;4
1576;62;6;7;15;17;22;27;0;0;0,261462;0,3275;9;4;0;-1,163981;1,910352;1,645423;-1,868870;4
1577;80;6;7;15;19;32;40;0;0;0,202953;0,2689;9;4;0;-0,188837;-0,636165;0,445532;0,785377;4
1578;32;6;7;12;17;27;39;0;0;-1,986630;-1,9206;9;4;0;-0,172740;-0,320404;-3,627162;0,147045;4
1579;170;6;12;17;19;32;40;0;0;1,380556;1,4466;9;4;0;1,287189;-0,200910;1,047335;0,627497;4
1580;205;6;15;17;19;32;40;0;0;0,452466;0,5185;9;4;0;-0,447637;0,670837;1,084483;-0,402750;4
1581;243;6;17;22;27;32;40;0;0;-0,718634;-0,6526;9;4;0;0,661859;-1,019412;-0,369873;-0,709842;4
1582;285;7;12;15;27;32;40;0;0;-1,688206;-1,6222;9;4;0;0,076154;-0,665265;-0,862089;-1,925212;4
1583;241;6;17;19;32;39;40;0;0;-0,543108;-0,4771;9;4;0;-0,052008;0,713557;-0,369873;-1,377893;4
1584;357;7;15;27;32;39;40;0;0;1,233510;1,2995;9;4;0;1,412255;2,289265;-1,419313;0,184813;4
1585;459;17;19;22;32;39;40;0;0;-1,139649;-1,0737;9;4;0;-0,964618;-0,441755;-0,688730;-0,184194;4
1586;339;7;15;17;27;32;39;0;0;-1,332510;-1,2665;9;4;0;-0,115160;-0,625020;-0,654677;-1,270163;4
1587;352;7;15;19;32;39;40;0;0;-1,169676;-1,1037;9;4;0;0,359100;-0,781043;-1,735074;-0,182336;4
1588;110;6;7;17;27;39;40;0;0;2,010220;2,0762;9;4;0;1,793026;0,824383;1,693097;-0,290066;4
1589;249;6;19;22;27;39;40;0;0;-0,372536;-0,3065;9;4;0;-0,612947;0,483238;-0,112312;-0,503050;4
1590;288;7;12;17;19;22;27;0;0;-1,053434;-1,5418;10;4;0;-1,999818;-0,053184;0,948520;-1,002386;4
1591;397;12;15;17;27;39;40;0;0;0,386993;-0,1013;10;4;0;0,915706;1,878529;-0,669908;-1,350341;4
1592;424;12;17;22;27;32;39;0;0;0,727519;0,2392;10;4;0;-2,756405;3,591685;-0,282327;0,902085;4
1593;19;6;7;12;15;32;39;0;0;0,354797;-0,1335;10;4;0;0,434016;2,569487;-2,187417;-0,106492;4
1594;97;6;7;17;19;27;39;0;0;1,303937;0,8156;10;4;0;1,564563;0,036591;2,646818;-1,640098;4
1595;88;6;7;15;27;32;39;0;0;1,902644;1,4143;10;4;0;0,271183;0,029161;1,323099;2,181845;4
1596;9;6;7;12;15;19;32;0;0;0,469648;-0,0187;10;4;0;1,283474;0,203139;0,713867;-1,261185;4
1597;82;6;7;15;22;27;32;0;0;-0,655946;-1,1443;10;4;0;1,574470;-1,316227;-0,081726;-1,488409;4
1598;15;6;7;12;15;22;40;0;0;1,268026;0,7797;10;4;0;0,120113;2,466710;0,586324;-0,637094;4
1599;153;6;12;15;22;27;39;0;0;1,107670;0,6193;10;4;0;0,764636;1,599916;-0,086679;-0,062533;4
1600;165;6;12;17;19;22;40;0;0;0,582950;0,0946;10;4;0;-1,454976;0,785130;-0,236511;2,072257;4
1601;44;6;7;12;19;32;39;0;0;0,598119;0,1098;10;4;0;0,687863;0,023589;-0,292233;0,777019;4
1602;37;6;7;12;19;22;27;0;0;0,084853;-0,4035;10;4;0;0,039006;0,257004;0,160357;-0,286661;4
1603;452;15;19;22;27;39;40;0;0;0,671797;0,1835;10;4;0;0,621615;0,543666;0,664955;-0,486643;4
1604;11;6;7;12;15;19;40;0;0;0,296598;-0,1917;10;4;0;-1,419066;0,900909;0,604898;0,506455;4
1605;232;6;17;19;22;27;32;0;0;2,088695;1,6004;10;4;0;-0,264991;0,968395;1,615333;1,858654;4
1606;151;6;12;15;19;39;40;0;0;0,734020;0,2457;10;4;0;0,510789;0,715167;0,980716;-0,738632;4
1607;90;6;7;15;27;39;40;0;0;-0,001516;-0,4898;10;4;0;-0,244560;1,030928;0,100920;-0,890321;4
1608;395;12;15;17;27;32;39;0;0;0,371514;-0,1168;10;4;0;0,227843;-0,056899;-0,271802;0,843886;4
1609;214;6;15;17;27;32;40;0;0;0,382349;-0,1060;10;4;0;-1,378822;0,273102;1,552181;0,318237;4
1610;460;17;19;27;32;39;40;0;0;-0,555337;-1,0437;10;4;0;-0,529364;0,100362;-0,616662;-0,065010;4
1611;451;15;19;22;27;32;40;0;0;0,265332;-0,2230;10;4;0;-0,693435;0,790083;0,082965;0,351052;4
1612;266;7;12;15;17;32;40;0;0;0,710803;0,2225;10;4;0;-2,079687;1,472374;1,383156;0,645762;4
1613;57;6;7;15;17;19;22;0;0;1,653441;1,1651;10;4;0;0,073058;1,211097;0,195029;1,827697;4
1614;126;6;7;27;32;39;40;0;0;0,815437;0,3271;10;4;0;-0,365911;0,705880;1,182555;0,108349;4
1615;279;7;12;15;22;27;39;0;0;0,265022;-0,2233;10;4;0;-1,244469;0,643347;0,923755;0,207411;4
1616;78;6;7;15;19;27;40;0;0;1,795843;1,3075;10;4;0;-0,763398;1,202429;0,294710;2,857944;4
1617;186;6;12;19;22;32;40;0;0;0,536825;0,0485;10;4;0;0,126923;1,406126;0,971429;-1,430829;4
1618;94;6;7;17;19;22;39;0;0;-0,740459;-1,2288;10;4;0;-2,175034;1,049502;0,910134;-1,265519;4
1619;404;12;15;19;22;39;40;0;0;-1,173856;-1,6622;10;4;0;-1,958955;-1,483394;1,849986;-0,755349;4
1620;255;7;12;15;17;19;32;0;0;-0,177971;-0,6663;10;4;0;-0,484166;-0,465530;1,280379;-0,686625;4
1621;52;6;7;12;22;39;40;0;0;2,808754;2,3204;10;4;0;0,962761;0,021732;2,708113;1,924902;4
1622;346;7;15;19;22;32;39;0;0;2,112532;1,6242;10;4;0;0,536174;1,274249;1,568897;0,845743;4
1623;93;6;7;17;19;22;32;0;0;-0,634277;-1,1226;10;4;0;-0,423491;-0,593073;0,344860;-0,596850;4
1624;278;7;12;15;22;27;32;0;0;0,815127;0,3268;10;4;0;0,879177;1,312636;0,240226;-0,801785;4
1625;55;6;7;12;27;39;40;0;0;0,883232;0,3949;10;4;0;-0,287280;1,071791;0,253847;0,728107;4
1626;361;7;17;19;22;32;39;0;0;2,966634;2,4783;10;4;0;0,581990;3,642455;0,907038;0,801785;4
1627;419;12;17;19;22;39;40;0;0;0,096926;-0,3914;10;4;0;-1,269853;0,302821;1,444451;-0,283566;4
1628;61;6;7;15;17;19;40;0;0;0,885399;0,3971;10;4;0;-0,859984;1,024117;0,629045;0,977620;4
1629;345;7;15;19;22;27;40;0;0;0,668082;0,1798;10;4;0;-0,192552;-0,782529;1,173887;1,137358;4
1630;104;6;7;17;22;27;40;0;0;1,196516;0,7082;10;4;0;0,328144;1,605488;0,361577;0,097824;4
1631;362;7;17;19;22;32;40;0;0;0,468100;-0,0202;10;4;0;-0,477356;2,742846;-0,381389;-0,947901;4
1632;428;12;17;27;32;39;40;0;0;1,417858;0,9295;10;4;0;-0,019812;2,011024;0,232796;0,611709;4
1633;129;6;12;15;17;19;32;0;0;-0,539239;-1,0276;10;4;0;-1,236420;0,391977;1,050059;-1,284094;4
1634;384;12;15;17;19;27;39;0;0;0,176485;-0,3118;10;4;0;-2,186179;0,979539;0,682910;0,876700;4
1635;4;6;7;12;15;17;32;0;0;0,268427;-0,2199;10;4;0;-0,461877;0,448318;0,122589;0,427825;4
1636;124;6;7;22;27;39;40;0;0;1,056901;0,5686;10;4;0;-0,411108;0,812372;2,145935;-0,433397;4
1637;308;7;12;19;22;27;32;0;0;1,065259;0,5769;10;4;0;-1,241373;1,640779;-0,303378;2,034490;4
1638;347;7;15;19;22;32;40;0;0;1,100241;0,6119;10;4;0;1,068014;1,525620;0,237749;-0,630902;4
1639;422;12;17;19;27;39;40;0;0;0,483578;-0,0047;10;4;0;0,396868;0,603722;0,079250;-0,112683;4
1640;216;6;15;17;32;39;40;0;0;0,031607;-0,4567;10;4;0;-0,958427;-0,211684;1,390585;-0,157261;4
1641;248;6;19;22;27;32;40;0;0;0,441477;-0,0469;10;4;0;0,319476;1,520047;1,097114;-2,053683;4
1642;322;7;12;27;32;39;40;0;0;0,322602;-0,1657;10;4;0;-1,026532;0,714548;2,746499;-1,789311;4
1643;231;6;15;27;32;39;40;0;0;-0,378263;-0,8666;10;4;0;-0,118255;1,684738;-0,154785;-2,168224;4
1644;218;6;15;19;22;27;39;0;0;0,808626;0,3203;10;4;0;0,811072;1,056312;0,157880;-0,408012;4
1645;458;17;19;22;27;39;40;0;0;1,199302;0,7110;10;4;0;-0,406774;0,666874;2,319913;-0,181408;4
1646;326;7;15;17;19;22;40;0;0;0,281430;-0,2069;10;4;0;0,165929;2,062413;-0,969571;-0,695912;4
1647;323;7;15;17;19;22;27;0;0;-0,445129;-0,9335;10;4;0;-0,988764;-1,693901;1,381918;0,410489;4
1648;416;12;17;19;22;27;40;0;0;-1,287777;-1,7761;10;4;0;0,264372;-1,295795;-0,274898;-1,269234;4
1649;425;12;17;22;27;32;40;0;0;0,803673;0,3153;10;4;0;0,337431;-1,019659;0,977620;1,311955;4
1650;313;7;12;19;22;39;40;0;0;0,837106;0,3488;10;4;0;0,389438;1,002447;0,287899;-0,005572;4
1651;365;7;17;19;27;32;40;0;0;1,065878;0,5776;10;4;0;-1,049440;0,967776;0,957808;1,255613;4
1652;181;6;12;17;32;39;40;0;0;1,236451;0,7481;10;4;0;0,386343;2,411607;1,167696;-1,492743;4
1653;135;6;12;15;17;22;40;0;0;0,771168;0,2828;10;4;0;0,795593;0,483609;1,247564;-0,984430;4
1654;6;6;7;12;15;17;40;0;0;0,836797;0,3485;10;4;0;0,395630;0,150513;0,807357;0,320095;4
1655;450;15;19;22;27;32;39;0;0;0,468100;-0,0202;10;4;0;0,495311;-0,697707;1,204225;-0,065629;4
1656;437;15;17;19;22;27;40;0;0;1,570476;1,0821;10;4;0;0,052627;-0,359658;1,871037;1,576946;4
1657;21;6;7;12;15;39;40;0;0;2,106650;1,6183;10;4;0;0,030957;0,599388;3,059164;0,523791;4
1658;250;6;19;22;32;39;40;0;0;0,267500;-0,2208;10;4;0;-0,026623;-0,456862;0,341765;0,676719;4
1659;173;6;12;17;22;27;39;0;0;0,863110;0,3748;10;4;0;0,288519;0,514566;0,087299;0,835837;4
1660;360;7;17;19;22;27;40;0;0;1,676658;1,1883;10;4;0;-0,316380;0,614247;1,872275;1,183174;4
1661;36;6;7;12;17;39;40;0;0;1,498037;1,0097;10;4;0;1,015387;1,279202;1,828936;-1,127452;4
1662;81;6;7;15;19;39;40;0;0;0,722256;0,2339;10;4;0;-0,773923;0,992541;-0,290376;1,516271;4
1663;106;6;7;17;22;32;40;0;0;-0,650375;-1,1387;10;4;0;2,132313;-1,659230;-0,864937;-0,908896;4
1664;123;6;7;22;27;32;40;0;0;-0,115438;-0,6038;10;4;0;-1,276045;0,408074;0,687244;-0,050150;4
1665;300;7;12;17;22;27;40;0;0;2,121200;1,6329;10;4;0;1,215369;3,109995;-0,091013;0,008049;4
1666;391;12;15;17;22;27;40;0;0;1,017895;0,5296;10;4;0;0,307093;1,713838;0,505217;-0,490358;4
1667;350;7;15;19;27;32;40;0;0;1,844755;1,3564;10;4;0;0,637713;1,291585;0,560940;1,199272;4
1668;139;6;12;15;17;32;39;0;0;0,962173;0,4738;10;4;0;1,282236;1,692787;0,986288;-2,036966;4
1669;461;17;22;27;32;39;40;0;0;0,998392;0,5101;10;4;0;0,234654;0,747981;-0,175216;1,189365;4
1670;372;7;17;27;32;39;40;0;0;-0,178281;-0,6666;10;4;0;-1,845652;0,092314;1,079159;0,317618;4
1671;189;6;12;19;27;32;40;0;0;0,079900;-0,4084;10;4;0;-1,115688;1,295919;0,066248;-0,086679;4
1672;157;6;12;15;22;39;40;0;0;-1,426155;-1,9145;10;4;0;-0,211126;0,561002;0,093490;-3,295675;4
1673;210;6;15;17;22;32;39;0;0;1,706687;1,2184;10;4;0;-0,490977;1,988735;0,435254;1,480361;4
1674;122;6;7;22;27;32;39;0;0;-1,080056;-1,5684;10;4;0;-1,552181;-0,500821;-1,216607;1,109496;4
1675;105;6;7;17;22;32;39;0;0;-0,669567;-1,1579;10;4;0;-0,557844;-0,386900;1,417828;-1,812219;4
1676;382;12;15;17;19;22;40;0;0;0,163174;-0,3252;10;4;0;-1,130547;-1,093956;1,480361;1,070491;4
1677;423;12;17;19;32;39;40;0;0;-0,385693;-0,8740;10;4;0;0,633379;1,006162;-0,437731;-1,973195;4
1678;5;6;7;12;15;17;39;0;0;0,300004;-0,1883;10;4;0;-0,623473;-0,025942;1,669817;-0,420395;4
1679;376;7;19;22;32;39;40;0;0;-0,289107;-0,7774;10;4;0;0,566512;-0,445099;0,227843;-0,927470;4
1680;337;7;15;17;22;32;40;0;0;-0,348854;-0,8372;10;4;0;-2,087116;0,894098;-0,018574;0,513885;4
1681;325;7;15;17;19;22;39;0;0;0,058849;-0,4295;10;4;0;0,124447;0,612390;-0,177693;-0,441446;4
1682;271;7;12;15;19;22;40;0;0;2,079717;1,5914;10;4;0;1,901375;1,024117;1,045106;0,188837;4
1683;281;7;12;15;22;32;39;0;0;1,155344;0,6670;10;4;0;1,308240;-0,240783;0,972667;0,270564;4
1684;298;7;12;17;22;27;32;0;0;-1,300779;-1,7891;10;4;0;-1,864227;0,897194;-1,363343;-0,271183;4
1685;174;6;12;17;22;27;40;0;0;1,125006;0,6367;10;4;0;-0,575799;1,412317;0,125066;1,288428;4
1686;112;6;7;19;22;27;32;0;0;0,987247;0,4989;10;4;0;0,627807;-0,065567;1,581280;-0,169025;4
1687;234;6;17;19;22;27;40;0;0;-0,671425;-1,1598;10;4;0;1,358390;0,904624;-0,685387;-2,920477;4
1688;267;7;12;15;17;39;40;0;0;0,544563;0,0562;10;4;0;-1,423400;0,430982;2,367586;-0,286042;4
1689;245;6;17;22;32;39;40;0;0;-1,000187;-1,4885;10;4;0;-0,437112;0,419219;-2,098261;0,115779;4
1690;38;6;7;12;19;22;32;0;0;1,560570;1,0722;10;4;0;1,724301;0,380213;1,118784;-0,102158;4
1691;373;7;19;22;27;32;39;0;0;-0,489707;-0,9780;10;4;0;0,781353;-0,960841;0,338050;-1,137977;4
1692;132;6;12;15;17;22;27;0;0;-0,970778;-1,4591;10;4;0;0,509551;0,396930;-0,955950;-1,892088;4
1693;294;7;12;17;19;27;40;0;0;0,236232;-0,2521;10;4;0;0,983192;-0,355324;0,553510;-0,708914;4
1694;25;6;7;12;17;19;39;0;0;0,952576;0,4642;10;4;0;-1,261186;1,015449;1,508841;0,642047;4
1695;388;12;15;17;19;39;40;0;0;1,264622;0,7763;10;4;0;-1,007339;0,839614;1,016626;1,680342;4
1696;340;7;15;17;27;32;40;0;0;1,906668;1,4183;10;4;0;0,713248;1,513237;2,187417;-0,600565;4
1697;312;7;12;19;22;32;40;0;0;-0,225336;-0,7137;10;4;0;0,782591;0,296629;-1,331148;-0,198744;4
1698;107;6;7;17;22;39;40;0;0;0,208681;-0,2796;10;4;0;-0,184503;0,791321;0,102158;-0,291614;4
1699;225;6;15;19;27;39;40;0;0;2,847140;2,3588;10;4;0;2,072257;1,995546;1,043868;0,582609;4
1700;433;12;19;27;32;39;40;0;0;1,389688;0,9014;10;4;0;0,667431;-0,458720;0,931804;1,638860;4
1701;374;7;19;22;27;32;40;0;0;0,336223;-0,1521;10;4;0;0,298425;0,959108;0,228462;-0,813548;4
1702;256;7;12;15;17;19;39;0;0;0,368728;-0,1196;10;4;0;0,542985;-0,935457;-0,120732;1,250660;4
1703;244;6;17;22;27;39;40;0;0;-0,306133;-0,7945;10;4;0;0,061914;0,797513;-0,980097;-0,491596;4
1704;209;6;15;17;22;27;40;0;0;-1,190882;-1,6792;10;4;0;-2,522371;0,299725;-0,700865;0,541746;4
1705;162;6;12;17;19;22;27;0;0;0,381111;-0,1072;10;4;0;1,986816;-0,398044;-0,218556;-0,607994;4
1706;319;7;12;22;27;32;40;0;0;0,319816;-0,1685;10;4;0;0,125066;0,612390;1,045106;-1,142930;4
1707;13;6;7;12;15;22;32;0;0;0,337771;-0,1506;10;4;0;0,876700;0,585767;0,033433;-0,820359;4
1708;305;7;12;17;27;32;40;0;0;-0,398694;-0,8870;10;4;0;0,006191;-0,470483;0,464973;-0,798070;4
1709;318;7;12;22;27;32;39;0;0;0,736806;0,2485;10;4;0;0,021670;0,678638;0,796831;-0,023527;4
1710;262;7;12;15;17;27;32;0;0;1,050400;0,5621;10;4;0;-0,319476;1,045787;0,713867;0,660621;4
1711;396;12;15;17;27;32;40;0;0;1,299294;0,8110;10;4;0;0,335573;0,930627;1,968242;-0,635855;4
1712;215;6;15;17;27;39;40;0;0;1,497727;1,0094;10;4;0;-0,673623;1,859335;0,928708;0,881034;4
1713;206;6;15;17;19;39;40;0;0;0,667462;0,1791;10;4;0;-0,030957;-0,601122;1,541036;0,425967;4
1714;191;6;12;19;32;39;40;0;0;0,114572;-0,3738;10;4;0;-2,333534;1,188808;0,620996;0,752873;4
1715;447;15;17;22;27;39;40;0;0;0,434667;-0,0537;10;4;0;-0,455067;0,742409;0,199982;0,382009;4
1716;116;6;7;19;22;32;40;0;0;0,577687;0,0894;10;4;0;1,632669;-1,164538;-0,310188;0,997432;4
1717;272;7;12;15;19;27;32;0;0;-0,228431;-0,7168;10;4;0;-0,334335;0,457605;-0,172740;-0,407393;4
1718;47;6;7;12;22;27;32;0;0;1,105194;0,6169;10;4;0;-0,404917;0,702165;1,570136;0,343003;4
1719;119;6;7;19;27;32;40;0;0;-0,241124;-0,7295;10;4;0;1,097733;-0,534874;0,838933;-1,884039;4
1720;383;12;15;17;19;27;32;0;0;0,519797;0,0315;10;4;0;-1,339816;-1,194257;2,562615;1,011053;4
1721;343;7;15;19;22;27;32;0;0;1,235832;0,7475;10;4;0;1,385013;0,770270;-0,630283;0,946663;4
1722;253;7;12;15;17;19;22;0;0;0,934002;0,4457;10;4;0;-0,023527;-0,822154;1,365201;1,348484;4
1723;121;6;7;19;32;39;40;0;0;-1,664833;-2,1532;10;4;0;-0,888464;-0,064329;-0,838933;-1,537940;4
1724;161;6;12;15;32;39;40;0;0;0,968364;0,4800;10;4;0;0,697769;0,239669;0,588182;0,411108;4
1725;259;7;12;15;17;22;32;0;0;-1,754918;-2,2432;10;4;0;-1,594901;-0,253166;-2,062351;0,400583;4
1726;101;6;7;17;19;39;40;0;0;-0,265889;-0,7542;10;4;0;0,265610;-0,204873;0,727488;-1,320004;4
1727;228;6;15;22;27;32;40;0;0;-1,027120;-1,5154;10;4;0;-1,460548;0,432840;-1,669198;0,642666;4
1728;263;7;12;15;17;27;39;0;0;2,950226;2,4619;10;4;0;0,963999;0,939295;1,983101;2,014058;4
1729;429;12;19;22;27;32;39;0;0;0,417330;-0,0710;10;4;0;-1,187508;-0,073616;2,689538;-0,593754;4
1730;283;7;12;15;22;39;40;0;0;0,652913;0,1646;10;4;0;-0,729345;0,473084;0,838933;0,723154;4
1731;381;12;15;17;19;22;39;0;0;-1,121539;-1,6099;10;4;0;0,806119;-1,767579;-0,143640;-1,137977;4
1732;301;7;12;17;22;32;39;0;0;1,541686;1,0534;10;4;0;0,066867;1,682881;0,966475;0,367149;4
1733;92;6;7;17;19;22;27;0;0;0,895306;0,4070;10;4;0;-1,445070;2,226485;-0,017336;1,026532;4
1734;168;6;12;17;19;27;40;0;0;0,251402;-0,2369;10;4;0;-0,404917;0,222333;0,302759;0,382628;4
1735;403;12;15;19;22;32;40;0;0;1,226854;0,7385;10;4;0;0,580752;1,797421;-2,268524;2,344059;4
1736;265;7;12;15;17;32;39;0;0;-2,186458;-2,6748;10;4;0;-1,425876;-0,511347;-1,003624;-1,432068;4
1737;133;6;12;15;17;22;32;0;0;2,220881;1,7326;10;4;0;0,959665;1,989974;0,456924;1,035200;4
1738;1;6;7;12;15;17;19;0;0;0,187629;-0,3007;10;4;0;-0,464354;0,841471;-0,417919;0,416061;4
1739;257;7;12;15;17;19;40;0;0;-0,489089;-0,9774;10;4;0;-0,294091;0,692259;0,505836;-1,882182;4
1740;344;7;15;19;22;27;39;0;0;1,140484;0,6522;10;4;0;0,120113;1,577008;-1,027770;1,611618;4
1741;128;6;12;15;17;19;27;0;0;0,263785;-0,2245;10;4;0;-0,271183;0,164134;0,051389;0,583229;4
1742;109;6;7;17;27;32;40;0;0;1,099622;0,6113;10;4;0;-1,111354;2,196766;0,529364;0,584467;4
1743;370;7;17;22;27;39;40;0;0;-0,108937;-0,5973;10;4;0;-1,629573;1,034023;-0,344860;0,722535;4
1744;42;6;7;12;19;27;39;0;0;-0,874812;-1,3631;10;4;0;-0,404917;-0,381328;0,454448;-1,417828;4
1745;196;6;12;27;32;39;40;0;0;-0,675759;-1,1641;10;4;0;0,614186;-0,177631;-1,144787;-0,643285;4
1746;8;6;7;12;15;19;27;0;0;-0,578554;-1,0669;10;4;0;-0,807357;0,343065;0,330001;-1,022817;4
1747;230;6;15;22;32;39;40;0;0;2,380929;1,8926;10;4;0;1,393681;0,656968;1,344769;1,366439;4
1748;127;6;12;15;17;19;22;0;0;0,443334;-0,0450;10;4;0;0,038387;-0,320652;1,004862;0,164072;4
1749;387;12;15;17;19;32;40;0;0;-0,532738;-1,0211;10;4;0;0,700865;-0,378232;0,651953;-2,040062;4
1750;46;6;7;12;19;39;40;0;0;-0,476086;-0,9644;10;4;0;-0,316999;-0,540446;-0,353528;0,258800;4
1751;171;6;12;17;19;39;40;0;0;0,911094;0,4228;10;4;0;-0,780734;0,986969;1,729254;-0,113302;4
1752;188;6;12;19;27;32;39;0;0;0,688823;0,2005;10;4;0;-0,286661;2,106372;0,346718;-0,788783;4
1753;327;7;15;17;19;27;32;0;0;0,617002;0,1287;10;4;0;-0,062533;0,292295;1,819649;-0,815406;4
1754;198;6;15;17;19;22;32;0;0;0,630624;0,1423;10;4;0;-0,110826;0,471226;1,087208;-0,186361;4
1755;70;6;7;15;17;32;40;0;0;0,357584;-0,1307;10;4;0;-0,439588;0,133796;0,198744;0,822216;4
1756;87;6;7;15;22;39;40;0;0;1,200850;0,7125;10;4;0;0,598088;1,322542;0,832122;-0,351052;4
1757;89;6;7;15;27;32;40;0;0;1,351610;0,8633;10;4;0;-0,442684;1,550385;2,331057;-0,735537;4
1758;295;7;12;17;19;32;39;0;0;0,109928;-0,3784;10;4;0;-1,129928;-0,024084;0,685387;0,688482;4
1759;446;15;17;22;27;32;40;0;0;0,060088;-0,4282;10;4;0;-1,232086;1,374550;0,300901;-0,323190;4
1760;286;7;12;15;27;39;40;0;0;1,127482;0,6392;10;4;0;1,975052;1,604250;0,433397;-1,757735;4
1761;136;6;12;15;17;27;32;0;0;-0,976041;-1,4644;10;4;0;0,910753;-0,054422;-2,618337;-0,190076;4
1762;28;6;7;12;17;22;32;0;0;1,097454;0,6091;10;4;0;0,949140;1,282917;0,133734;-0,170882;4
1763;320;7;12;22;27;39;40;0;0;3,043407;2,5551;10;4;0;1,167696;1,344831;2,102595;1,471693;4
1764;219;6;15;19;22;27;40;0;0;1,341704;0,8534;10;4;0;0,011144;1,668021;0,522553;0,481690;4
1765;414;12;17;19;22;27;32;0;0;-0,537072;-1,0254;10;4;0;-0,459401;0,297868;0,210507;-1,123118;4
1766;394;12;15;17;22;39;40;0;0;-0,976970;-1,4653;10;4;0;-0,179550;0,349875;-0,374579;-1,749686;4
1767;7;6;7;12;15;19;22;0;0;1,525589;1,0373;10;4;0;0,108968;0,531283;1,566421;0,844505;4
1768;432;12;19;22;32;39;40;0;0;-1,191502;-1,6798;10;4;0;-2,634435;0,443984;-0,991860;0,799308;4
1769;399;12;15;19;22;27;32;0;0;0,983842;0,4955;10;4;0;1,347246;-0,437669;-0,246417;1,304525;4
1770;380;12;15;17;19;22;32;0;0;1,090643;0,6023;10;4;0;-1,388728;0,849520;1,532987;1,187508;4
1771;185;6;12;19;22;32;39;0;0;0,051420;-0,4369;10;4;0;-1,113211;0,029781;1,235182;-0,048912;4
1772;175;6;12;17;22;32;39;0;0;0,343033;-0,1453;10;4;0;0,571465;-0,064329;0,162833;0,016098;4
1773;427;12;17;22;32;39;40;0;0;-0,037736;-0,5261;10;4;0;0,229081;0,830327;0,020432;-1,155313;4
1774;258;7;12;15;17;22;27;0;0;-0,488160;-0,9765;10;4;0;-0,965237;-0,464292;1,173268;-0,720058;4
1775;415;12;17;19;22;27;39;0;0;0,162246;-0,3261;10;4;0;-0,955331;0,561621;0,734918;-0,016717;4
1776;207;6;15;17;22;27;32;0;0;1,235832;0,7475;10;4;0;-1,856797;2,528624;0,422872;1,376964;4
1777;111;6;7;17;32;39;40;0;0;-0,835497;-1,3238;10;4;0;-0,617900;1,271773;-0,807976;-1,516890;4
1778;12;6;7;12;15;22;27;0;0;1,140484;0,6522;10;4;0;0,105873;0,474941;1,212893;0,487262;4
1779;137;6;12;15;17;27;39;0;0;2,154633;1,6663;10;4;0;0,609852;0,091075;2,537230;1,071110;4
1780;100;6;7;17;19;32;40;0;0;1,388140;0,8998;10;4;0;0,471165;1,628397;1,248803;-0,572084;4
1781;410;12;15;22;27;32;40;0;0;0,711421;0,2231;10;4;0;1,129928;0,957250;0,884130;-1,548466;4
1782;152;6;12;15;22;27;32;0;0;-0,516021;-1,0043;10;4;0;-1,224037;0,948582;-0,670527;-0,086060;4
1783;449;15;17;27;32;39;40;0;0;0,332818;-0,1555;10;4;0;-0,498407;1,333067;0,213603;-0,382628;4
1784;418;12;17;19;22;32;40;0;0;-0,163112;-0,6514;10;4;0;-1,504507;0,057023;1,591186;-0,469926;4
1785;334;7;15;17;22;27;39;0;0;0,459741;-0,0286;10;4;0;1,502650;-0,163391;-0,487881;0,068105;4
1786;226;6;15;19;32;39;40;0;0;0,038417;-0,4499;10;4;0;-1,313193;0,573384;-0,634617;1,451261;4
1787;17;6;7;12;15;27;39;0;0;0,482959;-0,0054;10;4;0;-1,052536;1,192523;1,217227;-0,391296;4
1788;140;6;12;15;17;32;40;0;0;0,626600;0,1383;10;4;0;1,571993;-0,112621;0,757826;-0,963999;4
1789;68;6;7;15;17;27;40;0;0;-0,050429;-0,5388;10;4;0;-0,378294;-0,833299;1,651243;-0,540508;4
1790;18;6;7;12;15;27;40;0;0;-1,418725;-1,9071;10;4;0;-0,999290;0,556668;-1,348484;-1,046344;4
1791;222;6;15;19;22;39;40;0;0;1,311676;0,8233;10;4;0;-0,091013;1,452561;0,643285;0,618520;4
1792;179;6;12;17;27;32;40;0;0;1,385973;0,8976;10;4;0;0,206792;1,731174;0,769589;0,064390;4
1793;252;6;22;27;32;39;40;0;0;0,691299;0,2030;10;4;0;0,640809;1,135562;-0,991241;0,597469;4
1794;213;6;15;17;27;32;39;0;0;0,297217;-0,0107;11;4;0;-1,231467;2,944066;-1,896360;0,778195;4
1795;442;15;17;19;27;32;40;0;0;0,418878;0,1110;11;4;0;0,147355;0,711452;-1,039472;1,018421;4
1796;332;7;15;17;19;39;40;0;0;-0,572363;-0,8803;11;4;0;1,048821;0,378356;-0,704518;-1,867384;4
1797;147;6;12;15;19;27;39;0;0;0,124478;-0,1834;11;4;0;-1,840699;2,243201;-0,180107;0,026561;4
1798;454;15;19;27;32;39;40;0;0;0,603691;0,2958;11;4;0;0,767113;0,991303;0,692878;-1,243912;4
1799;83;6;7;15;22;27;39;0;0;0,437762;0,1299;11;4;0;-0,450114;0,070644;0,190757;1,064237;4
1800;227;6;15;22;27;32;39;0;0;-0,726529;-1,0344;11;4;0;-1,399253;0,600626;-0,564593;-0,089837;4
1801;398;12;15;17;32;39;40;0;0;0,502152;0,1943;11;4;0;-1,041391;0,577099;1,676070;-0,207473;4
1802;462;19;22;27;32;39;40;0;0;-0,112343;-0,4202;11;4;0;0,266230;-0,664893;0,660064;-0,486086;4
1803;134;6;12;15;17;22;39;0;0;0,260379;-0,0475;11;4;0;0,042721;0,691640;-0,035848;-0,177755;4
1804;448;15;17;22;32;39;40;0;0;0,103117;-0,2048;11;4;0;-0,245179;0,224809;-0,086618;0,313222;4
1805;66;6;7;15;17;27;32;0;0;0,751975;0,4441;11;4;0;-0,047055;0,565336;1,129990;-0,144321;4
1806;355;7;15;22;27;39;40;0;0;0,479864;0,1720;11;4;0;-0,891560;1,456895;0,730646;-0,336254;4
1807;456;17;19;22;27;32;39;0;0;-0,024734;-0,3326;11;4;0;-0,995575;0,213665;0,175278;0,557163;4
1808;178;6;12;17;27;32;39;0;0;-0,199332;-0,5072;11;4;0;-0,315761;-0,749715;1,162185;-0,495373;4
1809;268;7;12;15;19;22;27;0;0;1,150390;0,8425;11;4;0;-0,045197;1,863669;-0,352847;0,835156;4
1810;441;15;17;19;27;32;39;0;0;0,174009;-0,1339;11;4;0;0,104634;0,426029;0,718263;-0,900909;4
1811;64;6;7;15;17;22;39;0;0;-1,777207;-2,0851;11;4;0;-1,106401;-0,619077;-0,980035;-0,848901;4
1812;311;7;12;19;22;32;39;0;0;-0,388169;-0,6961;11;4;0;-0,240226;-0,058756;-1,424576;0,947220;4
1813;251;6;19;27;32;39;40;0;0;2,158657;1,8508;11;4;0;2,007867;2,431419;-1,163919;1,041948;4
1814;172;6;12;17;22;27;32;0;0;0,234065;-0,0738;11;4;0;-1,967004;1,972638;1,536764;-1,074268;4
1815;118;6;7;19;27;32;39;0;0;0,304028;-0,0039;11;4;0;0,718201;1,260628;-0,375136;-0,995637;4
1816;273;7;12;15;19;27;39;0;0;-0,177662;-0,4856;11;4;0;0,677957;0,312108;-0,128100;-1,217289;4
1817;378;7;22;27;32;39;40;0;0;0,086710;-0,2212;11;4;0;-0,598707;0,656349;0,484847;-0,369069;4
1818;27;6;7;12;17;22;27;0;0;0,495342;0,1874;11;4;0;-0,572084;0,136272;-0,135529;1,562025;4
1819;401;12;15;19;22;27;40;0;0;0,039037;-0,2689;11;4;0;-1,924902;0,005634;1,718172;0,279170;4
1820;73;6;7;15;19;22;32;0;0;-1,148162;-1,4561;11;4;0;0,244560;1,386313;-1,176921;-2,750276;4
1821;400;12;15;19;22;27;39;0;0;1,602362;1,2945;11;4;0;0,113302;1,855621;1,640160;-0,404359;4
1822;291;7;12;17;19;22;40;0;0;-1,636043;-1,9439;11;4;0;-0,877320;-0,712567;0,931866;-2,614065;4
1823;264;7;12;15;17;27;40;0;0;0,805220;0,4973;11;4;0;0,785068;0,390738;0,764698;-0,330063;4
1824;375;7;19;22;27;39;40;0;0;-0,246387;-0,5543;11;4;0;-1,001147;0,252051;1,612918;-1,356595;4
1825;406;12;15;19;27;32;40;0;0;1,113552;0,8057;11;4;0;0,594373;2,396748;0,251432;-1,015449;4
1826;277;7;12;15;19;39;40;0;0;1,059687;0,7518;11;4;0;-0,167787;1,159709;-0,369564;1,497015;4
1827;115;6;7;19;22;32;39;0;0;0,852895;0,5450;11;4;0;-0,780734;2,189336;1,491567;-1,194380;4
1828;321;7;12;22;32;39;40;0;0;2,564194;2,2563;11;4;0;0,572703;2,221531;1,896484;0,437669;4
1829;316;7;12;19;27;39;40;0;0;-0,188497;-0,4964;11;4;0;-0,791259;-0,826488;1,443893;-0,203139;4
1830;309;7;12;19;22;27;39;0;0;2,119342;1,8114;11;4;0;1,682200;1,435225;0,550476;0,570784;4
1831;411;12;15;22;27;39;40;0;0;1,651893;1,3440;11;4;0;1,469216;0,918864;1,237720;-0,322014;4
1832;164;6;12;17;19;22;39;0;0;1,342633;1,0347;11;4;0;0,709533;0,087360;0,718882;1,169491;4
1833;41;6;7;12;19;27;32;0;0;0,896853;0,5890;11;4;0;-0,689101;1,445132;0,260100;0,777576;4
1834;201;6;15;17;19;27;32;0;0;-1,315330;-1,6232;11;4;0;-1,176363;-0,185061;-0,913168;-0,356067;4
1835;276;7;12;15;19;32;40;0;0;0,046776;-0,2611;11;4;0;-2,176892;0,760364;0,773366;0,736713;4
1836;217;6;15;19;22;27;32;0;0;-0,449154;-0,7570;11;4;0;0,447018;-0,657463;0,551095;-1,238958;4
1837;390;12;15;17;22;27;39;0;0;-0,875431;-1,1833;11;4;0;-0,535555;-0,269263;0,044640;-0,990684;4
1838;150;6;12;15;19;32;40;0;0;-1,349691;-1,6576;11;4;0;-2,174415;0,391977;-0,366468;-0,550476;4
1839;242;6;17;22;27;32;39;0;0;0,679536;0,3716;11;4;0;0,151689;-0,452528;0,224809;1,435102;4
1840;166;6;12;17;19;27;32;0;0;-0,366190;-0,6741;11;4;0;-0,117636;0,326967;-0,009844;-0,931866;4
1841;220;6;15;19;22;32;39;0;0;1,398665;1,0908;11;4;0;0,794355;-0,339845;0,513328;1,829493;4
1842;240;6;17;19;27;39;40;0;0;-0,685355;-0,9933;11;4;0;-1,133643;-1,181874;1,255056;-0,310250;4
1843;203;6;15;17;19;27;40;0;0;-0,441106;-0,7490;11;4;0;-0,920659;0,537474;-0,469245;-0,029781;4
1844;349;7;15;19;27;32;39;0;0;0,243043;-0,0649;11;4;0;0,877939;0,451414;0,058261;-0,901528;4
1845;16;6;7;12;15;27;32;0;0;1,294649;0,9868;11;4;0;-0,777638;2,511288;0,934342;-0,078693;4
1846;274;7;12;15;19;27;40;0;0;2,104793;1,7969;11;4;0;0,725631;1,008020;1,538622;0,937314;4
1847;22;6;7;12;17;19;22;0;0;2,105412;1,7975;11;4;0;0,154785;0,647062;2,112563;1,296414;4
1848;40;6;7;12;19;22;40;0;0;-0,889362;-1,1973;11;4;0;-1,320623;-0,457482;-0,961460;0,960841;4
1849;318;5;7;20;22;28;35;0;0;-0,120547;-0,0469;12;4;0;-0,844505;0,193171;1,060399;-0,650158;5
1850;66;4;5;11;13;22;28;0;0;0,665140;0,7388;12;4;0;0,060676;2,497605;-1,327000;0,099000;5
1851;435;11;13;19;20;22;28;0;0;0,128657;0,2023;12;4;0;-0,430921;0,020432;0,054918;0,612885;5
1852;410;7;11;20;22;28;36;0;0;-1,078973;-1,0054;12;4;0;-0,996194;-0,676099;-1,118350;0,632698;5
1853;378;5;20;22;28;35;36;0;0;-0,697274;-0,6237;12;4;0;0,565893;0,430301;-1,969047;-0,421695;5
1854;309;5;7;19;20;22;35;0;0;-1,072782;-0,9992;12;4;0;-0,463735;-0,400583;-1,442779;0,161533;5
1855;367;5;13;19;28;35;36;0;0;-0,362939;-0,2893;12;4;0;-1,269234;-0,446399;0,495125;0,494630;5
1856;339;5;11;13;22;28;35;0;0;-0,783953;-0,7103;12;4;0;-1,485933;0,637713;0,192366;-0,912053;5
1857;317;5;7;19;28;35;36;0;0;-0,883945;-0,8103;12;4;0;-0,889702;-0,364673;-0,049098;-0,464416;5
1858;382;7;11;13;19;20;36;0;0;0,190571;0,2642;12;4;0;-0,210507;-1,227752;1,404021;0,415380;5
1859;152;4;7;11;20;22;28;0;0;-0,403492;-0,3299;12;4;0;0,085441;0,490358;-0,595797;-0,786987;5
1860;73;4;5;11;19;20;28;0;0;2,264685;2,3383;12;4;0;1,856178;1,727397;1,303720;-0,357924;5
1861;255;5;7;11;13;19;28;0;0;-1,055136;-0,9815;12;4;0;0,376436;-0,102158;-2,205558;-0,178993;5
1862;445;11;13;20;22;28;35;0;0;2,192246;2,2659;12;4;0;1,276045;1,310717;0,313098;1,484633;5
1863;11;4;5;7;11;19;36;0;0;0,282822;0,3564;12;4;0;-0,434016;0,624092;0,114974;0,260595;5
1864;30;4;5;7;13;20;36;0;0;0,368573;0,4422;12;4;0;-0,613566;1,203606;-0,112869;0,259976;5
1865;450;11;19;20;22;28;35;0;0;-1,185155;-1,1115;12;4;0;-0,416061;-0,367768;0,761355;-2,347836;5
1866;456;13;19;20;22;28;35;0;0;0,988640;1,0623;12;4;0;-0,487262;-0,531840;0,888278;2,108105;5
1867;208;4;11;13;20;22;35;0;0;-0,098257;-0,0246;12;4;0;1,297715;-0,950378;-1,618614;1,074763;5
1868;443;11;13;19;22;35;36;0;0;-0,506888;-0,4333;12;4;0;-0,815406;1,212893;-1,449589;0,038325;5
1869;270;5;7;11;19;20;35;0;0;0,710338;0,7840;12;4;0;1,246326;0,510170;0,241897;-0,577718;5
1870;366;5;13;19;22;35;36;0;0;-2,243883;-2,1703;12;4;0;-1,700155;-1,078540;-0,411294;-1,297777;5
1871;164;4;7;13;19;20;35;0;0;-0,520200;-0,4466;12;4;0;-1,456833;-0,414204;0,123023;0,707614;5
1872;61;4;5;11;13;19;36;0;0;-0,587686;-0,5141;12;4;0;0,230320;0,856888;-2,487885;0,225305;5
1873;221;4;11;19;20;28;36;0;0;1,383960;1,4576;12;4;0;0,220413;1,885896;0,463549;0,198062;5
1874;199;4;11;13;19;20;35;0;0;-0,151194;-0,0776;12;4;0;-0,359100;-0,704580;0,944620;-0,183327;5
1875;408;7;11;19;28;35;36;0;0;1,499740;1,5734;12;4;0;0,877939;0,889702;-0,547504;1,779343;5
1876;8;4;5;7;11;19;22;0;0;0,066434;0,1400;12;4;0;-0,244560;0,754111;-1,150545;0,773861;5
1877;49;4;5;7;20;22;36;0;0;-1,780148;-1,7065;12;4;0;-2,192989;-0,035910;0,120546;-1,451942;5
1878;17;4;5;7;11;22;35;0;0;0,024023;0,0976;12;4;0;-1,053155;2,082782;-0,145064;-0,836518;5
1879;312;5;7;19;20;28;36;0;0;1,958831;2,0324;12;4;0;1,686534;-0,010525;1,638055;0,603598;5
1880;355;5;11;20;22;35;36;0;0;0,312541;0,3862;12;4;0;0,710152;0,372721;-1,560415;1,102624;5
1881;370;5;13;20;22;35;36;0;0;-1,112716;-1,0391;12;4;0;-0,581990;-0,916325;-1,002571;0,275455;5
1882;155;4;7;11;20;28;35;0;0;-1,112406;-1,0388;12;4;0;-0,014859;-0,999290;-0,463301;-0,747362;5
1883;347;5;11;19;20;28;36;0;0;-0,287404;-0,2138;12;4;0;0,863079;-0,027242;-0,000186;-1,410460;5
1884;287;5;7;11;28;35;36;0;0;-1,032538;-0,9589;12;4;0;-0,378294;-0,962761;0,169458;-0,893479;5
1885;387;7;11;13;19;28;36;0;0;-0,869394;-0,7958;12;4;0;0,347337;-0,354147;-0,221837;-1,510141;5
1886;306;5;7;13;22;35;36;0;0;-0,133549;-0,0599;12;4;0;-0,929946;0,063771;0,791073;-0,191995;5
1887;21;4;5;7;11;35;36;0;0;0,858312;0,9319;12;4;0;1,948429;0,243941;-0,568555;0,092809;5
1888;165;4;7;13;19;20;36;0;0;0,867290;0,9409;12;4;0;0,268087;0,961522;-0,409436;0,914406;5
1889;137;4;7;11;13;22;35;0;0;-1,300934;-1,2273;12;4;0;-0,365911;-0,206792;0,210941;-2,240106;5
1890;284;5;7;11;22;28;35;0;0;-1,937409;-1,8638;12;4;0;-0,794355;-0,593754;-1,312141;-1,174568;5
1891;379;7;11;13;19;20;22;0;0;1,941804;2,0154;12;4;0;2,756405;0,242083;1,642389;-0,757269;5
1892;95;4;5;13;19;20;36;0;0;-0,184008;-0,1104;12;4;0;0,933042;0,123828;-1,814881;0,389995;5
1893;242;4;13;20;22;28;35;0;0;-1,803675;-1,7301;12;4;0;-2,086497;-0,177693;-0,630469;-0,712691;5
1894;243;4;13;20;22;28;36;0;0;-0,931309;-0,8577;12;4;0;-1,170172;0,172121;-1,914563;1,049997;5
1895;226;4;11;19;28;35;36;0;0;1,024241;1,0979;12;4;0;1,451261;0,936757;0,480266;-0,819802;5
1896;299;5;7;13;20;22;35;0;0;-1,492868;-1,4193;12;4;0;-0,550414;-0,319476;-2,487885;0,372040;5
1897;129;4;7;11;13;19;28;0;0;1,307187;1,3808;12;4;0;-0,216699;1,090922;2,138319;-0,398168;5
1898;320;5;7;20;22;35;36;0;0;0,456492;0,5301;12;4;0;-0,848220;-0,126304;0,246851;1,640656;5
1899;77;4;5;11;19;22;35;0;0;0,041359;0,1150;12;4;0;0,044578;0,767113;0,737828;-1,466801;5
1900;313;5;7;19;20;35;36;0;0;-1,472436;-1,3988;12;4;0;-0,612328;-1,319385;0,153980;-1,167138;5
1901;448;11;13;20;28;35;36;0;0;0,439774;0,5134;12;4;0;0,822835;1,432068;0,891993;-2,267348;5
1902;47;4;5;7;20;22;28;0;0;0,062410;0,1360;12;4;0;-0,118255;0,832742;-0,525215;-0,064452;5
1903;237;4;13;19;20;35;36;0;0;1,114635;1,1882;12;4;0;-0,585086;1,076682;1,143983;0,593692;5
1904;126;4;5;22;28;35;36;0;0;-1,480794;-1,4072;12;4;0;-0,760302;0,181408;-1,313379;-1,069314;5
1905;236;4;13;19;20;28;36;0;0;-0,915830;-0,8422;12;4;0;0,079250;-0,612328;-0,500450;-0,798132;5
1906;304;5;7;13;22;28;35;0;0;2,385418;2,4590;12;4;0;0,668051;-0,773304;1,872709;3,003380;5
1907;62;4;5;11;13;20;22;0;0;-1,552614;-1,4790;12;4;0;-0,071201;0,255085;-2,869893;-0,419219;5
1908;12;4;5;7;11;20;22;0;0;-0,281522;-0,2079;12;4;0;0,270564;0,113922;-1,492929;0,545399;5
1909;64;4;5;11;13;20;35;0;0;-0,848963;-0,7754;12;4;0;0,246417;-0,645762;-1,165405;-0,133177;5
1910;429;7;19;20;22;28;35;0;0;0,333592;0,4072;12;4;0;-0,397487;0,807976;-0,554934;0,811629;5
1911;290;5;7;13;19;20;35;0;0;0,368264;0,4419;12;4;0;0,371483;-1,651243;1,778600;0,237687;5
1912;388;7;11;13;19;35;36;0;0;1,296352;1,3700;12;4;0;0,637094;1,185031;0,491410;0,279170;5
1913;26;4;5;7;13;19;36;0;0;0,700742;0,7744;12;4;0;-0,136830;-0,948520;1,095071;1,391762;5
1914;7;4;5;7;11;19;20;0;0;0,072934;0,1465;12;4;0;-0,528744;0,053246;-0,316566;0,937933;5
1915;333;5;11;13;20;22;28;0;0;1,627282;1,7009;12;4;0;-0,031576;0,455067;2,417551;0,413523;5
1916;354;5;11;20;22;28;36;0;0;2,159742;2,2334;12;4;0;1,607284;0,886607;0,594807;1,230786;5
1917;264;5;7;11;13;22;36;0;0;1,420180;1,4938;12;4;0;0,065010;1,697678;0,692630;0,385042;5
1918;351;5;11;19;22;35;36;0;0;-1,073710;-1,0001;12;4;0;-0,793736;0,216079;-2,203700;0,633936;5
1919;31;4;5;7;13;22;28;0;0;0,437916;0,5115;12;4;0;0,462497;-0,633379;0,487076;0,559639;5
1920;157;4;7;11;20;35;36;0;0;1,763183;1,8368;12;4;0;0,845743;1,485933;0,244993;0,949697;5
1921;42;4;5;7;19;22;35;0;0;0,841905;0,9155;12;4;0;0,335573;-0,194410;0,320528;1,222118;5
1922;357;5;11;22;28;35;36;0;0;1,466925;1,5405;12;4;0;-0,510789;0,931804;1,735879;0,776957;5
1923;263;5;7;11;13;22;35;0;0;-1,022322;-0,9487;12;4;0;-0,925612;-0,391296;-1,738108;1,010372;5
1924;283;5;7;11;20;35;36;0;0;1,140949;1,2146;12;4;0;-1,526177;1,016626;2,523423;0,268025;5
1925;172;4;7;13;20;22;28;0;0;0,172926;0,2465;12;4;0;-0,403678;0,342384;-0,577223;0,984369;5
1926;327;5;11;13;19;22;28;0;0;-0,386157;-0,3125;12;4;0;-1,962670;-0,403059;0,823888;0,769527;5
1927;167;4;7;13;19;22;35;0;0;1,796307;1,8699;12;4;0;2,052445;0,720677;1,655391;-0,835899;5
1928;292;5;7;13;19;22;28;0;0;-1,218898;-1,1453;12;4;0;-0,543604;0,011764;-0,679381;-1,226576;5
1929;329;5;11;13;19;22;36;0;0;0,258985;0,3326;12;4;0;-1,875990;2,876518;-0,621801;0,139244;5
1930;250;4;19;20;28;35;36;0;0;-0,191747;-0,1181;12;4;0;0,094109;1,573851;-1,750491;-0,300963;5
1931;296;5;7;13;19;28;36;0;0;0,746557;0,8202;12;4;0;0,181408;0,884749;0,634431;-0,207473;5
1932;416;7;13;19;20;22;36;0;0;-1,504940;-1,4313;12;4;0;0,583229;-1,718729;-1,845219;-0,029161;5
1933;430;7;19;20;22;28;36;0;0;1,354551;1,4282;12;4;0;0,032195;0,822216;0,777452;1,077239;5
1934;294;5;7;13;19;22;36;0;0;0,902580;0,9762;12;4;0;0,352290;0,485405;1,144602;-0,177136;5
1935;259;5;7;11;13;20;28;0;0;1,873390;1,9470;12;4;0;-0,111445;2,630101;0,644338;0,583786;5
1936;89;4;5;11;22;28;36;0;0;-2,216331;-2,1427;12;4;0;-0,980716;-0,646381;-1,819834;-0,985731;5
1937;247;4;19;20;22;28;35;0;0;0,707862;0,7815;12;4;0;0,669908;0,391296;-0,890507;1,245026;5
1938;181;4;7;13;28;35;36;0;0;-0,362320;-0,2887;12;4;0;-0,257562;0,099681;-0,444108;-0,122651;5
1939;326;5;11;13;19;20;36;0;0;-0,751758;-0,6781;12;4;0;0,090394;-0,771447;-0,744390;-0,078073;5
1940;119;4;5;19;22;28;36;0;0;-0,870014;-0,7964;12;4;0;1,123737;-1,677247;-0,645947;-0,540570;5
1941;437;11;13;19;20;22;36;0;0;1,287685;1,3613;12;4;0;0,143021;1,440736;-0,960470;1,952082;5
1942;225;4;11;19;22;35;36;0;0;0,231434;0,3050;12;4;0;-0,277993;-0,078631;1,838656;-1,019164;5
1943;411;7;11;20;22;35;36;0;0;-0,983316;-0,9097;12;4;0;-0,380770;0,252609;-1,318332;-0,520138;5
1944;432;7;19;20;28;35;36;0;0;1,054889;1,1285;12;4;0;-1,352199;0,482309;1,599669;1,379998;5
1945;150;4;7;11;19;28;36;0;0;-0,568493;-0,4949;12;4;0;-0,669908;-0,670527;0,017150;0,186299;5
1946;29;4;5;7;13;20;35;0;0;0,828593;0,9022;12;4;0;2,028917;-0,369626;-0,921464;0,919359;5
1947;334;5;11;13;20;22;35;0;0;0,414699;0,4883;12;4;0;1,322480;-0,744824;0,113736;0,138006;5
1948;69;4;5;11;13;28;35;0;0;0,173235;0,2468;12;4;0;2,496367;-0,793736;-0,268892;-1,087269;5
1949;428;7;13;22;28;35;36;0;0;-1,859707;-1,7861;12;4;0;0,267468;-1,352199;-1,525743;-1,108939;5
1950;28;4;5;7;13;20;28;0;0;0,964184;1,0378;12;4;0;-0,521315;0,876700;0,420209;1,152774;5
1951;344;5;11;19;20;22;35;0;0;-1,808628;-1,7350;12;4;0;-1,603569;-1,643194;0,438784;-0,809276;5
1952;114;4;5;19;20;22;36;0;0;-0,346841;-0,2732;12;4;0;-0,332477;0,474260;1,961246;-2,796711;5
1953;209;4;11;13;20;22;36;0;0;1,559487;1,6331;12;4;0;0,297187;1,302049;1,387923;0,131815;5
1954;36;4;5;7;13;35;36;0;0;0,500759;0,5744;12;4;0;0,245798;0,335573;1,048016;-0,627869;5
1955;193;4;7;20;22;28;36;0;0;-1,443955;-1,3703;12;4;0;-2,597287;0,295329;-0,775966;0,190014;5
1956;383;7;11;13;19;22;28;0;0;0,911557;0,9852;12;4;0;1,489648;-0,016098;0,393586;-0,044021;5
1957;371;5;13;20;28;35;36;0;0;-1,253570;-1,1800;12;4;0;-0,441446;-1,882801;-0,762345;0,579452;5
1958;276;5;7;11;19;28;36;0;0;-0,805314;-0,7317;12;4;0;-0,174597;-1,003624;-0,029904;-0,402502;5
1959;19;4;5;7;11;28;35;0;0;-0,688606;-0,6150;12;4;0;0,102777;0,068105;-0,357429;-1,190666;5
1960;40;4;5;7;19;20;36;0;0;-1,565616;-1,4920;12;4;0;-1,804170;-0,653810;0,140978;-0,814229;5
1961;300;5;7;13;20;22;36;0;0;-1,509894;-1,4363;12;4;0;-1,227133;-0,663717;0,442498;-1,571436;5
1962;403;7;11;19;20;28;36;0;0;0,119680;0,1933;12;4;0;-0,064390;-0,589420;-0,480018;1,373188;5
1963;189;4;7;19;22;28;36;0;0;-1,042134;-0,9685;12;4;0;-0,342384;-0,286661;-1,036005;-0,419219;5
1964;393;7;11;13;20;28;36;0;0;-1,337154;-1,2635;12;4;0;-0,598707;-1,072348;-0,083150;-0,920102;5
1965;409;7;11;20;22;28;35;0;0;-0,196701;-0,1231;12;4;0;-1,372630;0,425967;0,566326;-0,013064;5
1966;269;5;7;11;19;20;28;0;0;-0,777143;-0,7035;12;4;0;-1,640718;1,309478;0,336626;-1,559672;5
1967;348;5;11;19;20;35;36;0;0;-0,896637;-0,8230;12;4;0;-0,339907;-0,007430;-0,790207;-0,655730;5
1968;82;4;5;11;20;22;28;0;0;0,186856;0,2605;12;4;0;-1,407921;0,763398;0,596664;0,421572;5
1969;461;13;20;22;28;35;36;0;0;0,220290;0,2939;12;4;0;0,475498;0,939853;-0,515928;-0,458844;5
1970;323;5;11;13;19;20;22;0;0;-1,080211;-1,0066;12;4;0;-0,476118;0,151689;-0,662045;-1,173949;5
1971;133;4;7;11;13;20;28;0;0;-0,514628;-0,4410;12;4;0;-0,255704;-0,076773;0,576232;-1,273011;5
1972;232;4;13;19;20;22;28;0;0;1,721082;1,7947;12;4;0;-0,615424;2,157079;0,833175;1,067333;5
1973;364;5;13;19;22;28;35;0;0;0,059623;0,1332;12;4;0;0,097205;0,508313;-0,638518;0,152246;5
1974;67;4;5;11;13;22;35;0;0;0,103582;0,1772;12;4;0;-0,845124;0,978239;-0,065814;0,139863;5
1975;78;4;5;11;19;22;36;0;0;0,837880;0,9115;12;4;0;0,108349;1,942857;0,312479;-0,687925;5
1976;113;4;5;19;20;22;35;0;0;0,913725;0,9873;12;4;0;-0,811691;1,490267;0,720492;0,428382;5
1977;288;5;7;13;19;20;22;0;0;-0,715538;-0,6419;12;4;0;0,138687;-0,102158;-0,327091;-1,140515;5
1978;417;7;13;19;20;28;35;0;0;-1,100333;-1,0267;12;4;0;-1,803551;0,137449;0,661673;-1,196238;5
1979;349;5;11;19;22;28;35;0;0;-0,065752;0,0079;12;4;0;0,807357;-0,220413;0,082160;-0,800608;5
1980;285;5;7;11;22;28;36;0;0;-1,649200;-1,5756;12;4;0;-1,098352;0,793117;-0,022475;-2,970689;5
1981;54;4;5;7;22;28;36;0;0;0,016283;0,0899;12;4;0;0,411727;-0,368388;-0,932609;0,921836;5
1982;145;4;7;11;19;20;36;0;0;-1,703993;-1,6304;12;4;0;-0,396868;1,105163;-2,049535;-2,066747;5
1983;177;4;7;13;20;35;36;0;0;-0,587687;-0,5141;12;4;0;0,013002;1,009815;-1,019907;-1,178283;5
1984;103;4;5;13;20;22;35;0;0;0,356190;0,4298;12;4;0;-0,170882;0,981335;-0,385290;0,287218;5
1985;454;11;19;22;28;35;36;0;0;-0,516485;-0,4429;12;4;0;-2,176892;1,144168;0,322386;-0,322633;5
1986;234;4;13;19;20;22;36;0;0;-1,078663;-1,0051;12;4;0;-0,146117;-0,509551;-0,492401;-1,009258;5
1987;230;4;11;20;28;35;36;0;0;-1,635888;-1,5623;12;4;0;-0,509551;-1,878467;-0,315946;-0,567812;5
1988;104;4;5;13;20;22;36;0;0;-1,308983;-1,2354;12;4;0;-1,100829;0,537412;-1,174073;-0,880477;5
1989;37;4;5;7;19;20;22;0;0;-0,870014;-0,7964;12;4;0;-0,853792;0,525649;-1,123303;-0,288581;5
1990;281;5;7;11;20;28;35;0;0;1,937161;2,0108;12;4;0;2,004152;1,346627;-0,361763;0,885306;5
1991;303;5;7;13;20;35;36;0;0;0,740056;0,8137;12;4;0;-0,137449;0,871128;0,116212;0,630221;5
1992;252;4;20;22;28;35;36;0;0;-0,386776;-0,3132;12;4;0;1,173887;-0,199363;-0,402626;-1,345450;5
1993;96;4;5;13;19;22;28;0;0;-0,859797;-0,7862;12;4;0;-1,302049;0,686006;-1,779590;0,676038;5
1994;297;5;7;13;19;35;36;0;0;-1,108072;-1,0345;12;4;0;-1,352818;-0,742347;-0,287466;0,166486;5
1995;421;7;13;19;22;28;36;0;0;-0,077206;-0,0036;12;4;0;-1,243230;2,098261;-2,155407;1,145964;5
1996;414;7;13;19;20;22;28;0;0;-1,022322;-0,9487;12;4;0;-0,000000;-0,022289;-1,183360;-0,838995;5
1997;239;4;13;19;22;28;36;0;0;0,093676;0,1673;12;4;0;0,645762;-0,486024;0,354581;-0,326967;5
1998;308;5;7;19;20;22;28;0;0;-0,682724;-0,6091;12;4;0;0,086679;-0,445161;-1,015573;0,008606;5
1999;170;4;7;13;19;28;36;0;0;1,796308;1,8699;12;4;0;0,424729;1,530511;0,447452;1,189923;5
2000;136;4;7;11;13;22;28;0;0;-1,248616;-1,1750;12;4;0;-0,775781;-1,426495;-0,002662;-0,292295;5
2001;359;5;13;19;20;22;35;0;0;-0,443737;-0,3701;12;4;0;-1,421542;0,500264;0,349628;-0,315823;5
2002;436;11;13;19;20;22;35;0;0;0,917130;0,9907;12;4;0;-0,125066;0,563416;0,160790;1,235120;5
2003;153;4;7;11;20;22;35;0;0;2,081111;2,1547;12;4;0;1,017864;-0,110826;0,493268;2,761916;5
2004;217;4;11;19;20;22;28;0;0;0,230196;0,3038;12;4;0;-0,172121;-0,341145;0,921712;0,051946;5
2005;1;4;5;7;11;13;19;0;0;-0,173482;-0,0999;12;4;0;0,261277;-0,674242;0,006006;0,059995;5
2006;401;7;11;19;20;22;36;0;0;0,740985;0,8146;12;4;0;0,258800;0,809214;0,497602;-0,083646;5
2007;51;4;5;7;20;28;36;0;0;-1,406188;-1,3326;12;4;0;0,091633;-0,145498;-1,135067;-1,623444;5
2008;352;5;11;19;28;35;36;0;0;1,116493;1,1901;12;4;0;0,505836;1,459310;0,555801;-0,287961;5
2009;176;4;7;13;20;28;36;0;0;0,180975;0,2546;12;4;0;1,576946;-0,372721;-0,567936;-0,274340;5
2010;168;4;7;13;19;22;36;0;0;0,276321;0,3499;12;4;0;0,539270;-0,612328;0,088970;0,536731;5
2011;363;5;13;19;20;35;36;0;0;-1,339011;-1,2654;12;4;0;0,103396;-0,798070;-0,979044;-1,004305;5
2012;56;4;5;7;28;35;36;0;0;-1,075877;-1,0023;12;4;0;-0,003715;-0,334954;-1,390152;-0,422934;5
2013;173;4;7;13;20;22;35;0;0;-2,656848;-2,5832;12;4;0;-1,969480;-1,770737;-0,888031;-0,685448;5
2014;332;5;11;13;19;35;36;0;0;0,768536;0,8421;12;4;0;-0,375198;0,729345;0,833794;0,349132;5
2015;404;7;11;19;20;35;36;0;0;0,493640;0,5673;12;4;0;0,518219;0,312665;-0,284370;0,440765;5
2016;405;7;11;19;22;28;35;0;0;-0,346841;-0,2732;12;4;0;0,721297;0,788164;-0,751820;-1,451323;5
2017;340;5;11;13;22;28;36;0;0;-0,408136;-0,3345;12;4;0;0,364054;-0,061914;-0,841595;-0,276817;5
2018;166;4;7;13;19;22;28;0;0;-0,597593;-0,5240;12;4;0;0,672385;-0,980097;-0,904747;0,017274;5
2019;163;4;7;13;19;20;28;0;0;1,378698;1,4523;12;4;0;0,936757;1,280998;0,248708;0,290933;5
2020;265;5;7;11;13;28;35;0;0;0,428011;0,5016;12;4;0;0,500883;1,350341;-0,423057;-0,572146;5
2021;241;4;13;19;28;35;36;0;0;0,346285;0,4199;12;4;0;-0,355386;1,114450;-0,083769;0,017274;5
2022;149;4;7;11;19;28;35;0;0;-0,236326;-0,1627;12;4;0;-1,407921;1,389347;0,276569;-0,730646;5
2023;398;7;11;13;28;35;36;0;0;0,740366;0,8140;12;4;0;-0,191933;0,623473;-0,048479;1,097671;5
2024;23;4;5;7;13;19;22;0;0;-1,118288;-1,0447;12;4;0;-0,679814;0,263134;-2,257565;0,437669;5
2025;79;4;5;11;19;28;35;0;0;0,412842;0,4865;12;4;0;-0,268706;-0,045816;0,235706;0,904500;5
2026;346;5;11;19;20;28;35;0;0;-0,913044;-0,8394;12;4;0;-0,832741;0,029719;-0,332044;-0,691021;5
2027;301;5;7;13;20;28;35;0;0;0,564531;0,6381;12;4;0;-0,074916;0,022908;0,000433;1,180636;5
2028;24;4;5;7;13;19;28;0;0;-0,145003;-0,0714;12;4;0;0,642666;0,781972;-1,250227;-0,464416;5
2029;372;5;13;22;28;35;36;0;0;-0,991365;-0,9178;12;4;0;0,155404;-0,360958;-0,902271;-0,874905;5
2030;151;4;7;11;19;35;36;0;0;-0,157076;-0,0835;12;4;0;-0,019193;-0,103396;-0,790826;0,599264;5
2031;358;5;13;19;20;22;28;0;0;-0,182151;-0,1085;12;4;0;1,083493;0,601184;-1,536888;-0,512090;5
2032;198;4;11;13;19;20;28;0;0;-1,295052;-1,2214;12;4;0;-0,190695;-1,208559;0,352104;-1,542955;5
2033;46;4;5;7;19;35;36;0;0;-1,339940;-1,2663;12;4;0;0,309569;-1,338578;0,670341;-2,321213;5
2034;389;7;11;13;20;22;28;0;0;-1,079592;-1,0060;12;4;0;-1,349722;-0,393153;-0,928275;0,511966;5
2035;449;11;13;22;28;35;36;0;0;-1,173082;-1,0995;12;4;0;0,651953;0,143021;-1,035386;-2,105753;5
2036;380;7;11;13;19;20;28;0;0;0,445966;0,5196;12;4;0;0,452590;1,137358;-1,605612;0,907595;5
2037;110;4;5;13;22;35;36;0;0;0,568245;0,6419;12;4;0;1,915615;0,965856;-0,472589;-1,272392;5
2038;427;7;13;20;28;35;36;0;0;0,524906;0,5985;12;4;0;0,331858;0,881034;-0,665760;0,502679;5
2039;233;4;13;19;20;22;35;0;0;0,723649;0,7973;12;4;0;-0,528125;-0,593135;1,081450;1,487109;5
2040;18;4;5;7;11;22;36;0;0;-0,848344;-0,7747;12;4;0;-1,395539;2,923573;-1,322666;-1,902056;5
2041;128;4;7;11;13;19;22;0;0;0,296134;0,3697;12;4;0;1,111354;-0,693435;-0,297991;0,472341;5
2042;342;5;11;13;28;35;36;0;0;1,088012;1,1616;12;4;0;1,160266;-1,022198;-0,074482;2,112439;5
2043;121;4;5;19;28;35;36;0;0;0,132062;0,2057;12;4;0;-0,853173;1,843795;-0,350618;-0,375879;5
2044;392;7;11;13;20;28;35;0;0;2,188531;2,2621;12;4;0;2,517418;1,296476;0,895708;-0,332539;5
2045;100;4;5;13;19;28;36;0;0;0,591154;0,6648;12;4;0;1,565183;-0,736156;0,251804;0,101477;5
2046;22;4;5;7;13;19;20;0;0;0,992665;1,0663;12;4;0;2,303815;-0,245798;-0,094914;0,022227;5
2047;266;5;7;11;13;28;36;0;0;-0,092066;-0,0185;12;4;0;-0,508932;0,750396;0,425782;-0,851378;5
2048;183;4;7;19;20;22;35;0;0;-0,008173;0,0654;12;4;0;-0,130019;0,583848;-0,455872;-0,014302;5
2049;44;4;5;7;19;28;35;0;0;-1,017368;-0,9438;12;4;0;-0,773304;0,006811;-1,654524;0,386281;5
2050;197;4;11;13;19;20;22;0;0;0,473826;0,5474;12;4;0;-1,197414;1,938523;-1,580847;1,787391;5
2051;345;5;11;19;20;22;36;0;0;0,069220;0,1428;12;4;0;-0,118255;-1,378822;0,889517;0,746000;5
2052;140;4;7;11;13;28;36;0;0;0,426463;0,5001;12;4;0;-0,195648;0,807976;0,893231;-0,652634;5
2053;439;11;13;19;20;28;36;0;0;2,264438;2,2247;13;4;0;1,424638;2,671707;0,351485;0,081045;5
2054;27;4;5;7;13;20;22;0;0;-0,681425;-0,7212;13;4;0;0,406155;0,291738;-1,459496;-0,601246;5
2055;249;4;19;20;22;35;36;0;0;0,554686;0,5149;13;4;0;0,132496;-0,581867;0,521129;1,037614;5
2056;112;4;5;19;20;22;28;0;0;-0,181160;-0,2209;13;4;0;0,113922;-0,365168;-0,050336;-0,060738;5
2057;228;4;11;20;22;28;36;0;0;-0,267220;-0,3070;13;4;0;-0,652572;-1,980501;0,554563;1,544070;5
2058;141;4;7;11;13;35;36;0;0;1,101076;1,0613;13;4;0;0,778257;0,081231;0,700679;0,641985;5
2059;277;5;7;11;19;35;36;0;0;-1,812281;-1,8520;13;4;0;0,167787;-0,814044;-2,597472;-0,380832;5
2060;63;4;5;11;13;20;28;0;0;1,278769;1,2390;13;4;0;0,518219;0,808719;0,257376;0,973224;5
2061;316;5;7;19;22;35;36;0;0;-0,875834;-0,9156;13;4;0;-0,818501;-0,970686;-0,680619;0,718139;5
2062;330;5;11;13;19;28;35;0;0;0,494320;0,4546;13;4;0;0,019812;0,461382;0,306907;0,200539;5
2063;244;4;13;20;22;35;36;0;0;-0,053927;-0,0937;13;4;0;0,347956;0,685510;0,283380;-1,424700;5
2064;256;5;7;11;13;19;35;0;0;1,011920;0,9722;13;4;0;0,774542;0,205678;0,681486;0,362134;5
2065;385;7;11;13;19;22;36;0;0;0,404236;0,3645;13;4;0;0,317618;-0,828284;0,244993;1,074144;5
2066;422;7;13;19;22;35;36;0;0;-0,591030;-0,6308;13;4;0;-2,341583;-0,297682;0,972481;0,484724;5
2067;194;4;7;20;22;35;36;0;0;0,256571;0,2168;13;4;0;2,395447;-1,086465;-1,108444;0,312603;5
2068;314;5;7;19;22;28;35;0;0;-1,064361;-1,1041;13;4;0;-0,441446;0,107854;-0,031143;-1,763988;5
2069;289;5;7;13;19;20;28;0;0;0,645081;0,6053;13;4;0;-0,444542;0,392658;-0,078816;1,420861;5
2070;453;11;19;20;28;35;36;0;0;0,308269;0,2685;13;4;0;-0,427825;0,559206;-0,019379;0,504536;5
2071;391;7;11;13;20;22;36;0;0;0,224686;0,1850;13;4;0;0,263753;0,909639;-1,284898;0,560878;5
2072;254;5;7;11;13;19;22;0;0;-0,671208;-0,7109;13;4;0;-0,105254;-0,013497;0,165124;-1,388790;5
2073;267;5;7;11;13;35;36;0;0;-1,329662;-1,3694;13;4;0;-1,716252;-0,402316;-0,006996;-0,533759;5
2074;206;4;11;13;19;35;36;0;0;-0,669661;-0,7094;13;4;0;-0,896513;-0,881530;0,731636;-0,292915;5
2075;384;7;11;13;19;22;35;0;0;2,539026;2,4993;13;4;0;2,580570;1,702136;1,387304;-0,591958;5
2076;88;4;5;11;22;28;35;0;0;2,303444;2,2637;13;4;0;2,230138;0,191438;0,649910;1,535402;5
2077;207;4;11;13;20;22;28;0;0;-0,022351;-0,0621;13;4;0;0,712009;-0,513142;-0,369192;0,125623;5
2078;224;4;11;19;22;28;36;0;0;-0,328515;-0,3683;13;4;0;-1,591186;-1,015264;0,181222;1,768198;5
2079;310;5;7;19;20;22;36;0;0;1,830731;1,7910;13;4;0;-0,437731;1,898403;0,887040;1,313750;5
2080;248;4;19;20;22;28;36;0;0;-0,686687;-0,7264;13;4;0;-1,835127;0,174721;0,016531;0,270502;5
2081;180;4;7;13;22;35;36;0;0;0,152556;0,1128;13;4;0;0,074916;-0,879672;0,444975;0,664893;5
2082;182;4;7;19;20;22;28;0;0;-1,653472;-1,6932;13;4;0;-0,676719;-0,357738;-1,772161;-0,500326;5
2083;246;4;13;22;28;35;36;0;0;0,249761;0,2100;13;4;0;-0,421633;0,948644;-1,306568;1,279079;5
2084;87;4;5;11;20;35;36;0;0;1,383094;1,3434;13;4;0;1,074825;0,745567;1,010868;-0,065071;5
2085;460;13;19;22;28;35;36;0;0;-1,075815;-1,1156;13;4;0;-1,430210;0,396373;-0,239173;-0,878620;5
2086;258;5;7;11;13;20;22;0;0;-0,574313;-0,6140;13;4;0;-1,342293;0,891684;-0,826736;0,128719;5
2087;278;5;7;11;20;22;28;0;0;-0,428196;-0,4679;13;4;0;-0,584467;-0,432654;0,865370;-0,704642;5
2088;386;7;11;13;19;28;35;0;0;1,204163;1,1644;13;4;0;-0,500264;2,059379;0,145312;0,703899;5
2089;262;5;7;11;13;22;28;0;0;-0,973967;-1,0137;13;4;0;0,451971;0,876824;-2,464977;-0,811753;5
2090;80;4;5;11;19;28;36;0;0;1,596387;1,5567;13;4;0;-0,065629;1,223542;1,257285;0,777576;5
2091;4;4;5;7;11;13;28;0;0;-0,903695;-0,9434;13;4;0;-0,496549;-0,963256;-1,424205;1,076620;5
2092;361;5;13;19;20;28;35;0;0;-1,319756;-1,3595;13;4;0;-0,354766;-0,103272;-1,418013;-0,763460;5
2093;335;5;11;13;20;22;36;0;0;0,941029;0,9013;13;4;0;1,900137;0,315265;0,244374;-0,577718;5
2094;331;5;11;13;19;28;36;0;0;1,357709;1,3180;13;4;0;-0,292853;1,404330;0,980530;0,623411;5
2095;350;5;11;19;22;28;36;0;0;-1,044549;-1,0843;13;4;0;-1,107639;0,121475;-0,975948;-0,126985;5
2096;343;5;11;19;20;22;28;0;0;0,154104;0,1144;13;4;0;0,456924;1,111478;-0,353714;-0,906481;5
2097;101;4;5;13;19;35;36;0;0;0,484414;0,4447;13;4;0;-0,063771;-0,078507;1,209611;-0,098505;5
2098;451;11;19;20;22;28;36;0;0;-2,008238;-2,0480;13;4;0;0,964618;-1,808380;-3,011057;-0,161657;5
2099;214;4;11;13;22;28;36;0;0;-1,301801;-1,3415;13;4;0;-0,867413;-0,685263;-1,616757;0,565831;5
2100;3;4;5;7;11;13;22;0;0;-0,698760;-0,7385;13;4;0;-0,299044;0,256447;-1,556700;0,201777;5
2101;319;5;7;20;22;28;36;0;0;-1,778537;-1,8183;13;4;0;-1,991150;-1,299448;0,506889;-0,773366;5
2102;220;4;11;19;20;28;35;0;0;0,454696;0,4150;13;4;0;0,907657;0,388943;-0,064576;-0,322633;5
2103;444;11;13;19;28;35;36;0;0;-1,359071;-1,3988;13;4;0;0,799927;-2,826863;-0,647805;-0,043402;5
2104;187;4;7;19;20;35;36;0;0;-0,643656;-0,6834;13;4;0;1,354056;-0,194905;-0,145064;-2,301400;5
2105;219;4;11;19;20;22;36;0;0;0,493701;0,4540;13;4;0;1,499554;1,382660;-0,826736;-1,068076;5
2106;130;4;7;11;13;19;35;0;0;2,433463;2,3937;13;4;0;1,617809;1,230972;2,116649;-0,098505;5
2107;85;4;5;11;20;28;35;0;0;1,497015;1,4573;13;4;0;0,691578;2,797392;0,405969;-0,900909;5
2108;268;5;7;11;19;20;22;0;0;1,446555;1,4068;13;4;0;0,622854;0,618024;1,798412;-0,146179;5
2109;272;5;7;11;19;22;28;0;0;0,843205;0,8035;13;4;0;2,159556;-0,142278;-0,354333;0,023465;5
2110;240;4;13;19;22;35;36;0;0;1,237906;1,1982;13;4;0;1,875371;0,640313;0,740923;-0,780796;5
2111;39;4;5;7;19;20;35;0;0;1,014397;0,9747;13;4;0;0,605518;-0,209145;0,420829;1,211592;5
2112;282;5;7;11;20;28;36;0;0;-0,196329;-0,2361;13;4;0;0,821597;0,930070;-0,882458;-1,261867;5
2113;423;7;13;19;28;35;36;0;0;-0,614557;-0,6543;13;4;0;-1,986816;0,838438;-0,680619;0,599883;5
2114;407;7;11;19;22;35;36;0;0;-0,549547;-0,5893;13;4;0;0,159738;-1,041267;0,766927;-0,984492;5
2115;458;13;19;20;22;35;36;0;0;-0,087980;-0,1277;13;4;0;0,973286;-0,898246;-1,005048;0,754049;5
2116;459;13;19;20;28;35;36;0;0;-0,676781;-0,7165;13;4;0;1,348484;-0,260534;-1,302854;-1,138658;5
2117;118;4;5;19;22;28;35;0;0;0,329939;0,2902;13;4;0;-0,385104;-0,054360;0,947716;0,151627;5
2118;2;4;5;7;11;13;20;0;0;1,547475;1,5077;13;4;0;-0,820978;1,176487;0,916759;1,822682;5
2119;438;11;13;19;20;28;35;0;0;2,835903;2,7962;13;4;0;0,105254;3,568220;2,015730;-0,017398;5
2120;159;4;7;11;22;28;36;0;0;-0,962203;-1,0019;13;4;0;0,229700;-0,545956;-1,274373;-0,333778;5
2121;279;5;7;11;20;22;35;0;0;-0,994089;-1,0338;13;4;0;-1,692725;-0,305112;-0,996999;1,006658;5
2122;148;4;7;11;19;22;36;0;0;-1,039596;-1,0793;13;4;0;-1,553419;1,212397;-2,157265;0,419095;5
2123;227;4;11;20;22;28;35;0;0;-0,628797;-0,6685;13;4;0;-0,527506;-0,304492;-0,306659;-0,118937;5
2124;196;4;7;22;28;35;36;0;0;0,711948;0,6722;13;4;0;1,598616;-1,151474;1,630006;-0,653253;5
2125;260;5;7;11;13;20;35;0;0;-1,001828;-1,0416;13;4;0;-0,128162;0,162338;-1,922611;-0,115222;5
2126;251;4;19;22;28;35;36;0;0;0,504536;0,4648;13;4;0;0,425348;0,838438;-0,919607;0,664893;5
2127;273;5;7;11;19;22;35;0;0;0,172059;0,1323;13;4;0;-0,608613;2,436435;-1,865031;0,381328;5
2128;307;5;7;13;28;35;36;0;0;-1,135253;-1,1750;13;4;0;-2,140363;-0,730460;0,463549;0,136768;5
2129;120;4;5;19;22;35;36;0;0;1,210045;1,1703;13;4;0;-1,010434;0,808100;2,966108;-0,343684;5
2130;397;7;11;13;22;35;36;0;0;0,838561;0,7988;13;4;0;0,396868;1,601836;0,084017;-0,405598;5
2131;360;5;13;19;20;22;36;0;0;1,987992;1,9483;13;4;0;2,139743;1,310840;0,591092;-0,065691;5
2132;48;4;5;7;20;22;35;0;0;-0,443984;-0,4837;13;4;0;-0,416680;0,049655;-0,666379;0,145436;5
2133;98;4;5;13;19;22;36;0;0;2,048358;2,0086;13;4;0;1,752782;-0,500759;2,012634;0,832060;5
2134;55;4;5;7;22;35;36;0;0;0,701422;0,6617;13;4;0;1,709442;0,749901;-0,205740;-0,850758;5
2135;184;4;7;19;20;22;36;0;0;-0,758197;-0,7979;13;4;0;-1,235182;-1,942114;1,168129;0,492772;5
2136;295;5;7;13;19;28;35;0;0;1,631988;1,5923;13;4;0;1,291523;0,517724;1,068448;0,386281;5
2137;178;4;7;13;22;28;35;0;0;0,472341;0,4326;13;4;0;0,547319;2,365853;-1,172215;-0,796274;5
2138;412;7;11;20;28;35;36;0;0;-0,281770;-0,3215;13;4;0;1,189985;-0,908772;-0,609418;-0,235335;5
2139;71;4;5;11;13;35;36;0;0;0,917192;0,8775;13;4;0;1,170172;-0,713124;1,338392;0,038944;5
2140;76;4;5;11;19;22;28;0;0;-0,860975;-0,9007;13;4;0;-0,081107;0,399468;-0,522120;-1,518190;5
2141;274;5;7;11;19;22;36;0;0;0,617220;0,5775;13;4;0;0,082345;0,491720;-0,154351;0,814725;5
2142;218;4;11;19;20;22;35;0;0;0,879734;0,8400;13;4;0;-1,033962;1,453242;0,360153;0,980035;5
2143;302;5;7;13;20;28;36;0;0;0,114169;0,0744;13;4;0;0,278612;0,926355;-0,920845;-0,055784;5
2144;212;4;11;13;20;35;36;0;0;0,711947;0,6722;13;4;0;1,079159;0,599450;0,571279;-0,825993;5
2145;134;4;7;11;13;20;35;0;0;2,170329;2,1306;13;4;0;0,454448;1,983225;1,474603;0,428382;5
2146;213;4;11;13;22;28;35;0;0;-0,304369;-0,3441;13;4;0;-0,852554;-0,524287;0,446213;0,321890;5
2147;338;5;11;13;20;35;36;0;0;0,297744;0,2580;13;4;0;0,037767;1,131290;-0,357429;-0,216141;5
2148;406;7;11;19;22;28;36;0;0;-0,182089;-0,2218;13;4;0;1,446308;-0,054360;-0,584034;-1,172091;5
2149;261;5;7;11;13;20;36;0;0;-0,936200;-0,9759;13;4;0;-0,708914;-0,587439;-0,540694;-0,035353;5
2150;57;4;5;11;13;19;20;0;0;-0,040925;-0,0807;13;4;0;-1,493362;1,466244;-0,515309;0,460577;5
2151;25;4;5;7;13;19;35;0;0;1,580289;1,5406;13;4;0;1,029009;1,988797;-1,519552;1,662325;5
2152;322;5;7;22;28;35;36;0;0;0,307650;0,2679;13;4;0;0,687244;0,393277;0,335387;-0,800608;5
2153;257;5;7;11;13;19;36;0;0;-0,142463;-0,1822;13;4;0;1,456214;-0,733555;-0,280036;-0,727550;5
2154;229;4;11;20;22;35;36;0;0;-1,154446;-1,1942;13;4;0;-1,876609;0,463240;-1,546794;0,651272;5
2155;108;4;5;13;22;28;35;0;0;-1,489710;-1,5294;13;4;0;-0,292853;0,149336;0,222085;-3,057988;5
2156;280;5;7;11;20;22;36;0;0;-1,101510;-1,1412;13;4;0;0,519457;-1,287685;-0,585891;-0,848901;5
2157;131;4;7;11;13;19;36;0;0;1,239763;1,2000;13;4;0;-0,780115;0,935023;1,561282;0,763336;5
2158;271;5;7;11;19;20;36;0;0;-1,398696;-1,4384;13;4;0;-0,544223;0,732565;-0,517167;-2,468568;5
2159;60;4;5;11;13;19;35;0;0;0,894903;0,8552;13;4;0;0,130019;0,392658;0,351485;0,915644;5
2160;298;5;7;13;20;22;28;0;0;1,504136;1,4644;13;4;0;-0,218556;0,861346;1,030680;1,334801;5
2161;35;4;5;7;13;28;36;0;0;0,358419;0,3187;13;4;0;0,923136;0,333220;-1,249608;0,710090;5
2162;186;4;7;19;20;28;36;0;0;-0,209331;-0,2491;13;4;0;-0,668051;-1,334120;1,280812;0,302697;5
2163;376;5;19;20;28;35;36;0;0;0,978796;0,9391;13;4;0;-0,325667;2,018516;0,102591;0,162152;5
2164;83;4;5;11;20;22;35;0;0;-0,507136;-0,5469;13;4;0;0,809214;-0,767608;-0,415009;-0,640870;5
2165;275;5;7;11;19;28;35;0;0;-0,788225;-0,8280;13;4;0;-0,389438;-0,093366;-1,203172;0,109526;5
2166;215;4;11;13;22;35;36;0;0;-1,253818;-1,2936;13;4;0;-0,352290;-1,189861;-0,821783;-0,143702;5
2167;16;4;5;7;11;22;28;0;0;-1,612918;-1,6527;13;4;0;-0,167167;-1,476522;-1,402535;-0,179612;5
2168;433;7;19;22;28;35;36;0;0;1,763864;1,7241;13;4;0;1,508222;0,962265;-0,201406;1,258647;5
2169;92;4;5;13;19;20;22;0;0;1,175992;1,1363;13;4;0;1,425257;-0,557720;1,841752;-0,357305;5
2170;72;4;5;11;19;20;22;0;0;0,385971;0,3462;13;4;0;0,918183;0,918926;-0,448442;-0,616724;5
2171;202;4;11;13;19;22;35;0;0;-0,124200;-0,1639;13;4;0;1,187508;2,197447;-1,580228;-2,053126;5
2172;369;5;13;20;22;28;36;0;0;0,502370;0,4626;13;4;0;0,045197;0,445285;-0,086865;0,601122;5
2173;231;4;11;22;28;35;36;0;0;1,584005;1,5443;13;4;0;1,274187;0,492958;0,787359;0,613505;5
2174;311;5;7;19;20;28;35;0;0;1,206639;1,1669;13;4;0;-0,921278;1,788815;0,119308;1,426434;5
2175;74;4;5;11;19;20;35;0;0;-0,682353;-0,7221;13;4;0;0,289138;-0,475375;0,072873;-1,251341;5
2176;68;4;5;11;13;22;36;0;0;0,103644;0,0639;13;4;0;0,164691;0,113426;0,944001;-1,014830;5
2177;399;7;11;19;20;22;28;0;0;-0,948892;-0,9886;13;4;0;-0,852554;0,066991;0,592330;-1,704551;5
2178;53;4;5;7;22;28;35;0;0;-0,237192;-0,2769;13;4;0;1,216607;-0,940348;-0,852740;0,102096;5
2179;190;4;7;19;22;35;36;0;0;-0,168468;-0,2082;13;4;0;-0,349813;0,327029;0,670341;-0,984492;5
2180;171;4;7;13;19;35;36;0;0;2,047739;2,0080;13;4;0;1,325576;0,868156;0,859179;1,042568;5
2181;381;7;11;13;19;20;35;0;0;-0,812371;-0,8521;13;4;0;-0,820978;0,642790;0,288333;-1,734888;5
2182;195;4;7;20;28;35;36;0;0;-0,852616;-0,8924;13;4;0;-1,430830;-0,559578;-0,444727;0,729903;5
2183;124;4;5;20;22;35;36;0;0;-0,012444;-0,0522;13;4;0;0,817882;-1,478379;-0,244126;0,879734;5
2184;426;7;13;20;22;35;36;0;0;0,334582;0,2948;13;4;0;0,101539;-1,009072;0,579947;0,996751;5
2185;434;7;20;22;28;35;36;0;0;-0,768723;-0,8085;13;4;0;-1,448165;-1,545865;0,405969;1,050616;5
2186;374;5;19;20;22;28;36;0;0;-0,439650;-0,4794;13;4;0;-0,050769;-1,275921;0,939048;-0,491658;5
2187;353;5;11;20;22;28;35;0;0;-1,294991;-1,3347;13;4;0;-1,172029;-0,672261;-1,156118;0,410427;5
2188;123;4;5;20;22;28;36;0;0;-0,754482;-0,7942;13;4;0;-0,720058;1,687277;-2,131261;-0,344922;5
2189;321;5;7;20;28;35;36;0;0;0,616600;0,5769;13;4;0;0,754730;0,452714;-0,306040;0,331796;5
2190;452;11;19;20;22;35;36;0;0;1,280936;1,2412;13;4;0;0,809214;0,219299;2,187850;-0,654491;5
2191;34;4;5;7;13;28;35;0;0;0,901714;0,8620;13;4;0;-0,432159;-0,246913;0,398540;2,083959;5
2192;106;4;5;13;20;28;36;0;0;-0,400954;-0,4407;13;4;0;1,292142;-1,737798;-0,412532;0,056280;5
2193;400;7;11;19;20;22;35;0;0;1,070738;1,0310;13;4;0;0,851316;-0,760178;1,808318;0,242021;5
2194;14;4;5;7;11;20;35;0;0;-0,912363;-0,9521;13;4;0;0,411727;-1,174382;0,835032;-1,897103;5
2195;368;5;13;20;22;28;35;0;0;-0,953226;-0,9930;13;4;0;-0,901466;-0,077269;-0,156209;-0,771509;5
2196;59;4;5;11;13;19;28;0;0;-1,261866;-1,3016;13;4;0;-1,029009;0,514628;-1,221746;-0,787606;5
2197;45;4;5;7;19;28;36;0;0;0,865494;0,8258;13;4;0;0,263134;-0,058075;0,895089;0,630840;5
2198;93;4;5;13;19;20;28;0;0;1,798846;1,7591;13;4;0;1,633907;0,402564;0,911806;0,649415;5
2199;185;4;7;19;20;28;35;0;0;-0,080240;-0,1200;13;4;0;-0,840790;0,307836;0,760117;-0,387643;5
2200;41;4;5;7;19;22;28;0;0;0,562116;0,5224;13;4;0;0,294710;0,672508;0,200415;-0,043402;5
2201;144;4;7;11;19;20;35;0;0;-1,637374;-1,6771;13;4;0;-0,803642;0,187104;-1,177168;-1,481042;5
2202;10;4;5;7;11;19;35;0;0;0,554067;0,5143;13;4;0;1,259328;-1,091418;0,234468;0,705756;5
2203;200;4;11;13;19;20;36;0;0;-0,491658;-0,5314;13;4;0;-0,625949;-0,398601;-1,635950;1,677185;5
2204;441;11;13;19;22;28;35;0;0;0,593073;0,5533;13;4;0;0,856269;0,180293;0,010340;0,139244;5
2205;142;4;7;11;19;20;22;0;0;0,411046;0,3713;13;4;0;1,406064;-0,528001;0,566326;-0,622296;5
2206;305;5;7;13;22;28;36;0;0;-1,244531;-1,2843;13;4;0;-0,898370;-1,583633;0,366963;-0,374022;5
2207;135;4;7;11;13;20;36;0;0;-1,681333;-1,7211;13;4;0;-0,541127;-2,321027;0,660435;-1,160947;5
2208;418;7;13;19;20;28;36;0;0;-1,199333;-1,2391;13;4;0;0,243321;-1,423895;-0,650900;-0,567193;5
2209;395;7;11;13;22;28;35;0;0;-0,031947;-0,0717;13;4;0;0,233415;0,287404;-0,301706;-0,283008;5
2210;117;4;5;19;20;35;36;0;0;1,263600;1,2239;13;4;0;0,156023;2,052569;-0,462063;0,780672;5
2211;107;4;5;13;20;35;36;0;0;0,692135;0,6524;13;4;0;0,556606;2,046996;-0,681238;-0,538093;5
2212;175;4;7;13;20;28;35;0;0;0,023156;-0,0166;13;4;0;-0,999909;0,534441;-0,015664;0,527444;5
2213;169;4;7;13;19;28;35;0;0;-0,741480;-0,7812;13;4;0;0,399344;-0,693311;-0,988950;-0,200044;5
2214;238;4;13;19;22;28;35;0;0;0,156580;0,1168;13;4;0;0,226605;0,041606;-0,019998;0,064948;5
2215;99;4;5;13;19;28;35;0;0;-0,371236;-0,4110;13;4;0;-0,582609;0,748043;-1,148688;0,240783;5
2216;33;4;5;7;13;22;36;0;0;0,238616;0,1989;13;4;0;-0,957188;1,417332;0,129214;-0,112126;5
2217;402;7;11;19;20;28;35;0;0;1,076620;1,0369;13;4;0;1,404826;-0,085936;-0,245984;1,080335;5
2218;291;5;7;13;19;20;36;0;0;0,565521;0,5258;13;4;0;1,186889;1,024179;-0,232982;-0,847044;5
2219;154;4;7;11;20;22;36;0;0;-0,178683;-0,2184;13;4;0;2,442502;-1,347122;-2,091636;0,638889;5
2220;143;4;7;11;19;20;28;0;0;-1,063123;-1,1029;13;4;0;-0,177693;-1,041267;-0,269511;-0,637775;5
2221;377;5;19;22;28;35;36;0;0;-0,786678;-0,8264;13;4;0;-0,341145;1,359752;-0,655234;-1,936728;5
2222;160;4;7;11;22;35;36;0;0;-1,620348;-1,6601;13;4;0;-1,336720;-1,154570;-0,599512;-0,149893;5
2223;375;5;19;20;22;35;36;0;0;-2,736655;-2,7764;13;4;0;-1,283474;-0,805995;-0,436059;-2,947781;5
2224;356;5;11;20;28;35;36;0;0;-0,896575;-0,9363;13;4;0;-0,518838;-0,959541;-0,753678;0,438907;5
2225;81;4;5;11;19;35;36;0;0;2,389813;2,3501;13;4;0;1,085969;0,287404;1,328486;2,077767;5
2226;97;4;5;13;19;22;35;0;0;-0,363806;-0,4035;13;4;0;-0,499026;-0,143516;-0,228648;0,143578;5
2227;424;7;13;20;22;28;35;0;0;-0,011516;-0,0513;13;4;0;0,281708;0,885492;-1,766588;0,576356;5
2228;9;4;5;7;11;19;28;0;0;0,472960;0,4332;13;4;0;1,476027;0,654553;-0,849025;-0,335635;5
2229;415;7;13;19;20;22;35;0;0;-1,697740;-1,7375;13;4;0;-0,139925;-1,080273;-0,403245;-1,772037;5
2230;109;4;5;13;22;28;36;0;0;-1,291894;-1,3316;13;4;0;-0,848220;0,813672;-1,037862;-1,511379;5
2231;211;4;11;13;20;28;36;0;0;0,194038;0,1543;13;4;0;-1,221561;1,757859;0,740923;-0,889145;5
2232;105;4;5;13;20;28;35;0;0;-0,586386;-0,6261;13;4;0;0,786925;0,917068;-0,403864;-2,472902;5
2233;127;4;7;11;13;19;20;0;0;-0,711143;-0,7509;13;4;0;-0,050150;-0,557101;-0,138254;-0,676780;5
2234;396;7;11;13;22;28;36;0;0;0,845372;0,8056;13;4;0;-0,546699;0,827293;2,864569;-1,454419;5
2235;91;4;5;11;28;35;36;0;0;-0,535307;-0,5750;13;4;0;-0,279851;-0,807852;0,054918;-0,037829;5
2236;245;4;13;20;28;35;36;0;0;-0,904624;-0,9444;13;4;0;-1,051917;-0,829522;-0,058385;0,130576;5
2237;223;4;11;19;22;28;35;0;0;1,110053;1,0703;13;4;0;0,347337;-0,082222;-0,627373;2,582365;5
2238;115;4;5;19;20;28;35;0;0;0,296196;0,2565;13;4;0;-0,239607;0,340031;-0,332663;0,824631;5
2239;146;4;7;11;19;22;28;0;0;-1,029380;-1,0691;13;4;0;-0,560940;-0,653067;-1,533792;0,689039;5
2240;162;4;7;13;19;20;22;0;0;-0,429435;-0,4692;13;4;0;-0,655668;0,809957;-0,754297;-0,258862;5
2241;43;4;5;7;19;22;36;0;0;-0,899670;-0,9394;13;4;0;-0,791878;-0,657401;-1,552986;1,202925;5
2242;337;5;11;13;20;28;36;0;0;1,162371;1,1226;13;4;0;0,354766;0,738137;-0,297991;1,529830;5
2243;365;5;13;19;22;28;36;0;0;0,465221;0,4255;13;4;0;-0,502121;0,844629;0,207226;0,380708;5
2244;84;4;5;11;20;22;36;0;0;0,561807;0,5221;13;4;0;0,914468;-0,464849;-0,167972;0,841967;5
2245;70;4;5;11;13;28;36;0;0;0,174535;0,1348;13;4;0;1,108877;-0,454324;0,686439;-0,991922;5
2246;447;11;13;20;22;35;36;0;0;1,173825;1,1341;13;4;0;1,546608;0,079374;1,092594;-0,370926;5
2247;52;4;5;7;20;35;36;0;0;0,768908;0,7292;13;4;0;0,693435;0,531964;-0,664522;0,976939;5
2248;419;7;13;19;20;35;36;0;0;-0,058880;-0,0986;13;4;0;-0,952854;1,098476;-1,026099;0,762717;5
2249;413;7;11;22;28;35;36;0;0;0,564902;0,5252;13;4;0;0,469926;0,597593;0,499459;-0,437174;5
2250;188;4;7;19;22;28;35;0;0;-1,334615;-1,3744;13;4;0;-0,216079;-0,540384;-0,967280;-0,945487;5
2251;139;4;7;11;13;28;35;0;0;-0,375570;-0,4153;13;4;0;-0,407393;-1,337835;0,454262;0,539827;5
2252;336;5;11;13;20;28;35;0;0;0,801104;0,7614;13;4;0;-0,530602;1,127575;1,511132;-0,505898;5
2253;325;5;11;13;19;20;35;0;0;0,116646;0,0769;13;4;0;-0,138068;-0,016593;0,773118;-0,385166;5
2254;32;4;5;7;13;22;35;0;0;0,211993;0,1723;13;4;0;-1,118784;0,271926;1,611432;-0,340588;5
2255;6;4;5;7;11;13;36;0;0;-1,347927;-1,3877;13;4;0;-0,736775;-0,675356;0,566945;-1,850667;5
2256;455;11;20;22;28;35;36;0;0;-1,388790;-1,4285;13;4;0;-0,679195;0,653315;-1,362910;-1,388790;5
2257;58;4;5;11;13;19;22;0;0;-0,763769;0,7925;14;4;1;-1,146026;-0,378170;0,155156;-0,158499;5
2258;362;5;13;19;20;28;36;0;0;-2,129899;-0,5736;14;4;1;-1,878467;0,047798;-1,649633;-0,779496;5
2259;156;4;7;11;20;28;36;0;0;-0,958798;0,5975;14;4;1;-0,504598;0,128905;-0,560568;-0,981335;5
2260;15;4;5;7;11;20;36;0;0;-2,493333;-0,9370;14;4;1;-1,674151;0,151813;-1,554286;-1,910043;5
2261;216;4;11;13;28;35;36;0;0;-0,256075;1,3002;14;4;1;-0,908896;-0,965732;1,537074;-0,174597;5
2262;390;7;11;13;20;22;35;0;0;-1,412627;0,1437;14;4;1;-3,229427;0,705323;-0,828036;0,526887;5
2263;420;7;13;19;22;28;35;0;0;-1,560601;-0,0043;14;4;1;-0,982573;-0,035167;-0,834847;-1,268615;5
2264;65;4;5;11;13;20;36;0;0;-1,346380;0,2099;14;4;1;-2,710589;0,199486;-0,201468;0,019812;5
2265;125;4;5;20;28;35;36;0;0;-2,591776;-1,0355;14;4;1;-3,233761;-0,947158;0,183637;-1,186270;5
2266;205;4;11;13;19;28;36;0;0;-1,479184;0,0771;14;4;1;-3,436220;-0,454943;1,046097;-0,113302;5
2267;204;4;11;13;19;28;35;0;0;-0,487324;1,0690;14;4;1;-1,950906;0,058323;1,192213;-0,274278;5
2268;132;4;7;11;13;20;22;0;0;-3,594781;-2,0385;14;4;1;-3,240572;-0,064886;-2,336258;-1,547847;5
2269;462;19;20;22;28;35;36;0;0;0,350061;1,9063;14;4;1;-1,078540;0,520819;0,948273;0,309569;5
2270;174;4;7;13;20;22;36;0;0;-0,785130;0,7712;14;4;1;-1,243230;-0,809090;0,895646;-0,413585;5
2271;138;4;7;11;13;22;36;0;0;-1,955611;-0,3993;14;4;1;-2,627625;0,264496;-1,172277;-0,375817;5
2272;5;4;5;7;11;13;35;0;0;-0,814539;0,7417;14;4;1;-2,211563;0,317123;-0,778505;1,043868;5
2273;315;5;7;19;22;28;36;0;0;-0,797822;0,7585;14;4;1;-3,462224;-0,375074;1,627468;0,614186;5
2274;328;5;11;13;19;22;35;0;0;-1,427177;0,1291;14;4;1;-2,513703;0,006934;-0,158128;-0,189456;5
2275;38;4;5;7;19;20;28;0;0;-1,862741;-0,3065;14;4;1;-1,615333;0,605641;-1,511565;-1,204225;5
2276;179;4;7;13;22;28;36;0;0;-1,807328;-0,2510;14;4;1;-2,121169;0,014364;0,304369;-1,812219;5
2277;446;11;13;20;22;28;36;0;0;-2,643475;-1,0872;14;4;1;-3,818228;0,284308;-1,080025;-0,673004;5
2278;111;4;5;13;28;35;36;0;0;-1,788444;-0,2322;14;4;1;-1,762069;-0,401697;-0,699255;-0,713867;5
2279;75;4;5;11;19;20;36;0;0;-1,737984;-0,1817;14;4;1;-2,044396;0,175340;-1,029875;-0,577037;5
2280;201;4;11;13;19;22;28;0;0;-0,879548;0,6767;14;4;1;-1,751543;0,360463;0,522305;-0,890321;5
2281;191;4;7;19;28;35;36;0;0;-1,791230;-0,2349;14;4;1;-2,217755;0,590782;-1,034828;-0,920659;5
2282;102;4;5;13;20;22;28;0;0;-0,547381;1,0089;14;4;1;-2,757025;1,374612;-0,089404;0,377055;5
2283;425;7;13;20;22;28;36;0;0;-2,589610;-1,0333;14;4;1;-3,448602;-0,243198;-1,580909;0,093490;5
2284;20;4;5;7;11;28;36;0;0;-1,712290;-0,1560;14;4;1;-1,986197;-0,294586;-0,735165;-0,408632;5
2285;324;5;11;13;19;20;28;0;0;-1,166210;0,3901;14;4;1;-0,752253;0,702846;-0,958055;-1,324957;5
2286;440;11;13;19;20;35;36;0;0;1,584004;3,1403;14;4;1;-1,774451;3,623942;0,488872;0,829646;5
2287;147;4;7;11;19;22;35;0;0;-2,571655;-1,0154;14;4;1;-2,697587;-1,061080;0,071572;-1,456214;5
2288;122;4;5;20;22;28;35;0;0;-3,258589;-1,7023;14;4;1;-1,452499;-3,083187;-1,009444;-0,972048;5
2289;235;4;13;19;20;28;35;0;0;-0,878619;0,6777;14;4;1;-2,370682;-0,106987;0,607747;0,112683;5
2290;210;4;11;13;20;28;35;0;0;-1,242363;0,3139;14;4;1;-3,413931;1,123861;1,720958;-1,915615;5
2291;341;5;11;13;22;35;36;0;0;-2,004523;-0,4482;14;4;1;-2,392971;0,106616;-0,803271;-0,919421;5
2292;13;4;5;7;11;20;28;0;0;-2,088107;-0,5318;14;4;1;-3,372448;0,312170;-0,216946;-0,898989;5
2293;203;4;11;13;19;22;36;0;0;-1,485995;0,0703;14;4;1;-2,329200;1,488533;-1,058356;-1,072967;5
2294;293;5;7;13;19;22;35;0;0;-1,645732;-0,0894;14;4;1;-2,239424;-0,452467;-0,521562;-0,078011;5
2295;158;4;7;11;22;28;35;0;0;-0,954154;0,6021;14;4;1;-2,380588;0,839057;0,407765;-0,774542;5
2296;116;4;5;19;20;28;36;0;0;-1,914129;-0,3578;14;4;1;-1,363343;-0,615300;-0,756216;-1,093399;5
2297;286;5;7;11;22;35;36;0;0;-2,067057;-0,5108;14;4;1;-0,549795;-1,678980;0,066000;-1,971338;5
2298;94;4;5;13;19;20;35;0;0;-0,619201;0,9371;14;4;1;-2,036347;1,052660;0,113674;-0,368388;5
2299;86;4;5;11;20;28;36;0;0;-1,537693;0,0186;14;4;1;-2,798507;0,184627;0,146488;-0,607994;5
2300;394;7;11;13;20;35;36;0;0;-1,149802;0,4065;14;4;1;-1,892707;0,226109;0,157633;-0,790640;5
2301;253;5;7;11;13;19;20;0;0;-1,786277;-0,2300;14;4;1;-0,508313;-1,305640;-0,421881;-1,336720;5
2302;373;5;19;20;22;28;35;0;0;-1,967375;-0,4111;14;4;1;-1,543513;-0,975639;-0,171130;-1,244469;5
2303;222;4;11;19;20;35;36;0;0;-3,864416;-2,3081;14;4;1;-2,357061;-2,338982;-0,888093;-2,144696;5
2304;90;4;5;11;22;35;36;0;0;-2,693006;-1,1367;14;4;1;-4,426842;0,259543;-0,335821;-0,882892;5
2305;161;4;7;11;28;35;36;0;0;-1,908557;-0,3523;14;4;1;-2,805317;0,297930;-0,716591;-0,593135;5
2306;442;11;13;19;22;28;36;0;0;0,194967;1,7513;14;4;1;-1,166457;1,597502;-0,110454;0,069344;5
2307;50;4;5;7;20;28;35;0;0;-0,486395;1,0699;14;4;1;-0,143021;-1,996598;1,587843;-0,421014;5
2308;192;4;7;20;22;28;35;0;0;-2,261466;-0,7052;14;4;1;-3,113648;-0,484662;-1,062070;0,137449;5
2309;457;13;19;20;22;28;36;0;0;-2,536982;-0,9807;14;4;1;-2,620195;-0,723649;-0,937004;-0,793117;5
2310;431;7;19;20;22;35;36;0;0;-1,865217;-0,3089;14;4;1;-2,907475;-1,032599;1,323471;-1,113830;5
2311;356;6;12;23;29;40;49;0;0;0,787520;1,0563;15;3;0;-3,294437;-0,055970;0,052379;1,367615;6
2312;154;4;11;12;23;25;49;0;0;1,047036;1,3158;15;3;0;0,134353;0,189209;1,318518;0,305793;6
2313;415;11;14;16;23;25;40;0;0;0,512991;0,7817;15;3;0;-3,155750;0,827541;-1,692973;1,753958;6
2314;381;11;12;14;16;23;40;0;0;0,208792;0,4776;15;3;0;-3,528471;-1,488038;0,599698;1,249979;6
2315;408;11;12;16;29;40;49;0;0;-0,405682;-0,1369;15;3;0;-1,416589;1,017616;-0,571094;-1,149183;6
2316;386;11;12;14;16;29;40;0;0;0,421123;0,6899;15;3;0;-1,389347;0,350185;0,446151;-0,066929;6
2317;206;4;12;14;16;40;49;0;0;0,548379;0,8171;15;3;0;-1,821506;0,238740;0,030090;0,680991;6
2318;234;4;14;16;23;25;49;0;0;-1,268590;-0,9998;15;3;0;-1,098971;-1,085598;-0,429311;-0,682353;6
2319;85;4;6;12;23;29;40;0;0;-0,277711;-0,0090;15;3;0;-2,179987;-1,017492;0,446770;0,089713;6
2320;439;12;14;16;23;29;49;0;0;-1,377972;-1,1092;15;3;0;-5,690504;-1,789558;0,633131;-1,230290;6
2321;189;4;11;16;25;29;49;0;0;-0,703803;-0,4350;15;3;0;-3,225713;-0,703589;-1,162371;0,646938;6
2322;46;4;6;11;16;40;49;0;0;-1,583869;-1,3151;15;3;0;-1,934189;-0,891807;-0,719068;-1,132467;6
2323;312;6;11;16;23;29;49;0;0;-1,093076;-0,8243;15;3;0;-2,870946;0,084574;-1,535092;-0,442746;6
2324;13;4;6;11;12;23;29;0;0;-0,694508;-0,4258;15;3;0;-3,981062;-0,855897;-1,234810;0,887783;6
2325;422;11;14;16;25;40;49;0;0;-0,430704;-0,1619;15;3;0;-2,434453;-0,000248;-1,049688;0,303935;6
2326;3;4;6;11;12;14;25;0;0;-1,074489;-0,8057;15;3;0;-1,909424;0,123580;-2,048978;0,064329;6
2327;92;4;6;14;16;23;25;0;0;0,916563;1,1853;15;3;0;-4,110462;0,402812;0,116770;1,067952;6
2328;224;4;12;16;25;29;49;0;0;0,009687;0,2784;15;3;0;-1,306383;0,053617;-0,844753;0,807914;6
2329;360;6;14;16;23;25;49;0;0;-0,836063;-0,5673;15;3;0;-2,451789;-0,828036;-0,878186;0,258119;6
2330;322;6;11;25;29;40;49;0;0;1,719060;1,9878;15;3;0;-3,126031;1,080149;-0,348204;2,245554;6
2331;364;6;14;16;25;29;40;0;0;-2,237663;-1,9689;15;3;0;-0,325667;-2,385170;-1,815562;0,324986;6
2332;438;12;14;16;23;29;40;0;0;-0,412830;-0,1441;15;3;0;-2,381207;0,126676;-2,171567;1,329848;6
2333;196;4;11;25;29;40;49;0;0;-0,648039;-0,3793;15;3;0;-3,483893;0,945796;-0,754359;-1,313874;6
2334;98;4;6;14;16;25;49;0;0;0,957671;1,2264;15;3;0;-2,596048;1,239887;-0,257809;0,676657;6
2335;429;11;16;23;25;29;40;0;0;0,532293;0,8011;15;3;0;-3,410835;0,464106;1,093770;-0,635917;6
2336;223;4;12;16;25;29;40;0;0;-0,324895;-0,0561;15;3;0;-2,219612;0,027614;-0,352538;-0,237811;6
2337;129;4;11;12;14;16;29;0;0;-1,712197;-1,4434;15;3;0;-3,304962;-1,434173;-1,219951;-0,311489;6
2338;207;4;12;14;23;25;29;0;0;0,555886;0,8246;15;3;0;-0,715105;-0,029966;-0,292481;1,285270;6
2339;298;6;11;14;23;25;29;0;0;-1,015508;-0,7467;15;3;0;-4,103032;-0,571713;-1,683686;0,496487;6
2340;18;4;6;11;12;25;49;0;0;-0,264485;0,0043;15;3;0;-1,846891;0,170015;-1,360495;0,732379;6
2341;335;6;12;14;23;25;49;0;0;0,637387;0,9061;15;3;0;-2,660439;1,104915;0,274031;-0,274959;6
2342;449;12;14;25;29;40;49;0;0;-0,186201;0,0826;15;3;0;-2,963198;-0,976010;1,451013;-0,797513;6
2343;370;6;14;23;25;40;49;0;0;1,802348;2,0711;15;3;0;-2,369444;0,768103;0,205926;2,147730;6
2344;259;6;11;12;14;23;29;0;0;0,003253;0,2720;15;3;0;-2,045634;0,736527;-1,266386;0,535493;6
2345;34;4;6;11;14;29;40;0;0;-0,855366;-0,5866;15;3;0;-2,541564;0,113055;-1,328300;-0,266292;6
2346;36;4;6;11;14;40;49;0;0;0,807180;1,0759;15;3;0;-3,198470;2,320284;-0,381637;-0,540570;6
2347;141;4;11;12;14;40;49;0;0;0,418622;0,6874;15;3;0;-2,682728;1,644804;-1,502897;0,583167;6
2348;325;6;12;14;16;23;40;0;0;-1,217472;-0,9487;15;3;0;-1,420923;-0,301768;-1,216236;-0,590720;6
2349;336;6;12;14;23;29;40;0;0;1,436309;1,7051;15;3;0;-2,849276;-0,249761;0,180541;2,556981;6
2350;347;6;12;16;23;29;49;0;0;-0,806751;-0,5380;15;3;0;-3,513612;0,099434;-0,610099;-0,886668;6
2351;346;6;12;16;23;29;40;0;0;0,318890;0,5876;15;3;0;-3,131603;-0,233044;0,769961;0,015417;6
2352;117;4;6;16;23;40;49;0;0;-3,627110;-3,3584;15;3;0;-4,361213;-2,234100;-2,118940;-1,929298;6
2353;329;6;12;14;16;25;49;0;0;-1,894144;-1,6254;15;3;0;-1,702012;-1,070119;-1,509708;-0,700927;6
2354;361;6;14;16;23;29;40;0;0;0,522642;0,7914;15;3;0;-2,508750;-0,802651;0,116150;1,591744;6
2355;380;11;12;14;16;23;29;0;0;0,251687;0,5204;15;3;0;-1,220322;0,342755;-0,143269;0,236449;6
2356;454;12;16;25;29;40;49;0;0;0,175907;0,4447;15;3;0;-2,927907;0,636846;-1,571002;1,238835;6
2357;63;4;6;12;14;23;29;0;0;-0,372438;-0,1037;15;3;0;-1,913758;0,038758;-0,093738;-0,590101;6
2358;301;6;11;14;23;29;40;0;0;0,218086;0,4868;15;3;0;-2,681489;-0,402688;-0,620625;1,401049;6
2359;104;4;6;14;23;25;49;0;0;-0,465735;-0,1970;15;3;0;-1,619667;-1,145654;-0,260286;0,599264;6
2360;111;4;6;14;29;40;49;0;0;-1,356167;-1,0874;15;3;0;-2,165747;-1,670065;-1,953630;1,274745;6
2361;419;11;14;16;23;40;49;0;0;-0,818190;-0,5494;15;3;0;-1,381917;0,642418;0,332849;-2,392414;6
2362;262;6;11;12;14;25;29;0;0;-2,809241;-2,5405;15;3;0;-2,002914;-1,465749;-2,196333;-1,203667;6
2363;220;4;12;16;23;29;40;0;0;1,871695;2,1405;15;3;0;-2,067304;2,075105;2,134542;-0,967776;6
2364;213;4;12;14;25;29;40;0;0;-1,050539;-0,7818;15;3;0;-1,937285;-0,441074;-0,134601;-1,243912;6
2365;462;16;23;25;29;40;49;0;0;0,304592;0,5733;15;3;0;-2,792935;0,039996;0,662231;-0,174659;6
2366;456;14;16;23;25;29;40;0;0;-1,606746;-1,3380;15;3;0;-0,508932;-0,203944;-1,670065;-0,908957;6
2367;302;6;11;14;23;29;49;0;0;0,643106;0,9119;15;3;0;-2,487080;-1,511565;0,708047;1,917411;6
2368;180;4;11;14;25;40;49;0;0;0,781086;1,0498;15;3;0;-1,302049;0,023280;-0,007058;1,336658;6
2369;151;4;11;12;16;40;49;0;0;-2,908616;-2,6399;15;3;0;-4,241719;-2,756653;-1,093647;-1,187570;6
2370;150;4;11;12;16;29;49;0;0;0,843998;1,1128;15;3;0;-2,385541;1,411389;-0,164939;0,215398;6
2371;424;11;14;23;25;29;40;0;0;-0,589773;-0,3210;15;3;0;-1,763926;-0,675109;-0,269573;-0,076835;6
2372;179;4;11;14;25;29;49;0;0;1,198957;1,4677;15;3;0;-0,872986;2,086869;-0,418785;0,408570;6
2373;249;4;16;23;25;40;49;0;0;-0,078606;0,1902;15;3;0;0,008049;0,025137;0,756959;-0,918245;6
2374;270;6;11;12;16;23;40;0;0;-1,269304;-1,0005;15;3;0;-2,585523;0,008420;-1,798845;-0,408074;6
2375;405;11;12;16;25;29;40;0;0;-1,534539;-1,2658;15;3;0;-3,589147;-1,609389;-2,374025;1,325514;6
2376;133;4;11;12;14;23;29;0;0;-0,005326;0,2634;15;3;0;-2,871565;0,857259;-0,070829;-0,795655;6
2377;143;4;11;12;16;23;29;0;0;0,275637;0,5444;15;3;0;-2,166366;-0,701732;0,813920;0,365230;6
2378;87;4;6;12;23;40;49;0;0;-0,802105;-0,5333;15;3;0;-2,263571;0,984802;-3,107086;0,732998;6
2379;188;4;11;16;25;29;40;0;0;-0,836777;-0,5680;15;3;0;-1,796740;-0,033062;-0,579142;-0,837137;6
2380;273;6;11;12;16;25;40;0;0;0,865089;1,1338;15;3;0;-1,170172;0,746434;0,815777;-0,063833;6
2381;444;12;14;16;29;40;49;0;0;1,691178;1,9599;15;3;0;-1,557134;1,888125;0,129771;0,911310;6
2382;289;6;11;14;16;23;29;0;0;1,307624;1,5764;15;3;0;-0,724392;1,458443;-0,693064;1,499492;6
2383;357;6;12;25;29;40;49;0;0;0,149096;0,4179;15;3;0;-3,772412;-0,294958;-1,008825;1,562025;6
2384;79;4;6;12;16;29;40;0;0;0,854723;1,1235;15;3;0;-2,225804;0,096338;0,542118;0,841967;6
2385;428;11;14;25;29;40;49;0;0;-0,556529;-0,2878;15;3;0;-1,694583;-0,554996;0,020184;-0,429125;6
2386;369;6;14;23;25;29;49;0;0;1,981793;2,2506;15;3;0;-2,013439;0,542118;1,773585;1,116864;6
2387;358;6;14;16;23;25;29;0;0;-1,032309;-0,7636;15;3;0;-2,306292;-0,647248;-0,095595;-1,045168;6
2388;440;12;14;16;23;40;49;0;0;-0,877171;-0,6084;15;3;0;-1,766403;1,400244;-1,270101;-1,649447;6
2389;266;6;11;12;14;29;49;0;0;-0,620157;-0,3514;15;3;0;-1,706965;-0,416309;-0,462125;-0,195710;6
2390;156;4;11;12;23;29;49;0;0;0,370722;0,6395;15;3;0;-3,460985;0,374950;-0,078878;0,346037;6
2391;121;4;6;16;29;40;49;0;0;-2,062508;-1,7937;15;3;0;-1,869799;-1,065166;-0,806366;-1,700836;6
2392;310;6;11;16;23;25;49;0;0;0,403250;0,6720;15;3;0;-4,866430;0,261648;-0,577285;1,014087;6
2393;379;11;12;14;16;23;25;0;0;0,519068;0,7878;15;3;0;-4,218811;-0,115407;0,778629;0,235830;6
2394;64;4;6;12;14;23;40;0;0;1,556058;1,8248;15;3;0;-2,397305;1,034333;0,891931;0,768908;6
2395;86;4;6;12;23;29;49;0;0;-1,146338;-0,8776;15;3;0;-1,380060;0,087670;-1,865093;-0,208093;6
2396;420;11;14;16;25;29;40;0;0;1,004140;1,2729;15;3;0;-0,682291;-0,202706;1,730864;0,211064;6
2397;146;4;11;12;16;25;29;0;0;0,055085;0,3238;15;3;0;-3,127270;-1,182183;-1,198281;2,475874;6
2398;5;4;6;11;12;14;40;0;0;-1,068411;-0,7997;15;3;0;-1,111354;-0,754978;-1,191470;0,095905;6
2399;430;11;16;23;25;29;49;0;0;0,446503;0,7153;15;3;0;-2,238806;0,788535;-0,146984;0,131815;6
2400;418;11;14;16;23;29;49;0;0;-1,102727;-0,8340;15;3;0;-4,372357;0,688854;-2,226051;-0,372783;6
2401;385;11;12;14;16;25;49;0;0;1,109948;1,3787;15;3;0;-3,342730;0,700617;1,189737;0,032133;6
2402;187;4;11;16;23;40;49;0;0;-0,664482;-0,3957;15;3;0;-2,495129;-0,506703;-0,948768;0,304554;6
2403;198;4;12;14;16;23;29;0;0;0,292080;0,5608;15;3;0;-2,504416;0,071572;-0,909143;1,343469;6
2404;69;4;6;12;14;29;40;0;0;1,982151;2,2509;15;3;0;-2,714923;1,625610;0,604032;1,203544;6
2405;279;6;11;12;23;25;40;0;0;0,645609;0,9144;15;3;0;-2,734116;0,673375;0,808967;-0,364115;6
2406;239;4;14;16;25;29;49;0;0;-0,571543;-0,3028;15;3;0;-3,399071;0,631274;-1,559239;-0,061976;6
2407;28;4;6;11;14;23;29;0;0;1,453468;1,7222;15;3;0;-2,240044;-0,369873;2,081916;0,805437;6
2408;7;4;6;11;12;16;23;0;0;2,713514;2,9823;15;3;0;-2,181845;1,927750;1,327186;1,445008;6
2409;334;6;12;14;23;25;40;0;0;-1,150985;-0,8822;15;3;0;-1,993626;0,178064;-1,895431;-0,276198;6
2410;333;6;12;14;23;25;29;0;0;-1,510233;-1,2415;15;3;0;-1,826459;-1,745600;-2,487947;1,617747;6
2411;331;6;12;14;16;29;49;0;0;-0,834276;-0,5655;15;3;0;-1,966384;-0,010154;-2,422937;0,988083;6
2412;185;4;11;16;23;29;40;0;0;-0,127220;0,1415;15;3;0;-0,224128;0,757578;-1,174135;0,196205;6
2413;367;6;14;16;29;40;49;0;0;1,045963;1,3147;15;3;0;-2,496367;-0,621863;-0,294339;2,727863;6
2414;436;12;14;16;23;25;40;0;0;-0,349560;-0,0808;15;3;0;-3,834945;-1,333253;-0,946292;1,674089;6
2415;12;4;6;11;12;23;25;0;0;0,036497;0,3053;15;3;0;-2,071019;0,273412;-1,065785;0,855588;6
2416;24;4;6;11;14;16;29;0;0;-0,428558;-0,1598;15;3;0;-1,967623;0,173111;-2,030403;1,115007;6
2417;96;4;6;14;16;25;29;0;0;0,269203;0,5380;15;3;0;-3,187945;-0,158747;-0,637341;1,262362;6
2418;317;6;11;16;29;40;49;0;0;-1,528105;-1,2593;15;3;0;-0,966475;-1,915863;-0,476984;-0,253909;6
2419;62;4;6;12;14;23;25;0;0;-1,834448;-1,5657;15;3;0;-2,112501;-0,745071;-1,698545;-0,733741;6
2420;349;6;12;16;25;29;40;0;0;-0,739191;-0,4704;15;3;0;-3,459747;-0,218184;-0,513514;-0,548619;6
2421;216;4;12;14;29;40;49;0;0;-2,701288;-2,4325;15;3;0;-3,802131;-1,387118;-1,101695;-2,189955;6
2422;40;4;6;11;16;23;49;0;0;-0,884678;-0,6159;15;3;0;-1,607903;0,865927;-1,143178;-1,255056;6
2423;362;6;14;16;23;29;49;0;0;-1,137401;-0,8686;15;3;0;-1,908185;-0,019441;-0,600193;-1,350403;6
2424;175;4;11;14;23;29;40;0;0;0,722105;0,9909;15;3;0;-1,193080;-1,100457;0,378665;1,972514;6
2425;277;6;11;12;16;40;49;0;0;0,830772;1,0995;15;3;0;-0,913230;0,394144;-0,139554;1,184350;6
2426;38;4;6;11;16;23;29;0;0;-0,634813;-0,3661;15;3;0;-3,022016;-0,100548;-0,687492;-0,311489;6
2427;212;4;12;14;23;40;49;0;0;-1,048037;-0,7793;15;3;0;-2,804698;0,196019;-2,680499;0,669227;6
2428;342;6;12;14;29;40;49;0;0;-0,650541;-0,3818;15;3;0;-2,221470;-0,811319;0,188590;-0,504041;6
2429;100;4;6;14;16;29;49;0;0;0,655974;0,9247;15;3;0;-3,331585;1,326567;-0,687492;0,497106;6
2430;397;11;12;14;25;40;49;0;0;-0,885750;-0,6170;15;3;0;-3,023254;1,071481;-1,590815;-1,014830;6
2431;388;11;12;14;16;40;49;0;0;-0,406039;-0,1373;15;3;0;-2,138505;0,165682;-0,156271;-0,712691;6
2432;373;6;16;23;25;29;40;0;0;-0,853579;-0,5848;15;3;0;-2,279669;0,734670;-0,906667;-1,306445;6
2433;295;6;11;14;16;29;40;0;0;-0,436066;-0,1673;15;3;0;-3,301867;-0,264001;-0,745691;0,254404;6
2434;56;4;6;11;29;40;49;0;0;-2,098612;-1,8299;15;3;0;-2,599763;-2,763464;-1,138844;0,267406;6
2435;355;6;12;23;25;40;49;0;0;0,761783;1,0305;15;3;0;-1,269853;0,620748;-1,642823;2,341521;6
2436;407;11;12;16;25;40;49;0;0;-0,330257;-0,0615;15;3;0;-4,187235;1,033095;-2,400648;0,795531;6
2437;161;4;11;12;29;40;49;0;0;-1,608176;-1,3394;15;3;0;-2,227042;-0,870757;-1,002633;-0,912053;6
2438;22;4;6;11;14;16;23;0;0;-0,868234;-0,5995;15;3;0;-1,784358;-1,322728;-0,330868;0,149770;6
2439;315;6;11;16;25;29;49;0;0;-1,516667;-1,2479;15;3;0;-3,275244;-1,933818;-1,814943;1,121817;6
2440;383;11;12;14;16;25;29;0;0;-0,893614;-0,6249;15;3;0;-2,202276;0,288271;-1,019350;-0,816706;6
2441;412;11;12;23;29;40;49;0;0;0,402178;0,6709;15;3;0;-3,323536;0,726002;-0,381018;0,351609;6
2442;455;12;23;25;29;40;49;0;0;2,025046;2,2938;15;3;0;-2,277192;1,488781;-0,464602;2,483303;6
2443;230;4;12;23;29;40;49;0;0;0,108704;0,3775;15;3;0;-2,640007;0,475870;-2,933108;2,645518;6
2444;203;4;12;14;16;25;49;0;0;-0,698799;-0,4300;15;3;0;-3,514231;1,731483;-1,714643;-1,227195;6
2445;125;4;6;23;29;40;49;0;0;-1,497364;-1,2286;15;3;0;-5,332642;-0,603908;-2,037833;0,048231;6
2446;365;6;14;16;25;29;49;0;0;1,075274;1,3440;15;3;0;-2,191132;1,267129;-1,455224;2,050525;6
2447;416;11;14;16;23;25;49;0;0;-2,900394;-2,6316;15;3;0;-3,126031;-2,711456;-1,722691;-0,589482;6
2448;195;4;11;23;29;40;49;0;0;-0,317746;-0,0490;15;3;0;-2,444360;-0,338297;-0,797698;0,585643;6
2449;137;4;11;12;14;25;40;0;0;0,582338;0,8511;15;3;0;-2,301338;0,246789;-0,548805;1,310655;6
2450;256;6;11;12;14;16;40;0;0;0,039356;0,3081;15;3;0;-2,183702;1,357523;-0,357491;-0,931866;6
2451;126;4;6;25;29;40;49;0;0;0,809325;1,0781;15;3;0;-2,584285;1,776680;-0,382256;0,007368;6
2452;243;4;14;23;25;29;49;0;0;0,699585;0,9683;15;3;0;-3,666539;0,628178;0,178064;0,405474;6
2453;37;4;6;11;16;23;25;0;0;-1,801205;-1,5324;15;3;0;-1,532987;-2,162899;-1,736932;0,780053;6
2454;219;4;12;16;23;25;49;0;0;-0,098980;0,1698;15;3;0;-1,809123;0,358853;-0,081974;-0,448318;6
2455;128;4;11;12;14;16;25;0;0;-0,111849;0,1569;15;3;0;-1,127452;0,839304;-0,959913;-0,073120;6
2456;112;4;6;16;23;25;29;0;0;-1,518096;-1,2493;15;3;0;-1,698297;0,342136;-2,270629;-0,700927;6
2457;359;6;14;16;23;25;40;0;0;-0,373868;-0,1051;15;3;0;-0,681672;1,034333;-0,607004;-1,074887;6
2458;303;6;11;14;23;40;49;0;0;0,032207;0,3010;15;3;0;-3,111172;-0,034919;-1,538807;1,629511;6
2459;30;4;6;11;14;23;49;0;0;0,874740;1,1435;15;3;0;-2,848657;1,780395;0,183017;-0,448318;6
2460;452;12;16;23;25;40;49;0;0;-1,588874;-1,3201;15;3;0;-1,612856;-0,839800;-0,424358;-1,487852;6
2461;326;6;12;14;16;23;49;0;0;-0,822121;-0,5534;15;3;0;-3,650442;0,295701;-1,605674;-0,113983;6
2462;73;4;6;12;16;23;29;0;0;0,719602;0,9884;15;3;0;-2,598525;0,943320;-1,336349;1,639417;6
2463;2;4;6;11;12;14;23;0;0;-1,215328;-0,9466;15;3;0;-3,204662;-0,363682;-1,366068;-0,375260;6
2464;296;6;11;14;16;29;49;0;0;0,607717;0,8765;15;3;0;-3,305581;1,003995;0,954464;-0,905862;6
2465;288;6;11;14;16;23;25;0;0;-1,639991;-1,3712;15;3;0;-3,421360;-0,500512;-0,939481;-1,400554;6
2466;54;4;6;11;25;29;49;0;0;-0,531507;-0,2627;15;3;0;-2,276573;0,280222;-1,798845;0,598026;6
2467;343;6;12;16;23;25;29;0;0;-0,846072;-0,5773;15;3;0;-2,604716;-1,101695;-1,032352;0,668608;6
2468;204;4;12;14;16;29;40;0;0;-1,030878;-0,7621;15;3;0;-3,259765;-0,343250;-1,823611;0,381328;6
2469;25;4;6;11;14;16;40;0;0;1,251861;1,5206;15;3;0;-1,778166;0,153299;0,127914;1,887073;6
2470;21;4;6;11;12;40;49;0;0;-0,801747;-0,5330;15;3;0;-2,693253;-0,822464;-0,039873;-0,526330;6
2471;269;6;11;12;16;23;29;0;0;0,619156;0,8879;15;3;0;-2,802841;0,126057;0,426958;0,519395;6
2472;167;4;11;14;16;25;40;0;0;-0,345270;-0,0765;15;3;0;-3,493180;-0,555615;-0,575427;0,533016;6
2473;457;14;16;23;25;29;49;0;0;0,563750;0,8325;15;3;0;-0,224128;0,550786;-0,296196;0,721854;6
2474;202;4;12;14;16;25;40;0;0;-0,526503;-0,2577;15;3;0;-2,766931;1,301182;-1,477513;-0,735599;6
2475;67;4;6;12;14;25;40;0;0;0,396101;0,6649;15;3;0;-4,184758;1,161256;-0,650343;0,175154;6
2476;80;4;6;12;16;29;49;0;0;0,413259;0,6820;15;3;0;-2,690777;-0,366778;-1,115316;2,197880;6
2477;27;4;6;11;14;23;25;0;0;-0,216227;0,0525;15;3;0;-3,359447;0,012754;-0,260905;-0,126366;6
2478;68;4;6;12;14;25;49;0;0;0,954454;1,2232;15;3;0;-3,203424;0,140297;-0,106740;1,619605;6
2479;248;4;16;23;25;29;49;0;0;-1,442315;-1,1736;15;3;0;-3,483274;-0,899237;-1,619295;0,020370;6
2480;318;6;11;23;25;29;40;0;0;-0,133654;0,1351;15;3;0;-1,132405;0,031948;-0,333963;0,070520;6
2481;284;6;11;12;25;29;40;0;0;-0,211223;0,0575;15;3;0;-1,619667;0,191685;-0,091880;-0,465654;6
2482;446;12;14;23;25;29;49;0;0;-1,389769;-1,1210;15;3;0;-2,701921;-0,747548;0,048664;-1,708266;6
2483;114;4;6;16;23;25;49;0;0;-1,152057;-0,8833;15;3;0;-3,652918;-0,458410;-1,107268;-0,429744;6
2484;33;4;6;11;14;25;49;0;0;-1,332217;-1,0635;15;3;0;-1,585614;0,649848;-1,531997;-1,425319;6
2485;116;4;6;16;23;29;49;0;0;0,721747;0,9905;15;3;0;-2,444979;0,551405;1,256604;-0,557906;6
2486;395;11;12;14;25;29;40;0;0;0,840424;1,1092;15;3;0;-2,948338;-0,333344;0,654182;1,134819;6
2487;403;11;12;16;23;29;49;0;0;-1,282173;-1,0134;15;3;0;-2,012820;0,422005;-0,088165;-2,554628;6
2488;389;11;12;14;23;25;29;0;0;-0,853221;-0,5845;15;3;0;-4,676354;-0,358729;-0,611957;-0,507136;6
2489;265;6;11;12;14;29;40;0;0;-1,480206;-1,2114;15;3;0;-1,887754;-0,733308;-0,054732;-1,775752;6
2490;81;4;6;12;16;40;49;0;0;0,358567;0,6273;15;3;0;-1,499554;0,612080;-0,146984;0,155961;6
2491;350;6;12;16;25;29;49;0;0;0,757493;1,0263;15;3;0;-3,496276;2,685576;-0,758073;-0,615486;6
2492;71;4;6;12;14;40;49;0;0;-1,787264;-1,5185;15;3;0;-1,645051;-2,212430;-1,982111;1,098909;6
2493;214;4;12;14;25;29;49;0;0;-0,215870;0,0529;15;3;0;-2,252426;0,400954;-0,483795;-0,291057;6
2494;431;11;16;23;25;40;49;0;0;1,215042;1,4838;15;3;0;-2,516799;0,183017;0,359472;1,562025;6
2495;425;11;14;23;25;29;49;0;0;-1,704333;-1,4356;15;3;0;-4,353783;-2,386408;-0,888093;0,322509;6
2496;394;11;12;14;23;40;49;0;0;-1,242852;-0,9741;15;3;0;-0,846363;-0,828036;0,226976;-1,551623;6
2497;409;11;12;23;25;29;40;0;0;1,978576;2,2473;15;3;0;-3,397214;0,014612;1,293752;2,118631;6
2498;109;4;6;14;25;29;49;0;0;-1,399062;-1,1303;15;3;0;-1,914377;0,634989;-1,759840;-1,298396;6
2499;286;6;11;12;25;40;49;0;0;-1,159564;-0,8908;15;3;0;-3,659729;-0,133362;-1,514042;-0,361020;6
2500;393;11;12;14;23;29;49;0;0;-0,340624;-0,0719;15;3;0;-3,027588;0,194162;-0,388448;-0,395692;6
2501;283;6;11;12;23;40;49;0;0;0,749629;1,0184;15;3;0;-2,498224;1,811352;-0,396496;-0,116460;6
2502;297;6;11;14;16;40;49;0;0;0,115853;0,3846;15;3;0;-3,044305;1,219456;-2,060741;1,041948;6
2503;132;4;11;12;14;23;25;0;0;0,742480;1,0112;15;3;0;-2,662296;-1,237287;1,644185;0,879115;6
2504;228;4;12;23;25;29;49;0;0;-1,107375;-0,8386;15;3;0;-3,274005;-0,920288;0,339659;-1,337401;6
2505;127;4;11;12;14;16;23;0;0;-0,880030;-0,6113;15;3;0;-1,909424;0,116770;-0,273907;-1,367120;6
2506;396;11;12;14;25;29;49;0;0;-0,580837;-0,3121;15;3;0;-3,795939;-1,638489;0,562549;0,069901;6
2507;155;4;11;12;23;29;40;0;0;-0,259838;0,0089;15;3;0;-1,051297;-0,021918;-1,328919;0,900785;6
2508;253;6;11;12;14;16;23;0;0;-0,193707;0,0751;15;3;0;-3,117982;0,113674;-0,270811;-0,178374;6
2509;268;6;11;12;16;23;25;0;0;0,149812;0,4186;15;3;0;-3,193517;0,514257;-0,566140;0,311365;6
2510;99;4;6;14;16;29;40;0;0;-0,515779;-0,2470;15;3;0;-2,966293;-0,244188;-1,221808;0,572641;6
2511;453;12;16;23;29;40;49;0;0;0,321392;0,5902;15;3;0;-1,473550;0,423243;0,866546;-0,733122;6
2512;257;6;11;12;14;16;49;0;0;0,454367;0,7231;15;3;0;-3,126031;-0,865804;-0,572332;2,225122;6
2513;421;11;14;16;25;29;49;0;0;-1,574218;-1,3055;15;3;0;-2,058636;-0,603289;-1,640965;-0,482371;6
2514;160;4;11;12;25;40;49;0;0;-2,125778;-1,8570;15;3;0;-2,043777;-1,118412;-2,668116;0,104573;6
2515;75;4;6;12;16;23;49;0;0;-0,186630;-0,0676;16;3;0;-0,807357;0,767732;0,092561;-1,183545;6
2516;308;6;11;16;23;25;29;0;0;0,926500;1,0455;16;3;0;-1,134881;0,676099;0,111135;0,817511;6
2517;136;4;11;12;14;25;29;0;0;0,655546;0,7746;16;3;0;0,232177;1,710680;0,693126;-1,268367;6
2518;309;6;11;16;23;25;40;0;0;-0,115495;0,0035;16;3;0;-1,470454;0,382009;-1,031795;0,449742;6
2519;57;4;6;12;14;16;23;0;0;0,451079;0,5701;16;3;0;-2,575617;1,272949;-0,501193;0,009535;6
2520;235;4;14;16;23;29;40;0;0;-0,212724;-0,0937;16;3;0;-3,134080;0,217937;0,514195;-1,100581;6
2521;260;6;11;12;14;23;40;0;0;-0,256335;-0,1373;16;3;0;-1,817172;0,081726;-0,581062;0,055351;6
2522;107;4;6;14;23;40;49;0;0;-0,663482;-0,5444;16;3;0;-2,462315;1,292142;0,118565;-2,559891;6
2523;181;4;11;14;29;40;49;0;0;1,407284;1,5263;16;3;0;-2,169462;0,967714;0,577966;0,891807;6
2524;417;11;14;16;23;29;40;0;0;-0,875813;-0,7568;16;3;0;-2,104452;1,129928;-0,394701;-2,252179;6
2525;433;11;16;25;29;40;49;0;0;-0,469738;-0,3507;16;3;0;-2,360157;0,580133;-0,345789;-1,047954;6
2526;410;11;12;23;25;29;49;0;0;-0,899404;-0,7804;16;3;0;-2,226423;-1,130547;-0,891250;0,463983;6
2527;105;4;6;14;23;29;40;0;0;-0,132296;-0,0133;16;3;0;-1,467978;0,450114;-0,702413;0,023156;6
2528;378;6;23;25;29;40;49;0;0;1,391198;1,5102;16;3;0;0,091013;0,626568;0,941400;0,841657;6
2529;173;4;11;14;23;25;40;0;0;-0,901550;-0,7825;16;3;0;-2,269143;-1,080397;0,056032;-0,537165;6
2530;52;4;6;11;23;40;49;0;0;-1,787335;-1,6683;16;3;0;-2,063589;-0,483547;-0,582300;-2,029908;6
2531;294;6;11;14;16;25;49;0;0;0,393528;0,5126;16;3;0;-1,339816;0,642666;-0,797141;0,836085;6
2532;437;12;14;16;23;25;49;0;0;-0,781443;-0,6624;16;3;0;0,245179;-0,746062;-0,480761;-0,126676;6
2533;91;4;6;12;29;40;49;0;0;-1,280815;-1,1618;16;3;0;-0,608613;-1,044487;-0,681362;-0,492587;6
2534;316;6;11;16;25;40;49;0;0;-0,077247;0,0418;16;3;0;-0,783210;1,078540;-1,112902;-0,099434;6
2535;29;4;6;11;14;23;40;0;0;-0,032565;0,0865;16;3;0;0,137449;0,226605;-1,294929;1,011920;6
2536;291;6;11;14;16;23;49;0;0;-1,520313;-1,4013;16;3;0;-1,108877;-1,379441;0,088846;-1,342664;6
2537;441;12;14;16;25;29;40;0;0;0,196567;0,3156;16;3;0;-0,415442;0,362815;-0,655358;0,633007;6
2538;49;4;6;11;23;25;49;0;0;0,431061;0,5501;16;3;0;-0,520696;0,889702;-0,562487;0,419405;6
2539;90;4;6;12;25;40;49;0;0;-1,209322;-1,0903;16;3;0;-1,355914;0,265610;-0,418847;-1,941371;6
2540;240;4;14;16;25;40;49;0;0;-0,820406;-0,7014;16;3;0;-0,104634;0,923136;-1,464573;-0,879548;6
2541;6;4;6;11;12;14;49;0;0;1,731857;1,8509;16;3;0;0,419157;0,889083;-0,156952;2,267533;6
2542;164;4;11;14;16;23;40;0;0;0,631954;0,7510;16;3;0;-1,897041;0,716963;0,203387;0,174226;6
2543;58;4;6;12;14;16;25;0;0;-0,089401;0,0296;16;3;0;-2,851753;-0,487262;1,079468;-0,747053;6
2544;60;4;6;12;14;16;40;0;0;1,585656;1,7047;16;3;0;-0,767732;0,379532;0,605208;1,761697;6
2545;120;4;6;16;25;40;49;0;0;-0,339623;-0,2206;16;3;0;0,157880;1,181317;-1,143859;-0,625702;6
2546;304;6;11;14;25;29;40;0;0;-0,321392;-0,2024;16;3;0;-0,475498;0,233415;0,290066;-1,080149;6
2547;166;4;11;14;16;25;29;0;0;-0,826125;-0,7071;16;3;0;-1,078540;0,137449;-0,338978;-1,229362;6
2548;169;4;11;14;16;29;40;0;0;-1,359813;-1,2408;16;3;0;0,074297;0,316380;-0,502431;-2,169214;6
2549;131;4;11;12;14;16;49;0;0;1,634986;1,7540;16;3;0;-0,899608;1,360248;0,377984;1,093647;6
2550;186;4;11;16;23;29;49;0;0;-2,103330;-1,9843;16;3;0;0,732441;-0,235892;-1,019412;-2,387770;6
2551;392;11;12;14;23;29;40;0;0;0,834633;0,9537;16;3;0;-1,960812;1,162123;0,624401;-0,340898;6
2552;199;4;12;14;16;23;40;0;0;-1,488498;-1,3695;16;3;0;-1,358390;-0,103396;-0,637403;-1,837356;6
2553;88;4;6;12;25;29;40;0;0;1,306838;1,4259;16;3;0;-3,069690;1,126213;0,239297;0,897999;6
2554;41;4;6;11;16;25;29;0;0;-2,084385;-1,9653;16;3;0;-0,290995;-0,734918;-1,609451;-1,265891;6
2555;110;4;6;14;25;40;49;0;0;1,375470;1,4945;16;3;0;-0,770208;1,920568;-0,886297;1,348113;6
2556;84;4;6;12;23;25;49;0;0;-0,520855;-0,4018;16;3;0;-0,667431;0,399964;-2,118383;0,816272;6
2557;399;11;12;16;23;25;29;0;0;-0,121572;-0,0025;16;3;0;-1,405445;0,221033;-0,785997;0,354395;6
2558;319;6;11;23;25;29;49;0;0;1,208179;1,3272;16;3;0;-1,267996;1,038915;0,907967;0,145745;6
2559;94;4;6;14;16;23;40;0;0;0,085040;0,2041;16;3;0;-1,189985;0,225366;0,042411;-0,120484;6
2560;102;4;6;14;23;25;29;0;0;-3,020930;-2,9019;16;3;0;0,387581;-1,409160;-2,237258;-1,585986;6
2561;311;6;11;16;23;29;40;0;0;-0,101554;0,0175;16;3;0;-1,976291;-0,551033;-0,672694;1,047830;6
2562;390;11;12;14;23;25;40;0;0;0,843570;0,9626;16;3;0;-2,823272;1,195557;0,180479;0,085070;6
2563;241;4;14;16;29;40;49;0;0;0,844285;0,9633;16;3;0;-1,142930;-0,013002;-0,020741;1,496087;6
2564;162;4;11;14;16;23;25;0;0;0,318461;0,4375;16;3;0;-0,999290;0,461258;1,893636;-1,803303;6
2565;251;4;16;25;29;40;49;0;0;-0,751416;-0,6324;16;3;0;-1,802313;-1,121879;-1,075753;0,896141;6
2566;338;6;12;14;23;40;49;0;0;-2,169817;-2,0508;16;3;0;-0,160976;-0,277993;-1,130238;-2,350003;6
2567;215;4;12;14;25;40;49;0;0;-0,538013;-0,4190;16;3;0;-1,698297;0,357862;-1,573541;0,283813;6
2568;252;4;23;25;29;40;49;0;0;0,048221;0,1673;16;3;0;-3,044305;0,962761;-0,368697;-0,510542;6
2569;423;11;14;16;29;40;49;0;0;-1,326212;-1,2072;16;3;0;-1,820887;-1,412255;-0,193481;-0,691330;6
2570;275;6;11;12;16;29;40;0;0;-0,342125;-0,2231;16;3;0;-2,314340;1,459310;-1,800146;-0,251742;6
2571;332;6;12;14;16;40;49;0;0;1,159564;1,2786;16;3;0;-2,349012;1,294000;0,606446;0,107978;6
2572;445;12;14;23;25;29;40;0;0;-0,967323;-0,8483;16;3;0;0,609852;-1,146026;-0,134663;-0,394763;6
2573;387;11;12;14;16;29;49;0;0;-0,308524;-0,1895;16;3;0;-0,377055;0,921278;0,372412;-1,828069;6
2574;122;4;6;23;25;29;40;0;0;2,252676;2,3717;16;3;0;-2,144077;2,300100;0,578585;1,023065;6
2575;450;12;16;23;25;29;40;0;0;-0,597709;-0,4787;16;3;0;-0,185742;-1,561468;0,781043;-0,254837;6
2576;70;4;6;12;14;29;49;0;0;-1,482064;-1,3630;16;3;0;-0,094109;-1,656196;0,385414;-1,296229;6
2577;434;11;23;25;29;40;49;0;0;1,904511;2,0235;16;3;0;-0,489120;0,477975;2,166057;0,654677;6
2578;285;6;11;12;25;29;49;0;0;-0,172332;-0,0533;16;3;0;-1,061204;0,435254;0,005263;-0,739004;6
2579;208;4;12;14;23;25;40;0;0;-1,249715;-1,1307;16;3;0;-1,594901;-0,706437;-1,280069;-0,178064;6
2580;246;4;14;25;29;40;49;0;0;2,682343;2,8014;16;3;0;-0,435874;2,495748;0,688792;1,461415;6
2581;339;6;12;14;25;29;40;0;0;-0,668844;-0,5498;16;3;0;-2,588619;-0,366530;-1,492434;0,700493;6
2582;217;4;12;16;23;25;29;0;0;-0,636672;-0,5176;16;3;0;-1,166457;0,185122;0,230010;-1,517880;6
2583;50;4;6;11;23;29;40;0;0;0,670201;0,7892;16;3;0;-2,315579;1,331148;0,491906;-0,662231;6
2584;406;11;12;16;25;29;49;0;0;0,098623;0,2177;16;3;0;-1,613475;-0,557225;1,251589;-0,523544;6
2585;300;6;11;14;23;25;49;0;0;0,498978;0,6180;16;3;0;-0,476118;0,396868;-0,591587;1,058975;6
2586;323;6;12;14;16;23;25;0;0;-0,137658;-0,0186;16;3;0;-0,121351;-0,872986;-1,457143;2,091698;6
2587;307;6;11;14;29;40;49;0;0;-2,002169;-1,8831;16;3;0;-1,816553;-0,901466;-0,984740;-1,581652;6
2588;191;4;11;16;29;40;49;0;0;-0,297085;-0,1780;16;3;0;0,034672;-0,484166;0,508622;-0,539022;6
2589;244;4;14;23;25;40;49;0;0;-1,099939;-0,9809;16;3;0;-1,812219;-1,560229;-0,313594;-0,031328;6
2590;115;4;6;16;23;29;40;0;0;-0,767144;-0,6481;16;3;0;-2,276573;0,414204;-0,801475;-0,941462;6
2591;20;4;6;11;12;29;49;0;0;0,043932;0,1630;16;3;0;-2,225184;1,120641;0,317928;-1,362477;6
2592;372;6;14;25;29;40;49;0;0;0,173689;0,2927;16;3;0;-0,686625;0,269325;0,956879;-0,925365;6
2593;263;6;11;12;14;25;40;0;0;0,607647;0,7267;16;3;0;-0,609232;-0,314522;0,425039;0,941958;6
2594;39;4;6;11;16;23;40;0;0;-2,052570;-1,9335;16;3;0;-0,518838;-0,329382;-2,641555;-0,584219;6
2595;176;4;11;14;23;29;49;0;0;-0,797529;-0,6785;16;3;0;-0,975763;0,543604;0,077083;-2,002047;6
2596;229;4;12;23;25;40;49;0;0;0,195137;0,3142;16;3;0;-0,067486;-0,304616;0,007120;0,635484;6
2597;148;4;11;12;16;25;49;0;0;-0,090116;0,0289;16;3;0;-0,039006;-0,827169;1,716562;-1,045478;6
2598;443;12;14;16;25;40;49;0;0;1,048394;1,1674;16;3;0;-2,098880;2,014058;-0,064700;-0,133486;6
2599;366;6;14;16;25;40;49;0;0;1,080208;1,1992;16;3;0;-2,838751;0,902085;-0,592206;1,561096;6
2600;159;4;11;12;25;29;49;0;0;0,562963;0,6820;16;3;0;-1,454357;0,876700;0,373031;-0,274650;6
2601;427;11;14;23;29;40;49;0;0;-0,341410;-0,2224;16;3;0;-1,754639;0,472403;-0,415132;-0,648610;6
2602;200;4;12;14;16;23;49;0;0;0,955812;1,0748;16;3;0;-1,347865;2,284622;1,404516;-2,033623;6
2603;411;11;12;23;25;40;49;0;0;0,237675;0,3567;16;3;0;-1,030247;0,172121;0,229391;0,010154;6
2604;190;4;11;16;25;40;49;0;0;0,041430;0,1605;16;3;0;-1,315050;0,627187;1,250351;-1,805780;6
2605;242;4;14;23;25;29;40;0;0;-0,763213;-0,6442;16;3;0;-3,023254;-0,295329;-1,482528;0,455934;6
2606;236;4;14;16;23;29;49;0;0;-0,040786;0,0783;16;3;0;0,082345;0,591277;-0,666503;0,004582;6
2607;77;4;6;12;16;25;40;0;0;-0,835419;-0,7164;16;3;0;-1,845033;0,784449;-2,055850;-0,175588;6
2608;140;4;11;12;14;29;49;0;0;-0,029348;0,0897;16;3;0;-0,768351;-0,466831;-0,486953;0,902952;6
2609;101;4;6;14;16;40;49;0;0;0,002466;0,1215;16;3;0;-1,473550;0,474879;-0,477665;0,007058;6
2610;19;4;6;11;12;29;40;0;0;0,386736;0,5058;16;3;0;-0,864318;1,279760;1,060894;-1,670808;6
2611;123;4;6;23;25;29;49;0;0;0,523643;0,6427;16;3;0;-0,704580;0,801785;-0,254156;0,359348;6
2612;250;4;16;23;29;40;49;0;0;0,048579;0,1676;16;3;0;-0,900847;0,092252;-0,881344;0,873233;6
2613;461;14;23;25;29;40;49;0;0;0,043932;0,1630;16;3;0;-1,200510;-0,096586;0,961832;-0,789154;6
2614;264;6;11;12;14;25;49;0;0;-0,202716;-0,0837;16;3;0;-3,423837;0,473022;-0,192862;-0,631274;6
2615;348;6;12;16;23;40;49;0;0;-0,196281;-0,0772;16;3;0;-1,554038;-0,807357;-0,202149;0,669537;6
2616;163;4;11;14;16;23;29;0;0;0,058230;0,1773;16;3;0;-0,420395;0,421633;0,039315;-0,360091;6
2617;404;11;12;16;23;40;49;0;0;0,446432;0,5655;16;3;0;-3,639297;0,967714;-0,763088;0,568617;6
2618;145;4;11;12;16;23;49;0;0;0,802105;0,9211;16;3;0;-0,390057;0,810453;0,595921;-0,017088;6
2619;401;11;12;16;23;25;49;0;0;1,489500;1,6085;16;3;0;-0,113922;1,715014;0,306164;0,558711;6
2620;193;4;11;23;25;29;49;0;0;1,549910;1,6689;16;3;0;1,529892;-0,289757;2,387708;0,586572;6
2621;10;4;6;11;12;16;40;0;0;-2,101542;-1,9825;16;3;0;-0,234654;-1,446927;-1,919020;-0,274031;6
2622;134;4;11;12;14;23;40;0;0;-0,397532;-0,2785;16;3;0;-0,864937;-1,142930;-0,678886;1,133271;6
2623;353;6;12;23;25;29;40;0;0;-0,041144;0,0779;16;3;0;-1,318146;-1,454357;0,496859;0,886235;6
2624;182;4;11;16;23;25;29;0;0;-0,052225;0,0668;16;3;0;-0,927470;1,376345;-0,415132;-1,051669;6
2625;95;4;6;14;16;23;49;0;0;-0,748557;-0,6295;16;3;0;-1,266758;-0,559701;-0,819430;0,082593;6
2626;97;4;6;14;16;25;40;0;0;0,169757;0,2888;16;3;0;-0,586943;-0,185742;0,319785;0,159985;6
2627;82;4;6;12;23;25;29;0;0;-0,328184;-0,2091;16;3;0;-1,459310;1,745971;-1,188437;-1,125966;6
2628;305;6;11;14;25;29;49;0;0;1,065909;1,1849;16;3;0;-3,981681;-0,637094;1,675699;0,807604;6
2629;153;4;11;12;23;25;40;0;0;1,024802;1,1438;16;3;0;-1,635145;1,004243;0,197815;0,572951;6
2630;426;11;14;23;25;40;49;0;0;1,383692;1,5027;16;3;0;-2,129837;0,280470;0,716653;1,399501;6
2631;413;11;12;25;29;40;49;0;0;0,553313;0,6723;16;3;0;-0,931804;0,453829;0,594064;-0,089527;6
2632;368;6;14;23;25;29;40;0;0;1,280743;1,3998;16;3;0;-0,619758;2,031394;0,645452;-0,458534;6
2633;221;4;12;16;23;29;49;0;0;1,233916;1,3530;16;3;0;-1,937285;-0,482928;1,860821;0,759312;6
2634;271;6;11;12;16;23;49;0;0;0,412473;0,5315;16;3;0;-2,036966;0,877939;0,698698;-0,862213;6
2635;113;4;6;16;23;25;40;0;0;-0,109061;0,0100;16;3;0;-2,706255;0,998052;-0,872676;-0,314275;6
2636;31;4;6;11;14;25;29;0;0;0,279856;0,3989;16;3;0;-1,170791;-1,068633;0,929018;0,624339;6
2637;247;4;16;23;25;29;40;0;0;-0,363930;-0,2449;16;3;0;-2,069781;0,886607;-0,586015;-0,930937;6
2638;74;4;6;12;16;23;40;0;0;-1,296543;-1,1775;16;3;0;-1,767022;-0,199363;-1,259638;-0,786678;6
2639;398;11;12;14;29;40;49;0;0;0,888967;1,0080;16;3;0;-0,232177;0,669289;0,725940;0,144507;6
2640;144;4;11;12;16;23;40;0;0;-0,892256;-0,7732;16;3;0;-3,108695;0,022908;-0,472093;-1,096247;6
2641;55;4;6;11;25;40;49;0;0;0,370650;0,4897;16;3;0;-1,278521;-0,333716;0,185432;0,790269;6
2642;209;4;12;14;23;25;49;0;0;0,041787;0,1608;16;3;0;-3,784795;0,565893;0,603351;-1,096866;6
2643;26;4;6;11;14;16;49;0;0;-1,340152;-1,2211;16;3;0;-1,618428;0,359720;-1,538250;-1,142682;6
2644;147;4;11;12;16;25;40;0;0;0,861085;0,9801;16;3;0;-1,606046;1,438259;-0,610161;0,663345;6
2645;61;4;6;12;14;16;49;0;0;-0,083682;0,0354;16;3;0;-1,534226;0,095966;-1,424329;1,183422;6
2646;384;11;12;14;16;25;40;0;0;-1,077419;-0,9584;16;3;0;-0,805499;-1,261185;-0,316689;-0,288271;6
2647;448;12;14;23;29;40;49;0;0;1,295399;1,4144;16;3;0;-2,646199;0,847601;0,728417;0,667679;6
2648;59;4;6;12;14;16;29;0;0;-0,935151;-0,8161;16;3;0;-1,095256;-0,382628;-0,802094;-0,435007;6
2649;254;6;11;12;14;16;25;0;0;0,187273;0,3063;16;3;0;-2,056779;0,183884;-0,824383;0,964866;6
2650;282;6;11;12;23;29;49;0;0;-1,524245;-1,4052;16;3;0;-3,075881;-0,001238;-0,516052;-2,122779;6
2651;157;4;11;12;23;40;49;0;0;-1,565352;-1,4463;16;3;0;-0,106492;-1,298334;-0,008358;-1,404578;6
2652;4;4;6;11;12;14;29;0;0;0,961174;1,0802;16;3;0;-0,051389;0,311427;0,806428;0,546947;6
2653;238;4;14;16;25;29;40;0;0;1,016580;1,1356;16;3;0;-1,470454;0,141164;0,930875;0,688730;6
2654;51;4;6;11;23;29;49;0;0;-0,169115;-0,0501;16;3;0;-1,813457;0,819120;-0,979787;-0,132248;6
2655;363;6;14;16;23;40;49;0;0;0,377800;0,4968;16;3;0;-0,016098;0,354766;0,844196;-0,544594;6
2656;183;4;11;16;23;25;40;0;0;-1,703332;-1,5843;16;3;0;-1,802932;-0,361577;-0,073368;-2,515313;6
2657;442;12;14;16;25;29;49;0;0;-1,182156;-1,0631;16;3;0;-1,129309;1,250041;-1,497387;-1,800208;6
2658;299;6;11;14;23;25;40;0;0;0,387093;0,5061;16;3;0;-2,389875;-0,705199;1,771046;-0,395382;6
2659;11;4;6;11;12;16;49;0;0;-0,508344;-0,3893;16;3;0;-2,181845;-0,151689;-0,675790;-0,052998;6
2660;17;4;6;11;12;25;40;0;0;-1,264014;-1,1450;16;3;0;-2,030156;-0,662478;-0,194719;-1,332139;6
2661;76;4;6;12;16;25;29;0;0;-1,513878;-1,3948;16;3;0;-1,152836;-2,085878;-0,263444;-0,272792;6
2662;377;6;16;25;29;40;49;0;0;-1,780186;-1,6611;16;3;0;0,533078;-1,609141;-0,209578;-1,264653;6
2663;47;4;6;11;23;25;29;0;0;0,123645;0,2427;16;3;0;-0,015478;-0,225986;0,238678;0,201468;6
2664;231;4;12;25;29;40;49;0;0;-1,518526;-1,3995;16;3;0;-0,790021;0,457543;-2,501011;-0,586696;6
2665;225;4;12;16;25;40;49;0;0;-1,735147;-1,6161;16;3;0;-0,386343;-0,993718;-0,701175;-1,310469;6
2666;170;4;11;14;16;29;49;0;0;-1,752304;-1,6333;16;3;0;-0,918802;0,201220;-1,776618;-1,459681;6
2667;32;4;6;11;14;25;40;0;0;-0,143377;-0,0243;16;3;0;-1,058727;0,383866;0,234344;-0,866546;6
2668;345;6;12;16;23;25;49;0;0;-0,676708;-0,5577;16;3;0;-1,225895;-1,100829;1,145716;-1,216979;6
2669;344;6;12;16;23;25;40;0;0;-0,418978;-0,2999;16;3;0;-2,349012;-0,350432;-0,030647;-0,344613;6
2670;354;6;12;23;25;29;49;0;0;0,539014;0,6581;16;3;0;-1,246326;0,973905;-0,992170;0,951864;6
2671;330;6;12;14;16;29;40;0;0;0,221231;0,3403;16;3;0;-1,248184;1,241992;-1,951835;1,093027;6
2672;130;4;11;12;14;16;40;0;0;-0,620943;-0,5019;16;3;0;-0,972048;-1,194318;1,317218;-1,198405;6
2673;371;6;14;23;29;40;49;0;0;1,685388;1,8044;16;3;0;-1,174506;1,953383;1,174196;-0,208402;6
2674;65;4;6;12;14;23;49;0;0;0,562606;0,6816;16;3;0;-1,625239;1,392443;-0,849768;0,431787;6
2675;89;4;6;12;25;29;49;0;0;-1,543905;-1,4249;16;3;0;0,238368;-0,970809;-0,259729;-1,443584;6
2676;447;12;14;23;25;40;49;0;0;0,219444;0,3385;16;3;0;0,747919;0,791878;-0,038696;-0,373093;6
2677;351;6;12;16;25;40;49;0;0;0,728110;0,8471;16;3;0;-0,842029;0,616043;-0,551962;1,197043;6
2678;149;4;11;12;16;29;40;0;0;0,254476;0,3735;16;3;0;-3,160084;0,783830;-0,677028;0,333963;6
2679;222;4;12;16;23;40;49;0;0;-0,693150;-0,5741;16;3;0;-1,950287;-0,380770;-0,319785;-0,500016;6
2680;135;4;11;12;14;23;49;0;0;0,694151;0,8132;16;3;0;-2,912428;1,510698;-1,436092;1,127699;6
2681;375;6;16;23;25;40;49;0;0;-0,690648;-0,5716;16;3;0;-2,093308;-0,992479;2,068233;-2,271991;6
2682;459;14;16;23;29;40;49;0;0;1,113810;1,2328;16;3;0;0,482928;1,521224;0,580443;-0,172492;6
2683;292;6;11;14;16;25;29;0;0;2,585471;2,7045;16;3;0;-0,118255;1,680961;-0,040554;2,837760;6
2684;352;6;12;16;29;40;49;0;0;0,883963;1,0030;16;3;0;-0,503979;-0,731822;-0,413275;2,676165;6
2685;168;4;11;14;16;25;49;0;0;-0,079034;0,0400;16;3;0;0,250751;0,496549;0,581062;-1,214502;6
2686;233;4;14;16;23;25;40;0;0;-1,175364;-1,0563;16;3;0;0,794355;-0,887226;-1,275735;0,127171;6
2687;16;4;6;11;12;25;29;0;0;1,799775;1,9188;16;3;0;-0,017336;1,695821;1,127142;0,294339;6
2688;458;14;16;23;25;40;49;0;0;-0,605572;-0,4865;16;3;0;-0,320095;-0,207411;-1,069562;0,228091;6
2689;210;4;12;14;23;29;40;0;0;-1,004140;-0,8851;16;3;0;-0,522553;-0,189456;-2,089283;0,539517;6
2690;9;4;6;11;12;16;29;0;0;-0,347130;-0,2281;16;3;0;-0,335573;0,786925;-0,384176;-1,003995;6
2691;414;11;14;16;23;25;29;0;0;-1,287249;-1,1682;16;3;0;-0,949140;0,234034;-0,811381;-1,652233;6
2692;192;4;11;23;25;29;40;0;0;-0,540158;-0,4211;16;3;0;0,012383;-0,378913;-0,536484;-0,020184;6
2693;267;6;11;12;14;40;49;0;0;-1,684387;-1,5654;16;3;0;0,056342;-1,571993;-0,854721;-0,490729;6
2694;197;4;12;14;16;23;25;0;0;-0,422553;-0,3035;16;3;0;0,331239;0,596231;-0,392843;-0,935271;6
2695;226;4;12;16;29;40;49;0;0;0,383519;0,5026;16;3;0;0,775162;0,656287;0,134044;-0,126057;6
2696;313;6;11;16;23;40;49;0;0;0,927573;1,0466;16;3;0;-1,153455;0,074916;-0,008978;1,540665;6
2697;178;4;11;14;25;29;40;0;0;-0,081894;0,0371;16;3;0;-1,469835;1,033342;-0,881344;-0,293843;6
2698;328;6;12;14;16;25;40;0;0;-1,924242;-1,8052;16;3;0;-0,627807;-1,188127;-0,961832;-1,182926;6
2699;48;4;6;11;23;25;40;0;0;0,515064;0,6341;16;3;0;-2,027679;0,350432;0,218866;0,322819;6
2700;218;4;12;16;23;25;40;0;0;1,521313;1,6403;16;3;0;-1,465501;0,848839;0,704270;1,081883;6
2701;391;11;12;14;23;25;49;0;0;-0,099767;0,0193;16;3;0;-2,198561;0,601184;-0,291924;-0,482061;6
2702;93;4;6;14;16;23;29;0;0;-0,622731;-0,5037;16;3;0;-1,528034;-1,908185;0,487572;0,342012;6
2703;118;4;6;16;25;29;40;0;0;-2,193410;-2,0744;16;3;0;-0,610471;-3,257289;0,015788;-0,557596;6
2704;138;4;11;12;14;25;49;0;0;1,074489;1,1935;16;3;0;-1,801074;-0,284185;0,495621;1,649633;6
2705;306;6;11;14;25;40;49;0;0;0,384591;0,5036;16;3;0;-1,065538;-0,667431;1,948120;-0,614557;6
2706;184;4;11;16;23;25;49;0;0;-0,629880;-0,5108;16;3;0;-1,955240;-0,612328;-0,873295;0,394639;6
2707;158;4;11;12;25;29;40;0;0;-0,387879;-0,2688;16;3;0;-1,404207;-0,377055;-0,428134;0,133362;6
2708;211;4;12;14;23;29;49;0;0;-0,459014;-0,3400;16;3;0;-0,304616;1,397396;0,224438;-2,416870;6
2709;402;11;12;16;23;29;40;0;0;0,219444;0,3385;16;3;0;-1,154074;0,742347;-0,984740;0,622482;6
2710;8;4;6;11;12;16;25;0;0;0,850719;0,9698;16;3;0;-1,700155;-0,396868;0,971119;0,899237;6
2711;194;4;11;23;25;40;49;0;0;0,792096;0,9111;16;3;0;-1,137977;1,181936;0,666503;-0,476489;6
2712;341;6;12;14;25;40;49;0;0;0,501838;0,6209;16;3;0;-0,784449;0,623473;-0,257252;0,502988;6
2713;45;4;6;11;16;29;49;0;0;-1,879917;-1,7609;16;3;0;-2,612146;-0,658144;-0,877629;-1,720339;6
2714;106;4;6;14;23;29;49;0;0;-1,086714;-0,9677;16;3;0;-0,320095;0,227224;-1,893636;-0,215832;6
2715;232;4;14;16;23;25;29;0;0;-1,015221;-0,8962;16;3;0;-4,171137;-0,419776;-1,606355;0,267716;6
2716;66;4;6;12;14;25;29;0;0;0,545090;0,6641;16;3;0;-1,100829;1,139215;0,052936;-0,248027;6
2717;340;6;12;14;25;29;49;0;0;-1,188232;-1,0692;16;3;0;-1,549704;1,111973;-0,728417;-2,441635;6
2718;103;4;6;14;23;25;40;0;0;1,423298;0,7806;17;3;1;1,235182;1,387056;-0,541994;1,620162;6
2719;1;4;6;11;12;14;16;0;0;0,570041;-0,0727;17;3;1;0,029100;0,779681;-1,362353;1,570012;6
2720;177;4;11;14;23;40;49;0;0;1,599526;0,9568;17;3;1;-0,427825;1,894131;-0,005820;0,882149;6
2721;258;6;11;12;14;23;25;0;0;2,280487;1,6378;17;3;1;0,908276;1,107825;1,531501;1,310593;6
2722;171;4;11;14;16;40;49;0;0;1,114810;0,4721;17;3;1;-0,744824;2,006195;1,521595;-1,596882;6
2723;245;4;14;23;29;40;49;0;0;-1,662296;-2,3050;17;3;1;1,263043;-1,747643;-0,353157;-0,778381;6
2724;432;11;16;23;29;40;49;0;0;-0,303948;-0,9467;17;3;1;-0,339907;-0,793550;0,096957;0,170139;6
2725;255;6;11;12;14;16;29;0;0;1,396846;0,7541;17;3;1;0,816025;1,855125;-0,913477;1,477760;6
2726;43;4;6;11;16;25;49;0;0;1,510519;0,8678;17;3;1;-0,034053;1,090489;0,831256;0,694550;6
2727;314;6;11;16;25;29;40;0;0;0,357710;-0,2850;17;3;1;-1,601712;0,650900;-1,042877;1,011549;6
2728;165;4;11;14;16;23;49;0;0;1,210609;0,5679;17;3;1;0,365292;2,442688;0,095100;-0,440951;6
2729;320;6;11;23;25;40;49;0;0;2,249745;1,6070;17;3;1;-0,111445;2,402444;1,504878;-0,010649;6
2730;227;4;12;23;25;29;40;0;0;1,903009;1,2603;17;3;1;1,256232;0,155590;1,314803;1,825716;6
2731;44;4;6;11;16;29;40;0;0;1,264943;0,6222;17;3;1;1,001766;0,117203;1,024427;1,049316;6
2732;287;6;11;12;29;40;49;0;0;-0,865160;-1,5079;17;3;1;2,124265;-1,776123;-0,981582;1,259204;6
2733;78;4;6;12;16;25;49;0;0;-0,681426;-1,3241;17;3;1;0,147974;-0,029533;0,131010;-1,281741;6
2734;321;6;11;23;29;40;49;0;0;0,116067;-0,5266;17;3;1;-0,373341;-0,435069;0,461630;0,174473;6
2735;290;6;11;14;16;23;40;0;0;0,596851;-0,0459;17;3;1;0,184503;1,173454;-1,359257;1,219579;6
2736;293;6;11;14;16;25;40;0;0;1,209894;0,5672;17;3;1;0,263134;1,117112;1,213883;-0,235397;6
2737;376;6;16;23;29;40;49;0;0;0,262983;-0,3797;17;3;1;-0,322571;0,795779;0,262886;-0,603165;6
2738;451;12;16;23;25;29;49;0;0;-0,171330;-0,8140;17;3;1;-1,292142;0,992046;-1,242859;-0,045940;6
2739;261;6;11;12;14;23;49;0;0;1,126249;0,4835;17;3;1;-0,950378;1,156118;0,959417;-0,164815;6
2740;201;4;12;14;16;25;29;0;0;0,298730;-0,3440;17;3;1;-1,736065;1,160452;0,028852;-0,671889;6
2741;35;4;6;11;14;29;49;0;0;0,936438;0,2937;17;3;1;1,297096;1,983287;1,229362;-1,590691;6
2742;42;4;6;11;16;25;40;0;0;2,196126;1,5534;17;3;1;0,430301;1,658858;3,047153;-0,902209;6
2743;237;4;14;16;23;40;49;0;0;1,499438;0,8567;17;3;1;1,267996;0,879363;2,081916;-0,364177;6
2744;324;6;12;14;16;23;29;0;0;-0,051582;-0,6943;17;3;1;0,311427;0,613752;1,153827;-1,856921;6
2745;152;4;11;12;23;25;29;0;0;-0,295012;-0,9377;17;3;1;1,212893;-0,722968;1,054765;-0,842772;6
2746;435;12;14;16;23;25;29;0;0;0,766286;0,1236;17;3;1;0,007430;1,715819;1,553790;-1,942362;6
2747;327;6;12;14;16;25;29;0;0;0,607575;-0,0351;17;3;1;0,863698;0,169830;1,165590;-0,283070;6
2748;139;4;11;12;14;29;40;0;0;0,362715;-0,2800;17;3;1;-1,261186;0,029285;0,832494;-0,233539;6
2749;460;14;16;25;29;40;49;0;0;-1,863188;-2,5059;17;3;1;-0,942948;-0,420829;-1,396405;-1,409903;6
2750;15;4;6;11;12;23;49;0;0;0,655832;0,0131;17;3;1;0,710771;0,982759;1,796493;-1,643318;6
2751;108;4;6;14;25;29;40;0;0;0,083181;-0,5595;17;3;1;0,262515;0,912796;0,644276;-1,412998;6
2752;53;4;6;11;25;29;40;0;0;0,200785;-0,4419;17;3;1;0,279851;0,701051;-0,286909;-0,066372;6
2753;14;4;6;11;12;23;40;0;0;1,094792;0,4521;17;3;1;-1,482218;1,122684;0,462249;0,311303;6
2754;337;6;12;14;23;29;49;0;0;-0,733258;-1,3760;17;3;1;-0,264991;1,342478;-1,059594;-1,552924;6
2755;142;4;11;12;16;23;25;0;0;0,515708;-0,1270;17;3;1;0,209269;0,089961;0,778010;0,025261;6
2756;119;4;6;16;25;29;49;0;0;-0,203145;-0,8459;17;3;1;-0,100920;-0,565088;-0,542613;0,755844;6
2757;278;6;11;12;23;25;29;0;0;1,525889;0,8832;17;3;1;-0,739871;0,971614;1,252270;0,419033;6
2758;205;4;12;14;16;29;49;0;0;-0,268916;-0,9116;17;3;1;-0,708914;-1,009629;0,978611;-0,434759;6
2759;280;6;11;12;23;25;49;0;0;0,438496;-0,2042;17;3;1;1,523700;1,019907;0,197877;-0,458286;6
2760;281;6;11;12;23;29;40;0;0;0,382018;-0,2607;17;3;1;1,338578;-0,106925;0,184256;0,584343;6
2761;174;4;11;14;23;25;49;0;0;3,906214;3,2635;17;3;1;0,513885;2,030341;4,252616;0,482804;6
2762;382;11;12;14;16;23;49;0;0;-0,668915;-1,3116;17;3;1;0,173978;0,858931;-0,172368;-1,845157;6
2763;124;4;6;23;25;40;49;0;0;0,256549;-0,3862;17;3;1;-0,226605;1,504074;-1,353066;0,293348;6
2764;83;4;6;12;23;25;40;0;0;1,963777;1,3211;17;3;1;1,019721;0,288085;3,047772;0,065505;6
2765;276;6;11;12;16;29;49;0;0;0,241178;-0,4015;17;3;1;-0,166548;0,032381;0,353281;0,032071;6
2766;374;6;16;23;25;29;49;0;0;-0,437280;-1,0800;17;3;1;0,881653;0,772871;-0,946911;-0,583352;6
2767;23;4;6;11;14;16;25;0;0;0,694080;0,0514;17;3;1;-1,722444;1,548652;0,553881;-0,900351;6
2768;272;6;11;12;16;25;29;0;0;1,360385;0,7177;17;3;1;-1,046963;-0,535988;3,437829;-0,545585;6
2769;400;11;12;16;23;25;40;0;0;0,980047;0,3373;17;3;1;1,331148;0,101724;1,043001;0,552767;6
2770;172;4;11;14;23;25;29;0;0;0,641891;-0,0008;17;3;1;-0,052627;-0,012197;0,540880;0,583105;6
2771;274;6;11;12;16;25;49;0;0;1,716772;1,0741;17;3;1;-1,731731;-0,580566;2,419965;1,134138;6
2772;72;4;6;12;16;23;25;0;0;0,036353;-0,6064;17;3;1;-2,182464;0,036715;-0,304864;0,331115;6
2773;68;1;9;13;17;36;47;0;0;0,547903;0,4329;18;2;0;-0,471165;0,052689;2,421823;0,722163;7
2774;374;9;20;26;36;39;47;0;0;-1,472968;-1,5880;18;2;0;0,820978;-0,670465;-0,621244;-1,412627;7
2775;267;9;11;13;17;42;47;0;0;-0,566291;-0,6813;18;2;0;-0,008049;-0,423429;-1,048449;-0,377427;7
2776;247;1;20;26;36;39;42;0;0;-2,353378;-2,4684;18;2;0;-0,889702;-1,532925;-0,556853;-1,795254;7
2777;196;1;11;36;39;42;47;0;0;1,070633;0,9556;18;2;0;0,136830;2,490857;2,381579;-0,976753;7
2778;150;1;11;13;20;39;47;0;0;0,636776;0,5218;18;2;0;-0,076154;-0,136768;-1,814943;1,037305;7
2779;285;9;11;13;36;39;47;0;0;-0,459906;-0,5749;18;2;0;-0,583229;-0,149770;0,581743;-0,500636;7
2780;6;1;9;11;13;17;47;0;0;0,640716;0,5257;18;2;0;-0,127543;0,867475;-1,443460;0,038634;7
2781;351;9;13;20;36;42;47;0;0;-0,293980;-0,4090;18;2;0;-0,576418;1,494663;-0,341393;-1,910414;7
2782;381;11;13;17;20;26;42;0;0;0,043561;-0,0714;18;2;0;-1,185651;0,370926;-0,679443;-0,309322;7
2783;191;1;11;20;39;42;47;0;0;-1,608686;-1,7237;18;2;0;0,494073;-0,635794;0,171873;-1,639232;7
2784;16;1;9;11;13;36;39;0;0;1,680485;1,5655;18;2;0;0,826550;0,053308;0,070334;2,323256;7
2785;397;11;13;17;36;42;47;0;0;0,096972;-0,0180;18;2;0;0,057580;0,120175;-0,834227;0,016964;7
2786;422;11;17;20;36;42;47;0;0;0,717769;0,6028;18;2;0;-0,169025;0,336873;0,126057;0,678205;7
2787;347;9;13;20;26;39;47;0;0;1,348634;1,2336;18;2;0;-0,564654;0,825993;0,036901;1,081264;7
2788;35;1;9;11;17;39;47;0;0;0,699381;0,5844;18;2;0;-1,266758;1,247626;0,129152;-0,258552;7
2789;237;1;17;20;26;42;47;0;0;0,075082;-0,0399;18;2;0;-0,253228;-0,284742;2,820548;0,390924;7
2790;76;1;9;13;20;36;39;0;0;-0,337761;-0,4527;18;2;0;-0,451971;-1,307559;1,732102;0,829893;7
2791;172;1;11;17;26;36;39;0;0;0,564539;0,4496;18;2;0;-1,540417;-0,084141;-1,044115;0,882520;7
2792;28;1;9;11;17;26;39;0;0;1,069320;0,9543;18;2;0;1,794883;1,641399;1,169305;-0,129152;7
2793;264;9;11;13;17;36;47;0;0;-0,497119;-0,6121;18;2;0;0,403678;0,455748;-2,324494;-1,158780;7
2794;225;1;13;20;36;42;47;0;0;0,925722;0,8107;18;2;0;0,889083;0,380213;-0,448504;0,928956;7
2795;125;1;9;26;39;42;47;0;0;-0,887633;-1,0026;18;2;0;-2,375016;-1,256170;-0,219423;0,000867;7
2796;126;1;9;36;39;42;47;0;0;-0,531705;-0,6467;18;2;0;-0,245798;1,351642;-3,354122;-2,103586;7
2797;66;1;9;13;17;36;39;0;0;0,667860;0,5529;18;2;0;-0,321333;-0,367706;-2,249578;1,312203;7
2798;70;1;9;13;17;39;47;0;0;-0,497119;-0,6121;18;2;0;-1,074825;0,770890;-1,941867;-1,473922;7
2799;53;1;9;11;36;39;42;0;0;-0,071580;-0,1866;18;2;0;-0,117636;0,453271;-1,331396;-0,554501;7
2800;46;1;9;11;20;42;47;0;0;-0,972567;-1,0876;18;2;0;0,060676;0,367211;-0,941338;-1,742628;7
2801;364;9;17;20;36;39;42;0;0;-0,945422;-1,0604;18;2;0;-1,369535;-1,251836;-1,296105;-0,085193;7
2802;108;1;9;17;36;39;42;0;0;-0,751041;-0,8660;18;2;0;-1,694583;0,172182;-2,546765;-1,234315;7
2803;203;1;13;17;20;36;47;0;0;0,206859;0,0919;18;2;0;-0,202458;-0,557163;-0,904809;0,849706;7
2804;240;1;17;20;36;42;47;0;0;0,694127;0,5791;18;2;0;-0,431540;0,541808;-2,111511;0,439836;7
2805;40;1;9;11;20;26;47;0;0;0,528640;0,4137;18;2;0;0,959046;0,864999;-1,961060;-0,117389;7
2806;322;9;11;36;39;42;47;0;0;0,713829;0,5988;18;2;0;0,554129;0,097886;-0,220661;0,911620;7
2807;52;1;9;11;26;42;47;0;0;-0,406494;-0,5215;18;2;0;0,662478;-1,374426;-0,353776;0,799556;7
2808;401;11;13;20;26;36;47;0;0;0,811019;0,6960;18;2;0;-0,963380;0,426029;1,088198;0,720925;7
2809;352;9;13;20;39;42;47;0;0;0,587305;0,4723;18;2;0;-1,487171;-0,468626;0,268459;1,299201;7
2810;251;1;20;36;39;42;47;0;0;-0,698506;-0,8135;18;2;0;0,915706;-1,079716;-1,104172;0,091880;7
2811;409;11;13;26;36;39;42;0;0;1,733020;1,6180;18;2;0;0,882273;0,846424;2,754300;1,604436;7
2812;48;1;9;11;26;36;42;0;0;-1,042614;-1,1576;18;2;0;0,365911;-0,429001;-0,559330;-1,045478;7
2813;139;1;11;13;17;39;42;0;0;-2,098580;-2,2136;18;2;0;0,549795;-2,028236;-1,292390;-0,939605;7
2814;188;1;11;20;36;39;42;0;0;-0,720395;-0,8354;18;2;0;-1,391205;-0,343560;-0,009535;-0,675233;7
2815;399;11;13;20;26;36;39;0;0;0,578549;0,4636;18;2;0;-0,315761;0,222333;-1,039162;0,595859;7
2816;81;1;9;13;20;42;47;0;0;0,224809;0,1098;18;2;0;-1,095876;-0,160295;-2,019259;0,478223;7
2817;280;9;11;13;26;36;47;0;0;-0,063700;-0,1787;18;2;0;0,985050;0,274959;1,432439;-0,365044;7
2818;142;1;11;13;20;26;36;0;0;-0,866182;-0,9812;18;2;0;-1,287189;-0,541065;0,966847;-0,683901;7
2819;62;1;9;13;17;26;36;0;0;0,545276;0,4303;18;2;0;1,088446;-0,103334;-0,518467;0,874471;7
2820;208;1;13;17;26;36;42;0;0;2,621748;2,5068;18;2;0;-0,534936;2,872246;-1,750553;0,835466;7
2821;255;9;11;13;17;20;39;0;0;1,935282;1,8203;18;2;0;1,120641;0,273102;-1,206330;2,463800;7
2822;372;9;17;36;39;42;47;0;0;1,353012;1,2380;18;2;0;1,240754;0,647062;1,081388;1,266386;7
2823;245;1;17;26;39;42;47;0;0;0,721709;0,6067;18;2;0;-0,127543;1,117607;0,317370;-0,096957;7
2824;419;11;17;20;26;42;47;0;0;0,528202;0,4132;18;2;0;-0,624711;0,497230;0,744576;0,249761;7
2825;130;1;11;13;17;20;42;0;0;-2,152430;-2,2674;18;2;0;-1,280998;-2,961897;4,169651;-0,082098;7
2826;111;1;9;17;39;42;47;0;0;0,856988;0,7420;18;2;0;1,225275;1,651305;0,204687;-0,439341;7
2827;297;9;11;17;20;42;47;0;0;1,692305;1,5773;18;2;0;0,954093;2,216578;-0,192181;0,176702;7
2828;259;9;11;13;17;26;39;0;0;0,843416;0,7284;18;2;0;0,341145;-0,042659;0,182398;1,235429;7
2829;278;9;11;13;26;36;39;0;0;0,640716;0,5257;18;2;0;0,662478;2,139186;-0,117265;-1,233077;7
2830;230;1;13;26;39;42;47;0;0;-0,351332;-0,4663;18;2;0;-0,003096;-0,480390;0,023280;-0,016469;7
2831;32;1;9;11;17;36;42;0;0;-0,059759;-0,1747;18;2;0;0,627807;-0,305173;-1,431696;0,220661;7
2832;90;1;9;13;36;42;47;0;0;-0,673551;-0,7885;18;2;0;-1,687772;-0,107668;-0,788411;-0,844877;7
2833;156;1;11;13;26;39;47;0;0;-0,179278;-0,2943;18;2;0;0,685387;0,486086;0,660373;-0,739623;7
2834;386;11;13;17;20;39;42;0;0;1,258886;1,1439;18;2;0;0,669908;1,482280;0,166301;0,298053;7
2835;184;1;11;20;26;36;47;0;0;1,312297;1,1973;18;2;0;-0,305235;0,763460;0,909267;1,092408;7
2836;287;9;11;13;39;42;47;0;0;-0,014666;-0,1297;18;2;0;0,874843;-0,040182;1,382289;0,019441;7
2837;82;1;9;13;26;36;39;0;0;1,302665;1,1877;18;2;0;-0,098443;0,237811;-0,317866;1,604436;7
2838;210;1;13;17;26;39;42;0;0;0,810581;0,6956;18;2;0;2,127361;0,777081;-2,996879;0,369254;7
2839;233;1;17;20;26;36;42;0;0;-0,147319;-0,2623;18;2;0;-0,128162;-0,971986;0,109340;0,763646;7
2840;201;1;13;17;20;36;39;0;0;1,391100;1,2761;18;2;0;0,044578;0,850139;-0,148841;1,117174;7
2841;342;9;13;17;39;42;47;0;0;-0,068077;-0,1831;18;2;0;-1,010434;-0,195586;-0,452219;0,099310;7
2842;197;1;13;17;20;26;36;0;0;-1,673042;-1,7880;18;2;0;0,159119;-1,404764;-0,270811;-0,961275;7
2843;375;9;20;26;36;42;47;0;0;1,308795;1,1938;18;2;0;-1,558991;0,697831;2,046625;1,153084;7
2844;282;9;11;13;26;39;47;0;0;-0,030865;-0,1459;18;2;0;-0,198744;0,017398;-0,872614;-0,061047;7
2845;437;13;17;20;26;36;47;0;0;0,006786;-0,1082;18;2;0;-1,175744;-0,079807;1,407055;0,089404;7
2846;19;1;9;11;13;39;42;0;0;-0,565415;-0,6804;18;2;0;-1,230848;-0,125623;-0,359967;-0,673994;7
2847;411;11;13;26;36;42;47;0;0;-1,438820;-1,5538;18;2;0;0,086060;-0,637651;-2,045263;-1,397148;7
2848;394;11;13;17;26;42;47;0;0;-0,108793;-0,2238;18;2;0;-0,809214;-1,514970;-0,010773;1,361114;7
2849;206;1;13;17;20;42;47;0;0;1,004963;0,8900;18;2;0;1,350341;-0,104573;-1,379069;1,525805;7
2850;138;1;11;13;17;36;47;0;0;0,716017;0,6010;18;2;0;1,818410;1,064980;2,016906;-0,052379;7
2851;1;1;9;11;13;17;20;0;0;-0,149946;-0,2649;18;2;0;-1,267996;0,935580;1,609513;-1,147635;7
2852;107;1;9;17;26;42;47;0;0;0,732215;0,6172;18;2;0;-1,050678;1,023498;0,127295;0,012011;7
2853;164;1;11;17;20;26;42;0;0;0,292667;0,1777;18;2;0;-0,188837;-0,830203;-0,179179;1,244097;7
2854;73;1;9;13;20;26;39;0;0;0,139001;0,0240;18;2;0;-0,466831;1,334925;0,679567;-1,138348;7
2855;166;1;11;17;20;36;39;0;0;-0,314557;-0,4295;18;2;0;-0,352290;-0,169582;-1,191470;-0,275269;7
2856;59;1;9;13;17;20;39;0;0;0,839913;0,7249;18;2;0;-0,853792;0,884811;-0,031824;0,303006;7
2857;185;1;11;20;26;39;42;0;0;0,237504;0,1225;18;2;0;-0,227843;0,180231;1,052288;0,155651;7
2858;23;1;9;11;17;20;36;0;0;0,480483;0,3655;18;2;0;0,668051;0,773366;-0,726497;-0,093861;7
2859;360;9;17;20;26;36;47;0;0;0,710763;0,5958;18;2;0;-0,330001;1,220384;-0,153175;-0,215213;7
2860;169;1;11;17;20;39;42;0;0;0,509377;0,3944;18;2;0;0,286661;0,061357;-1,130795;0,659011;7
2861;442;13;17;20;36;39;47;0;0;-0,451150;-0,5661;18;2;0;0,582609;0,250194;1,992760;-0,888216;7
2862;24;1;9;11;17;20;39;0;0;1,560966;1,4460;18;2;0;0,991241;1,660592;-0,933290;0,546947;7
2863;3;1;9;11;13;17;36;0;0;-0,771618;-0,8866;18;2;0;-0,425348;-0,510108;1,015759;-0,581124;7
2864;421;11;17;20;36;39;47;0;0;1,402920;1,2879;18;2;0;0,190695;1,368358;-0,791507;0,615671;7
2865;356;9;13;26;39;42;47;0;0;1,061877;0,9469;18;2;0;0,390676;1,983782;0,693807;-0,482061;7
2866;265;9;11;13;17;39;42;0;0;1,443198;1,3282;18;2;0;-0,512647;-0,288457;0,080240;2,329447;7
2867;395;11;13;17;36;39;42;0;0;-1,687051;-1,8020;18;2;0;0,212365;-0,909453;2,435444;-1,476398;7
2868;428;11;17;36;39;42;47;0;0;0,125867;0,0109;18;2;0;1,088446;0,226048;0,696902;-0,048045;7
2869;404;11;13;20;26;42;47;0;0;-0,280409;-0,3954;18;2;0;-0,967714;-0,196205;0,417052;-0,200353;7
2870;276;9;11;13;20;39;47;0;0;-1,420871;-1,5359;18;2;0;0,606756;-1,512494;-0,597716;-0,496921;7
2871;134;1;11;13;17;26;42;0;0;-0,391172;-0,5062;18;2;0;1,767641;1,118226;-0,738261;-1,671427;7
2872;417;11;17;20;26;39;42;0;0;0,734843;0,6199;18;2;0;1,655577;-0,447575;3,247754;1,486800;7
2873;178;1;11;17;36;39;42;0;0;0,459468;0,3445;18;2;0;-0,601803;-0,018512;0,370616;0,668298;7
2874;54;1;9;11;36;39;47;0;0;-0,259395;-0,3744;18;2;0;0,608613;0,225428;3,807455;-0,592268;7
2875;459;17;20;26;39;42;47;0;0;0,507626;0,3926;18;2;0;-1,772594;0,519519;-0,272050;0,198372;7
2876;11;1;9;11;13;20;47;0;0;1,188838;1,0738;18;2;0;-1,599235;0,572146;0,077145;1,109125;7
2877;121;1;9;20;39;42;47;0;0;-0,085151;-0,2001;18;2;0;-0,014240;1,111416;1,098723;-1,231838;7
2878;33;1;9;11;17;36;47;0;0;-0,058008;-0,1730;18;2;0;0,559701;-0,506394;-1,161752;0,424358;7
2879;92;1;9;17;20;26;36;0;0;-1,124919;-1,2399;18;2;0;-0,188837;-0,786863;1,876362;-0,804013;7
2880;249;1;20;26;36;42;47;0;0;0,532142;0,4172;18;2;0;0,157880;-0,347275;-0,992727;1,099838;7
2881;80;1;9;13;20;39;47;0;0;0,326378;0,2114;18;2;0;-0,677957;0,632822;-0,429930;-0,171254;7
2882;462;20;26;36;39;42;47;0;0;-0,129369;-0,2444;18;2;0;-0,820359;-1,545308;0,819492;1,362353;7
2883;187;1;11;20;26;42;47;0;0;-0,551405;-0,6664;18;2;0;0,866794;0,700308;0,425720;-1,480113;7
2884;293;9;11;17;20;36;42;0;0;-0,298796;-0,4138;18;2;0;1,466740;-0,049469;-0,646628;-0,373093;7
2885;118;1;9;20;36;39;42;0;0;-0,239256;-0,3542;18;2;0;0,069963;-0,741047;1,190975;0,402688;7
2886;310;9;11;20;26;36;47;0;0;-0,182343;-0,2973;18;2;0;-0,077392;0,139987;0,339659;-0,397859;7
2887;231;1;13;36;39;42;47;0;0;-1,923900;-2,0389;18;2;0;-1,298334;-2,137205;-1,600721;-0,583600;7
2888;452;13;20;26;36;42;47;0;0;0,017293;-0,0977;18;2;0;-0,166548;1,128752;1,647280;-1,104296;7
2889;406;11;13;20;36;39;47;0;0;0,183218;0,0682;18;2;0;1,674770;0,461939;0,558215;-0,202830;7
2890;335;9;13;17;26;36;47;0;0;1,993072;1,8781;18;2;0;0,478594;0,579576;-0,107978;2,239053;7
2891;271;9;11;13;20;26;47;0;0;0,675740;0,5608;18;2;0;-0,558463;0,193852;0,624463;0,761788;7
2892;36;1;9;11;17;42;47;0;0;-0,223496;-0,3385;18;2;0;0,741109;0,613628;1,797112;-0,929699;7
2893;321;9;11;26;39;42;47;0;0;0,367531;0,2525;18;2;0;-0,126304;-0,034610;-0,201468;0,554377;7
2894;217;1;13;20;26;36;39;0;0;0,867496;0,7525;18;2;0;0,384485;0,570289;-1,346255;0,656535;7
2895;145;1;11;13;20;26;47;0;0;0,091280;-0,0237;18;2;0;1,572612;-0,211684;0,475870;0,340774;7
2896;380;11;13;17;20;26;39;0;0;0,202919;0,0879;18;2;0;0,970190;0,083646;0,932175;0,203325;7
2897;460;17;20;36;39;42;47;0;0;0,091280;-0,0237;18;2;0;-0,295329;-0,900166;0,891931;1,029256;7
2898;427;11;17;26;39;42;47;0;0;-1,314924;-1,4299;18;2;0;1,945334;-1,565121;-0,420024;-0,294462;7
2899;447;13;17;26;36;42;47;0;0;-0,310617;-0,4256;18;2;0;0,486643;0,939914;1,090056;-1,379193;7
2900;343;9;13;20;26;36;39;0;0;-0,982635;-1,0976;18;2;0;0,575799;-1,349660;-0,207659;-0,039996;7
2901;104;1;9;17;26;36;47;0;0;0,208172;0,0932;18;2;0;-1,096495;0,433459;-0,633007;-0,139059;7
2902;403;11;13;20;26;39;47;0;0;-1,007590;-1,1226;18;2;0;0,325667;-0,317556;-0,552519;-1,107391;7
2903;211;1;13;17;26;39;47;0;0;0,791757;0,6768;18;2;0;0,145498;0,811753;1,399006;0,307960;7
2904;241;1;17;20;39;42;47;0;0;1,455894;1,3409;18;2;0;0,391296;1,407983;1,473922;0,650962;7
2905;86;1;9;13;26;39;47;0;0;0,108355;-0,0066;18;2;0;-1,137977;0,356686;1,161876;-0,203449;7
2906;336;9;13;17;26;39;42;0;0;-0,105728;-0,2207;18;2;0;-0,648238;0,663159;2,328333;-0,812681;7
2907;296;9;11;17;20;39;47;0;0;-1,372275;-1,4873;18;2;0;0,351671;0,162276;-0,185370;-2,102966;7
2908;17;1;9;11;13;36;42;0;0;-0,709888;-0,8249;18;2;0;0,082345;-2,162589;-0,967961;1,158656;7
2909;323;9;13;17;20;26;36;0;0;0,336885;0,2219;18;2;0;0,509551;1,432130;1,000280;-0,955702;7
2910;223;1;13;20;36;39;42;0;0;0,527327;0,4123;18;2;0;-1,311955;1,115750;1,195928;-0,369997;7
2911;291;9;11;17;20;26;47;0;0;-1,555713;-1,6707;18;2;0;0,072439;0,087360;-0,057208;-2,287470;7
2912;49;1;9;11;26;36;47;0;0;-1,123168;-1,2382;18;2;0;-1,683438;-0,420333;-2,084888;-1,168067;7
2913;325;9;13;17;20;26;42;0;0;0,067202;-0,0478;18;2;0;-1,030247;1,464944;2,284993;-1,369906;7
2914;431;11;20;26;36;42;47;0;0;0,272529;0,1575;18;2;0;2,316817;0,660683;-1,406312;-0,275269;7
2915;21;1;9;11;13;42;47;0;0;-0,750165;-0,8652;18;2;0;-0,838314;-1,623320;2,044767;0,562426;7
2916;391;11;13;17;26;36;47;0;0;1,060563;0,9456;18;2;0;-0,265610;1,354737;-0,346965;0,145126;7
2917;129;1;11;13;17;20;39;0;0;-1,591174;-1,7062;18;2;0;0,052627;-0,316318;0,953226;-1,933942;7
2918;232;1;17;20;26;36;39;0;0;-0,926160;-1,0411;18;2;0;-0,929327;-1,521162;0,605889;0,211374;7
2919;294;9;11;17;20;36;47;0;0;0,693689;0,5787;18;2;0;1,760830;0,545523;1,898651;0,435502;7
2920;340;9;13;17;36;39;47;0;0;1,884060;1,7691;18;2;0;-0,440208;1,539860;0,882644;1,124603;7
2921;414;11;17;20;26;36;39;0;0;1,058813;0,9438;18;2;0;0,939233;1,146707;-0,412594;0,350680;7
2922;416;11;17;20;26;36;47;0;0;-1,279900;-1,3949;18;2;0;-0,409870;0,414266;1,862741;-2,224318;7
2923;275;9;11;13;20;39;42;0;0;-0,365779;-0,4808;18;2;0;1,927379;0,356686;-1,397644;-0,873976;7
2924;263;9;11;13;17;36;42;0;0;1,766730;1,6517;18;2;0;-0,329382;1,241435;1,870789;1,257099;7
2925;337;9;13;17;26;39;47;0;0;-0,246699;-0,3617;18;2;0;-1,739780;0,023589;0,971800;-0,372474;7
2926;22;1;9;11;17;20;26;0;0;0,866181;0,7512;18;2;0;-0,217318;1,301491;-0,140792;-0,076526;7
2927;26;1;9;11;17;20;47;0;0;-0,228311;-0,3433;18;2;0;-0,118875;0,405598;1,210168;-0,728479;7
2928;432;11;20;26;39;42;47;0;0;1,522001;1,4070;18;2;0;-0,565893;2,123088;0,726002;0,029347;7
2929;254;9;11;13;17;20;36;0;0;-0,449399;-0,5644;18;2;0;1,108258;-0,100858;0,537165;-0,534688;7
2930;122;1;9;26;36;39;42;0;0;-1,006277;-1,1213;18;2;0;0,688482;-0,900166;2,051578;-0,522925;7
2931;299;9;11;17;26;36;42;0;0;-0,782124;-0,8971;18;2;0;-0,856269;-1,425195;-0,989631;0,319104;7
2932;202;1;13;17;20;36;42;0;0;-0,468223;-0,5832;18;2;0;-0,502121;1,159090;1,815686;-1,821258;7
2933;78;1;9;13;20;36;47;0;0;0,399052;0,2841;18;2;0;-0,399344;0,827850;0,532831;-0,263505;7
2934;361;9;17;20;26;39;42;0;0;-0,332069;-0,4471;18;2;0;-0,866794;-0,487200;-0,572332;0,017584;7
2935;449;13;17;36;39;42;47;0;0;0,768553;0,6536;18;2;0;0,058818;-1,301368;0,447390;2,388266;7
2936;379;11;13;17;20;26;36;0;0;-0,635900;-0,7509;18;2;0;-0,910134;-0,497106;0,590411;-0,402192;7
2937;307;9;11;17;39;42;47;0;0;-0,228311;-0,3433;18;2;0;0,467450;-0,626506;-1,208187;0,303626;7
2938;173;1;11;17;26;36;42;0;0;-0,740972;-0,8560;18;2;0;0,281089;-0,438288;1,167448;-0,609604;7
2939;41;1;9;11;20;36;39;0;0;-0,642030;-0,7570;18;2;0;-1,634526;-0,455624;0,154537;-0,452343;7
2940;71;1;9;13;17;42;47;0;0;0,469975;0,3550;18;2;0;1,804789;0,232239;-0,111073;0,432406;7
2941;292;9;11;17;20;36;39;0;0;1,229116;1,1141;18;2;0;-0,149212;0,320776;-1,495468;1,417456;7
2942;47;1;9;11;26;36;39;0;0;-1,361767;-1,4768;18;2;0;1,079159;-1,809680;1,216360;-0,116150;7
2943;74;1;9;13;20;26;42;0;0;0,536082;0,4211;18;2;0;0,981954;0,408693;0,851068;0,349442;7
2944;50;1;9;11;26;39;42;0;0;0,630647;0,5157;18;2;0;-1,223418;1,164043;0,209640;-0,272173;7
2945;61;1;9;13;17;20;47;0;0;-1,696682;-1,8117;18;2;0;-0,534936;-0,658082;1,129061;-1,741389;7
2946;290;9;11;17;20;26;42;0;0;1,761039;1,6461;18;2;0;-0,570227;1,679166;0,580504;0,811319;7
2947;9;1;9;11;13;20;39;0;0;0,469976;0,3550;18;2;0;-0,469926;0,986350;-0,216946;-0,321704;7
2948;273;9;11;13;20;36;42;0;0;0,590807;0,4758;18;2;0;-0,676099;0,148655;-0,544471;0,686872;7
2949;8;1;9;11;13;20;36;0;0;0,638527;0,5235;18;2;0;0,496549;0,271245;0,217689;0,631769;7
2950;302;9;11;17;26;39;47;0;0;-0,264210;-0,3792;18;2;0;0,065010;-0,589358;-0,060923;0,215708;7
2951;333;9;13;17;26;36;39;0;0;2,241302;2,1263;18;2;0;2,321770;1,154136;0,451104;2,015544;7
2952;63;1;9;13;17;26;39;0;0;-0,201605;-0,3166;18;2;0;0,412966;0,505279;-0,270811;-0,790392;7
2953;56;1;9;11;39;42;47;0;0;0,328566;0,2136;18;2;0;2,536611;-0,240164;-0,298053;0,704827;7
2954;216;1;13;17;39;42;47;0;0;-0,386356;-0,5013;18;2;0;0,906419;0,189518;-2,137514;-0,735908;7
2955;18;1;9;11;13;36;47;0;0;-1,996574;-2,1116;18;2;0;1,139834;-0,400521;-0,255952;-2,423061;7
2956;99;1;9;17;20;39;42;0;0;1,297849;1,1829;18;2;0;-2,347774;1,520666;-0,041730;0,314770;7
2957;272;9;11;13;20;36;39;0;0;0,622328;0,5073;18;2;0;-0,744824;1,438940;0,238740;-0,558835;7
2958;312;9;11;20;26;39;47;0;0;0,229624;0,1146;18;2;0;0,014859;-0,630221;1,313565;0,954959;7
2959;353;9;13;26;36;39;42;0;0;1,104343;0,9894;18;2;0;-0,065629;1,335544;-1,599483;0,226233;7
2960;15;1;9;11;13;26;47;0;0;-1,927402;-2,0424;18;2;0;-0,495930;-0,523729;0,108721;-2,202029;7
2961;317;9;11;20;39;42;47;0;0;1,039987;0,9250;18;2;0;1,581280;0,178993;-1,375974;1,291771;7
2962;425;11;17;26;36;39;47;0;0;-1,888000;-2,0030;18;2;0;0,149832;-0,787482;-1,666969;-1,882553;7
2963;213;1;13;17;36;39;42;0;0;0,588181;0,4732;18;2;0;0,087299;0,130081;1,000900;0,701732;7
2964;318;9;11;26;36;39;42;0;0;0,499746;0,3848;18;2;0;-1,719348;-0,094047;0,856640;0,800794;7
2965;227;1;13;26;36;39;42;0;0;1,343818;1,2288;18;2;0;-0,011764;0,991303;-2,055169;0,909143;7
2966;79;1;9;13;20;39;42;0;0;2,830140;2,7152;18;2;0;0,758445;1,975114;-0,509799;2,027308;7
2967;426;11;17;26;36;42;47;0;0;1,486102;1,3711;18;2;0;0,209888;-0,129338;0,026375;2,231004;7
2968;413;11;13;36;39;42;47;0;0;0,358775;0,2438;18;2;0;-0,586943;0,253290;1,351332;0,254095;7
2969;439;13;17;20;26;39;47;0;0;1,688803;1,5738;18;2;0;-0,977001;1,538622;0,040615;0,849706;7
2970;277;9;11;13;20;42;47;0;0;1,363520;1,2485;18;2;0;-1,269853;1,056932;-0,723402;0,871376;7
2971;253;9;11;13;17;20;26;0;0;-0,358775;-0,4738;18;2;0;0,004953;-0,147293;-0,605765;-0,360091;7
2972;151;1;11;13;20;42;47;0;0;-1,325868;-1,4409;18;2;0;0,754730;-1,160823;-0,258428;-0,714238;7
2973;363;9;17;20;26;42;47;0;0;-2,399785;-2,5148;18;2;0;-1,517509;-1,121817;0,371855;-2,271991;7
2974;95;1;9;17;20;26;47;0;0;0,484423;0,3694;18;2;0;1,264900;0,306536;2,796402;0,378541;7
2975;153;1;11;13;26;36;42;0;0;0,354834;0,2398;18;2;0;1,523081;-0,854969;-0,179179;1,356780;7
2976;180;1;11;17;36;42;47;0;0;-0,895952;-1,0109;18;2;0;2,064827;-0,178250;2,484975;-1,088817;7
2977;461;17;26;36;39;42;47;0;0;1,061877;1,6946;19;2;0;-1,934808;1,692601;-1,136986;-0,190880;7
2978;182;1;11;20;26;36;39;0;0;0,282160;0,9149;19;2;0;-0,361577;0,938490;1,593415;-0,539456;7
2979;4;1;9;11;13;17;39;0;0;-0,902082;-0,2693;19;2;0;-0,902704;-1,159771;-0,290624;-0,115965;7
2980;57;1;9;13;17;20;26;0;0;0,202043;0,8348;19;2;0;-1,762069;-0,228586;0,093242;0,514318;7
2981;168;1;11;17;20;36;47;0;0;-0,936229;-0,3035;19;2;0;-0,668670;-0,245922;0,589791;-1,078106;7
2982;105;1;9;17;26;39;42;0;0;-1,095587;-0,4628;19;2;0;0,097205;0,275393;0,353900;-1,824787;7
2983;194;1;11;26;36;42;47;0;0;-1,184460;-0,5517;19;2;0;-2,950196;0,079126;-0,042349;-1,754206;7
2984;358;9;17;20;26;36;39;0;0;-0,135498;0,4972;19;2;0;-1,776928;-0,614309;1,550076;0,422686;7
2985;311;9;11;20;26;39;42;0;0;-0,511129;0,1216;19;2;0;-2,794173;0,103272;1,519119;-0,826117;7
2986;37;1;9;11;20;26;36;0;0;-1,239185;-0,6064;19;2;0;-1,320004;0,102034;0,418909;-1,854506;7
2987;165;1;11;17;20;26;47;0;0;0,618827;1,2516;19;2;0;-2,418356;0,927346;2,053435;-0,052193;7
2988;222;1;13;20;26;42;47;0;0;0,346079;0,9788;19;2;0;0,115779;1,146521;-0,629912;-0,657092;7
2989;268;9;11;13;20;26;36;0;0;-0,952865;-0,3201;19;2;0;-0,936138;0,876577;0,355757;-2,224132;7
2990;405;11;13;20;36;39;42;0;0;2,331926;2,9647;19;2;0;-0,216079;2,625643;0,669041;0,672199;7
2991;407;11;13;20;36;42;47;0;0;-2,386213;-1,7535;19;2;0;-0,453210;-2,650037;-0,007058;-0,724578;7
2992;366;9;17;20;36;42;47;0;0;1,286905;1,9196;19;2;0;-1,386251;0,627683;0,165062;1,192275;7
2993;5;1;9;11;13;17;42;0;0;0,320249;0,9530;19;2;0;-1,358390;-0,072563;0,998423;0,525463;7
2994;154;1;11;13;26;36;47;0;0;-1,431816;-0,7991;19;2;0;-2,201657;0,001114;0,042473;-2,026007;7
2995;89;1;9;13;36;39;47;0;0;-0,033491;0,5993;19;2;0;-1,957097;-1,161009;1,576699;1,113645;7
2996;143;1;11;13;20;26;39;0;0;-0,427071;0,2057;19;2;0;-3,325394;0,861717;-0,313532;-1,465687;7
2997;207;1;13;17;26;36;39;0;0;0,704635;1,3374;19;2;0;-3,381735;0,997309;2,198933;-0,000805;7
2998;31;1;9;11;17;36;39;0;0;-1,267204;-0,6345;19;2;0;-1,554657;-0,253352;-0,021298;-1,538745;7
2999;226;1;13;20;39;42;47;0;0;-1,263264;-0,6305;19;2;0;-0,975763;-0,818006;0,852306;-0,968519;7
3000;244;1;17;26;36;42;47;0;0;-0,771180;-0,1384;19;2;0;-1,469216;-0,039749;-1,201377;-1,050864;7
3001;370;9;17;26;36;42;47;0;0;-1,412114;-0,7794;19;2;0;-1,745352;-0,052131;-0,895522;-1,944900;7
3002;304;9;11;17;36;39;42;0;0;-1,465964;-0,8332;19;2;0;-0,396249;-1,027275;-0,804509;-1,045911;7
3003;60;1;9;13;17;20;42;0;0;0,430136;1,0629;19;2;0;-1,934189;1,565059;1,181688;-0,956755;7
3004;174;1;11;17;26;36;47;0;0;1,164760;1,7975;19;2;0;0,809214;0,246913;0,676471;1,400306;7
3005;29;1;9;11;17;26;42;0;0;-0,631960;0,0008;19;2;0;-2,115597;-0,158623;-0,010773;-0,735103;7
3006;27;1;9;11;17;26;36;0;0;-1,716384;-1,0836;19;2;0;-1,454976;-0,489863;1,499306;-1,937471;7
3007;42;1;9;11;20;36;42;0;0;0,636777;1,2695;19;2;0;-1,541655;0,492711;-1,440364;0,407827;7
3008;331;9;13;17;20;39;47;0;0;-1,577164;-0,9444;19;2;0;-1,810981;-0,042225;-1,519614;-2,188222;7
3009;30;1;9;11;17;26;47;0;0;-0,552719;0,0800;19;2;0;-0,424729;0,224004;-1,235429;-1,005667;7
3010;455;13;26;36;39;42;47;0;0;-1,565344;-0,9326;19;2;0;-1,368297;-0,258305;0,766865;-1,955426;7
3011;396;11;13;17;36;39;47;0;0;-0,377162;0,2556;19;2;0;-2,915524;0,123085;0,842400;-0,656473;7
3012;235;1;17;20;26;39;42;0;0;-0,989640;-0,3569;19;2;0;0,329382;0,197381;0,356376;-1,596944;7
3013;320;9;11;26;36;42;47;0;0;-0,920468;-0,2877;19;2;0;-0,269325;-0,289262;0,537165;-1,012477;7
3014;127;1;11;13;17;20;26;0;0;-2,237800;-1,6051;19;2;0;-0,951616;-0,877443;0,018327;-2,287284;7
3015;446;13;17;26;36;39;47;0;0;-0,821088;-0,1883;19;2;0;-0,695293;0,140421;-2,699073;-1,301615;7
3016;308;9;11;20;26;36;39;0;0;-1,396792;-0,7640;19;2;0;-0,998052;-0,239111;0,556977;-1,736251;7
3017;423;11;17;20;39;42;47;0;0;-1,854290;-1,2215;19;2;0;-3,081453;-1,129433;0,847353;-1,492929;7
3018;377;9;20;36;39;42;47;0;0;-0,677929;-0,0452;19;2;0;-2,701921;1,817048;1,193452;-2,775784;7
3019;385;11;13;17;20;36;47;0;0;-0,146881;0,4859;19;2;0;0,269325;-0,414328;-1,503516;0,206607;7
3020;257;9;11;13;17;20;47;0;0;0,676177;1,3089;19;2;0;-0,325667;1,049935;0,059190;-0,093676;7
3021;7;1;9;11;13;20;26;0;0;-0,205108;0,4276;19;2;0;0,112064;-1,081140;1,384766;0,791073;7
3022;279;9;11;13;26;36;42;0;0;-1,130611;-0,4979;19;2;0;-2,093308;0,669784;-0,878186;-2,268710;7
3023;332;9;13;17;20;42;47;0;0;-1,662973;-1,0302;19;2;0;-2,267905;-0,525773;-2,145563;-1,826026;7
3024;161;1;11;13;39;42;47;0;0;-2,170817;-1,5381;19;2;0;-0,770828;-0,713991;-2,044644;-2,356008;7
3025;228;1;13;26;36;39;47;0;0;0,554032;1,1868;19;2;0;-1,741637;1,574346;-0,226852;-0,790826;7
3026;181;1;11;17;39;42;47;0;0;-0,625394;0,0073;19;2;0;-2,890759;1,376221;-0,207040;-2,260661;7
3027;160;1;11;13;36;42;47;0;0;-0,818024;-0,1853;19;2;0;0,429682;0,855526;-0,654677;-2,012386;7
3028;186;1;11;20;26;39;47;0;0;-2,083257;-1,4505;19;2;0;-1,034581;-1,426000;0,423862;-1,520171;7
3029;266;9;11;13;17;39;47;0;0;-1,023789;-0,3910;19;2;0;-1,238277;-1,035943;-0,239854;-0,411913;7
3030;242;1;17;26;36;39;42;0;0;-1,437945;-0,8052;19;2;0;-2,526705;-1,817296;0,906171;-0,216265;7
3031;313;9;11;20;26;42;47;0;0;-0,594748;0,0380;19;2;0;-1,416589;-0,523296;0,421386;-0,317804;7
3032;398;11;13;17;39;42;47;0;0;-2,066621;-1,4339;19;2;0;-0,767732;-1,005605;1,334615;-1,917039;7
3033;159;1;11;13;36;39;47;0;0;-1,589860;-0,9571;19;2;0;-0,253228;-0,362939;0,523544;-1,885463;7
3034;212;1;13;17;26;42;47;0;0;0,362715;0,9955;19;2;0;-0,707056;1,026408;0,524163;-0,513452;7
3035;346;9;13;20;26;39;42;0;0;-1,995260;-1,3625;19;2;0;-1,782500;-1,730616;0,421386;-1,091108;7
3036;163;1;11;17;20;26;39;0;0;0,151697;0,7844;19;2;0;-1,990531;1,003500;-0,476984;-0,788968;7
3037;383;11;13;17;20;36;39;0;0;-1,038236;-0,4055;19;2;0;-1,449404;0,096462;1,769870;-1,564749;7
3038;400;11;13;20;26;36;42;0;0;-0,838163;-0,2054;19;2;0;-2,784267;1,107515;-2,140610;-2,292856;7
3039;103;1;9;17;26;36;42;0;0;-0,962935;-0,3302;19;2;0;-2,394209;1,652357;0,230072;-3,014153;7
3040;195;1;11;26;39;42;47;0;0;-2,804310;-2,1716;19;2;0;-1,458072;-2,403001;0,821969;-1,562892;7
3041;359;9;17;20;26;36;42;0;0;-1,730831;-1,0981;19;2;0;-1,459929;-0,824817;-0,705447;-1,622948;7
3042;454;13;20;36;39;42;47;0;0;0,075082;0,7078;19;2;0;-3,320441;0,443179;-0,630531;-0,336997;7
3043;305;9;11;17;36;39;47;0;0;-0,000218;0,6325;19;2;0;-1,692106;0,417795;0,291367;-0,418104;7
3044;456;17;20;26;36;39;42;0;0;-0,455966;0,1768;19;2;0;-1,152836;0,760798;0,107482;-1,405631;7
3045;376;9;20;26;39;42;47;0;0;-0,663043;-0,0303;19;2;0;-2,659201;0,833856;0,725383;-1,771541;7
3046;429;11;20;26;36;39;42;0;0;-0,235316;0,3974;19;2;0;-0,511409;-0,166053;0,591030;-0,166734;7
3047;445;13;17;26;36;39;42;0;0;-0,813646;-0,1809;19;2;0;-2,118073;-0,886111;0,165682;-0,264558;7
3048;348;9;13;20;26;42;47;0;0;0,154323;0,7871;19;2;0;-2,804698;0,807233;-0,447885;-0,588987;7
3049;224;1;13;20;36;39;47;0;0;-0,299235;0,3335;19;2;0;-3,111172;0,991736;0,259171;-1,414918;7
3050;410;11;13;26;36;39;47;0;0;-2,989498;-2,3568;19;2;0;-2,670964;-1,929360;-0,788411;-2,298428;7
3051;286;9;11;13;36;42;47;0;0;-1,640207;-1,0075;19;2;0;0,404298;-1,263786;0,810824;-1,055817;7
3052;392;11;13;17;26;39;42;0;0;0,137688;0,7704;19;2;0;-2,757025;-0,083088;-0,670156;0,277808;7
3053;96;1;9;17;20;36;39;0;0;0,815397;1,4481;19;2;0;-2,868469;1,428848;1,155065;-0,275702;7
3054;260;9;11;13;17;26;42;0;0;-1,643709;-1,0110;19;2;0;-2,272239;-1,407426;-0,723402;-0,917130;7
3055;190;1;11;20;36;42;47;0;0;-1,314486;-0,6817;19;2;0;-0,616043;0,357738;-0,395258;-2,216702;7
3056;218;1;13;20;26;36;42;0;0;-0,730902;-0,0982;19;2;0;-0,247655;-0,096090;-0,998918;-0,937562;7
3057;418;11;17;20;26;39;47;0;0;0,997083;1,6298;19;2;0;-1,733588;1,651119;0,880787;-0,241031;7
3058;371;9;17;26;39;42;47;0;0;1,332874;1,9656;19;2;0;-2,415879;2,294404;0,251742;-0,409436;7
3059;367;9;17;20;39;42;47;0;0;0,761111;1,3939;19;2;0;-2,675298;0,976258;-0,753739;0,100115;7
3060;408;11;13;20;39;42;47;0;0;-0,306676;0,3261;19;2;0;-0,967714;0,145374;0,662231;-0,579080;7
3061;83;1;9;13;26;36;42;0;0;-1,811824;-1,1791;19;2;0;-1,062442;0,433273;-0,748786;-2,995579;7
3062;97;1;9;17;20;36;42;0;0;-0,249325;0,3834;19;2;0;-1,061823;1,695078;1,312945;-2,047677;7
3063;256;9;11;13;17;20;42;0;0;-0,962497;-0,3298;19;2;0;-2,184321;0,390553;1,496211;-1,751729;7
3064;458;17;20;26;36;42;47;0;0;-0,633274;-0,0005;19;2;0;-1,313812;0,718077;0,407765;-1,613661;7
3065;157;1;11;13;26;42;47;0;0;-1,551334;-0,9186;19;2;0;-1,084112;-1,421666;0,420767;-0,772252;7
3066;424;11;17;26;36;39;42;0;0;-1,116602;-0,4839;19;2;0;-0,313903;-0,446523;-0,378541;-1,132590;7
3067;115;1;9;20;26;39;42;0;0;-0,387669;0,2451;19;2;0;-2,265428;0,066743;0,412099;-0,614990;7
3068;101;1;9;17;20;42;47;0;0;-0,525138;0,1076;19;2;0;-1,224656;0,243817;0,464725;-0,986474;7
3069;309;9;11;20;26;36;42;0;0;-1,268079;-0,6353;19;2;0;-1,159028;-0,159242;-0,501131;-1,634093;7
3070;368;9;17;26;36;39;42;0;0;-0,470413;0,1623;19;2;0;-1,662387;0,708171;1,262795;-1,373435;7
3071;420;11;17;20;36;39;42;0;0;0,083838;0,7166;19;2;0;-2,640007;-0,575923;-0,042349;0,694488;7
3072;109;1;9;17;36;39;47;0;0;-1,673479;-1,0407;19;2;0;-1,201748;-0,462620;0,276507;-1,904037;7
3073;319;9;11;26;36;39;47;0;0;-1,333749;-0,7010;19;2;0;-1,065538;-0,496673;0,234406;-1,389533;7
3074;133;1;11;13;17;26;39;0;0;0,715142;1,3479;19;2;0;-2,848038;1,241249;0,387952;-0,229886;7
3075;339;9;13;17;36;39;42;0;0;-1,749657;-1,1169;19;2;0;-2,496367;0,621491;0,489491;-3,095879;7
3076;234;1;17;20;26;36;47;0;0;0,217804;0,8505;19;2;0;-1,568278;0,871004;0,291986;-0,562983;7
3077;64;1;9;13;17;26;42;0;0;-0,523386;0,1094;19;2;0;-0,289138;-0,319599;-1,220570;-0,420581;7
3078;229;1;13;26;36;42;47;0;0;0,811895;1,4446;19;2;0;-2,007248;0,480328;0,376808;0,667865;7
3079;2;1;9;11;13;17;26;0;0;-0,431449;0,2013;19;2;0;-0,881653;0,400459;-0,530849;-1,010620;7
3080;362;9;17;20;26;39;47;0;0;-0,704196;-0,0715;19;2;0;-0,022908;0,282823;0,818254;-1,278707;7
3081;357;9;13;36;39;42;47;0;0;1,708066;2,3408;19;2;0;-2,244378;1,328548;-0,206421;1,087022;7
3082;149;1;11;13;20;39;42;0;0;-0,846919;-0,2142;19;2;0;-2,101357;-0,739995;-0,103644;-0,457729;7
3083;171;1;11;17;20;42;47;0;0;-1,833275;-1,2005;19;2;0;-0,860603;0,407889;-2,537478;-3,000532;7
3084;314;9;11;20;36;39;42;0;0;0,074207;0,7069;19;2;0;-2,438168;0,117513;-0,616291;-0,012569;7
3085;303;9;11;17;26;42;47;0;0;1,295661;1,9284;19;2;0;-1,248184;1,417704;-0,720925;0,414637;7
3086;94;1;9;17;20;26;42;0;0;-1,156004;-0,5233;19;2;0;-2,939670;-0,800670;0,943320;-0,834166;7
3087;270;9;11;13;20;26;42;0;0;0,417440;1,0502;19;2;0;-1,431449;-0,148098;2,061484;0,738447;7
3088;389;11;13;17;26;36;39;0;0;1,231743;1,8645;19;2;0;-0,512647;1,114945;0,316132;0,627002;7
3089;65;1;9;13;17;26;47;0;0;-0,687560;-0,0548;19;2;0;0,679195;-0,676223;-1,678113;-0,296134;7
3090;215;1;13;17;36;42;47;0;0;-0,135061;0,4977;19;2;0;-1,736684;-0,441570;-0,129028;0,250565;7
3091;433;11;20;36;39;42;47;0;0;-1,434880;-0,8021;19;2;0;-1,093399;-0,947406;0,197877;-1,081821;7
3092;448;13;17;26;39;42;47;0;0;-0,016855;0,6159;19;2;0;-0,526887;2,064704;0,952607;-2,088540;7
3093;193;1;11;26;36;39;47;0;0;-1,671291;-1,0385;19;2;0;-0,594373;-1,401235;0,313656;-0,962327;7
3094;338;9;13;17;26;42;47;0;0;-0,862242;-0,2295;19;2;0;-2,186798;0,437607;-0,964866;-1,657001;7
3095;179;1;11;17;36;39;47;0;0;-1,558339;-0,9256;19;2;0;-2,307530;0,012878;-0,687492;-2,216702;7
3096;72;1;9;13;20;26;36;0;0;-0,679243;-0,0465;19;2;0;-1,398634;-0,784573;-0,072068;-0,176021;7
3097;326;9;13;17;20;26;47;0;0;0,036118;0,6689;19;2;0;-2,904999;0,441941;-1,083121;-0,390862;7
3098;124;1;9;26;36;42;47;0;0;-1,691429;-1,0587;19;2;0;-2,631958;-1,683562;0,677709;-0,708480;7
3099;39;1;9;11;20;26;42;0;0;-0,385918;0,2468;19;2;0;-2,634435;-0,154908;-1,857045;-0,390862;7
3100;10;1;9;11;13;20;42;0;0;-0,811019;-0,1783;19;2;0;-3,101885;-1,032847;0,117389;-0,114107;7
3101;415;11;17;20;26;36;42;0;0;-0,227436;0,4053;19;2;0;-1,770737;-0,013745;1,117298;-0,307898;7
3102;457;17;20;26;36;39;47;0;0;0,955492;1,5882;19;2;0;-4,042356;1,415227;0,070953;-0,063957;7
3103;148;1;11;13;20;36;47;0;0;-1,600805;-0,9681;19;2;0;-1,896422;-0,974648;2,769160;-1,289232;7
3104;205;1;13;17;20;39;47;0;0;-1,781178;-1,1484;19;2;0;-2,985487;-0,784573;0,070953;-1,734393;7
3105;341;9;13;17;36;42;47;0;0;-0,443270;0,1895;19;2;0;-1,929236;0,057456;-1,980872;-0,684334;7
3106;221;1;13;20;26;39;47;0;0;-1,416055;-0,7833;19;2;0;-1,830793;0,401697;0,233168;-2,404301;7
3107;25;1;9;11;17;20;42;0;0;-1,689240;-1,0565;19;2;0;-2,870327;-1,193823;-2,110891;-1,195123;7
3108;51;1;9;11;26;39;47;0;0;-0,906896;-0,2742;19;2;0;-1,402968;-0,878062;-1,352447;-0,404483;7
3109;345;9;13;20;26;36;47;0;0;-2,020652;-1,3879;19;2;0;-0,250751;0,565769;-1,847138;-3,423403;7
3110;238;1;17;20;36;39;42;0;0;0,301861;0,9346;19;2;0;-0,603660;0,910010;0,509923;-0,483114;7
3111;75;1;9;13;20;26;47;0;0;-2,229482;-1,5967;19;2;0;-2,238186;-0,896637;-0,168653;-2,256327;7
3112;112;1;9;20;26;36;39;0;0;-0,717768;-0,0850;19;2;0;-0,833361;1,305640;1,260319;-2,320717;7
3113;13;1;9;11;13;26;39;0;0;-0,802701;-0,1700;19;2;0;-1,771975;-1,147388;2,288708;0,012197;7
3114;239;1;17;20;36;39;47;0;0;-1,854289;-1,2215;19;2;0;-1,378822;0,331735;0,523544;-2,954096;7
3115;274;9;11;13;20;36;47;0;0;0,391609;1,0244;19;2;0;-1,430830;0,794850;-1,094266;-0,241031;7
3116;170;1;11;17;20;39;47;0;0;-2,140171;-1,5074;19;2;0;-3,607721;-1,166581;0,862832;-1,860078;7
3117;137;1;11;13;17;36;42;0;0;1,160819;1,7936;19;2;0;-1,835127;1,282731;-0,312294;0,358915;7
3118;378;9;26;36;39;42;47;0;0;-0,295294;0,3374;19;2;0;-2,207849;0,469802;0,811443;-0,887411;7
3119;102;1;9;17;26;36;39;0;0;-1,296974;-0,6642;19;2;0;-1,991769;-0,558587;0,921031;-1,275611;7
3120;443;13;17;20;36;42;47;0;0;-0,167457;0,4653;19;2;0;-0,856888;0,775657;0,317370;-1,012477;7
3121;350;9;13;20;36;39;47;0;0;-1,244876;-0,6121;19;2;0;-0,474879;-0,178436;-0,410117;-1,582085;7
3122;20;1;9;11;13;39;47;0;0;-0,474353;0,1584;19;2;0;-3,128508;0,134848;-0,159366;-0,805685;7
3123;289;9;11;17;20;26;39;0;0;-0,829844;-0,1971;19;2;0;-2,761358;0,346594;0,431292;-1,520171;7
3124;435;13;17;20;26;36;39;0;0;-1,338127;-0,7054;19;2;0;-2,714304;-0,175959;0,033805;-1,716438;7
3125;98;1;9;17;20;36;47;0;0;0,373222;1,0060;19;2;0;-1,977529;1,365077;0,590411;-0,837261;7
3126;38;1;9;11;20;26;39;0;0;0,499746;1,1325;19;2;0;-1,945953;1,440612;-0,936385;-0,733865;7
3127;135;1;11;13;17;26;47;0;0;-1,541265;-0,9085;19;2;0;-2,223327;-0,117141;-0,280717;-2,062537;7
3128;252;1;26;36;39;42;47;0;0;-0,091280;0,5415;19;2;0;-2,714304;0,123704;-0,559949;-0,252794;7
3129;327;9;13;17;20;36;39;0;0;0,242321;0,8751;19;2;0;-1,638241;2,138381;-0,111693;-1,795688;7
3130;219;1;13;20;26;36;47;0;0;-1,978624;-1,3459;19;2;0;-1,310717;-1,032847;-0,033062;-1,765350;7
3131;123;1;9;26;36;39;47;0;0;-0,112296;0,5204;19;2;0;-1,197414;1,862864;-1,462653;-2,021674;7
3132;373;9;20;26;36;39;42;0;0;-0,585554;0,0472;19;2;0;-1,237039;-0,647743;-1,093647;-0,180355;7
3133;355;9;13;26;36;42;47;0;0;-0,392485;0,2403;19;2;0;-2,708112;0,649972;-0,664583;-1,205030;7
3134;167;1;11;17;20;36;42;0;0;-0,716455;-0,0837;19;2;0;-2,344059;0,932299;0,878929;-1,945519;7
3135;120;1;9;20;36;42;47;0;0;-0,416126;0,2166;19;2;0;-3,099408;0,949635;0,715477;-1,538126;7
3136;100;1;9;17;20;39;47;0;0;-0,406494;0,2262;19;2;0;-2,197323;0,388076;-0,612576;-0,962946;7
3137;384;11;13;17;20;36;42;0;0;-0,906022;-0,2733;19;2;0;-1,872895;-0,566636;1,797731;-0,714672;7
3138;12;1;9;11;13;26;36;0;0;0,336885;0,9696;19;2;0;-1,389347;0,685882;0,706190;-0,209455;7
3139;250;1;20;26;39;42;47;0;0;-1,105219;-0,4725;19;2;0;-1,793645;-0,850820;1,057860;-0,712195;7
3140;175;1;11;17;26;39;42;0;0;0,467786;1,1005;19;2;0;-1,772594;0,625825;-0,873852;0,035724;7
3141;334;9;13;17;26;36;42;0;0;-2,281142;-1,6484;19;2;0;-2,246854;-1,359752;-1,058975;-1,866270;7
3142;176;1;11;17;26;39;47;0;0;-0,005035;0,6277;19;2;0;-1,547847;0,341641;-0,292481;-0,348761;7
3143;69;1;9;13;17;39;42;0;0;-0,621891;0,0109;19;2;0;-1,593044;0,531716;1,280750;-1,411203;7
3144;300;9;11;17;26;36;47;0;0;-0,109230;0,5235;19;2;0;-0,442684;0,040120;-0,091880;-0,194595;7
3145;262;9;11;13;17;36;39;0;0;-0,655601;-0,0229;19;2;0;-2,496986;0,144755;-0,205802;-1,071915;7
3146;113;1;9;20;26;36;42;0;0;-0,175776;0,4570;19;2;0;-0,706437;-0,293596;0,932175;0,045011;7
3147;85;1;9;13;26;39;42;0;0;-2,521055;-1,8883;19;2;0;-1,248803;-1,949172;-0,007058;-1,616138;7
3148;440;13;17;20;26;42;47;0;0;-2,411168;-1,7784;19;2;0;-3,949486;-0,924498;0,790392;-2,485408;7
3149;110;1;9;17;36;42;47;0;0;0,168771;0,8015;19;2;0;-1,884039;-0,400087;0,455438;0,638765;7
3150;77;1;9;13;20;36;42;0;0;0,187596;0,8203;19;2;0;-0,454448;-0,087422;0,579266;0,352723;7
3151;87;1;9;13;26;42;47;0;0;-1,099089;-0,4663;19;2;0;0,367149;0,096462;-0,857755;-1,650809;7
3152;281;9;11;13;26;39;42;0;0;1,003213;1,6360;19;2;0;-1,033342;1,801570;2,072629;-0,382813;7
3153;344;9;13;20;26;36;42;0;0;0,162204;0,7949;19;2;0;-2,831940;-0,008792;1,605798;0,238183;7
3154;316;9;11;20;36;42;47;0;0;-1,684863;-1,0521;19;2;0;-1,339197;0,076649;1,086341;-2,459405;7
3155;402;11;13;20;26;39;42;0;0;-1,716821;-1,0841;19;2;0;-1,733588;-0,702227;-0,553138;-1,725725;7
3156;283;9;11;13;26;42;47;0;0;-2,046482;-1,4137;19;2;0;-0,499645;0,011021;-0,990250;-2,905184;7
3157;328;9;13;17;20;36;42;0;0;-1,081578;-0,4488;19;2;0;-0,834599;0,651210;0,171873;-2,180792;7
3158;295;9;11;17;20;39;42;0;0;-0,509377;0,1234;19;2;0;-1,661149;1,228866;-0,368635;-1,949234;7
3159;453;13;20;26;39;42;47;0;0;-2,016713;-1,3840;19;2;0;-1,250660;-1,713281;-1,601959;-1,138782;7
3160;324;9;13;17;20;26;39;0;0;-0,118424;0,5143;19;2;0;-1,970099;-0,695417;-0,528992;0,527940;7
3161;438;13;17;20;26;39;42;0;0;-1,824958;-1,1922;19;2;0;-1,684057;-0,713991;-0,260905;-1,866889;7
3162;132;1;11;13;17;26;36;0;0;-0,579862;0,0529;19;2;0;-2,170700;-1,368420;-0,030585;0,548371;7
3163;209;1;13;17;26;36;47;0;0;0,081649;0,7144;19;2;0;-2,135409;0,284680;-0,628054;-0,169211;7
3164;204;1;13;17;20;39;42;0;0;-1,283402;-0,6507;19;2;0;-2,002295;-1,879210;-0,656535;0,064205;7
3165;199;1;13;17;20;26;42;0;0;-0,385918;0,2468;19;2;0;0,067486;0,555863;0,911124;-1,101633;7
3166;144;1;11;13;20;26;42;0;0;-1,111348;-0,4786;19;2;0;-0,733060;-0,970314;-0,344489;-0,601369;7
3167;369;9;17;26;36;39;47;0;0;1,907701;2,5404;19;2;0;-2,046872;2,796526;-1,670065;-0,098629;7
3168;93;1;9;17;20;26;39;0;0;-1,319301;-0,6866;19;2;0;-0,558463;-1,469959;-0,861470;-0,395815;7
3169;34;1;9;11;17;39;42;0;0;2,124410;2,7572;19;2;0;-0,460639;1,004738;0,310560;1,999632;7
3170;388;11;13;17;20;42;47;0;0;-1,253195;-0,6205;19;2;0;-1,871656;-0,012507;-1,168562;-1,759778;7
3171;140;1;11;13;17;39;47;0;0;1,511057;2,1438;19;2;0;-0,627187;1,150236;0,231929;0,986721;7
3172;269;9;11;13;20;26;39;0;0;-1,244439;-0,6117;19;2;0;1,269234;0,191190;-1,949915;-1,951092;7
3173;330;9;13;17;20;39;42;0;0;-0,377600;0,2551;19;2;0;-1,768260;-1,237163;-2,060122;0,703156;7
3174;261;9;11;13;17;26;47;0;0;-1,249254;-0,6165;19;2;0;-2,644341;-0,156766;-1,747457;-1,609946;7
3175;349;9;13;20;36;39;42;0;0;0,826342;1,4591;19;2;0;-3,309915;-0,754854;-0,638580;1,923478;7
3176;387;11;13;17;20;39;47;0;0;0,243634;0,8764;19;2;0;-3,069070;0,003591;-0,698636;0,340960;7
3177;67;1;9;13;17;36;42;0;0;-2,988622;-2,3559;19;2;0;-1,531130;-1,052040;0,569979;-3,174510;7
3178;117;1;9;20;26;42;47;0;0;-0,220431;0,4123;19;2;0;-2,869708;0,278489;2,296757;-0,590225;7
3179;243;1;17;26;36;39;47;0;0;-0,853486;-0,2207;19;2;0;-0,209269;0,841905;1,672665;-2,048916;7
3180;14;1;9;11;13;26;42;0;0;-0,154893;-0,0475;20;2;0;1,656196;0,856578;1,799588;-1,075630;7
3181;91;1;9;13;39;42;47;0;0;-0,916660;-0,8093;20;2;0;0,103396;-0,215770;0,257933;-1,080583;7
3182;131;1;11;13;17;20;47;0;0;-0,434207;-0,3268;20;2;0;0,175216;0,137139;0,594125;-0,751201;7
3183;200;1;13;17;20;26;47;0;0;0,793377;0,9007;20;2;0;1,835746;1,433616;-0,111693;-0,311612;7
3184;152;1;11;13;26;36;39;0;0;-0,022240;0,0851;20;2;0;-0,919421;0,388510;-1,771603;-0,419962;7
3185;88;1;9;13;36;39;42;0;0;-0,921475;-0,8141;20;2;0;0,115160;0,163762;-0,089404;-1,466925;7
3186;119;1;9;20;36;39;47;0;0;-0,697761;-0,5904;20;2;0;-1,731731;-0,264682;-0,497416;-0,722101;7
3187;192;1;11;26;36;39;42;0;0;0,856857;0,9642;20;2;0;0,310188;0,603351;-0,710400;0,608428;7
3188;412;11;13;26;39;42;47;0;0;-0,586123;-0,4788;20;2;0;0,042101;0,081417;-0,034919;-0,910320;7
3189;450;13;20;26;36;39;42;0;0;-1,480543;-1,3732;20;2;0;0,186980;-0,424420;-0,309817;-1,669384;7
3190;44;1;9;11;20;39;42;0;0;-1,163577;-1,0562;20;2;0;-0,868652;-0,176764;-1,530758;-1,468783;7
3191;451;13;20;26;36;39;47;0;0;1,903192;2,0106;20;2;0;1,198653;2,466958;-0,375446;0,224562;7
3192;390;11;13;17;26;36;42;0;0;0,298227;0,4056;20;2;0;-1,248184;0,724702;0,017707;-0,302945;7
3193;177;1;11;17;26;42;47;0;0;-0,339642;-0,2323;20;2;0;-0,601803;-0,378603;-0,161843;-0,101724;7
3194;158;1;11;13;36;39;42;0;0;-1,148254;-1,0409;20;2;0;0,546080;-1,323409;1,532121;-0,300468;7
3195;298;9;11;17;26;36;39;0;0;2,337486;2,4449;20;2;0;0,427206;1,132714;1,412627;2,172991;7
3196;246;1;17;36;39;42;47;0;0;-0,371602;-0,2642;20;2;0;0,606756;-1,984649;-1,197662;1,459124;7
3197;284;9;11;13;36;39;42;0;0;0,423000;0,5304;20;2;0;-0,759064;0,002786;-0,586572;0,595426;7
3198;116;1;9;20;26;39;47;0;0;-1,841287;-1,7339;20;2;0;-0,738632;0,216389;0,231929;-2,820362;7
3199;354;9;13;26;36;39;47;0;0;0,539454;0,6468;20;2;0;-1,668579;0,782901;1,068386;-0,019998;7
3200;114;1;9;20;26;36;47;0;0;-0,917973;-0,8106;20;2;0;1,184412;-0,096276;-1,575336;-1,201934;7
3201;43;1;9;11;20;36;47;0;0;-0,366787;-0,2594;20;2;0;-1,045106;0,485095;0,550167;-1,003810;7
3202;147;1;11;13;20;36;42;0;0;1,281958;1,3893;20;2;0;1,116926;1,045416;-0,559330;0,767546;7
3203;84;1;9;13;26;36;47;0;0;-1,374158;-1,2668;20;2;0;-0,474260;-1,841009;-0,299292;-0,102344;7
3204;288;9;11;17;20;26;36;0;0;0,348137;0,4555;20;2;0;-0,373341;-0,057889;0,932175;0,550229;7
3205;441;13;17;20;36;39;42;0;0;1,172508;1,2799;20;2;0;-0,949759;1,666412;-1,152465;-0,008235;7
3206;146;1;11;13;20;36;39;0;0;-0,784007;-0,6766;20;2;0;0,120113;-0,412037;0,618272;-0,696717;7
3207;365;9;17;20;36;39;47;0;0;-0,641285;-0,5339;20;2;0;1,527415;-0,571155;-0,200849;-0,335759;7
3208;306;9;11;17;36;42;47;0;0;0,069260;0,1766;20;2;0;1,240135;-1,128999;0,345851;1,226947;7
3209;301;9;11;17;26;39;42;0;0;-1,551903;-1,4445;20;2;0;-2,254284;-1,325266;-0,762407;-0,869456;7
3210;214;1;13;17;36;39;47;0;0;-0,102794;0,0046;20;2;0;0,528125;1,349413;-0,305483;-1,494786;7
3211;248;1;20;26;36;39;47;0;0;0,876995;0,9844;20;2;0;0,191933;1,571064;-0,579142;-0,330806;7
3212;198;1;13;17;20;26;39;0;0;0,215046;0,3224;20;2;0;-0,266849;0,769280;0,200972;-0,465159;7
3213;136;1;11;13;17;36;39;0;0;-0,395681;-0,2883;20;2;0;0,756587;-0,265920;1,699907;-0,293657;7
3214;155;1;11;13;26;39;42;0;0;0,708881;0,8163;20;2;0;1,763926;1,687462;-0,765503;-0,684953;7
3215;436;13;17;20;26;36;42;0;0;0,241752;0,3491;20;2;0;-1,968861;0,670837;0,095100;-0,328948;7
3216;258;9;11;13;17;26;36;0;0;-0,730596;-0,6232;20;2;0;-0,399344;0,073987;-1,226761;-1,107206;7
3217;444;13;17;20;39;42;47;0;0;-1,774742;-1,6674;20;2;0;-0,025385;-0,946353;-0,088784;-1,563511;7
3218;128;1;11;13;17;20;36;0;0;0,598994;0,7064;20;2;0;-0,024766;1,437330;0,516114;-0,590225;7
3219;189;1;11;20;36;39;47;0;0;-0,649603;-0,5422;20;2;0;1,431449;0,478285;0,280841;-1,396963;7
3220;434;11;26;36;39;42;47;0;0;0,163824;0,2712;20;2;0;-1,373869;0,693745;1,291895;-0,462063;7
3221;393;11;13;17;26;39;47;0;0;-0,152704;-0,0453;20;2;0;0,113302;0,419466;-1,712785;-0,635422;7
3222;162;1;11;17;20;26;36;0;0;0,803445;0,9108;20;2;0;2,444979;0,191004;-0,675728;0,945239;7
3223;220;1;13;20;26;39;42;0;0;0,328873;0,4362;20;2;0;0,195648;0,467759;1,312326;-0,002662;7
3224;329;9;13;17;20;36;47;0;0;-0,136505;-0,0291;20;2;0;-1,176983;0,486953;1,235553;-0,680000;7
3225;141;1;11;13;17;42;47;0;0;0,642336;0,7497;20;2;0;-1,134881;0,257252;-0,618148;0,651148;7
3226;315;9;11;20;36;39;47;0;0;1,472400;1,5798;20;2;0;2,127980;1,741328;-1,265148;0,340960;7
3227;382;11;13;17;20;26;47;0;0;-0,674558;-0,5672;20;2;0;0,653191;-1,101138;-1,351208;0,147169;7
3228;106;1;9;17;26;39;47;0;0;0,110850;0,2182;20;2;0;-0,946044;-0,805190;-1,264529;0,961956;7
3229;183;1;11;20;26;36;42;0;0;-0,977514;-0,8701;20;2;0;0,386343;-2,114049;-0,972915;0,731636;7
3230;45;1;9;11;20;39;47;0;0;-0,927167;-0,8198;20;2;0;-0,267468;-1,114140;0,963751;-0,197072;7
3231;55;1;9;11;36;42;47;0;0;-0,392617;-0,2852;20;2;0;0,728107;-0,059128;-0,568617;-0,496116;7
3232;236;1;17;20;26;39;47;0;0;0,592865;0,7002;20;2;0;-0,192552;0,906729;0,255457;-0,068291;7
3233;58;1;9;13;17;20;36;0;0;-0,237199;-0,1298;20;2;0;-0,130019;0,021979;-0,072687;-0,357429;7
3234;430;11;20;26;36;39;47;0;0;0,180898;0,2883;20;2;0;-0,868032;0,186051;0,190447;0,069777;7
3235;133;4;12;14;22;30;46;0;0;0,516776;0,6283;21;2;0;-0,658144;0,971305;-1,185712;-0,240473;8
3236;311;8;12;24;30;46;48;0;0;-1,026022;-0,9145;21;2;0;-0,604898;-0,339412;0,796770;-1,111602;8
3237;38;4;8;12;24;30;46;0;0;0,072849;0,1844;21;2;0;-0,797451;1,362600;1,827635;-1,259576;8
3238;305;8;12;22;39;46;49;0;0;1,969386;2,0809;21;2;0;-1,910043;2,504911;-1,394362;0,280222;8
3239;272;8;12;14;24;39;46;0;0;-0,789611;-0,6781;21;2;0;-0,218556;-1,548590;-0,869333;0,431911;8
3240;132;4;12;14;22;30;39;0;0;0,365735;0,4773;21;2;0;-0,079250;0,132991;-1,313874;0,384237;8
3241;242;4;22;30;39;46;48;0;0;-0,962979;-0,8514;21;2;0;0,138687;-1,786339;-0,069405;0,424481;8
3242;304;8;12;22;39;46;48;0;0;-0,116279;-0,0047;21;2;0;-0,681053;-0,352414;-1,982544;0,187971;8
3243;15;4;8;12;14;30;49;0;0;-2,202382;-2,0908;21;2;0;-1,198653;-0,417423;-1,123179;-2,697216;8
3244;115;4;8;24;30;46;48;0;0;0,998353;1,1099;21;2;0;1,258709;1,457329;-1,713838;-0,045445;8
3245;49;4;8;12;30;39;49;0;0;0,483503;0,5951;21;2;0;-0,328763;0,009782;-0,270626;0,673994;8
3246;44;4;8;12;24;46;48;0;0;0,011995;0,1235;21;2;0;-0,391915;1,157665;0,591216;-1,140701;8
3247;235;4;22;24;30;46;48;0;0;-0,539629;-0,4281;21;2;0;0,006191;0,397982;-0,299725;-1,161133;8
3248;368;8;22;30;39;46;48;0;0;0,104809;0,2164;21;2;0;1,185651;-0,966599;-1,809185;1,114821;8
3249;347;8;14;24;30;46;49;0;0;0,962891;1,0744;21;2;0;0,722535;2,008362;-0,980158;-0,646628;8
3250;20;4;8;12;14;46;49;0;0;1,733414;1,8450;21;2;0;-1,157170;1,092037;-1,104605;1,359381;8
3251;399;12;14;24;30;39;46;0;0;-0,898622;-0,7871;21;2;0;0,635236;-0,370988;-1,620967;-0,899856;8
3252;190;4;12;24;39;48;49;0;0;-0,201649;-0,0901;21;2;0;2,059255;0,649353;0,132434;-0,934528;8
3253;53;4;8;12;39;46;48;0;0;0,772011;0,8836;21;2;0;0,169025;1,422038;0,337988;-0,330249;8
3254;65;4;8;14;22;30;49;0;0;-0,560205;-0,4487;21;2;0;0,132496;-0,182151;-0,966537;-0,610099;8
3255;424;12;22;30;39;46;48;0;0;-1,474325;-1,3628;21;2;0;0,147974;-1,507107;-1,540479;-0,577904;8
3256;145;4;12;14;24;30;49;0;0;-0,029158;0,0824;21;2;0;0,616043;1,737179;-0,042163;-1,778414;8
3257;356;8;14;30;46;48;49;0;0;-0,169690;-0,0581;21;2;0;-0,372721;0,132372;-0,538093;-0,372350;8
3258;212;4;14;22;30;48;49;0;0;-0,340432;-0,2289;21;2;0;1,586852;-0,780858;0,301459;0,299415;8
3259;220;4;14;24;30;46;48;0;0;0,152529;0,2641;21;2;0;-0,970809;1,485809;-0,294153;-1,270101;8
3260;458;22;24;30;39;48;49;0;0;-0,316353;-0,2048;21;2;0;-0,800546;-0,744329;-0,969014;0,296939;8
3261;46;4;8;12;24;48;49;0;0;-0,071186;0,0404;21;2;0;-0,443303;-0,206916;-0,448318;0,106244;8
3262;14;4;8;12;14;30;48;0;0;1,548226;1,6598;21;2;0;0,212984;0,201715;-1,395600;1,987807;8
3263;150;4;12;14;24;46;49;0;0;-0,646013;-0,5345;21;2;0;-1,747209;-0,713991;-1,799279;-0,199610;8
3264;187;4;12;24;30;48;49;0;0;0,456797;0,5683;21;2;0;1,966384;1,170048;-0,721358;-0,524039;8
3265;51;4;8;12;30;46;49;0;0;-0,561518;-0,4500;21;2;0;0,148593;-1,185774;-0,596292;0,391667;8
3266;317;8;12;24;46;48;49;0;0;-1,342987;-1,2314;21;2;0;1,497077;-0,983935;-2,063651;-0,915335;8
3267;106;4;8;22;30;46;49;0;0;0,460738;0,5723;21;2;0;-0,626568;0,725507;1,714952;-0,073925;8
3268;365;8;22;24;39;46;49;0;0;-0,753711;-0,6422;21;2;0;1,239516;-0,925117;-0,608056;-0,140792;8
3269;79;4;8;14;24;46;48;0;0;-0,537002;-0,4255;21;2;0;-1,292762;0,625825;-0,656968;-1,385261;8
3270;199;4;14;22;24;30;48;0;0;-0,174943;-0,0634;21;2;0;0,696531;-0,815529;-0,991303;0,568122;8
3271;389;12;14;22;30;39;46;0;0;-0,268194;-0,1566;21;2;0;1,634526;-0,730707;0,939171;0,351423;8
3272;35;4;8;12;22;46;49;0;0;0,449793;0,5613;21;2;0;-0,633379;0,773180;-0,839614;-0,137077;8
3273;5;4;8;12;14;22;48;0;0;1,048262;1,1598;21;2;0;0,053865;-0,422376;0,544161;1,904842;8
3274;137;4;12;14;22;39;48;0;0;1,252275;1,3638;21;2;0;-0,446399;1,246821;-0,059499;0,524163;8
3275;206;4;14;22;24;48;49;0;0;1,555668;1,6672;21;2;0;0,324429;1,063556;-1,359690;1,136491;8
3276;55;4;8;12;39;48;49;0;0;-0,527809;-0,4163;21;2;0;-0,157261;-1,081140;-1,592487;0,334706;8
3277;455;14;30;39;46;48;49;0;0;0,634981;0,7465;21;2;0;-0,386343;0,382504;0,500821;0,515495;8
3278;113;4;8;24;30;39;48;0;0;-0,727444;-0,6159;21;2;0;-2,174415;-0,179055;0,162772;-0,849706;8
3279;421;12;22;24;39;46;49;0;0;-1,454187;-1,3426;21;2;0;0,382628;0,762036;-0,832803;-2,818567;8
3280;88;4;8;14;39;46;48;0;0;-0,601796;-0,4902;21;2;0;2,002914;-0,182151;-1,477327;-0,668917;8
3281;134;4;12;14;22;30;48;0;0;-0,360132;-0,2486;21;2;0;0,812310;-1,323223;-1,560291;0,813920;8
3282;419;12;22;24;30;48;49;0;0;-1,813619;-1,7021;21;2;0;-0,699008;-0,577161;0,312603;-1,987683;8
3283;16;4;8;12;14;39;46;0;0;-1,227846;-1,1163;21;2;0;-0,143640;-2,104576;1,254313;0,368140;8
3284;442;14;22;24;39;46;49;0;0;-1,665643;-1,5541;21;2;0;-0,299663;-1,410522;-1,182617;-0,945053;8
3285;240;4;22;24;39;48;49;0;0;1,271975;1,3835;21;2;0;0,663098;1,521719;-1,536764;0,277126;8
3286;418;12;22;24;30;46;49;0;0;-0,190705;-0,0792;21;2;0;2,718019;1,315546;0,220971;-1,585243;8
3287;264;8;12;14;22;39;49;0;0;-0,943278;-0,8317;21;2;0;0,611090;-0,504722;-2,091512;-0,829274;8
3288;439;14;22;24;30;46;49;0;0;-1,332041;-1,2205;21;2;0;-0,900228;-0,676223;-2,113801;-1,207568;8
3289;251;4;24;39;46;48;49;0;0;0,961578;1,0731;21;2;0;0,743586;1,405940;0,376994;-0,046064;8
3290;307;8;12;22;46;48;49;0;0;-1,884104;-1,7726;21;2;0;-0,763398;-0,822340;-0,630964;-1,842185;8
3291;43;4;8;12;24;39;49;0;0;-1,318470;-1,2069;21;2;0;1,062442;-0,921402;0,261834;-0,943196;8
3292;450;14;24;30;39;46;48;0;0;0,871829;0,9834;21;2;0;0,140544;1,147140;-1,569578;0,085813;8
3293;310;8;12;24;30;39;49;0;0;-0,638571;-0,5270;21;2;0;1,594282;1,462901;0,724949;-2,365977;8
3294;300;8;12;22;30;39;49;0;0;-1,397273;-1,2857;21;2;0;0,022908;-1,551066;-1,222242;-0,424977;8
3295;168;4;12;22;24;39;49;0;0;0,545671;0,6572;21;2;0;-0,253847;0,113179;-1,789992;0,658516;8
3296;227;4;14;30;39;46;48;0;0;1,301746;1,4133;21;2;0;-0,880415;1,397272;-2,061175;0,443675;8
3297;371;8;22;30;46;48;49;0;0;-1,100447;-0,9889;21;2;0;0,656906;-0,463240;0,651272;-1,093027;8
3298;367;8;22;24;46;48;49;0;0;0,089486;0,2010;21;2;0;-0,419776;-0,344365;-0,031019;0,470917;8
3299;180;4;12;22;39;48;49;0;0;2,136625;2,2482;21;2;0;-0,069344;1,941495;0,903261;1,080149;8
3300;364;8;22;24;39;46;48;0;0;0,647677;0,7592;21;2;0;0,424729;-0,588925;-2,185002;1,504878;8
3301;430;12;24;30;39;46;49;0;0;0,239213;0,3508;21;2;0;0,373960;-0,533821;-0,590720;0,872119;8
3302;401;12;14;24;30;39;49;0;0;-0,832953;-0,7214;21;2;0;1,003005;-0,687368;-1,177664;-0,490605;8
3303;171;4;12;22;24;48;49;0;0;-1,562323;-1,4508;21;2;0;-0,234654;-1,357895;-0,783272;-0,851563;8
3304;182;4;12;24;30;39;46;0;0;1,144577;1,2561;21;2;0;-0,336192;0,979973;0,539208;0,638703;8
3305;42;4;8;12;24;39;48;0;0;-0,589100;-0,4776;21;2;0;-1,679104;0,531097;-0,532521;-1,364210;8
3306;284;8;12;14;39;46;48;0;0;-0,922701;-0,8112;21;2;0;-0,669289;0,444418;-0,854473;-1,749314;8
3307;112;4;8;24;30;39;46;0;0;-0,569836;-0,4583;21;2;0;0,450733;-0,538774;-1,342974;-0,267096;8
3308;417;12;22;24;30;46;48;0;0;-0,363196;-0,2516;21;2;0;-0,458782;-0,221775;-1,192523;-0,291862;8
3309;408;12;14;24;46;48;49;0;0;-0,040978;0,0706;21;2;0;-0,267468;0,558958;1,282793;-0,616910;8
3310;268;8;12;14;24;30;39;0;0;-0,135542;-0,0240;21;2;0;-2,438787;0,953969;-2,053126;-1,145654;8
3311;194;4;12;30;39;48;49;0;0;-0,230982;-0,1194;21;2;0;0,337431;0,438845;0,461816;-0,765503;8
3312;338;8;14;22;30;48;49;0;0;-0,559330;-0,4478;21;2;0;-0,133734;-0,594497;-3,001646;-0,196515;8
3313;423;12;22;24;46;48;49;0;0;-0,427114;-0,3156;21;2;0;-0,543604;1,417085;-0,172182;-2,021116;8
3314;208;4;14;22;30;39;48;0;0;-0,705992;-0,5944;21;2;0;-0,026004;-1,356657;1,651800;0,358234;8
3315;246;4;22;39;46;48;49;0;0;0,272047;0,3836;21;2;0;-0,424729;0,671022;-0,577718;-0,286290;8
3316;89;4;8;14;39;46;49;0;0;-0,400409;-0,2889;21;2;0;-0,675480;-0,885492;-0,743028;0,319228;8
3317;333;8;14;22;30;39;46;0;0;-0,837330;-0,7258;21;2;0;0,245798;-0,096090;-1,679785;-1,088074;8
3318;314;8;12;24;39;46;48;0;0;1,994779;2,1063;21;2;0;-1,955859;1,230105;-0,845186;1,590939;8
3319;413;12;14;39;46;48;49;0;0;0,539979;0,6515;21;2;0;-0,006811;0,056218;-0,257624;0,707428;8
3320;324;8;14;22;24;30;46;0;0;-0,497163;-0,3856;21;2;0;-0,195648;1,035076;1,912457;-1,738170;8
3321;222;4;14;24;30;48;49;0;0;1,464607;1,5762;21;2;0;-0,806738;0,622730;1,126151;1,448537;8
3322;262;8;12;14;22;39;46;0;0;-1,103074;-0,9915;21;2;0;1,148502;-0,343127;-0,391358;-1,216855;8
3323;151;4;12;14;24;48;49;0;0;-0,512047;-0,4005;21;2;0;-0,954712;0,533574;-2,202957;-1,257718;8
3324;47;4;8;12;30;39;46;0;0;0,539541;0,6511;21;2;0;1,926140;0,464849;-1,412317;0,298177;8
3325;226;4;14;24;46;48;49;0;0;1,492625;1,6042;21;2;0;-0,420395;0,313160;-2,600444;1,797731;8
3326;407;12;14;24;39;48;49;0;0;0,959388;1,0709;21;2;0;0,293472;1,192956;-0,304678;0,163824;8
3327;54;4;8;12;39;46;49;0;0;1,071026;1,1826;21;2;0;1,041391;0,594868;-0,458225;0,919792;8
3328;339;8;14;22;39;46;48;0;0;0,080730;0,1923;21;2;0;-0,053246;0,459896;0,630840;-0,345727;8
3329;406;12;14;24;39;46;49;0;0;-2,408148;-2,2966;21;2;0;0,507075;-0,976506;0,105811;-2,429129;8
3330;355;8;14;30;39;48;49;0;0;0,006305;0,1179;21;2;0;0,191933;0,650591;-1,774513;-0,641675;8
3331;437;14;22;24;30;39;49;0;0;-0,415732;-0,3042;21;2;0;0,654430;-0,130762;-2,299543;-0,457172;8
3332;388;12;14;22;24;48;49;0;0;0,310136;0,4217;21;2;0;0,196267;0,221528;0,001176;0,217070;8
3333;233;4;22;24;30;39;48;0;0;0,399446;0,5110;21;2;0;-0,822216;0,129276;-0,526949;0,435626;8
3334;271;8;12;14;24;30;49;0;0;1,037317;1,1489;21;2;0;0,315761;-0,042844;-0,427887;1,509832;8
3335;114;4;8;24;30;39;49;0;0;-0,112339;-0,0008;21;2;0;0,653191;0,175092;-3,337219;-0,333963;8
3336;66;4;8;14;22;39;46;0;0;0,212945;0,3245;21;2;0;-1,691487;0,636970;1,117483;-0,335821;8
3337;396;12;14;22;39;46;49;0;0;-0,182386;-0,0708;21;2;0;2,308768;0,017831;-0,335016;-0,275764;8
3338;247;4;24;30;39;46;48;0;0;1,690072;1,8016;21;2;0;-0,727488;-0,296691;-0,266911;2,686814;8
3339;243;4;22;30;39;46;49;0;0;0,659497;0,7710;21;2;0;-0,449495;0,321828;0,349751;0,610842;8
3340;60;4;8;14;22;24;48;0;0;-0,625874;-0,5143;21;2;0;-0,029100;-0,511532;-0,861284;-0,373588;8
3341;261;8;12;14;22;30;49;0;0;0,600395;0,7119;21;2;0;-1,026532;0,546576;-0,774604;0,302511;8
3342;30;4;8;12;22;30;49;0;0;0,940125;1,0517;21;2;0;0,843886;0,295824;0,801723;1,033714;8
3343;83;4;8;14;30;39;48;0;0;0,860446;0,9720;21;2;0;0,766494;0,839428;-2,442564;0,377427;8
3344;395;12;14;22;39;46;48;0;0;-1,543497;-1,4319;21;2;0;0,314522;-0,283070;-0,486086;-1,899765;8
3345;98;4;8;22;24;39;49;0;0;1,612582;1,7241;21;2;0;2,272239;1,308735;-0,204997;0,971800;8
3346;12;4;8;12;14;30;39;0;0;-0,384211;-0,2727;21;2;0;-1,480361;-0,223633;-0,499088;-0,319723;8
3347;84;4;8;14;30;39;49;0;0;-0,125035;-0,0135;21;2;0;0,464354;0,053122;-1,647590;-0,229948;8
3348;207;4;14;22;30;39;46;0;0;-0,186765;-0,0752;21;2;0;0,349194;-0,469431;0,311365;0,205306;8
3349;331;8;14;22;24;46;49;0;0;0,453295;0,5648;21;2;0;0,756587;0,350928;1,698235;0,290128;8
3350;59;4;8;14;22;24;46;0;0;-2,109132;-1,9976;21;2;0;1,705727;-1,004367;-0,636536;-1,978396;8
3351;2;4;8;12;14;22;30;0;0;1,172596;1,2841;21;2;0;-0,328144;0,583105;-0,231620;1,075196;8
3352;221;4;14;24;30;46;49;0;0;-0,622372;-0,5108;21;2;0;0,118875;-0,376560;-0,000681;-0,503607;8
3353;92;4;8;22;24;30;39;0;0;-0,005078;0,1065;21;2;0;-0,677957;-0,613690;0,433335;0,606508;8
3354;174;4;12;22;30;39;49;0;0;0,756251;0,8678;21;2;0;1,195557;0,672880;-0,516424;0,396620;8
3355;375;8;24;30;39;48;49;0;0;-0,698112;-0,5866;21;2;0;-0,272421;-0,272545;-1,050740;-0,714734;8
3356;412;12;14;30;46;48;49;0;0;0,825860;0,9374;21;2;0;-0,231558;1,299448;-0,217999;-0,131505;8
3357;342;8;14;22;46;48;49;0;0;0,262854;0,3744;21;2;0;0,719439;-0,993841;-1,534907;1,365572;8
3358;249;4;24;30;39;48;49;0;0;0,406451;0,5180;21;2;0;-1,362724;1,233820;-0,309631;-0,659011;8
3359;131;4;12;14;22;24;49;0;0;-1,306211;-1,1947;21;2;0;0,173359;-1,156675;-1,898960;-0,690587;8
3360;376;8;24;30;46;48;49;0;0;0,820170;0,9317;21;2;0;0,383247;-0,471907;0,120670;1,631802;8
3361;122;4;8;30;39;46;48;0;0;0,392004;0,5036;21;2;0;-1,009196;0,673499;0,522491;-0,119122;8
3362;203;4;14;22;24;39;49;0;0;0,560118;0,6717;21;2;0;-0,723773;-0,839057;-1,433987;1,631183;8
3363;362;8;22;24;30;46;49;0;0;-0,577717;-0,4662;21;2;0;0,882892;-0,448380;0,342941;-0,368635;8
3364;415;12;22;24;30;39;48;0;0;-0,503729;-0,3922;21;2;0;0,061914;-0,054608;-1,718791;-0,657773;8
3365;457;22;24;30;39;46;49;0;0;-0,072061;0,0395;21;2;0;0,139925;-0,870633;-1,108320;0,768723;8
3366;120;4;8;24;39;48;49;0;0;-0,969545;-0,8580;21;2;0;-0,350432;-0,586448;1,425195;-0,784696;8
3367;128;4;12;14;22;24;39;0;0;-3,398444;-3,2869;21;2;0;0,440208;-2,579456;0,038944;-2,226670;8
3368;285;8;12;14;39;46;49;0;0;-0,247180;-0,1356;21;2;0;0,927470;0,896389;0,481009;-1,245955;8
3369;52;4;8;12;30;48;49;0;0;-1,333355;-1,2218;21;2;0;-0,516981;-2,638274;-0,920721;0,752625;8
3370;172;4;12;22;30;39;46;0;0;-1,538682;-1,4271;21;2;0;0,614186;-0,803766;-1,304587;-1,372259;8
3371;323;8;14;22;24;30;39;0;0;-0,031346;0,0802;21;2;0;-1,871656;0,012259;-0,088599;-0,056589;8
3372;403;12;14;24;30;46;49;0;0;-0,050171;0,0614;21;2;0;-0,605518;0,700122;0,243260;-0,771075;8
3373;298;8;12;22;30;39;46;0;0;1,022870;1,1344;21;2;0;1,194319;1,131662;-1,453180;0,314894;8
3374;18;4;8;12;14;39;49;0;0;-0,049296;0,0623;21;2;0;0,030338;-0,253352;-0,915149;0,183637;8
3375;409;12;14;30;39;46;48;0;0;0,050959;0,1625;21;2;0;0,232177;0,250627;-0,415504;-0,178560;8
3376;281;8;12;14;30;46;48;0;0;0,677885;0,7894;21;2;0;-1,987435;0,272297;-2,779995;0,686377;8
3377;445;14;22;30;39;46;48;0;0;0,734798;0,8463;21;2;0;-1,218465;0,906295;0,861160;0,132867;8
3378;461;22;30;39;46;48;49;0;0;-1,835946;-1,7244;21;2;0;0,303378;-1,606170;-0,693497;-0,990250;8
3379;78;4;8;14;24;39;49;0;0;-0,835580;-0,7240;21;2;0;-0,401821;0,256819;-0,963442;-1,438507;8
3380;143;4;12;14;24;30;46;0;0;-1,577208;-1,4657;21;2;0;-0,734918;-0,751139;0,565831;-1,479370;8
3381;258;8;12;14;22;30;39;0;0;-0,465203;-0,3537;21;2;0;-0,177074;-0,257066;-0,001300;-0,400830;8
3382;309;8;12;24;30;39;48;0;0;-0,824197;-0,7126;21;2;0;0,282946;-0,264496;0,272978;-0,901094;8
3383;121;4;8;24;46;48;49;0;0;-1,709422;-1,5979;21;2;0;-1,049440;-2,306415;-1,448846;-0,111073;8
3384;100;4;8;22;24;46;49;0;0;-0,325546;-0,2140;21;2;0;-0,160357;0,402316;0,441384;-0,862708;8
3385;177;4;12;22;30;48;49;0;0;1,153333;1,2649;21;2;0;-0,431540;0,466707;-1,257533;1,164352;8
3386;50;4;8;12;30;46;48;0;0;0,339030;0,4506;21;2;0;-1,880943;1,185527;-0,838376;-0,706066;8
3387;277;8;12;14;24;48;49;0;0;-0,005516;0,1060;21;2;0;0,091013;0,506332;-1,707027;-0,514133;8
3388;383;12;14;22;24;39;46;0;0;0,228705;0,3403;21;2;0;0,807976;0,963256;-0,827231;-0,639818;8
3389;191;4;12;24;46;48;49;0;0;0,110500;0,2220;21;2;0;1,227752;1,290161;1,634464;-1,133891;8
3390;343;8;14;24;30;39;46;0;0;0,141583;0,2531;21;2;0;-1,181936;0,843143;-0,117079;-0,642914;8
3391;81;4;8;14;24;48;49;0;0;-1,127152;-1,0156;21;2;0;-1,173268;-0,604403;0,132434;-0,989631;8
3392;186;4;12;24;30;46;49;0;0;-0,442876;-0,3313;21;2;0;-1,973195;-0,635360;-1,376407;0,009039;8
3393;116;4;8;24;30;46;49;0;0;1,169094;1,2806;21;2;0;0,988145;1,075320;1,781819;0,578028;8
3394;326;8;14;22;24;30;49;0;0;0,926554;1,0381;21;2;0;0,608613;-0,645266;0,127481;1,955611;8
3395;28;4;8;12;22;30;46;0;0;-1,579397;-1,4678;21;2;0;1,068014;-0,411851;1,254932;-1,821754;8
3396;135;4;12;14;22;30;49;0;0;0,615280;0,7268;21;2;0;0,244560;-0,963504;-0,469369;1,833641;8
3397;420;12;22;24;39;46;48;0;0;-2,692277;-2,5807;21;2;0;-0,885987;-1,777052;-0,661302;-2,030403;8
3398;155;4;12;14;30;46;48;0;0;0,541292;0,6528;21;2;0;-0,207411;-0,019317;-1,985020;0,784820;8
3399;27;4;8;12;22;30;39;0;0;-0,451194;-0,3396;21;2;0;2,217755;0,470422;-1,320066;-1,108506;8
3400;429;12;24;30;39;46;48;0;0;0,600395;0,7119;21;2;0;0,952854;0,716220;-0,362877;0,132867;8
3401;384;12;14;22;24;39;48;0;0;-0,784795;-0,6732;21;2;0;0,267468;-0,874348;-0,460701;-0,235520;8
3402;17;4;8;12;14;39;48;0;0;0,147275;0,2588;21;2;0;0,450733;-0,476241;1,870356;0,684520;8
3403;127;4;12;14;22;24;30;0;0;1,459353;1,5709;21;2;0;-0,902085;1,211531;0,108287;0,852306;8
3404;232;4;22;24;30;39;46;0;0;-0,679724;-0,5682;21;2;0;0,470545;-0,880539;-2,520575;-0,080736;8
3405;390;12;14;22;30;39;48;0;0;-0,750209;-0,6387;21;2;0;1,355914;-0,094233;-2,217817;-0,966723;8
3406;405;12;14;24;39;46;48;0;0;-0,320293;-0,2087;21;2;0;1,196795;0,919916;-2,163952;-1,372878;8
3407;219;4;14;24;30;39;49;0;0;1,124000;1,2355;21;2;0;-1,590567;2,514817;0,619077;-0,925241;8
3408;3;4;8;12;14;22;39;0;0;0,029508;0,1411;21;2;0;0,096586;0,325543;0,423429;-0,283813;8
3409;118;4;8;24;39;46;48;0;0;-0,515988;-0,4044;21;2;0;-0,928089;0,363930;0,059375;-1,093647;8
3410;204;4;14;22;24;46;48;0;0;-2,157289;-2,0457;21;2;0;-1,070491;-1,793769;0,212922;-1,257099;8
3411;447;14;22;30;39;48;49;0;0;1,067962;1,1795;21;2;0;-0,142402;0,294586;1,532306;1,215741;8
3412;230;4;14;30;46;48;49;0;0;-0,606611;-0,4951;21;2;0;0,364054;-1,338082;-0,259481;0,480204;8
3413;22;4;8;12;22;24;30;0;0;-0,636820;-0,5253;21;2;0;0,139925;-0,393277;-2,152807;-0,507322;8
3414;397;12;14;22;39;48;49;0;0;1,175660;1,2872;21;2;0;-0,247655;1,109992;-0,005015;0,552643;8
3415;97;4;8;22;24;39;48;0;0;-0,116279;-0,0047;21;2;0;-0,788164;-0,364177;0,872924;0,199734;8
3416;99;4;8;22;24;46;48;0;0;-0,906941;-0,7954;21;2;0;1,142930;-0,473765;0,993037;-0,808843;8
3417;213;4;14;22;39;46;48;0;0;1,239579;1,3511;21;2;0;-2,060493;1,220818;-0,889764;0,532212;8
3418;183;4;12;24;30;39;48;0;0;-0,878922;-0,7674;21;2;0;0,597469;-1,385756;-0,727550;0,142773;8
3419;282;8;12;14;30;46;49;0;0;-1,124964;-1,0134;21;2;0;0,809833;-1,611742;-0,006872;0,020803;8
3420;19;4;8;12;14;46;48;0;0;-0,944153;-0,8326;21;2;0;0,116398;-0,372845;0,804199;-0,962389;8
3421;346;8;14;24;30;46;48;0;0;1,226883;1,3384;21;2;0;-1,676628;1,609637;-0,105935;0,125437;8
3422;202;4;14;22;24;39;48;0;0;-0,284830;-0,1733;21;2;0;-0,431540;0,394268;-0,946106;-0,797079;8
3423;39;4;8;12;24;30;48;0;0;1,335019;1,4466;21;2;0;-0,094728;0,498902;0,949078;1,389100;8
3424;147;4;12;14;24;39;48;0;0;-1,806176;-1,6946;21;2;0;-0,541746;-2,452532;-0,431602;-0,101786;8
3425;256;8;12;14;22;24;48;0;0;0,377556;0,4891;21;2;0;-0,662478;-1,080521;-1,251960;1,614466;8
3426;201;4;14;22;24;39;46;0;0;0,326334;0,4379;21;2;0;-0,184503;0,374455;-1,045168;0,087051;8
3427;159;4;12;14;39;46;49;0;0;0,135016;0,2466;21;2;0;-0,117017;-0,102901;-1,481042;0,293843;8
3428;369;8;22;30;39;46;49;0;0;-0,352689;-0,2411;21;2;0;-0,244560;-0,001362;-0,851997;-0,497416;8
3429;94;4;8;22;24;30;48;0;0;-0,424926;-0,3134;21;2;0;-1,087208;-0,706561;-0,138749;0,105625;8
3430;63;4;8;14;22;30;46;0;0;1,514953;1,6265;21;2;0;0,465592;0,835094;-0,958489;1,307373;8
3431;259;8;12;14;22;30;46;0;0;-0,599170;-0,4876;21;2;0;1,314431;0,134848;-0,378356;-0,982202;8
3432;370;8;22;30;39;48;49;0;0;-0,028719;0,0828;21;2;0;0,572703;-0,679938;-2,341644;0,639323;8
3433;136;4;12;14;22;39;46;0;0;-1,459879;-1,3483;21;2;0;-1,465501;-2,077953;0,518157;0,013373;8
3434;216;4;14;22;46;48;49;0;0;-0,283518;-0,1720;21;2;0;-0,642047;0,037024;-0,995018;-0,437979;8
3435;40;4;8;12;24;30;49;0;0;1,054390;1,1659;21;2;0;0,811691;1,500668;-0,378356;-0,009535;8
3436;72;4;8;14;24;30;39;0;0;-0,632442;-0,5209;21;2;0;-1,297096;-0,746805;0,136768;-0,147603;8
3437;330;8;14;22;24;46;48;0;0;0,794339;0,9059;21;2;0;0,684767;-0,042225;-1,805470;1,165590;8
3438;205;4;14;22;24;46;49;0;0;-0,019131;-0,1500;22;2;0;-0,502741;-1,094142;-2,194847;1,067086;8
3439;459;22;24;30;46;48;49;0;0;-1,274734;-1,4056;22;2;0;0,237749;-1,804913;-0,727488;0,002167;8
3440;283;8;12;14;30;48;49;0;0;1,584081;1,4532;22;2;0;-0,006191;1,552676;1,159028;0,687553;8
3441;381;12;14;22;24;30;48;0;0;-0,615849;-0,7467;22;2;0;0,565893;-1,242735;0,699008;0,371793;8
3442;142;4;12;14;24;30;39;0;0;0,555258;0,4244;22;2;0;-0,152308;0,056218;0,165310;0,729036;8
3443;181;4;12;22;46;48;49;0;0;0,651573;0,5207;22;2;0;-0,486024;0,118751;-1,208559;0,802713;8
3444;58;4;8;14;22;24;39;0;0;-0,567691;-0,6986;22;2;0;-0,508313;-1,018607;0,621615;0,215770;8
3445;105;4;8;22;30;46;48;0;0;0,298709;0,1678;22;2;0;-0,477356;-0,416185;-2,002914;0,838623;8
3446;348;8;14;24;30;48;49;0;0;0,390647;0,2598;22;2;0;-1,700155;-0,782715;0,502741;1,335173;8
3447;200;4;14;22;24;30;49;0;0;0,565765;0,4349;22;2;0;0,062533;-0,023651;-0,970190;0,823764;8
3448;119;4;8;24;39;46;49;0;0;0,072806;-0,0581;22;2;0;-0,680433;-0,305359;-0,032814;0,408322;8
3449;9;4;8;12;14;24;46;0;0;0,103890;-0,0270;22;2;0;-0,078631;-0,029223;0,188837;0,176145;8
3450;302;8;12;22;30;46;49;0;0;0,815310;0,6844;22;2;0;0,381389;-0,586448;0,660621;1,739470;8
3451;275;8;12;14;24;46;48;0;0;0,729501;0,5986;22;2;0;0,809214;-0,222395;0,137449;1,254065;8
3452;141;4;12;14;22;48;49;0;0;0,655513;0,5246;22;2;0;-1,183793;-0,104139;0,234034;1,031175;8
3453;452;14;24;30;39;48;49;0;0;-0,519096;-0,6500;22;2;0;1,805408;-0,105377;-0,967095;-0,628735;8
3454;4;4;8;12;14;22;46;0;0;1,289882;1,1590;22;2;0;-0,502741;-0,458286;0,227224;2,282455;8
3455;341;8;14;22;39;48;49;0;0;-1,195493;-1,3264;22;2;0;-1,136119;-0,608737;-0,429682;-1,081945;8
3456;102;4;8;22;30;39;46;0;0;0,019832;-0,1110;22;2;0;0,685387;-0,853916;-0,621615;0,881963;8
3457;444;14;22;24;46;48;49;0;0;-0,217891;-0,3488;22;2;0;2,688300;0,716220;-1,010434;-1,024365;8
3458;436;14;22;24;30;39;48;0;0;0,050478;-0,0804;22;2;0;-0,416680;-0,967218;-1,083493;1,038605;8
3459;87;4;8;14;30;48;49;0;0;-0,309829;-0,4407;22;2;0;-0,308950;0,707552;0,165929;-1,145716;8
3460;179;4;12;22;39;46;49;0;0;0,839826;0,7090;22;2;0;0,062533;0,923012;-0,612947;0,264682;8
3461;263;8;12;14;22;39;48;0;0;-0,329092;-0,4600;22;2;0;-2,377492;-0,397611;-0,264991;-0,067796;8
3462;41;4;8;12;24;39;46;0;0;0,380577;0,2497;22;2;0;-1,026532;-0,057704;1,127452;0,595921;8
3463;123;4;8;30;39;46;49;0;0;-0,779148;-0,9100;22;2;0;0,203077;-1,072472;-0,979477;-0,029409;8
3464;456;22;24;30;39;46;48;0;0;1,299951;1,1691;22;2;0;-0,134353;1,163857;-1,508222;0,674552;8
3465;218;4;14;24;30;39;48;0;0;-0,287940;-0,4188;22;2;0;0,303997;-0,839676;-1,480361;0,432468;8
3466;267;8;12;14;22;48;49;0;0;-1,189364;-1,3202;22;2;0;-0,292233;-1,321366;0,646381;-0,360648;8
3467;402;12;14;24;30;46;48;0;0;0,463320;0,3324;22;2;0;1,253756;-0,079374;-0,413585;0,734608;8
3468;257;8;12;14;22;24;49;0;0;1,139718;1,0088;22;2;0;-0,736775;1,289542;-0,315761;0,322262;8
3469;334;8;14;22;30;39;48;0;0;0,971165;0,8403;22;2;0;-0,212365;0,980592;-0,453829;0,392843;8
3470;359;8;22;24;30;39;48;0;0;0,347305;0,2164;22;2;0;-0,634617;0,155280;-0,993718;0,335883;8
3471;80;4;8;14;24;46;49;0;0;-0,312456;-0,4433;22;2;0;0,438350;-0,444665;-0,279851;0,002786;8
3472;139;4;12;14;22;46;48;0;0;-1,128072;-1,2589;22;2;0;0,770828;-0,621739;-0,121351;-0,973596;8
3473;195;4;12;30;46;48;49;0;0;2,710972;2,5801;22;2;0;-2,691396;2,753186;0,387581;1,080707;8
3474;238;4;22;24;39;46;48;0;0;0,905496;0,7746;22;2;0;0,340526;0,041978;-1,557134;1,238587;8
3475;434;12;30;39;46;48;49;0;0;1,196631;1,0658;22;2;0;-0,553510;0,620253;-0,948520;1,072039;8
3476;45;4;8;12;24;46;49;0;0;0,704985;0,5741;22;2;0;-0,184503;1,907442;0,276136;-0,910443;8
3477;166;4;12;22;24;39;46;0;0;-0,206071;-0,3369;22;2;0;0,411727;-0,111569;-0,738013;-0,179860;8
3478;344;8;14;24;30;39;48;0;0;-0,627232;-0,7581;22;2;0;-2,365110;-0,637837;0,160357;-0,249203;8
3479;76;4;8;14;24;39;46;0;0;-1,716909;-1,8478;22;2;0;1,114450;-1,370897;0,862460;-1,057179;8
3480;325;8;14;22;24;30;48;0;0;1,212392;1,0815;22;2;0;-0,764636;0,874719;0,113922;0,839862;8
3481;411;12;14;30;39;48;49;0;0;0,463759;0,3329;22;2;0;0,023527;0,213479;-0,331239;0,442375;8
3482;10;4;8;12;14;24;48;0;0;-0,693777;-0,8246;22;2;0;-0,358481;-1,318270;-0,809833;0,337121;8
3483;11;4;8;12;14;24;49;0;0;0,531179;0,4003;22;2;0;1,170791;-0,228586;-0,466211;0,979787;8
3484;110;4;8;22;39;48;49;0;0;-0,836499;-0,9674;22;2;0;-0,063152;-0,435997;0,335573;-0,746991;8
3485;192;4;12;30;39;46;48;0;0;-0,958644;-1,0895;22;2;0;1,285332;-0,760426;-0,692816;-0,595302;8
3486;36;4;8;12;22;48;49;0;0;1,310896;1,1800;22;2;0;-1,264281;1,390462;-0,700246;0,463425;8
3487;31;4;8;12;22;39;46;0;0;0,229974;0,0991;22;2;0;-0,793117;-0,905305;-1,580661;1,230538;8
3488;108;4;8;22;39;46;48;0;0;-1,374114;-1,5050;22;2;0;-1,797979;-0,627311;0,250132;-1,315979;8
3489;197;4;14;22;24;30;39;0;0;-0,254228;-0,3851;22;2;0;-0,337431;-1,163485;0,367768;0,803952;8
3490;176;4;12;22;30;46;49;0;0;-0,356235;-0,4871;22;2;0;-0,605518;-0,924498;0,435254;0,420705;8
3491;380;12;14;22;24;30;46;0;0;-0,740622;-0,8715;22;2;0;-0,651953;-1,531254;0,842648;0,483857;8
3492;295;8;12;22;24;46;48;0;0;1,014507;0,8836;22;2;0;-0,154785;-0,303502;0,200601;1,738232;8
3493;349;8;14;24;39;46;48;0;0;1,971094;1,8402;22;2;0;1,389966;1,631307;-0,944186;1,156241;8
3494;438;14;22;24;30;46;48;0;0;0,046538;-0,0843;22;2;0;-1,168315;-0,829151;-0,869271;0,894965;8
3495;460;22;24;39;46;48;49;0;0;0,637127;0,5063;22;2;0;0,294710;0,274774;-0,552891;0,626259;8
3496;169;4;12;22;24;46;48;0;0;-0,583452;-0,7143;22;2;0;-0,404298;-0,108473;1,635764;-0,716653;8
3497;157;4;12;14;30;48;49;0;0;0,581088;0,4502;22;2;0;0,745443;0,436988;-0,459401;0,384795;8
3498;6;4;8;12;14;22;49;0;0;0,090318;-0,0406;22;2;0;0,735537;0,096462;-0,662478;0,031267;8
3499;340;8;14;22;39;46;49;0;0;-2,702828;-2,8337;22;2;0;0,552891;-1,497201;-1,717491;-2,325175;8
3500;287;8;12;14;46;48;49;0;0;0,499220;0,3683;22;2;0;-0,245179;1,799093;-1,332386;-1,093089;8
3501;451;14;24;30;39;46;49;0;0;-1,197244;-1,3281;22;2;0;-0,365292;-1,603693;0,894655;-0,089466;8
3502;431;12;24;30;39;48;49;0;0;0,953216;0,8223;22;2;0;0,945425;1,334120;-0,867413;0,013931;8
3503;358;8;22;24;30;39;46;0;0;0,551318;0,4204;22;2;0;-0,946044;0,131753;-1,656196;0,647929;8
3504;234;4;22;24;30;39;49;0;0;-0,740622;-0,8715;22;2;0;0,454448;-0,697893;-1,880324;-0,349504;8
3505;276;8;12;14;24;46;49;0;0;0,391084;0,2602;22;2;0;1,370154;-0,102901;1,114450;0,655977;8
3506;393;12;14;22;30;46;49;0;0;-0,657440;-0,7883;22;2;0;1,243850;0,292729;-0,657525;-1,222489;8
3507;111;4;8;22;46;48;49;0;0;0,363065;0,2322;22;2;0;0,222890;-0,059561;0,734298;0,573013;8
3508;320;8;12;30;39;48;49;0;0;0,118774;-0,0121;22;2;0;-0,052627;-0,273783;0,281089;0,441755;8
3509;328;8;14;22;24;39;48;0;0;-1,031756;-1,1626;22;2;0;-0,203697;-0,483052;1,038915;-0,976072;8
3510;352;8;14;24;46;48;49;0;0;0,074995;-0,0559;22;2;0;0,403678;0,207907;1,643813;-0,101848;8
3511;335;8;14;22;30;39;49;0;0;2,032385;1,9015;22;2;0;0,881034;1,615209;1,808504;1,259018;8
3512;313;8;12;24;30;48;49;0;0;0,170435;0,0396;22;2;0;1,101448;-0,641551;0,133115;0,882582;8
3513;443;14;22;24;39;48;49;0;0;0,464197;0,3333;22;2;0;-0,042721;0,001734;-1,707584;0,654739;8
3514;278;8;12;14;30;39;46;0;0;-1,010742;-1,1416;22;2;0;0,471165;0,493949;-0,962141;-1,923354;8
3515;394;12;14;22;30;48;49;0;0;-0,497206;-0,6281;22;2;0;-1,160266;-0,499150;-0,512028;-0,204006;8
3516;164;4;12;22;24;30;48;0;0;-1,125008;-1,2559;22;2;0;0,725011;-1,108382;0,091013;-0,482619;8
3517;77;4;8;14;24;39;48;0;0;-0,109318;-0,2402;22;2;0;-0,761541;-0,739995;-0,122589;0,585396;8
3518;64;4;8;14;22;30;48;0;0;0,348180;0,2173;22;2;0;-0,118255;0,123085;-1,479122;0,369316;8
3519;273;8;12;14;24;39;48;0;0;-0,224021;-0,3549;22;2;0;0,274278;0,506332;-0,208650;-0,823145;8
3520;400;12;14;24;30;39;48;0;0;-1,745804;-1,8767;22;2;0;0,996813;-2,040805;-0,799308;-0,428134;8
3521;410;12;14;30;39;46;49;0;0;0,117023;-0,0138;22;2;0;-0,289138;-0,150575;1,279760;0,316070;8
3522;90;4;8;14;39;48;49;0;0;-1,655617;-1,7865;22;2;0;-0,024146;-1,453861;-1,107020;-0,887535;8
3523;379;12;14;22;24;30;39;0;0;0,193200;0,0623;22;2;0;-1,101448;0,859860;-0,467450;-0,586634;8
3524;279;8;12;14;30;39;48;0;0;-0,864956;-0,9958;22;2;0;-0,017955;0,095224;1,191223;-1,318456;8
3525;426;12;22;30;39;48;49;0;0;1,018010;0,8871;22;2;0;0,331858;-0,226109;-0,839552;1,665793;8
3526;350;8;14;24;39;46;49;0;0;0,250114;0,1192;22;2;0;-2,199800;-0,212488;-2,563234;0,566202;8
3527;117;4;8;24;30;48;49;0;0;-0,441168;-0,5720;22;2;0;0,256943;-0,369130;-0,261277;-0,254776;8
3528;140;4;12;14;22;46;49;0;0;-0,044086;-0,1750;22;2;0;0,525030;-0,136953;0,074916;0,074606;8
3529;69;4;8;14;22;46;48;0;0;0,445809;0,3149;22;2;0;1,028389;-0,073801;-0,733679;0,704270;8
3530;432;12;24;30;46;48;49;0;0;-0,125516;-0,2564;22;2;0;0,869890;0,418414;0,170263;-0,595921;8
3531;291;8;12;22;24;30;49;0;0;-0,420592;-0,5515;22;2;0;-0,697769;-1,780767;0,751015;1,185960;8
3532;74;4;8;14;24;30;48;0;0;0,046100;-0,0848;22;2;0;-0,456924;-0,628550;-0,610471;0,693745;8
3533;416;12;22;24;30;39;49;0;0;0,090317;-0,0406;22;2;0;-1,388728;-0,227348;0,752253;0,355076;8
3534;153;4;12;14;30;39;48;0;0;0,412536;0,2817;22;2;0;-1,210416;-0,737518;-1,245707;1,320932;8
3535;56;4;8;12;46;48;49;0;0;2,578319;2,4474;22;2;0;-0,614805;1,659168;0,269944;1,987126;8
3536;1;4;8;12;14;22;24;0;0;-0,435039;-0,5659;22;2;0;0,040244;-0,925117;1,632050;0,309879;8
3537;23;4;8;12;22;24;39;0;0;1,414216;1,2833;22;2;0;1,211654;1,842433;-0,045816;0,157571;8
3538;446;14;22;30;39;46;49;0;0;0,218592;0,0877;22;2;0;0,512647;-0,484290;-1,550942;0,793426;8
3539;385;12;14;22;24;39;49;0;0;-0,845255;-0,9761;22;2;0;-0,094728;-0,995699;-0,999290;-0,199672;8
3540;109;4;8;22;39;46;49;0;0;1,008816;0,8779;22;2;0;0,725011;0,612823;-1,163981;0,813858;8
3541;210;4;14;22;30;46;48;0;0;1,101192;0,9703;22;2;0;-0,270564;0,654306;-1,483456;0,903014;8
3542;363;8;22;24;30;48;49;0;0;0,085064;-0,0458;22;2;0;-1,410398;-0,494816;0,930565;0,615114;8
3543;260;8;12;14;22;30;48;0;0;-0,646057;-0,7769;22;2;0;-0,035291;-0,410613;0,955331;-0,503050;8
3544;214;4;14;22;39;46;49;0;0;0,651136;0,5203;22;2;0;-1,837604;-0,658268;0,200601;1,579113;8
3545;266;8;12;14;22;46;49;0;0;-1,153902;-1,2848;22;2;0;-0,282946;0,641923;1,389966;-2,273787;8
3546;254;8;12;14;22;24;39;0;0;-1,343031;-1,4739;22;2;0;0,142402;-1,612980;-0,794355;-0,286352;8
3547;391;12;14;22;30;39;49;0;0;-0,755506;-0,8864;22;2;0;0,319476;-1,542398;-0,128781;0,473951;8
3548;329;8;14;22;24;39;49;0;0;0,008449;-0,1224;22;2;0;-0,230320;-0,084327;0,239607;0,096276;8
3549;217;4;14;24;30;39;46;0;0;-2,298741;-2,4296;22;2;0;0,921278;-0,909019;-0,843267;-2,341892;8
3550;454;14;24;39;46;48;49;0;0;0,510166;0,3793;22;2;0;0,139925;-0,092375;0,087918;0,813858;8
3551;162;4;12;22;24;30;39;0;0;0,937455;0,8066;22;2;0;1,212273;0,331735;-1,655577;0,994027;8
3552;26;4;8;12;22;24;49;0;0;-0,062474;-0,1933;22;2;0;0,609852;-0,174721;0,055103;0,086370;8
3553;440;14;22;24;30;48;49;0;0;0,530303;0,3994;22;2;0;-2,006009;0,621491;-0,222271;0,128471;8
3554;161;4;12;14;46;48;49;0;0;0,594222;0,4634;22;2;0;1,545989;-0,218061;1,537321;1,058418;8
3555;270;8;12;14;24;30;48;0;0;0,141539;0,0107;22;2;0;-0,918183;-1,352942;0,222890;1,553109;8
3556;337;8;14;22;30;46;49;0;0;0,370508;0,2396;22;2;0;0,532459;0,583724;0,398106;-0,059747;8
3557;29;4;8;12;22;30;48;0;0;0,189260;0,0584;22;2;0;-0,523791;0,261153;-0,286042;0,006501;8
3558;414;12;22;24;30;39;46;0;0;0,603416;0,4725;22;2;0;0,201220;0,812186;0,009287;0,041173;8
3559;315;8;12;24;39;46;49;0;0;-0,410523;-0,5414;22;2;0;1,134881;0,464230;0,039006;-1,044797;8
3560;322;8;12;39;46;48;49;0;0;1,266679;1,1358;22;2;0;-1,077920;-0,382132;-0,611090;2,173486;8
3561;435;14;22;24;30;39;46;0;0;-1,771196;-1,9021;22;2;0;1,024675;-1,388852;-0,518838;-1,115997;8
3562;25;4;8;12;22;24;48;0;0;0,285575;0,1547;22;2;0;-2,613384;0,109464;0,845743;0,294400;8
3563;265;8;12;14;22;46;48;0;0;1,923812;1,7929;22;2;0;1,463644;1,135376;0,237130;1,585305;8
3564;453;14;24;30;46;48;49;0;0;1,043402;0,9125;22;2;0;-0,644523;0,929822;-0,147974;0,545771;8
3565;253;8;12;14;22;24;30;0;0;-0,248975;-0,3798;22;2;0;2,656724;0,283442;1,058727;-0,635546;8
3566;91;4;8;14;46;48;49;0;0;1,098126;0,9673;22;2;0;0,908276;1,598492;-0,174597;-0,045507;8
3567;24;4;8;12;22;24;46;0;0;1,453180;1,3223;22;2;0;1,456214;2,137762;-0,128781;-0,082655;8
3568;209;4;14;22;30;39;49;0;0;1,042089;0,9112;22;2;0;-0,204316;0,729841;1,082874;0,743895;8
3569;293;8;12;22;24;39;48;0;0;2,293313;2,1624;22;2;0;-1,595520;0,366406;-0,674861;2,876828;8
3570;215;4;14;22;39;48;49;0;0;1,429539;1,2987;22;2;0;0,675480;0,421510;-1,962670;1,600164;8
3571;170;4;12;22;24;46;49;0;0;1,714107;1,5832;22;2;0;-1,455595;2,638645;0,830884;-0,214532;8
3572;85;4;8;14;30;46;48;0;0;2,014874;1,8840;22;2;0;1,537321;1,352694;-1,884039;1,496768;8
3573;312;8;12;24;30;46;49;0;0;-0,565502;-0,6964;22;2;0;2,007867;0,095843;0,390057;-0,895584;8
3574;96;4;8;22;24;39;46;0;0;-0,171048;-0,3019;22;2;0;-0,513885;-0,058323;0,056961;-0,183575;8
3575;138;4;12;14;22;39;49;0;0;0,626619;0,4957;22;2;0;2,558281;0,415318;1,465501;0,470855;8
3576;163;4;12;22;24;30;46;0;0;0,077621;-0,0532;22;2;0;0,183265;0,986164;-1,192461;-0,876391;8
3577;149;4;12;14;24;46;48;0;0;0,404218;0,2733;22;2;0;0,235273;-1,154198;0,414204;1,725849;8
3578;158;4;12;14;39;46;48;0;0;-1,665249;-1,7961;22;2;0;0,525649;-1,268739;2,832559;-1,086279;8
3579;107;4;8;22;30;48;49;0;0;-0,234965;-0,3658;22;2;0;-0,164691;-0,109092;-0,689720;-0,223199;8
3580;61;4;8;14;22;24;49;0;0;0,189697;0,0588;22;2;0;0,473022;-1,003748;-0,547938;1,272020;8
3581;404;12;14;24;30;48;49;0;0;-1,126759;-1,2576;22;2;0;-0,110826;-1,544256;-0,027861;-0,049222;8
3582;75;4;8;14;24;30;49;0;0;-0,200380;-0,3313;22;2;0;0,840171;-0,916449;-0,908276;0,633069;8
3583;228;4;14;30;39;46;49;0;0;-0,517345;-0,6482;22;2;0;1,026532;-0,062657;-0,714486;-0,668979;8
3584;374;8;24;30;39;46;49;0;0;-0,546678;-0,6775;22;2;0;-1,326195;-0,191438;-1,326195;-0,581681;8
3585;125;4;8;30;46;48;49;0;0;-0,302824;-0,4337;22;2;0;-0,231558;-1,179583;1,421542;0,751325;8
3586;196;4;12;39;46;48;49;0;0;0,233915;0,1030;22;2;0;0,138687;-0,636598;0,786925;0,967404;8
3587;68;4;8;14;22;39;49;0;0;-0,355798;-0,4867;22;2;0;1,100209;-0,683034;0,723154;0,179860;8
3588;57;4;8;14;22;24;30;0;0;1,203636;1,0728;22;2;0;0,508313;1,509336;-0,069344;0,192862;8
3589;236;4;22;24;30;46;49;0;0;0,016768;-0,1141;22;2;0;0,035910;-0,980839;-1,558372;1,004552;8
3590;93;4;8;22;24;30;46;0;0;0,355622;0,2248;22;2;0;0,216079;1,014644;0,724392;-0,511718;8
3591;332;8;14;22;24;48;49;0;0;-1,066343;-1,1972;22;2;0;0,365911;-1,793769;-0,520076;0,285732;8
3592;167;4;12;22;24;39;48;0;0;-0,462183;-0,5931;22;2;0;0,114541;-1,223542;-0,734918;0,569917;8
3593;292;8;12;22;24;39;46;0;0;1,831875;1,7010;22;2;0;-1,087827;3,063374;-0,391915;-0,472712;8
3594;321;8;12;30;46;48;49;0;0;-2,530774;-2,6616;22;2;0;-0,055103;-2,287222;1,493982;-1,291833;8
3595;198;4;14;22;24;30;46;0;0;-1,804031;-1,9349;22;2;0;1,024055;-0,097329;-1,001147;-2,453956;8
3596;32;4;8;12;22;39;48;0;0;-0,685022;-0,8159;22;2;0;-1,146645;-0,749282;-0,222271;-0,219485;8
3597;165;4;12;22;24;30;49;0;0;1,537675;1,4068;22;2;0;1,299572;1,558248;-0,329382;0,616353;8
3598;297;8;12;22;24;48;49;0;0;-1,678821;-1,8097;22;2;0;-1,467978;-1,076187;1,659292;-1,298024;8
3599;130;4;12;14;22;24;48;0;0;0,422167;0,2913;22;2;0;0,898370;-0,432902;0,669289;1,029937;8
3600;382;12;14;22;24;30;49;0;0;-0,141277;-0,2721;22;2;0;-0,331858;-0,408755;-1,337959;0,208959;8
3601;327;8;14;22;24;39;46;0;0;0,103452;-0,0274;22;2;0;1,141073;0,623349;0,586943;-0,477046;8
3602;427;12;22;30;46;48;49;0;0;2,091488;1,9606;22;2;0;-1,286570;1,364458;-0,805499;1,593353;8
3603;392;12;14;22;30;46;48;0;0;0,319286;0,1884;22;2;0;-0,190076;0,542242;-1,528653;-0,090704;8
3604;86;4;8;14;30;46;49;0;0;-0,178052;-0,3089;22;2;0;-0,896513;-0,642790;-0,801165;0,390986;8
3605;245;4;22;30;46;48;49;0;0;1,043840;0,9130;22;2;0;-0,841409;-0,127666;-1,814695;1,603879;8
3606;62;4;8;14;22;30;39;0;0;0,682657;0,5518;22;2;0;1,804170;0,096462;-1,222799;0,868961;8
3607;103;4;8;22;30;39;48;0;0;0,764525;0,6337;22;2;0;-2,474697;0,719315;0,183265;0,361887;8
3608;184;4;12;24;30;39;49;0;0;1,188313;1,0574;22;2;0;1,794883;1,470950;0,206173;0,209578;8
3609;37;4;8;12;24;30;39;0;0;1,775836;1,6450;22;2;0;1,702631;1,886392;-0,517600;0,625020;8
3610;306;8;12;22;39;48;49;0;0;-0,452550;-0,5834;22;2;0;2,378731;-0,479956;0,807357;-0,160047;8
3611;290;8;12;22;24;30;48;0;0;2,301631;2,1708;22;2;0;-0,733679;1,252394;-1,752782;2,002604;8
3612;175;4;12;22;30;46;48;0;0;-1,166598;-1,2975;22;2;0;-1,757735;-1,732474;-2,252426;0,082655;8
3613;33;4;8;12;22;39;49;0;0;0,364378;0,2335;22;2;0;-1,840080;-0,915830;-0,861222;1,431139;8
3614;239;4;22;24;39;46;49;0;0;-0,318585;-0,4495;22;2;0;-0,536793;0,151565;0,333097;-0,602112;8
3615;73;4;8;14;24;30;46;0;0;0,500533;0,3697;22;2;0;-0,233415;1,067271;1,328672;-0,359410;8
3616;237;4;22;24;30;48;49;0;0;0,874849;0,7440;22;2;0;0,473022;0,206668;0,975143;1,030556;8
3617;13;4;8;12;14;30;46;0;0;0,339424;0,2086;22;2;0;0,083584;-0,727612;-0,541746;1,207630;8
3618;8;4;8;12;14;24;39;0;0;-0,829057;-0,9599;22;2;0;0,473022;-0,614929;-2,166366;-0,557534;8
3619;252;4;30;39;46;48;49;0;0;0,683095;0,5522;22;2;0;-0,092871;0,454943;0,601184;0,511099;8
3620;353;8;14;30;39;46;48;0;0;1,752633;1,6218;22;2;0;0,141783;1,625115;-2,836274;0,853483;8
3621;308;8;12;24;30;39;46;0;0;1,409838;1,2790;22;2;0;1,306383;1,226390;-0,051389;0,767422;8
3622;248;4;24;30;39;46;49;0;0;1,288568;1,1577;22;2;0;-1,110116;1,173144;-3,048020;0,649167;8
3623;378;8;30;39;46;48;49;0;0;-1,192867;-1,3237;22;2;0;1,398015;-1,034705;-0,936138;-0,652263;8
3624;449;14;22;39;46;48;49;0;0;1,197944;1,0671;22;2;0;0,469307;1,862864;-1,716872;-0,168715;8
3625;301;8;12;22;30;46;48;0;0;-0,039708;-0,1706;22;2;0;0,707056;-0,673128;1,199272;0,616972;8
3626;71;4;8;14;22;48;49;0;0;-1,531283;-1,6622;22;2;0;0,011764;-1,949172;-0,920040;-0,216389;8
3627;269;8;12;14;24;30;46;0;0;1,607284;1,4764;22;2;0;-0,204935;0,085936;-0,606137;2,187107;8
3628;224;4;14;24;39;46;49;0;0;0,595098;0,4642;22;2;0;1,349722;1,333501;1,514413;-0,491906;8
3629;244;4;22;30;39;48;49;0;0;-1,169663;-1,3005;22;2;0;1,011673;-2,067428;-0,276136;0,413275;8
3630;34;4;8;12;22;46;48;0;0;-0,127267;-0,2581;22;2;0;-0,395010;0,288395;-0,271802;-0,468378;8
3631;357;8;14;39;46;48;49;0;0;-0,837375;-0,9682;22;2;0;0,159119;-0,420519;0,107730;-0,763708;8
3632;303;8;12;22;30;48;49;0;0;-0,237155;-0,3680;22;2;0;-0,781353;-0,972791;1,078540;0,637403;8
3633;67;4;8;14;22;39;48;0;0;2,931622;2,8008;22;2;0;-0,790640;1,671551;-2,634435;2,474388;8
3634;289;8;12;22;24;30;46;0;0;-0,992793;-1,1237;22;2;0;0,772066;-1,076806;0,712629;-0,327215;8
3635;144;4;12;14;24;30;48;0;0;0,236541;0,1057;22;2;0;0,600565;-0,995080;0,643285;1,329600;8
3636;319;8;12;30;39;46;49;0;0;-0,428910;-0,5598;22;2;0;0,538651;-0,566636;-0,048912;-0,039934;8
3637;101;4;8;22;24;48;49;0;0;0,661206;0,5303;22;2;0;0,797451;1,479618;-2,056160;-0,544532;8
3638;211;4;14;22;30;46;49;0;0;-0,956893;-1,0878;22;2;0;0,292853;-0,595116;-0,829646;-0,758135;8
3639;387;12;14;22;24;46;49;0;0;-0,433726;-0,5646;22;2;0;-0,772066;-0,039749;1,281617;-0,573632;8
3640;318;8;12;30;39;46;48;0;0;-0,320774;-0,4516;22;2;0;0,693435;-1,234686;0,426587;0,781043;8
3641;21;4;8;12;14;48;49;0;0;-1,851356;-1,2600;23;2;0;-0,512647;-2,148411;1,404083;-0,469802;8
3642;193;4;12;30;39;46;49;0;0;-1,318995;-0,7276;23;2;0;-1,326195;-0,265610;-0,421138;-1,599730;8
3643;126;4;8;39;46;48;49;0;0;-0,939863;-0,3485;23;2;0;-1,264900;-1,300810;-0,616786;-0,028357;8
3644;294;8;12;22;24;39;49;0;0;-1,355770;-0,7644;23;2;0;-1,090922;-3,141510;1,405321;1,224161;8
3645;316;8;12;24;39;48;49;0;0;0,403298;0,9946;23;2;0;-1,305144;0,728107;-0,297930;-0,157757;8
3646;296;8;12;22;24;46;49;0;0;-0,012608;0,5787;23;2;0;1,341054;0,477975;0,786801;-0,495806;8
3647;425;12;22;30;39;46;49;0;0;-1,036616;-0,4453;23;2;0;1,126213;-1,031485;1,230105;-0,434512;8
3648;286;8;12;14;39;48;49;0;0;-1,256390;-0,6650;23;2;0;-0,024766;0,822835;0,513761;-2,599639;8
3649;156;4;12;14;30;46;49;0;0;-0,977076;-0,3857;23;2;0;0,135591;0,024146;-0,401945;-1,405940;8
3650;428;12;22;39;46;48;49;0;0;-1,592619;-1,0013;23;2;0;-1,559610;-1,396158;0,575056;-0,856145;8
3651;104;4;8;22;30;39;49;0;0;-0,758615;-0,1673;23;2;0;-0,612947;-1,890230;-0,710895;0,817387;8
3652;448;14;22;30;46;48;49;0;0;-2,819764;-2,2284;23;2;0;-0,959665;-1,168315;0,011021;-2,819434;8
3653;345;8;14;24;30;39;49;0;0;0,001839;0,5932;23;2;0;-0,619139;0,780115;0,693931;-0,777514;8
3654;441;14;22;24;39;46;48;0;0;-0,808086;-0,2167;23;2;0;-0,654430;-1,202986;0,235768;0,060180;8
3655;173;4;12;22;30;39;48;0;0;-0,716586;-0,1252;23;2;0;-1,842557;-0,676099;1,363839;-0,337307;8
3656;366;8;22;24;39;48;49;0;0;0,084144;0,6755;23;2;0;0,500883;-0,352290;1,094513;0,471288;8
3657;146;4;12;14;24;39;46;0;0;-0,657046;-0,0657;23;2;0;-1,215988;-0,511409;2,224441;-0,417795;8
3658;148;4;12;14;24;39;49;0;0;0,805197;1,3965;23;2;0;-2,175653;1,250041;-1,590072;-0,111321;8
3659;225;4;14;24;39;48;49;0;0;-1,143439;-0,5521;23;2;0;-0,581990;-1,208559;0,436988;-0,408508;8
3660;361;8;22;24;30;46;48;0;0;-0,094039;0,4973;23;2;0;0,213603;0,168406;1,151474;-0,301397;8
3661;360;8;22;24;30;39;49;0;0;1,815194;2,4065;23;2;0;0,994956;1,859273;1,279636;0,707799;8
3662;185;4;12;24;30;46;48;0;0;-0,621584;-0,0302;23;2;0;-0,843267;-0,135591;-0,700370;-0,743462;8
3663;386;12;14;22;24;46;48;0;0;-1,980945;-1,3896;23;2;0;0,150451;-0,469307;0,169520;-2,332172;8
3664;422;12;22;24;39;48;49;0;0;0,042554;0,6339;23;2;0;0,565893;0,416061;-1,055136;-0,355881;8
3665;154;4;12;14;30;39;49;0;0;-1,040556;-0,4492;23;2;0;0,557225;-0,807976;0,212241;-0,663593;8
3666;280;8;12;14;30;39;49;0;0;-1,175836;-0,5845;23;2;0;0,245179;-0,217937;0,570722;-1,444946;8
3667;178;4;12;22;39;46;48;0;0;-1,501557;-0,9102;23;2;0;-0,349813;-0,994956;-1,057613;-1,128566;8
3668;70;4;8;14;22;46;49;0;0;-0,780067;-0,1887;23;2;0;-1,736065;0,362815;-0,476861;-1,465997;8
3669;129;4;12;14;22;24;46;0;0;2,483710;3,0751;23;2;0;-0,228462;2,212182;-0,127666;1,300315;8
3670;274;8;12;14;24;39;49;0;0;-0,498126;0,0932;23;2;0;-1,294000;-1,387490;0,789897;0,683034;8
3671;288;8;12;22;24;30;39;0;0;-0,896959;-0,3056;23;2;0;-1,024055;-1,337959;0,279727;0,069467;8
3672;7;4;8;12;14;24;30;0;0;-1,143001;-0,5517;23;2;0;-0,710771;0,005572;0,073554;-1,622019;8
3673;336;8;14;22;30;46;48;0;0;-2,815386;-2,2240;23;2;0;-1,141073;-3,168752;1,105658;-0,812805;8
3674;462;24;30;39;46;48;49;0;0;-0,550223;0,0411;23;2;0;0,842648;-1,144168;-1,604312;0,366035;8
3675;255;8;12;14;22;24;46;0;0;-0,367224;0,2241;23;2;0;-0,712629;0,605518;0,072935;-1,124851;8
3676;124;4;8;30;39;48;49;0;0;0,244378;0,8357;23;2;0;-0,827169;-0,634617;0,438845;0,980220;8
3677;433;12;24;39;46;48;49;0;0;-2,169635;-1,5783;23;2;0;-0,633998;-2,437549;0,491472;-0,630778;8
3678;241;4;22;24;46;48;49;0;0;1,171633;1,7630;23;2;0;-1,519366;0,569608;-0,198248;1,087331;8
3679;377;8;24;39;46;48;49;0;0;-0,862810;-0,2715;23;2;0;-0,365292;-0,996194;-0,333840;-0,224004;8
3680;373;8;24;30;39;46;48;0;0;-0,406626;0,1847;23;2;0;0,201220;-1,664245;0,427701;1,089189;8
3681;223;4;14;24;39;46;48;0;0;-0,806335;-0,2150;23;2;0;-0,965237;-0,682910;0,623349;-0,457420;8
3682;189;4;12;24;39;46;49;0;0;-1,259017;-0,6677;23;2;0;-1,680342;0,547938;1,381794;-2,328457;8
3683;188;4;12;24;39;46;48;0;0;1,105525;1,6969;23;2;0;-0,453210;1,638860;0,326162;-0,075411;8
3684;372;8;22;39;46;48;49;0;0;-0,642160;-0,0508;23;2;0;-1,165838;0,038387;-0,207535;-0,946539;8
3685;231;4;14;39;46;48;49;0;0;0,782869;1,3742;23;2;0;0,001857;0,562178;-0,380894;0,544966;8
3686;299;8;12;22;30;39;48;0;0;-1,458652;-0,8673;23;2;0;-0,451971;-1,202986;-0,026747;-0,859860;8
3687;229;4;14;30;39;48;49;0;0;-1,642965;-1,0516;23;2;0;-0,651334;-0,734298;-1,263786;-1,589205;8
3688;160;4;12;14;39;48;49;0;0;-0,604511;-0,0132;23;2;0;0,478594;0,943567;1,400987;-1,798474;8
3689;82;4;8;14;30;39;46;0;0;1,055179;1,6465;23;2;0;-1,425876;0,361577;1,441850;1,130671;8
3690;48;4;8;12;30;39;48;0;0;-2,425308;-1,8340;23;2;0;-0,691578;-0,845124;-1,601836;-2,584780;8
3691;95;4;8;22;24;30;49;0;0;-0,476673;0,1147;23;2;0;-0,611090;-0,455686;-0,554253;-0,218432;8
3692;250;4;24;30;46;48;49;0;0;-0,224940;0,3664;23;2;0;-1,098971;-0,937995;1,531006;0,619882;8
3693;351;8;14;24;39;48;49;0;0;1,240367;1,8317;23;2;0;-0,074916;0,557844;0,994213;1,196300;8
3694;354;8;14;30;39;46;49;0;0;-0,403561;0,1878;23;2;0;-0,010525;-0,123209;1,818906;-0,447513;8
3695;398;12;14;22;46;48;49;0;0;-0,509509;0,0818;23;2;0;-0,290995;-0,021051;-1,222923;-0,699503;8
3696;152;4;12;14;30;39;46;0;0;0,251821;0,8432;23;2;0;0,215460;-0,507694;-0,499769;0,863822;8
3697;439;18;24;27;36;39;49;0;0;-0,236746;-0,1941;24;3;0;-0,722535;-0,184813;2,018454;0,497292;9
3698;300;13;17;24;36;37;49;0;0;-1,278741;-1,2361;24;3;0;0,223509;-2,145006;-1,559548;-0,293348;9
3699;456;24;27;36;37;39;40;0;0;0,616869;0,6595;24;3;0;-1,059346;0,681362;-0,560259;1,446432;9
3700;79;4;13;18;27;39;40;0;0;-1,199385;-1,1568;24;3;0;-1,710061;1,026222;-0,884068;-1,393557;9
3701;320;13;17;36;37;40;49;0;0;-0,535582;-0,4930;24;3;0;-0,781353;-0,376746;1,415413;0,230443;9
3702;27;4;13;17;24;36;37;0;0;0,004540;0,0472;24;3;0;-0,068105;0,585396;0,292915;-0,509427;9
3703;411;17;18;36;37;40;49;0;0;-0,787591;-0,7450;24;3;0;-1,789311;-0,312355;0,222952;0,737518;9
3704;201;4;18;24;27;37;39;0;0;-0,112350;-0,0697;24;3;0;-2,937194;0,980406;-0,488438;1,762192;9
3705;203;4;18;24;27;37;49;0;0;-0,632096;-0,5895;24;3;0;-0,820978;-0,603351;0,564097;0,329506;9
3706;169;4;17;24;27;39;40;0;0;0,009187;0,0518;24;3;0;1,277902;0,158809;1,682881;-1,420799;9
3707;386;17;18;24;27;39;40;0;0;-1,477132;-1,4345;24;3;0;-1,834508;-0,524720;-1,155870;-0,199239;9
3708;140;4;17;18;24;39;49;0;0;0,790236;0,8328;24;3;0;-0,198744;0,994027;-0,171439;0,573446;9
3709;239;4;24;27;37;39;49;0;0;-2,192051;-2,1494;24;3;0;-3,475225;0,329072;0,599388;-0,650591;9
3710;374;13;27;36;37;39;49;0;0;0,536798;0,5794;24;3;0;0,163453;0,585396;-0,527444;0,180912;9
3711;116;4;13;27;36;39;49;0;0;0,390596;0,4332;24;3;0;0,668670;0,638022;-1,680280;-0,630159;9
3712;159;4;17;18;37;39;49;0;0;1,771822;1,8144;24;3;0;-0,142402;1,917782;0,933723;1,293505;9
3713;431;17;27;36;37;40;49;0;0;0,191849;0,2345;24;3;0;-0,801785;-0,251680;-0,529302;1,385756;9
3714;15;4;13;17;18;36;49;0;0;1,080494;1,1231;24;3;0;0,650715;0,737085;0,850758;0,483671;9
3715;152;4;17;18;36;37;39;0;0;-0,260695;-0,2181;24;3;0;-1,010434;0,479523;-0,832680;0,079374;9
3716;434;17;36;37;39;40;49;0;0;0,898547;0,9412;24;3;0;0,188837;0,314213;1,030928;1,053279;9
3717;460;24;27;37;39;40;49;0;0;2,271551;2,3142;24;3;0;0,692816;0,683220;0,826612;2,558405;9
3718;331;13;18;24;27;39;49;0;0;-0,413331;-0,3707;24;3;0;-0,401202;0,296258;0,186423;-0,610966;9
3719;121;4;13;27;39;40;49;0;0;-0,759709;-0,7171;24;3;0;-0,827169;-0,465902;-0,741666;-0,022784;9
3720;240;4;24;27;37;40;49;0;0;0,787734;0,8303;24;3;0;1,133024;-0,424420;2,158379;0,655792;9
3721;376;13;27;36;39;40;49;0;0;-1,107875;-1,0653;24;3;0;-1,214750;-2,012510;-2,054859;1,308364;9
3722;272;13;17;18;27;37;39;0;0;0,736975;0,7796;24;3;0;-0,568988;1,793954;0,022351;0,051512;9
3723;188;4;17;27;37;39;40;0;0;0,395958;0,4386;24;3;0;-0,881653;0,218246;1,530573;1,349227;9
3724;364;13;24;27;37;39;40;0;0;3,111938;3,1545;24;3;0;-0,490977;2,940599;-1,249979;2,940413;9
3725;280;13;17;18;36;37;49;0;0;-1,610821;-1,5682;24;3;0;-1,489648;-0,415132;-1,900694;-0,885244;9
3726;64;4;13;18;24;36;40;0;0;0,797744;0,8404;24;3;0;-1,090922;1,415661;-1,472250;1,056994;9
3727;424;17;24;36;37;39;40;0;0;-1,133970;-1,0914;24;3;0;-0,981954;-0,611399;0,692878;-0,370740;9
3728;262;13;17;18;24;37;39;0;0;1,170216;1,2128;24;3;0;0,080488;0,374888;0,429125;1,571498;9
3729;19;4;13;17;18;39;40;0;0;0,871023;0,9136;24;3;0;-2,650533;1,644742;0,055784;2,514446;9
3730;406;17;18;27;37;39;49;0;0;0,177551;0,2202;24;3;0;-0,585086;1,250351;0,089837;-0,357738;9
3731;9;4;13;17;18;27;39;0;0;1,368607;1,4112;24;3;0;-0,825312;0,752563;1,082316;2,443245;9
3732;385;17;18;24;27;37;49;0;0;-1,938612;-1,8960;24;3;0;-2,067304;-1,173577;-0,554067;-0,116893;9
3733;162;4;17;24;27;36;37;0;0;-0,565609;-0,5230;24;3;0;-1,208559;0,155094;0,458844;0,073801;9
3734;218;4;18;27;36;37;40;0;0;0,143592;0,1862;24;3;0;-0,325048;0,171192;-1,654896;0,402564;9
3735;4;4;13;17;18;24;39;0;0;-0,455153;-0,4125;24;3;0;-0,850697;0,166239;-1,030804;-0,103891;9
3736;52;4;13;17;36;40;49;0;0;0,145022;0,1876;24;3;0;-0,430301;-0,840481;2,293352;1,521967;9
3737;69;4;13;18;24;39;40;0;0;0,015621;0,0582;24;3;0;0,202458;-0,314213;-0,783768;0,138811;9
3738;83;4;13;18;36;37;40;0;0;-0,377942;-0,3353;24;3;0;-0,191933;-0,101229;0,124509;-0,361453;9
3739;420;17;24;27;37;39;40;0;0;-1,043175;-1,0006;24;3;0;-1,943476;0,479523;-0,440146;-0,342879;9
3740;214;4;18;24;37;39;49;0;0;-0,066952;-0,0243;24;3;0;-0,622854;0,013931;0,869333;0,492958;9
3741;205;4;18;24;27;39;49;0;0;-0,589916;-0,5473;24;3;0;-1,038296;1,412565;-0,155342;-1,396034;9
3742;144;4;17;18;27;36;40;0;0;-1,681598;-1,6390;24;3;0;-3,065975;-0,659073;-1,664802;0,812434;9
3743;422;17;24;27;37;40;49;0;0;0,901764;0,9444;24;3;0;1,245088;-1,320313;0,177136;1,637126;9
3744;137;4;17;18;24;37;40;0;0;-0,152028;-0,1094;24;3;0;-0,573322;0,319166;0,504041;-0,009163;9
3745;287;13;17;18;39;40;49;0;0;-0,396173;-0,3536;24;3;0;-0,066867;0,400892;0,565955;-1,020217;9
3746;105;4;13;24;36;39;40;0;0;-0,921639;-0,8790;24;3;0;-1,210416;-1,466430;0,859426;1,080521;9
3747;158;4;17;18;37;39;40;0;0;0,374868;0,4175;24;3;0;-1,375107;0,874533;-1,380617;1,149864;9
3748;417;17;24;27;36;39;40;0;0;0,306594;0,3492;24;3;0;-1,992388;0,803952;0,197567;1,719472;9
3749;32;4;13;17;24;37;40;0;0;0,188632;0,2312;24;3;0;1,274806;-1,863298;-0,477294;0,915211;9
3750;279;13;17;18;36;37;40;0;0;0,232957;0,2756;24;3;0;-1,186270;0,317928;-0,950316;1,271835;9
3751;342;13;18;24;39;40;49;0;0;0,186844;0,2295;24;3;0;0,272421;-0,051698;0,633441;0,102901;9
3752;193;4;17;36;37;39;49;0;0;-1,408141;-1,3655;24;3;0;-1,060585;-0,918492;0,123890;-0,459896;9
3753;316;13;17;27;37;40;49;0;0;1,602386;1,6450;24;3;0;0,793117;0,388510;-0,161533;1,593787;9
3754;327;13;18;24;27;37;39;0;0;0,814544;0,8572;24;3;0;-1,053155;1,175435;-0,415999;1,288551;9
3755;107;4;13;24;36;40;49;0;0;-0,842640;-0,8000;24;3;0;-1,758354;1,412565;-0,475437;-1,113707;9
3756;367;13;24;27;39;40;49;0;0;-0,223877;-0,1813;24;3;0;1,328052;-0,759374;-0,257500;-0,956445;9
3757;273;13;17;18;27;37;40;0;0;-1,045677;-1,0031;24;3;0;0,142402;-0,722225;-1,021517;-1,231343;9
3758;319;13;17;36;37;39;49;0;0;0,532508;0,5751;24;3;0;1,115688;-0,912301;-0,636413;0,718944;9
3759;343;13;18;27;36;37;39;0;0;-1,557918;-1,5153;24;3;0;-1,823363;-0,218866;-1,446246;-0,656163;9
3760;154;4;17;18;36;37;49;0;0;1,253505;1,2961;24;3;0;0,676099;0,071511;-1,010372;1,423524;9
3761;446;18;24;36;37;39;49;0;0;-1,085713;-1,0431;24;3;0;-1,068014;-1,362415;-0,482247;0,549919;9
3762;295;13;17;24;27;39;40;0;0;-0,208506;-0,1659;24;3;0;-1,079159;1,254065;-2,272796;-0,536050;9
3763;234;4;24;27;36;37;49;0;0;-0,498049;-0,4554;24;3;0;-1,300810;0,510480;-0,635174;-0,072315;9
3764;324;13;18;24;27;36;39;0;0;1,113738;1,1563;24;3;0;-0,540508;1,090613;-2,092008;1,378946;9
3765;22;4;13;17;24;27;36;0;0;-1,015293;-0,9727;24;3;0;-1,113830;0,182336;-0,871685;-0,827045;9
3766;117;4;13;27;36;40;49;0;0;0,519282;0,5619;24;3;0;0,411108;-0,945734;-1,338516;1,434049;9
3767;462;27;36;37;39;40;49;0;0;-0,653544;-0,6109;24;3;0;-1,079159;0,535865;-1,629511;-0,588677;9
3768;323;13;18;24;27;36;37;0;0;-0,779370;-0,7368;24;3;0;-1,468597;0,132805;0,427268;-0,014116;9
3769;397;17;18;24;37;40;49;0;0;0,767002;0,8096;24;3;0;0,369626;0,290686;1,250722;0,668174;9
3770;176;4;17;24;36;39;49;0;0;-0,582052;-0,5394;24;3;0;-0,413585;0,030647;-0,460577;-0,625206;9
3771;228;4;18;36;37;39;49;0;0;1,059046;1,1017;24;3;0;-0,914468;1,774142;-2,387956;0,974648;9
3772;242;4;24;36;37;39;40;0;0;0,358068;0,4007;24;3;0;-1,315670;0,497478;-0,436431;1,438383;9
3773;410;17;18;36;37;39;49;0;0;0,168256;0,2109;24;3;0;-1,321242;1,364272;-0,109526;0,248398;9
3774;296;13;17;24;27;39;49;0;0;1,460474;1,5031;24;3;0;0,863698;0,678886;-2,605893;0,987031;9
3775;23;4;13;17;24;27;37;0;0;-1,644423;-1,6018;24;3;0;-1,494601;-0,703032;0,759745;-0,650591;9
3776;249;4;27;36;37;40;49;0;0;0,188989;0,2316;24;3;0;1,063680;-0,194719;-0,745381;-0,541623;9
3777;401;17;18;27;36;37;49;0;0;1,525889;1,5685;24;3;0;-0,305235;1,671984;-0,871685;1,276169;9
3778;365;13;24;27;37;39;49;0;0;-0,631381;-0,5888;24;3;0;-1,711918;-0,140854;-0,938552;0,759188;9
3779;454;18;27;37;39;40;49;0;0;-1,003140;-0,9605;24;3;0;-1,937904;-0,019503;-1,992326;0,219918;9
3780;356;13;18;36;39;40;49;0;0;-0,930576;-0,8880;24;3;0;-0,863079;-0,312975;-1,097052;-0,435750;9
3781;106;4;13;24;36;39;49;0;0;0,319105;0,3617;24;3;0;1,332386;-1,539488;0,103458;0,759807;9
3782;437;18;24;27;36;37;49;0;0;-0,278211;-0,2356;24;3;0;-0,418538;-0,315451;-0,430859;0,252113;9
3783;10;4;13;17;18;27;40;0;0;1,718560;1,7612;24;3;0;-0,196886;2,315269;-1,148440;0,858250;9
3784;57;4;13;18;24;27;36;0;0;0,842069;0,8847;24;3;0;0,118875;0,969881;0,432840;0,369750;9
3785;88;4;13;18;37;39;40;0;0;-0,624947;-0,5823;24;3;0;-0,992479;-0,472093;-0,326224;0,382132;9
3786;61;4;13;18;24;27;49;0;0;-1,800275;-1,7577;24;3;0;-0,211126;0,379222;-0,069901;-3,286264;9
3787;368;13;24;36;37;39;40;0;0;0,051010;0,0936;24;3;0;-2,080306;0,749467;-1,578742;1,419190;9
3788;101;4;13;24;27;40;49;0;0;0,758065;0,8007;24;3;0;-0,592516;0,166239;1,135562;1,739284;9
3789;237;4;24;27;36;40;49;0;0;-0,832274;-0,7897;24;3;0;0,459401;-0,954402;-0,396806;-0,946539;9
3790;181;4;17;24;39;40;49;0;0;-1,594736;-1,5521;24;3;0;-1,441974;-0,795903;-0,285980;-0,524287;9
3791;96;4;13;24;27;37;39;0;0;0,355922;0,3985;24;3;0;-0,118255;0,142711;-0,418476;0,592020;9
3792;112;4;13;27;36;37;39;0;0;1,209537;1,2521;24;3;0;0,164691;0,256633;1,166519;1,673656;9
3793;208;4;18;24;36;37;40;0;0;1,008287;1,0509;24;3;0;0,344860;1,738851;-0,001176;-0,337307;9
3794;292;13;17;24;27;37;39;0;0;1,006857;1,0495;24;3;0;0,575180;0,755040;-1,752101;0,413708;9
3795;173;4;17;24;36;37;40;0;0;-0,597423;-0,5548;24;3;0;-0,940472;-1,081326;0,440270;0,987031;9
3796;233;4;24;27;36;37;40;0;0;-1,049252;-1,0066;24;3;0;-1,312574;0,345170;-0,094666;-0,849954;9
3797;442;18;24;27;37;39;49;0;0;0,440998;0,4836;24;3;0;-0,096586;-0,173049;-0,997990;1,033466;9
3798;103;4;13;24;36;37;40;0;0;-0,382232;-0,3396;24;3;0;-1,165219;-0,418228;0,362877;0,921402;9
3799;34;4;13;17;24;39;40;0;0;-0,278568;-0,2360;24;3;0;-0,791878;-0,239916;-1,080335;0,549300;9
3800;35;4;13;17;24;39;49;0;0;-0,263913;-0,2213;24;3;0;-0,859364;0,490048;-0,921836;-0,087794;9
3801;30;4;13;17;24;36;49;0;0;1,030808;1,0734;24;3;0;-1,022198;1,670127;0,235954;1,137482;9
3802;199;4;18;24;27;36;40;0;0;-0,362572;-0,3200;24;3;0;-0,640189;0,971119;0,717644;-0,958922;9
3803;72;4;13;18;27;36;37;0;0;-0,482321;-0,4397;24;3;0;-2,342821;1,028699;-0,280408;0,478718;9
3804;253;13;17;18;24;27;36;0;0;-2,362917;-2,3203;24;3;0;-1,580042;-2,422999;1,021022;-0,089651;9
3805;179;4;17;24;37;39;49;0;0;-0,453724;-0,4111;24;3;0;0,641428;-0,673932;0,871809;-0,753368;9
3806;232;4;24;27;36;37;39;0;0;-0,402249;-0,3596;24;3;0;-0,718820;0,642976;-1,788011;-0,620872;9
3807;388;17;18;24;27;40;49;0;0;-0,336835;-0,2942;24;3;0;-1,195557;0,343312;-1,379998;0,268830;9
3808;340;13;18;24;37;39;49;0;0;-0,391168;-0,3486;24;3;0;-1,399253;1,260876;1,227814;-0,539146;9
3809;311;13;17;27;36;39;40;0;0;-0,149883;-0,1073;24;3;0;0,127543;-0,285113;-1,064237;-0,102034;9
3810;308;13;17;27;36;37;39;0;0;-0,986697;-0,9441;24;3;0;-2,142220;-0,286352;1,787515;0,719563;9
3811;283;13;17;18;36;40;49;0;0;-0,184199;-0,1416;24;3;0;0,076154;-0,206483;-1,039472;-0,188713;9
3812;425;17;24;36;37;39;49;0;0;0,719102;0,7617;24;3;0;1,498935;-0,171811;-1,461724;-0,081602;9
3813;438;18;24;27;36;39;40;0;0;-0,695010;-0,6524;24;3;0;0,276755;-1,607594;-0,315699;0,127047;9
3814;226;4;18;27;39;40;49;0;0;-0,504125;-0,4615;24;3;0;-0,578895;-0,624401;-0,955269;0,330125;9
3815;357;13;18;37;39;40;49;0;0;1,985582;2,0282;24;3;0;2,048111;-0,375508;-1,256170;1,766526;9
3816;42;4;13;17;27;37;40;0;0;-2,085528;-2,0429;24;3;0;-1,900756;-1,333934;-2,417675;-0,377551;9
3817;100;4;13;24;27;39;49;0;0;-0,245682;-0,2031;24;3;0;1,116307;-0,503669;-0,474817;-1,038172;9
3818;128;4;17;18;24;27;37;0;0;1,482994;1,5256;24;3;0;0,626568;0,237440;-0,654987;1,704613;9
3819;48;4;13;17;36;37;40;0;0;0,183270;0,2259;24;3;0;-0,505217;0,694364;-1,031423;0,128286;9
3820;290;13;17;24;27;36;40;0;0;0,051009;0,0936;24;3;0;-0,598707;1,314122;-0,194967;-0,627064;9
3821;329;13;18;24;27;37;49;0;0;0,222590;0,2652;24;3;0;-0,536793;0,951926;0,494135;-0,029595;9
3822;278;13;17;18;36;37;39;0;0;0,197211;0,2398;24;3;0;-1,677866;0,867723;-1,460486;1,151722;9
3823;241;4;24;27;39;40;49;0;0;2,244026;2,2866;24;3;0;0,188218;1,438569;0,265672;2,259980;9
3824;56;4;13;17;39;40;49;0;0;-0,477674;-0,4351;24;3;0;-1,527415;0,067796;-1,415289;0,632264;9
3825;404;17;18;27;36;40;49;0;0;-0,088400;-0,0458;24;3;0;-0,284804;1,255304;-0,447575;-1,123613;9
3826;207;4;18;24;36;37;39;0;0;-1,023872;-0,9813;24;3;0;-1,214750;-1,081945;1,421604;0,523296;9
3827;220;4;18;27;36;39;40;0;0;1,236346;1,2790;24;3;0;1,776309;-0,171811;-1,109435;0,536917;9
3828;184;4;17;27;36;37;49;0;0;0,446718;0,4893;24;3;0;-0,586324;0,565583;0,124509;0,794479;9
3829;141;4;17;18;24;40;49;0;0;0,818476;0,8611;24;3;0;0,247036;0,282018;-1,244407;0,888588;9
3830;268;13;17;18;27;36;37;0;0;-0,002967;0,0396;24;3;0;-2,303196;0,466521;-0,168344;1,831536;9
3831;235;4;24;27;36;39;40;0;0;-1,320564;-1,2780;24;3;0;-1,308859;-0,412037;0,964061;-0,566388;9
3832;118;4;13;27;37;39;40;0;0;-0,113422;-0,0708;24;3;0;1,201129;-1,920259;-0,787482;0,522677;9
3833;190;4;17;27;37;40;49;0;0;-1,772751;-1,7301;24;3;0;-2,319293;0,169334;0,378975;-0,920535;9
3834;135;4;17;18;24;36;49;0;0;-0,025487;0,0171;24;3;0;-1,154074;-0,121661;0,492277;1,231591;9
3835;44;4;13;17;27;39;40;0;0;-1,892500;-1,8499;24;3;0;-3,389165;0,209578;-1,139772;-0,098319;9
3836;315;13;17;27;37;39;49;0;0;1,433665;1,4763;24;3;0;-0,241464;1,308550;-2,139681;1,416094;9
3837;197;4;18;24;27;36;37;0;0;-1,082496;-1,0399;24;3;0;-1,067395;0,047364;-1,778104;-0,854907;9
3838;330;13;18;24;27;39;40;0;0;-0,400820;-0,3582;24;3;0;0,130019;0,789711;-0,812248;-1,613971;9
3839;382;17;18;24;27;36;49;0;0;1,561278;1,6039;24;3;0;0,493454;1,411946;-0,789959;0,798813;9
3840;185;4;17;27;36;39;40;0;0;-1,425300;-1,3827;24;3;0;-1,016626;-1,012601;-0,919359;-0,439465;9
3841;333;13;18;24;36;37;39;0;0;-1,535040;-1,4924;24;3;0;-1,303287;-2,021178;-0,310127;0,665698;9
3842;155;4;17;18;36;39;40;0;0;-1,059976;-1,0174;24;3;0;-0,913230;-0,227533;0,670589;-0,695169;9
3843;366;13;24;27;37;40;49;0;0;0,063878;0,1065;24;3;0;-0,523172;-1,168005;-0,843205;1,801817;9
3844;194;4;17;36;37;40;49;0;0;-0,256048;-0,2134;24;3;0;0,390676;0,143331;0,119556;-0,977496;9
3845;11;4;13;17;18;27;49;0;0;-1,076777;-1,0342;24;3;0;0,133734;-1,844724;0,328205;-0,154042;9
3846;20;4;13;17;18;39;49;0;0;-0,292152;-0,2495;24;3;0;-0,466211;-0,147045;1,235863;0,107235;9
3847;384;17;18;24;27;37;40;0;0;-0,418692;-0,3761;24;3;0;-0,172121;-0,611399;-0,410427;0,058323;9
3848;124;4;13;36;37;40;49;0;0;-1,051039;-1,0084;24;3;0;-2,106310;-0,178002;-0,674180;0,463859;9
3849;344;13;18;27;36;37;40;0;0;-1,682313;-1,6397;24;3;0;-2,675917;-0,223199;-0,201777;-0,014736;9
3850;251;4;27;37;39;40;49;0;0;1,273522;1,3161;24;3;0;0,866175;-0,837385;0,149893;2,177015;9
3851;99;4;13;24;27;39;40;0;0;-0,732900;-0,6903;24;3;0;-0,618520;0,061604;-1,813395;-0,712505;9
3852;335;13;18;24;36;37;49;0;0;2,225438;2,2680;24;3;0;0,119494;2,497296;-0,308888;1,237782;9
3853;41;4;13;17;27;37;39;0;0;0,669415;0,7120;24;3;0;0,794355;0,508622;-0,835775;-0,143516;9
3854;298;13;17;24;36;37;39;0;0;-0,556315;-0,5137;24;3;0;-0,271183;-1,510389;0,255147;0,818006;9
3855;39;4;13;17;27;36;40;0;0;1,831517;1,8741;24;3;0;0,867413;0,626878;-0,342941;1,677990;9
3856;307;13;17;24;39;40;49;0;0;-0,604214;-0,5616;24;3;0;-0,534317;-1,775999;0,070025;1,263786;9
3857;165;4;17;24;27;36;49;0;0;-0,871594;-0,8290;24;3;0;-1,427734;0,703032;1,329972;-0,784944;9
3858;24;4;13;17;24;27;39;0;0;-2,311443;-2,2688;24;3;0;-2,754548;-0,274588;0,733122;-0,974400;9
3859;322;13;17;37;39;40;49;0;0;0,573616;0,6162;24;3;0;0,652572;-0,110516;-0,222828;0,451476;9
3860;443;18;24;27;37;40;49;0;0;-1,363102;-1,3205;24;3;0;-0,408012;-1,435473;0,274340;-0,517476;9
3861;379;17;18;24;27;36;37;0;0;1,959131;2,0017;24;3;0;1,066157;1,317837;0,913291;1,009320;9
3862;3;4;13;17;18;24;37;0;0;-0,300374;-0,2578;24;3;0;-0,322571;-1,021269;-1,727335;0,823578;9
3863;123;4;13;36;37;39;49;0;0;1,074417;1,1170;24;3;0;1,736065;-0,868961;-0,322509;0,993841;9
3864;303;13;17;24;36;40;49;0;0;-0,976687;-0,9341;24;3;0;-1,425876;-0,191004;-0,402378;-0,074792;9
3865;134;4;17;18;24;36;40;0;0;0,173976;0,2166;24;3;0;-0,236511;0,600255;-0,287838;-0,062409;9
3866;455;18;36;37;39;40;49;0;0;-0,205289;-0,1627;24;3;0;-1,620905;1,426805;0,344303;-0,161471;9
3867;433;17;27;37;39;40;49;0;0;0,228667;0,2713;24;3;0;-0,703961;-0,501193;-0,018512;1,601216;9
3868;110;4;13;24;37;40;49;0;0;0,180410;0,2230;24;3;0;-1,362105;1,247255;-0,905119;0,427330;9
3869;353;13;18;36;37;39;40;0;0;-0,355065;-0,3125;24;3;0;-0,274278;0,496240;0,870571;-0,836952;9
3870;441;18;24;27;37;39;40;0;0;-1,602957;-1,5603;24;3;0;-1,516271;-1,130238;-1,261743;-0,129895;9
3871;38;4;13;17;27;36;39;0;0;1,359313;1,4019;24;3;0;-0,299663;2,723901;0,400025;-0,069839;9
3872;305;13;17;24;37;39;49;0;0;-1,452824;-1,4102;24;3;0;-0,643285;-0,901775;-0,915644;-0,971305;9
3873;59;4;13;18;24;27;39;0;0;1,314630;1,3572;24;3;0;0,399344;-0,870199;-1,385570;2,747861;9
3874;46;4;13;17;27;40;49;0;0;1,722492;1,7651;24;3;0;0,732441;1,402659;-0,422810;0,848344;9
3875;18;4;13;17;18;37;49;0;0;-1,313772;-1,2712;24;3;0;0,137449;-1,498006;-0,134291;-0,914963;9
3876;461;24;36;37;39;40;49;0;0;1,278527;1,3211;24;3;0;1,125594;-0,018884;-1,141630;1,107763;9
3877;250;4;27;36;39;40;49;0;0;-0,118426;-0,0758;24;3;0;0,291614;-0,739561;1,283536;0,242826;9
3878;151;4;17;18;27;40;49;0;0;-0,532365;-0,4898;24;3;0;0,126923;-0,605208;-1,565121;-0,443799;9
3879;302;13;17;24;36;39;49;0;0;1,478704;1,5213;24;3;0;0,107730;0,788473;-1,744052;1,664988;9
3880;189;4;17;27;37;39;49;0;0;1,318205;1,3608;24;3;0;-0,019193;0,819430;0,168468;1,482961;9
3881;291;13;17;24;27;36;49;0;0;0,803820;0,8464;24;3;0;0,373960;0,179241;0,483609;0,839057;9
3882;122;4;13;36;37;39;40;0;0;-0,809754;-0,7671;24;3;0;-1,557134;0,709223;0,888526;-0,554624;9
3883;120;4;13;27;37;40;49;0;0;-0,675706;-0,6331;24;3;0;-1,021579;-0,249822;-1,308178;0,101043;9
3884;318;13;17;36;37;39;40;0;0;1,190592;1,2332;24;3;0;0,172121;0,970500;1,433987;0,919545;9
3885;175;4;17;24;36;39;40;0;0;-0,754347;-0,7117;24;3;0;-1,888373;0,710462;-0,267406;-0,128657;9
3886;95;4;13;24;27;36;49;0;0;0,208649;0,2513;24;3;0;0,116398;-0,948211;-0,153484;1,193204;9
3887;125;4;13;36;39;40;49;0;0;-0,575260;-0,5326;24;3;0;-0,907657;1,289356;-0,353466;-1,378079;9
3888;423;17;24;27;39;40;49;0;0;0,079963;0,1226;24;3;0;0,164072;-0,549486;0,527568;0,523915;9
3889;390;17;18;24;36;37;40;0;0;-1,073916;-1,0313;24;3;0;-1,806647;0,938924;-0,505774;-0,992355;9
3890;104;4;13;24;36;37;49;0;0;0,498549;0,5412;24;3;0;1,223418;-1,083183;-0,665512;0,723278;9
3891;430;17;27;36;37;39;49;0;0;0,582552;0,6252;24;3;0;1,864846;-0,613257;-1,067952;-0,242579;9
3892;171;4;17;24;27;40;49;0;0;-0,053011;-0,0104;24;3;0;-1,551561;0,236821;0,799989;1,222923;9
3893;336;13;18;24;36;39;40;0;0;0,515708;0,5583;24;3;0;-0,313284;0,778567;-1,559548;0,427949;9
3894;451;18;27;36;37;39;49;0;0;0,172189;0,2148;24;3;0;-0,502121;-0,820668;0,544904;1,621029;9
3895;114;4;13;27;36;37;49;0;0;0,418478;0,4611;24;3;0;-0,692197;-0,145188;1,040215;1,562211;9
3896;156;4;17;18;36;39;49;0;0;1,520527;1,5631;24;3;0;-0,077392;1,916544;-0,043278;0,794479;9
3897;275;13;17;18;27;39;40;0;0;1,545192;1,5878;24;3;0;-1,184412;0,909824;-1,584314;2,950939;9
3898;200;4;18;24;27;36;49;0;0;-0,413331;-0,3707;24;3;0;-0,531840;-0,819430;0,676780;0,635360;9
3899;429;17;27;36;37;39;40;0;0;-0,861228;-0,8096;25;3;0;-1,848748;-0,654430;1,086031;1,011487;9
3900;326;13;18;24;27;36;49;0;0;-0,598495;-0,5468;25;3;0;-1,711299;-0,240845;1,529954;0,915520;9
3901;248;4;27;36;37;39;49;0;0;1,335720;1,3874;25;3;0;0,739252;0,010525;-0,995513;1,563759;9
3902;170;4;17;24;27;39;49;0;0;0,947876;0,9995;25;3;0;-0,248894;0,879177;-1,797917;1,011487;9
3903;6;4;13;17;18;24;49;0;0;1,887638;1,9393;25;3;0;0,774542;1,791168;-0,347275;0,703775;9
3904;416;17;24;27;36;37;49;0;0;-0,562034;-0,5104;25;3;0;-0,469926;-0,885987;-0,095905;0,382442;9
3905;29;4;13;17;24;36;40;0;0;-0,663195;-0,6115;25;3;0;-1,215369;1,025294;-1,610937;-0,958612;9
3906;113;4;13;27;36;37;40;0;0;1,353951;1,4056;25;3;0;-0,820978;0,845743;0,191376;2,320346;9
3907;339;13;18;24;37;39;40;0;0;0,646896;0,6985;25;3;0;0,830265;-0,292233;-1,088384;0,582424;9
3908;80;4;13;18;27;39;49;0;0;0,219015;0,2707;25;3;0;-0,013621;-0,641428;1,333067;1,034395;9
3909;2;4;13;17;18;24;36;0;0;-0,585626;-0,5340;25;3;0;-0,213603;-0,123828;-1,347184;-0,676904;9
3910;396;17;18;24;37;39;49;0;0;1,372181;1,4238;25;3;0;0,813548;0,786306;-0,572641;0,776833;9
3911;47;4;13;17;36;37;39;0;0;0,841353;0,8930;25;3;0;-0,196267;1,483456;0,414266;0,170077;9
3912;182;4;17;27;36;37;39;0;0;0,751631;0,8033;25;3;0;0,949140;0,827169;0,540570;-0,474446;9
3913;78;4;13;18;27;37;49;0;0;-0,233171;-0,1815;25;3;0;-0,798689;-0,112064;-1,896979;0,506889;9
3914;7;4;13;17;18;27;36;0;0;0,130366;0,1820;25;3;0;-0,447018;-0,947901;-0,448814;1,620719;9
3915;86;4;13;18;36;39;49;0;0;-0,479461;-0,4278;25;3;0;1,322480;-1,571993;0,500326;-0,580938;9
3916;444;18;24;27;39;40;49;0;0;-0,657476;-0,6058;25;3;0;-0,937995;0,141164;0,640870;-0,341950;9
3917;258;13;17;18;24;36;37;0;0;-0,628522;-0,5769;25;3;0;-1,373250;-0,942329;-0,472960;1,226947;9
3918;143;4;17;18;27;36;39;0;0;-0,342554;-0,2909;25;3;0;0,592516;0,307712;-0,350371;-1,493548;9
3919;257;13;17;18;24;27;49;0;0;-0,766144;-0,7145;25;3;0;-1,167076;-0,610471;-1,001085;0,450547;9
3920;51;4;13;17;36;39;49;0;0;1,982008;2,0337;25;3;0;0,269325;2,695730;-0,128719;0,467883;9
3921;245;4;24;36;39;40;49;0;0;-1,088572;-1,0369;25;3;0;-2,026441;-0,115779;-0,702041;0,256757;9
3922;142;4;17;18;27;36;37;0;0;0,097122;0,1488;25;3;0;1,173268;-0,702103;-0,559639;-0,302945;9
3923;338;13;18;24;36;40;49;0;0;1,322137;1,3738;25;3;0;0,990622;1,704489;-0,846920;-0,405102;9
3924;98;4;13;24;27;37;49;0;0;-0,727181;-0,6755;25;3;0;-1,784358;-0,963380;0,031019;1,488224;9
3925;449;18;24;37;39;40;49;0;0;-0,907698;-0,8561;25;3;0;-1,243850;-1,195557;-1,415908;0,867228;9
3926;254;13;17;18;24;27;37;0;0;1,584870;1,6365;25;3;0;0,115779;0,395010;-1,692044;2,234286;9
3927;13;4;13;17;18;36;39;0;0;-0,311097;-0,2595;25;3;0;0,390676;0,345479;-0,824631;-1,274992;9
3928;36;4;13;17;24;40;49;0;0;0,773793;0,8254;25;3;0;0,955950;0,590039;-1,476584;-0,205740;9
3929;453;18;27;36;39;40;49;0;0;1,031165;1,0828;25;3;0;0,964618;1,146026;-0,212303;-0,324614;9
3930;428;17;24;37;39;40;49;0;0;-0,793668;-0,7420;25;3;0;-0,240226;-1,749686;-1,311893;0,615238;9
3931;412;17;18;36;39;40;49;0;0;-1,202245;-1,1506;25;3;0;0,162214;-0,375198;0,527568;-1,869365;9
3932;276;13;17;18;27;39;49;0;0;0,391311;0,4430;25;3;0;0,222890;-0,435874;-1,435721;0,890755;9
3933;363;13;24;27;36;40;49;0;0;-1,227982;-1,1763;25;3;0;-0,961522;0,057580;0,025447;-1,222985;9
3934;259;13;17;18;24;36;39;0;0;1,194524;1,2462;25;3;0;0,698388;-1,155932;-0,358419;2,526519;9
3935;231;4;18;37;39;40;49;0;0;-0,936652;-0,8850;25;3;0;-0,509551;-0,309569;-2,450489;-0,803209;9
3936;82;4;13;18;36;37;39;0;0;-0,636029;-0,5844;25;3;0;-0,781972;-0,788783;-0,004891;0,469121;9
3937;418;17;24;27;36;39;49;0;0;0,169686;0,2213;25;3;0;0,209269;-0,401202;1,429653;0,485838;9
3938;127;4;17;18;24;27;36;0;0;1,257436;1,3091;25;3;0;-0,362815;1,310097;0,561621;1,230662;9
3939;230;4;18;36;39;40;49;0;0;0,822408;0,8741;25;3;0;1,397396;0,321952;-0,582548;-0,294896;9
3940;174;4;17;24;36;37;49;0;0;-1,436381;-1,3847;25;3;0;-0,754730;-0,477975;-1,277221;-1,255180;9
3941;21;4;13;17;18;40;49;0;0;-0,616368;-0,5647;25;3;0;0,802404;-2,931622;-0,746619;1,061637;9
3942;166;4;17;24;27;37;39;0;0;-0,311455;-0,2598;25;3;0;-0,073678;0,229700;0,596292;-0,695478;9
3943;394;17;18;24;36;40;49;0;0;0,353063;0,4047;25;3;0;0,797451;-0,149212;-0,306412;-0,036715;9
3944;400;17;18;27;36;37;40;0;0;1,261011;1,3127;25;3;0;0,082345;1,498935;0,371545;0,602855;9
3945;65;4;13;18;24;36;49;0;0;-1,027447;-0,9758;25;3;0;-0,951616;-0,763398;-0,454386;-0,064576;9
3946;260;13;17;18;24;36;40;0;0;-0,365789;-0,3141;25;3;0;0,655049;-0,499645;-0,455005;-0,788968;9
3947;215;4;18;24;37;40;49;0;0;-0,745054;-0,6934;25;3;0;-0,404298;-0,278612;-0,640127;-0,607561;9
3948;37;4;13;17;27;36;37;0;0;-1,092862;-1,0412;25;3;0;-0,112064;0,068105;0,255147;-1,848934;9
3949;345;13;18;27;36;37;49;0;0;-1,342726;-1,2911;25;3;0;-0,955950;-1,589948;0,189518;0,220228;9
3950;349;13;18;27;37;39;40;0;0;-0,572043;-0,5204;25;3;0;-1,183793;-0,035910;-1,701331;0,228896;9
3951;150;4;17;18;27;39;49;0;0;-0,629237;-0,5776;25;3;0;-1,503269;-0,762779;-2,393528;1,176178;9
3952;395;17;18;24;37;39;40;0;0;-0,795455;-0,7438;25;3;0;0,957808;-1,586852;0,744267;-0,748724;9
3953;195;4;17;36;39;40;49;0;0;1,100512;1,1522;25;3;0;0,213603;0,380770;-0,063709;1,311769;9
3954;452;18;27;36;37;40;49;0;0;1,854752;1,9064;25;3;0;1,940381;0,720058;-0,052565;0,552086;9
3955;16;4;13;17;18;37;39;0;0;1,295327;1,3470;25;3;0;-0,837075;-0,105873;-1,882120;3,186521;9
3956;224;4;18;27;37;39;49;0;0;0,332331;0,3840;25;3;0;0,560320;-0,968952;-0,542304;0,984245;9
3957;350;13;18;27;37;39;49;0;0;0,649040;0,7007;25;3;0;-0,729964;0,719439;-0,753430;1,134695;9
3958;75;4;13;18;27;36;49;0;0;-0,750058;-0,6984;25;3;0;-0,370864;-0,331858;0,892241;-0,596416;9
3959;221;4;18;27;36;39;49;0;0;1,504799;1,5564;25;3;0;0,464354;1,377584;-0,926170;0,764451;9
3960;74;4;13;18;27;36;40;0;0;-1,197240;-1,1456;25;3;0;-2,022107;-0,857507;-0,750334;0,805933;9
3961;457;24;27;36;37;39;49;0;0;-1,064980;-1,0133;25;3;0;-2,487080;-0,287280;-0,757145;0,929761;9
3962;381;17;18;24;27;36;40;0;0;-2,096967;-2,0453;25;3;0;-1,879086;-1,064919;0,765936;-0,688049;9
3963;68;4;13;18;24;37;49;0;0;0,423483;0,4751;25;3;0;-1,573851;1,378822;-0,196824;0,928522;9
3964;277;13;17;18;27;40;49;0;0;-0,328255;-0,2766;25;3;0;-0,947901;-0,528744;0,237811;0,908091;9
3965;362;13;24;27;36;39;49;0;0;0,700514;0,7522;25;3;0;0,019812;0,520076;-0,869209;0,673437;9
3966;102;4;13;24;36;37;39;0;0;1,001853;1,0535;25;3;0;0,990003;0,267468;-1,197971;0,477789;9
3967;133;4;17;18;24;36;39;0;0;-0,707521;-0,6559;25;3;0;-0,320095;-1,802932;-1,042568;0,897565;9
3968;238;4;24;27;37;39;40;0;0;1,885136;1,9368;25;3;0;2,009724;1,326195;-1,094575;-0,070768;9
3969;164;4;17;24;27;36;40;0;0;0,619013;0,6707;25;3;0;-0,082345;0,861222;-0,415380;0,293286;9
3970;50;4;13;17;36;39;40;0;0;0,624733;0,6764;25;3;0;1,472931;0,198744;-1,764483;-0,589606;9
3971;398;17;18;24;39;40;49;0;0;1,508016;1,5597;25;3;0;0,563416;-0,010525;1,246388;2,059069;9
3972;360;13;24;27;36;37;49;0;0;-1,401708;-1,3501;25;3;0;0,076773;-1,909424;-0,466769;-0,595178;9
3973;8;4;13;17;18;27;37;0;0;-0,717171;-0,6655;25;3;0;-2,136029;0,276755;-0,184441;0,617096;9
3974;347;13;18;27;36;39;49;0;0;-0,847287;-0,7956;25;3;0;-0,375198;-0,792497;0,370307;-0,299849;9
3975;355;13;18;36;37;40;49;0;0;-0,659620;-0,6080;25;3;0;1,276045;-1,626477;0,034115;-0,792064;9
3976;87;4;13;18;36;40;49;0;0;-1,907871;-1,8562;25;3;0;-1,919330;-0,547319;-0,688420;-0,837880;9
3977;358;13;24;27;36;37;39;0;0;-0,738977;-0,6873;25;3;0;-0,851316;-1,147264;-1,085907;0,718634;9
3978;119;4;13;27;37;39;49;0;0;0,328756;0,3804;25;3;0;-0,165929;0,464354;-1,524877;0,270997;9
3979;138;4;17;18;24;37;49;0;0;-0,479461;-0,4278;25;3;0;-0,437731;-1,536083;-0,081664;1,143363;9
3980;31;4;13;17;24;37;39;0;0;0,063878;0,1155;25;3;0;-1,308240;0,896513;-1,701950;0,522367;9
3981;310;13;17;27;36;37;49;0;0;-0,725750;-0,6741;25;3;0;0,024146;-0,349813;-0,518776;-0,931370;9
3982;373;13;27;36;37;39;40;0;0;-0,069454;-0,0178;25;3;0;0,126923;0,245179;-0,516919;-0,492401;9
3983;26;4;13;17;24;27;49;0;0;2,028120;2,0798;25;3;0;-0,320095;1,370154;-0,812867;2,462748;9
3984;270;13;17;18;27;36;40;0;0;0,212224;0,2639;25;3;0;-1,662387;1,086588;0,265053;0,943382;9
3985;153;4;17;18;36;37;40;0;0;-0,315387;-0,2637;25;3;0;0,470545;-1,723063;-1,818348;0,706251;9
3986;157;4;17;18;36;40;49;0;0;-1,359885;-1,3082;25;3;0;-1,440117;-0,130019;-0,684086;-0,785254;9
3987;391;17;18;24;36;37;49;0;0;1,347874;1,3995;25;3;0;2,058017;-1,319385;-1,993565;1,595954;9
3988;274;13;17;18;27;37;49;0;0;-0,213153;-0,1615;25;3;0;0,100300;-0,457543;-1,548404;-0,011949;9
3989;255;13;17;18;24;27;39;0;0;-0,120929;-0,0693;25;3;0;-0,015478;-0,494692;-0,753430;0,300716;9
3990;282;13;17;18;36;39;49;0;0;0,727323;0,7790;25;3;0;-0,040244;0,645142;0,528187;0,654863;9
3991;178;4;17;24;37;39;40;0;0;-0,866947;-0,8153;25;3;0;-0,777019;-1,826459;0,946106;1,101881;9
3992;293;13;17;24;27;37;40;0;0;0,316960;0,3686;25;3;0;-0,175835;0,700865;0,048355;0,023961;9
3993;445;18;24;36;37;39;40;0;0;0,793811;0,8455;25;3;0;-1,368916;2,260475;-1,392381;0,483362;9
3994;252;4;36;37;39;40;49;0;0;1,361815;1,4135;25;3;0;-0,335573;1,945953;-1,563882;0,748353;9
3995;67;4;13;18;24;37;40;0;0;-1,100011;-1,0484;25;3;0;-0,467450;-1,692106;-1,389285;0,254280;9
3996;227;4;18;36;37;39;40;0;0;0,162180;0,2138;25;3;0;-0,926851;0,045816;-0,855588;1,161938;9
3997;325;13;18;24;27;36;40;0;0;0,736260;0,7879;25;3;0;0,261277;-0,045197;0,895336;1,059161;9
3998;432;17;27;36;39;40;49;0;0;-0,871595;-0,8199;25;3;0;0,289757;-0,843267;-1,048759;-0,956136;9
3999;111;4;13;24;39;40;49;0;0;-0,860870;-0,8092;25;3;0;-2,282145;-0,035910;0,219237;0,826984;9
4000;43;4;13;17;27;37;49;0;0;-0,147381;-0,0957;25;3;0;-0,803023;-0,457543;0,217380;1,005295;9
4001;129;4;17;18;24;27;39;0;0;-0,098052;-0,0464;25;3;0;-1,331767;-0,908896;-0,415999;2,070833;9
4002;426;17;24;36;37;40;49;0;0;-1,108591;-1,0569;25;3;0;-0,631521;-0,744205;-1,127390;-0,544409;9
4003;172;4;17;24;36;37;39;0;0;0,894257;0,9459;25;3;0;0,144259;0,890941;-1,446865;0,513699;9
4004;213;4;18;24;37;39;40;0;0;0,574331;0,6260;25;3;0;0,419776;0,037767;-0,803580;0,537227;9
4005;299;13;17;24;36;37;40;0;0;-1,218330;-1,1667;25;3;0;0,003096;-0,282327;-1,994803;-1,830979;9
4006;89;4;13;18;37;39;49;0;0;-1,305551;-1,2539;25;3;0;-1,165219;-0,928708;-1,218403;-0,167353;9
4007;92;4;13;24;27;36;37;0;0;0,172546;0,2242;25;3;0;0,942329;-1,916853;-0,825869;1,273383;9
4008;217;4;18;27;36;37;39;0;0;-2,382220;-2,3306;25;3;0;-2,040681;-0,058199;-1,297034;-2,027246;9
4009;263;13;17;18;24;37;40;0;0;0,135013;0,1867;25;3;0;0,746062;-0,885368;-0,112002;0,373155;9
4010;377;13;27;37;39;40;49;0;0;0,359498;0,4111;25;3;0;0,102777;0,776400;-1,416527;-0,256509;9
4011;5;4;13;17;18;24;40;0;0;0,422411;0,4741;25;3;0;1,071110;0,056961;-2,902460;-0,396434;9
4012;380;17;18;24;27;36;39;0;0;-1,218688;-1,1670;25;3;0;-2,261094;-1,277902;-0,529921;1,428167;9
4013;55;4;13;17;37;40;49;0;0;0,146809;0,1985;25;3;0;-0,448256;-1,044487;-0,480390;1,747024;9
4014;440;18;24;27;36;40;49;0;0;0,425627;0,4773;25;3;0;0,620996;-0,087918;-0,728045;0,204130;9
4015;146;4;17;18;27;37;39;0;0;-1,498222;-1,4466;25;3;0;-1,086588;-0,065629;-0,258738;-1,442779;9
4016;341;13;18;24;37;40;49;0;0;0,362000;0,4136;25;3;0;1,172649;-0,325048;-1,449342;-0,220599;9
4017;145;4;17;18;27;36;49;0;0;-1,506801;-1,4552;25;3;0;-1,653100;-0,507075;-0,863017;-0,449680;9
4018;204;4;18;24;27;39;40;0;0;-0,180267;-0,1286;25;3;0;-1,331148;1,220322;-0,055041;-0,201406;9
4019;269;13;17;18;27;36;39;0;0;1,585585;1,6372;25;3;0;-0,247036;1,597378;-0,935457;1,395972;9
4020;306;13;17;24;37;40;49;0;0;-0,500551;-0,4489;25;3;0;-0,054484;-1,379441;-0,544161;0,566945;9
4021;33;4;13;17;24;37;49;0;0;-0,017623;0,0340;25;3;0;0,257562;-0,837075;0,679257;0,548990;9
4022;408;17;18;27;39;40;49;0;0;-0,627449;-0,5758;25;3;0;-0,670527;0,523172;-2,343997;-0,939419;9
4023;183;4;17;27;36;37;40;0;0;0,006684;0,0583;25;3;0;-1,077301;0,101539;0,395072;0,987340;9
4024;332;13;18;24;27;40;49;0;0;0,372009;0,4237;25;3;0;-0,807976;1,329291;-2,057336;0,123023;9
4025;180;4;17;24;37;40;49;0;0;-1,469267;-1,4176;25;3;0;-1,582518;-0,118255;0,327586;-0,844072;9
4026;1;4;13;17;18;24;27;0;0;0,059231;0,1109;25;3;0;0,552891;0,289757;0,578957;-0,740056;9
4027;223;4;18;27;37;39;40;0;0;-0,337907;-0,2863;25;3;0;0,114541;-1,001766;-0,464911;0,301954;9
4028;435;18;24;27;36;37;39;0;0;0,030277;0,0819;25;3;0;-0,963999;-0,149832;-1,583076;1,166272;9
4029;236;4;24;27;36;39;49;0;0;-0,224592;-0,1729;25;3;0;-0,248275;-0,630283;-0,833918;0,489553;9
4030;139;4;17;18;24;39;40;0;0;0,256192;0,3078;25;3;0;0,414823;0,806119;0,312108;-0,777205;9
4031;202;4;18;24;27;37;40;0;0;0,434921;0,4866;25;3;0;0,437731;0,856888;-1,043187;-0,541313;9
4032;126;4;13;37;39;40;49;0;0;-0,379015;-0,3274;25;3;0;-1,621524;-0,124447;-0,281646;1,089498;9
4033;393;17;18;24;36;39;49;0;0;0,450649;0,5023;25;3;0;-0,902704;1,314431;-2,463491;0,368821;9
4034;409;17;18;36;37;39;40;0;0;-0,391526;-0,3399;25;3;0;-1,311955;0,505217;-1,374426;0,128595;9
4035;168;4;17;24;27;37;49;0;0;-0,716457;-0,6648;25;3;0;-0,811072;-0,831503;0,278674;0,401635;9
4036;334;13;18;24;36;37;40;0;0;-0,152027;-0,1004;25;3;0;-1,048202;-0,372721;0,029161;1,157604;9
4037;378;13;36;37;39;40;49;0;0;-0,611721;-0,5601;25;3;0;-0,689101;-0,837695;-2,795968;0,467264;9
4038;222;4;18;27;36;40;49;0;0;-1,287677;-1,2360;25;3;0;-0,583229;-0,385104;-0,780053;-1,261990;9
4039;387;17;18;24;27;39;49;0;0;0,211152;0,2628;25;3;0;-0,741728;0,573942;-0,415999;0,533512;9
4040;212;4;18;24;36;40;49;0;0;1,377186;1,4288;25;3;0;0,421014;1,222799;-0,942886;0,741542;9
4041;109;4;13;24;37;39;49;0;0;-0,086970;-0,0353;25;3;0;-0,123209;-0,697769;1,644494;0,670341;9
4042;427;17;24;36;39;40;49;0;0;-0,553455;-0,5018;25;3;0;0,113302;-0,793117;-0,753430;-0,278798;9
4043;301;13;17;24;36;39;40;0;0;0,456726;0,5084;25;3;0;2,573140;-2,000437;0,717024;0,218370;9
4044;192;4;17;36;37;39;40;0;0;-1,221548;-1,1699;25;3;0;-1,303287;-0,426587;-0,912548;-0,385909;9
4045;421;17;24;27;37;39;49;0;0;0,306593;0,3582;25;3;0;-1,043249;0,482928;-0,257500;1,091356;9
4046;148;4;17;18;27;37;49;0;0;-0,440140;-0,3885;25;3;0;-0,190076;-1,277283;-2,432534;0,705013;9
4047;371;13;24;36;39;40;49;0;0;-0,072314;-0,0207;25;3;0;-1,084112;-0,217318;0,154227;1,176178;9
4048;70;4;13;18;24;39;49;0;0;-0,559174;-0,5075;25;3;0;-0,591277;-0,219175;-1,745909;-0,158066;9
4049;309;13;17;27;36;37;40;0;0;0,543589;0,5952;25;3;0;-0,515743;-0,083584;-1,040091;1,540850;9
4050;361;13;24;27;36;39;40;0;0;0,010974;0,0626;25;3;0;1,035819;0,288519;1,394981;-1,305330;9
4051;210;4;18;24;36;39;40;0;0;-1,541117;-1,4895;25;3;0;-1,507603;0,066867;-0,062471;-1,228557;9
4052;348;13;18;27;36;40;49;0;0;-0,405466;-0,3538;25;3;0;-0,643904;0,864318;-1,353375;-0,922702;9
4053;163;4;17;24;27;36;39;0;0;0,071027;0,1227;25;3;0;-0,347956;-0,382628;-0,580071;0,853606;9
4054;161;4;17;18;39;40;49;0;0;1,259581;1,3112;25;3;0;-0,851935;0,448256;-0,629602;2,585337;9
4055;328;13;18;24;27;37;40;0;0;0,048864;0,1005;25;3;0;-0,904562;-0,252609;0,751696;1,241806;9
4056;136;4;17;18;24;37;39;0;0;0,323037;0,3747;25;3;0;-0,224128;-0,112683;-1,712476;0,896327;9
4057;419;17;24;27;36;40;49;0;0;-0,266772;-0,2151;25;3;0;-0,246417;-1,175125;-1,028947;0,959479;9
4058;108;4;13;24;37;39;40;0;0;0,980405;1,0321;25;3;0;0,926851;-0,660621;0,166610;1,431882;9
4059;285;13;17;18;37;39;49;0;0;-2,180970;-2,1293;25;3;0;-2,633816;-2,070400;-1,210973;0,926665;9
4060;131;4;17;18;24;27;49;0;0;-0,249971;-0,1983;25;3;0;-1,590567;-0,215460;-0,162152;1,373064;9
4061;281;13;17;18;36;39;40;0;0;0,524286;0,5759;25;3;0;0,790021;1,059965;-2,031951;-0,941896;9
4062;351;13;18;27;37;40;49;0;0;-1,343442;-1,2918;25;3;0;-2,412164;-0,973286;-2,033809;1,058541;9
4063;369;13;24;36;37;39;49;0;0;1,268160;1,3198;25;3;0;0,117017;0,285423;-2,760058;1,794078;9
4064;354;13;18;36;37;39;49;0;0;-2,545222;-2,4936;25;3;0;-1,568897;-0,703342;-0,127481;-2,136214;9
4065;167;4;17;24;27;37;40;0;0;-0,000107;0,0515;25;3;0;0,070582;-0,987526;-1,986135;0,916759;9
4066;63;4;13;18;24;36;39;0;0;-1,162567;-1,1109;25;3;0;-0,690340;-0,722535;-2,020807;-0,600750;9
4067;375;13;27;36;37;40;49;0;0;0,366647;0,4183;25;3;0;-0,645142;0,665574;-1,089622;0,614619;9
4068;71;4;13;18;24;40;49;0;0;1,300689;1,3523;25;3;0;0,275517;1,055012;-0,962699;0,922331;9
4069;459;24;27;36;39;40;49;0;0;-0,648539;-0,5969;25;3;0;-2,331676;0,861841;-0,168344;0,346532;9
4070;266;13;17;18;24;39;49;0;0;0,369864;0,4215;25;3;0;1,528653;0,214222;-1,589886;-1,102253;9
4071;389;17;18;24;36;37;39;0;0;0,615796;0,6674;25;3;0;-0,119494;0,786925;0,370307;0,399159;9
4072;448;18;24;36;39;40;49;0;0;2,156448;2,2081;25;3;0;0,124447;1,103924;-0,964556;2,506707;9
4073;403;17;18;27;36;39;49;0;0;-0,470167;-0,4185;25;3;0;-1,528034;-0,210507;-2,213978;0,924188;9
4074;211;4;18;24;36;39;49;0;0;-0,755420;-0,7038;25;3;0;-0,091633;-0,135591;-2,867169;-1,081202;9
4075;415;17;24;27;36;37;40;0;0;-0,749344;-0,6977;25;3;0;-1,687772;0,286661;-1,700093;0,103210;9
4076;209;4;18;24;36;37;49;0;0;0,464233;0,5159;25;3;0;-0,331239;0,723773;-1,710618;0,411541;9
4077;187;4;17;27;36;40;49;0;0;0,210794;0,2624;25;3;0;0,337431;0,566512;-0,190014;-0,538836;9
4078;289;13;17;24;27;36;39;0;0;-1,246927;-1,1953;25;3;0;-1,739780;-0,911991;0,114603;0,492030;9
4079;392;17;18;24;36;39;40;0;0;2,579680;2,6313;25;3;0;2,243140;2,046872;-1,199829;0,178126;9
4080;186;4;17;27;36;39;49;0;0;-0,758994;-0,7073;25;3;0;-0,702722;-0,627187;-1,572550;0,015293;9
4081;76;4;13;18;27;37;39;0;0;0,571829;0,6235;25;3;0;0,362196;0,929327;-0,997370;-0,301087;9
4082;256;13;17;18;24;27;40;0;0;0,012404;0,0641;25;3;0;1,687153;-0,798689;-2,583604;-0,866980;9
4083;160;4;17;18;37;40;49;0;0;-1,271592;-1,2199;25;3;0;0,316380;-1,464882;0,255147;-1,053960;9
4084;54;4;13;17;37;39;49;0;0;0,174333;0,2260;25;3;0;0,417919;-1,476646;0,028542;1,360681;9
4085;225;4;18;27;37;40;49;0;0;0,188274;0,2399;25;3;0;-0,105873;-0,072439;-0,427144;0,504412;9
4086;337;13;18;24;36;39;49;0;0;0,326611;0,3783;25;3;0;1,124975;-0,811691;0,403740;0,252423;9
4087;85;4;13;18;36;39;40;0;0;1,422226;1,4739;25;3;0;1,222799;0,266849;-0,337369;0,973719;9
4088;261;13;17;18;24;36;49;0;0;0,809539;0,8612;25;3;0;0,624711;1,058108;-0,582548;-0,280656;9
4089;450;18;27;36;37;39;40;0;0;-0,356494;-0,3048;25;3;0;-0,224747;-1,630811;-0,724949;1,238092;9
4090;346;13;18;27;36;39;40;0;0;1,595236;1,6469;25;3;0;0,330620;-0,485405;0,217999;2,917815;9
4091;247;4;27;36;37;39;40;0;0;0,367004;0,4187;25;3;0;0,219175;0,237749;-1,606603;0,178745;9
4092;219;4;18;27;36;37;49;0;0;-1,212611;-1,1610;25;3;0;-0,788164;-0,588801;-1,402287;-0,723340;9
4093;77;4;13;18;27;37;40;0;0;-2,210997;-2,1594;25;3;0;-2,684585;-1,127452;-0,010463;-0,017522;9
4094;317;13;17;27;39;40;49;0;0;-0,644250;-0,5926;25;3;0;0,072439;-0,399964;1,164043;-0,788349;9
4095;84;4;13;18;36;37;49;0;0;1,309268;1,3609;25;3;0;1,841318;-0,867413;-0,202396;1,293814;9
4096;206;4;18;24;27;40;49;0;0;-2,011177;-1,9595;25;3;0;0,465592;-2,556424;-2,246173;-1,392629;9
4097;294;13;17;24;27;37;49;0;0;1,170216;1,2219;25;3;0;0,820978;2,225184;-0,700184;-1,019288;9
4098;413;17;18;37;39;40;49;0;0;0,452437;0,5041;25;3;0;-0,609232;1,090303;-0,623411;0,302573;9
4099;177;4;17;24;36;40;49;0;0;0,556101;0,6077;25;3;0;-0,055103;1,288428;-1,525496;-0,270130;9
4100;312;13;17;27;36;39;49;0;0;-0,226737;-0,1751;25;3;0;1,601093;-2,320532;0,220475;0,326719;9
4101;81;4;13;18;27;40;49;0;0;0,237961;0,2896;25;3;0;-0,120113;0,488500;-1,545308;0,043773;9
4102;447;18;24;36;37;40;49;0;0;-0,817547;-0,1746;26;3;1;-2,534135;0,395939;2,485346;0,722163;9
4103;45;4;13;17;27;39;49;0;0;-1,152486;-0,5095;26;3;1;-1,334863;-0,264063;0,429187;-0,397239;9
4104;132;4;17;18;24;36;37;0;0;-0,794312;-0,1513;26;3;1;-1,189365;0,249203;-0,835094;-0,435626;9
4105;40;4;13;17;27;36;49;0;0;-0,791094;-0,1481;26;3;1;-1,338578;0,707985;-0,027118;-0,739623;9
4106;405;17;18;27;37;39;40;0;0;-0,307452;0,3355;26;3;1;-1,410398;0,218246;1,081140;0,659630;9
4107;321;13;17;36;39;40;49;0;0;-0,248113;0,3949;26;3;1;-0,709533;1,513484;-0,374455;-1,233696;9
4108;53;4;13;17;37;39;40;0;0;0,100768;0,7437;26;3;1;-1,335482;0,145188;-0,097081;1,364829;9
4109;265;13;17;18;24;39;40;0;0;-1,982508;-1,3395;26;3;1;-2,089593;-0,136520;0,876205;-1,207692;9
4110;436;18;24;27;36;37;40;0;0;0,066452;0,7094;26;3;1;-1,558991;0,871438;1,110859;0,802651;9
4111;62;4;13;18;24;36;37;0;0;-0,130509;0,5125;26;3;1;-1,741018;0,917873;-0,121227;0,597097;9
4112;304;13;17;24;37;39;40;0;0;-1,246141;-0,6032;26;3;1;-0,712629;-1,545061;0,292357;0,099310;9
4113;286;13;17;18;37;40;49;0;0;-0,870450;-0,2275;26;3;1;-1,084731;-0,490667;1,388233;0,067734;9
4114;191;4;17;27;39;40;49;0;0;-2,884737;-2,2418;26;3;1;-2,257999;-1,347555;0,163576;-1,390957;9
4115;314;13;17;27;37;39;40;0;0;-0,886179;-0,2432;26;3;1;-1,373869;0,659692;0,442808;-0,820730;9
4116;372;13;24;37;39;40;49;0;0;-0,080464;0,5625;26;3;1;-1,201748;1,160575;1,020464;-0,098195;9
4117;359;13;24;27;36;37;40;0;0;0,980120;1,6231;26;3;1;-0,258800;0,866485;0,688606;1,089932;9
4118;246;4;24;37;39;40;49;0;0;-0,409685;0,2333;26;3;1;-0,918183;-0,088227;1,250784;0,296815;9
4119;271;13;17;18;27;36;49;0;0;-0,014334;0,6286;26;3;1;-1,868561;1,070181;2,604221;0,773552;9
4120;91;4;13;18;39;40;49;0;0;-1,811642;-1,1687;26;3;1;-0,838933;-1,200200;1,330653;-1,098723;9
4121;93;4;13;24;27;36;39;0;0;0,166898;0,8099;26;3;1;-3,423837;1,598926;1,689753;2,113987;9
4122;297;13;17;24;27;40;49;0;0;-1,013077;-0,3701;26;3;1;-3,829992;1,481908;1,224780;0,593383;9
4123;73;4;13;18;27;36;39;0;0;-0,218801;0,4242;26;3;1;-0,639570;-0,155094;0,504103;0,415690;9
4124;370;13;24;36;37;40;49;0;0;-1,390197;-0,7472;26;3;1;-1,554038;-0,675790;1,250165;-0,178064;9
4125;196;4;17;37;39;40;49;0;0;-1,278670;-0,6357;26;3;1;-2,331676;-0,051698;2,444483;0,168653;9
4126;244;4;24;36;37;40;49;0;0;-1,733359;-1,0904;26;3;1;-3,160084;0,396558;1,070615;-0,238740;9
4127;407;17;18;27;37;40;49;0;0;-0,155531;0,4874;26;3;1;-1,120022;1,498006;0,852678;-0,647371;9
4128;60;4;13;18;24;27;40;0;0;-3,214672;-2,5717;26;3;1;-1,973814;-0,465283;0,375941;-3,128879;9
4129;414;17;24;27;36;37;39;0;0;-0,595206;0,0478;26;3;1;-0,351671;-0,324119;2,357804;-0,355138;9
4130;14;4;13;17;18;36;40;0;0;-0,459729;0,1832;26;3;1;-1,309478;-0,437421;0,785811;0,950626;9
4131;66;4;13;18;24;37;39;0;0;-1,593234;-0,9503;26;3;1;-1,578184;-0,194719;0,968457;-0,986659;9
4132;264;13;17;18;24;37;49;0;0;-1,301547;-0,6586;26;3;1;-2,305672;0,180479;0,405660;-0,129152;9
4133;28;4;13;17;24;36;39;0;0;-1,274738;-0,6318;26;3;1;-1,517509;-0,773614;3,104485;0,083212;9
4134;284;13;17;18;37;39;40;0;0;-0,909414;-0,2664;26;3;1;-2,256760;0,517909;0,682415;0,163700;9
4135;399;17;18;27;36;37;39;0;0;-0,628450;0,0145;26;3;1;-2,399781;0,108659;0,079993;1,202615;9
4136;383;17;18;24;27;37;39;0;0;-0,347487;0,2955;26;3;1;-1,463025;1,475717;1,252022;-0,614557;9
4137;12;4;13;17;18;36;37;0;0;-0,750344;-0,1074;26;3;1;-2,259856;0,969881;0,783334;-0,009659;9
4138;58;4;13;18;24;27;37;0;0;2,434981;3,0780;26;3;1;-0,461258;2,382755;1,809247;2,296014;9
4139;94;4;13;24;27;36;40;0;0;-1,750159;-1,1072;26;3;1;-1,927998;0,430611;-0,343498;-1,533978;9
4140;49;4;13;17;36;37;49;0;0;-1,954268;-1,3113;26;3;1;-2,296385;-0,267158;-0,528001;-0,821349;9
4141;402;17;18;27;36;39;40;0;0;1,446604;2,0896;26;3;1;-0,422253;1,280688;0,764141;1,647157;9
4142;243;4;24;36;37;39;49;0;0;0,003181;0,6462;26;3;1;-0,676099;0,758754;-0,939110;-0,077145;9
4143;352;13;18;27;39;40;49;0;0;-0,501552;0,1414;26;3;1;-2,935336;-0,042411;0,813672;2,109034;9
4144;25;4;13;17;24;27;40;0;0;-0,782158;-0,1392;26;3;1;-2,196704;1,122808;-0,139802;-0,280841;9
4145;216;4;18;24;39;40;49;0;0;-1,562851;-0,9199;26;3;1;-2,436311;-1,117855;0,253971;0,847229;9
4146;115;4;13;27;36;39;40;0;0;0,057873;0,7008;26;3;1;-1,875371;2,344369;0,894160;-0,368759;9
4147;313;13;17;27;36;40;49;0;0;-0,228095;0,4149;26;3;1;-0,827788;0,712319;1,313936;-0,279603;9
4148;229;4;18;36;37;40;49;0;0;-0,486538;0,1564;26;3;1;-1,487790;1,301120;1,477389;-0,656039;9
4149;267;13;17;18;24;40;49;0;0;-1,672233;-1,0293;26;3;1;-1,926760;-0,158190;2,025326;-0,811443;9
4150;17;4;13;17;18;37;40;0;0;-0,037926;0,6050;26;3;1;-1,953382;1,673222;-1,594158;0,214470;9
4151;130;4;17;18;24;27;40;0;0;0,682355;1,3253;26;3;1;-1,349103;3,395666;-0,102034;-0,864689;9
4152;198;4;18;24;27;36;39;0;0;1,028018;1,6710;26;3;1;-1,914377;3,878594;-0,988021;-0,183637;9
4153;149;4;17;18;27;39;40;0;0;-2,121560;-1,4786;26;3;1;-3,114268;0,540818;-0,116274;-1,101200;9
4154;288;13;17;24;27;36;37;0;0;0,319176;0,9622;26;3;1;-0,637713;2,279978;0,174102;-1,089436;9
4155;458;24;27;36;37;40;49;0;0;0,748485;1,3915;26;3;1;-1,398015;1,424329;0,429187;1,270101;9
4156;90;4;13;18;37;40;49;0;0;-1,909944;-1,2670;26;3;1;-2,487080;-0,536484;0,438474;-0,284556;9
4157;97;4;13;24;27;37;40;0;0;0,201929;0,8449;26;3;1;-2,265428;1,205773;-0,219670;1,409407;9
4158;147;4;17;18;27;37;40;0;0;-0,586985;0,0560;26;3;1;-1,211654;0,319166;2,903265;-0,124199;9
4159;14;2;4;7;9;20;36;0;0;-0,513099;-0,7096;27;2;0;-1,391205;-0,468998;0,449804;-0,256633;10
4160;104;2;4;12;20;22;46;0;0;-0,042904;-0,2394;27;2;0;-0,842029;-0,847291;0,753182;0,786616;10
4161;449;9;12;22;27;36;46;0;0;-0,794164;-0,9906;27;2;0;-1,476027;0,955021;-0,997742;-2,078139;10
4162;17;2;4;7;9;22;36;0;0;1,199564;1,0031;27;2;0;-2,356442;1,712847;2,107238;-0,016407;10
4163;240;2;12;14;22;36;46;0;0;-0,436921;-0,6334;27;2;0;-1,856178;-0,078321;0,618829;-0,539579;10
4164;143;2;7;9;14;20;27;0;0;0,766145;0,5697;27;2;0;-2,155841;-0,575489;-0,041173;1,658982;10
4165;171;2;7;12;14;36;46;0;0;-0,091062;-0,2875;27;2;0;-1,048202;0,283256;0,537103;-0,412037;10
4166;53;2;4;7;22;27;36;0;0;0,527545;0,3311;27;2;0;-2,226423;-0,093180;-0,186051;0,839242;10
4167;144;2;7;9;14;20;36;0;0;-0,542431;-0,7389;27;2;0;-1,230229;-0,723464;0,501193;-0,043649;10
4168;141;2;7;9;12;36;46;0;0;-0,846262;-1,0427;27;2;0;-1,907566;0,784758;0,273350;-1,981553;10
4169;448;9;12;20;27;36;46;0;0;-0,389639;-0,5861;27;2;0;-1,639479;-1,217536;0,704889;0,666503;10
4170;329;4;9;12;14;22;46;0;0;-0,411967;-0,6084;27;2;0;-1,668579;-0,647309;1,262733;0,064700;10
4171;221;2;9;14;20;27;46;0;0;1,046335;0,8499;27;2;0;-1,939142;0,901156;0,312975;0,578585;10
4172;250;2;14;20;27;36;46;0;0;1,312954;1,1165;27;2;0;-0,169644;1,430520;-0,137139;0,426277;10
4173;100;2;4;12;14;27;46;0;0;0,150602;-0,0459;27;2;0;-2,936575;-0,244869;-0,177383;0,457853;10
4174;102;2;4;12;20;22;27;0;0;1,194748;0,9983;27;2;0;-1,097733;0,761231;1,889921;0,928398;10
4175;367;4;12;14;27;36;46;0;0;-0,503904;-0,7004;27;2;0;-0,949759;-0,949449;0,454757;0,236821;10
4176;374;4;14;20;22;27;46;0;0;0,655383;0,4589;27;2;0;-1,368297;0,241155;0,946973;0,685696;10
4177;86;2;4;9;20;27;46;0;0;-0,599782;-0,7963;27;2;0;-1,713776;-0,291924;0,112374;-0,556296;10
4178;135;2;7;9;12;20;46;0;0;0,802482;0,6060;27;2;0;-0,540508;0,430611;1,288118;0,704270;10
4179;419;7;12;14;20;36;46;0;0;-0,526232;-0,7227;27;2;0;-1,841318;-0,108659;-1,332696;-0,635546;10
4180;371;4;12;20;27;36;46;0;0;-1,639989;-1,8365;27;2;0;-3,456032;-0,531531;0,485714;-1,787763;10
4181;403;7;9;14;20;27;46;0;0;0,500402;0,3039;27;2;0;-2,695730;1,177292;-1,332696;-0,469617;10
4182;267;4;7;9;12;36;46;0;0;1,735428;1,5389;27;2;0;-2,019630;1,402659;1,023746;1,051607;10
4183;146;2;7;9;14;22;27;0;0;0,856769;0,6603;27;2;0;-1,089684;0,459710;-0,460949;0,751944;10
4184;381;7;9;12;14;20;36;0;0;1,746373;1,5499;27;2;0;-0,316999;0,281399;-1,452190;2,188346;10
4185;457;12;14;20;22;27;46;0;0;0,508721;0,3122;27;2;0;-2,583046;0,397797;1,504817;0,321643;10
4186;458;12;14;20;22;36;46;0;0;0,247356;0,0509;27;2;0;-0,599326;0,733370;-0,990931;-0,383556;10
4187;343;4;9;14;20;22;27;0;0;-1,168043;-1,3645;27;2;0;-2,438787;-1,753091;1,086279;0,101229;10
4188;424;7;12;20;22;27;36;0;0;0,433857;0,2374;27;2;0;-2,242520;0,571155;0,400892;0,042411;10
4189;223;2;9;14;22;27;36;0;0;1,738930;1,5425;27;2;0;-2,166366;1,080087;-0,989074;1,379131;10
4190;125;2;4;20;27;36;46;0;0;-0,799417;-0,9959;27;2;0;-0,419157;-1,142620;0,558154;0,012073;10
4191;140;2;7;9;12;27;46;0;0;-0,587086;-0,7836;27;2;0;-0,382628;-0,716653;0,872057;-0,113612;10
4192;153;2;7;9;20;22;36;0;0;0,159358;-0,0371;27;2;0;-3,511755;1,458381;2,056469;-1,233015;10
4193;409;7;9;20;22;27;36;0;0;-1,239404;-1,4359;27;2;0;-1,808504;-1,112283;-0,045507;-0,640499;10
4194;73;2;4;9;14;20;27;0;0;-0,102007;-0,2985;27;2;0;-2,451789;-0,275207;0,072130;0,130948;10
4195;286;4;7;9;22;36;46;0;0;1,112881;0,9164;27;2;0;-1,094637;0,229391;-1,624310;1,344460;10
4196;112;2;4;14;20;22;27;0;0;0,309960;0,1135;27;2;0;-2,405354;-0,359410;-1,322171;0,797760;10
4197;344;4;9;14;20;22;36;0;0;0,164174;-0,0323;27;2;0;-1,018483;0,584776;-0,732131;-0,352599;10
4198;314;4;7;14;22;27;36;0;0;0,239913;0,0434;27;2;0;-1,915615;-0,384795;-0,378603;0,724083;10
4199;61;2;4;9;12;14;46;0;0;1,128641;0,9322;27;2;0;-2,505035;0,127233;1,133952;1,468906;10
4200;202;2;9;12;14;22;36;0;0;2,259033;2,0626;27;2;0;-1,082874;0,776090;-1,278212;2,418665;10
4201;436;9;12;14;20;22;36;0;0;-0,019701;-0,2162;27;2;0;-2,737831;0,142711;0,176764;-0,170573;10
4202;12;2;4;7;9;20;22;0;0;1,364614;1,1681;27;2;0;-0,321952;1,156241;-1,531440;0,773614;10
4203;332;4;9;12;14;36;46;0;0;0,466692;0,2702;27;2;0;0,181408;-0,438660;1,816243;1,098662;10
4204;456;12;14;20;22;27;36;0;0;-1,706534;-1,9030;27;2;0;-3,397214;-0,828098;-0,781663;-1,585305;10
4205;283;4;7;9;20;36;46;0;0;2,312882;2,1164;27;2;0;-0,461258;2,276263;1,327124;0,994646;10
4206;384;7;9;12;14;22;36;0;0;-0,341044;-0,5375;27;2;0;-1,221561;1,139525;-0,455376;-1,621834;10
4207;97;2;4;12;14;22;36;0;0;1,609343;1,4129;27;2;0;-1,775690;0,476427;-0,973596;1,799527;10
4208;397;7;9;12;22;36;46;0;0;1,814669;1,6182;27;2;0;-1,650005;0,810143;-0,542675;1,756187;10
4209;116;2;4;14;20;27;46;0;0;-0,038526;-0,2350;27;2;0;-1,100209;-0,179860;1,590877;0,125376;10
4210;37;2;4;7;14;20;22;0;0;-0,440424;-0,6369;27;2;0;-3,069690;-1,068943;-1,034890;0,446089;10
4211;327;4;9;12;14;22;27;0;0;0,303831;0,1074;27;2;0;-1,948429;0,882582;-1,750615;-0,452900;10
4212;77;2;4;9;14;22;36;0;0;-2,372422;-2,5689;27;2;0;-1,446308;-0,056651;1,143240;-3,298461;10
4213;253;4;7;9;12;14;20;0;0;1,151844;0,9554;27;2;0;-1,154074;0,089466;0,381080;1,539488;10
4214;149;2;7;9;14;27;36;0;0;0,103320;-0,0932;27;2;0;-2,882091;-0,535865;-0,314213;0,681981;10
4215;295;4;7;12;14;27;36;0;0;0,720614;0,5241;27;2;0;-3,970536;-0,077083;-1,657125;1,096185;10
4216;169;2;7;12;14;27;36;0;0;-0,108136;-0,3046;27;2;0;-1,804170;0,256633;-0,978549;-0,409560;10
4217;395;7;9;12;22;27;36;0;0;1,776581;1,5801;27;2;0;-1,496458;1,801384;1,098042;0,711081;10
4218;428;7;12;22;27;36;46;0;0;-0,008318;-0,2048;27;2;0;-0,408012;-0,179241;-0,357553;0,167477;10
4219;118;2;4;14;22;27;36;0;0;0,340169;0,1437;27;2;0;-2,374397;1,175435;-0,400892;-0,694364;10
4220;136;2;7;9;12;22;27;0;0;-0,285444;-0,4819;27;2;0;-0,815406;-0,468998;1,222489;0,065319;10
4221;224;2;9;14;22;27;46;0;0;-0,549873;-0,7464;27;2;0;-3,732168;0,150760;-0,974215;-0,928398;10
4222;127;2;7;9;12;14;20;0;0;-1,112005;-1,3085;27;2;0;-1,987435;-1,774142;-0,052936;0,201530;10
4223;94;2;4;12;14;20;36;0;0;0,537177;0,3407;27;2;0;-1,680961;0,452900;0,558154;0,306783;10
4224;90;2;4;9;22;36;46;0;0;0,091937;-0,1045;27;2;0;-2,702540;0,103706;-0,200291;0,026313;10
4225;237;2;12;14;20;36;46;0;0;-0,825247;-1,0217;27;2;0;-2,120550;-0,745133;0,238059;-0,421943;10
4226;105;2;4;12;20;27;36;0;0;0,710982;0,5145;27;2;0;-2,673441;0,967404;-0,454138;0,038077;10
4227;220;2;9;14;20;27;36;0;0;0,090624;-0,1059;27;2;0;-0,655668;0,241155;0,467759;-0,112993;10
4228;451;9;14;20;22;27;46;0;0;-1,034953;-1,2314;27;2;0;-1,789311;-0,560011;1,221870;-0,903633;10
4229;124;2;4;20;22;36;46;0;0;0,319592;0,1231;27;2;0;-3,145224;0,548247;-0,633069;-0,096276;10
4230;150;2;7;9;14;27;46;0;0;-0,073112;-0,2696;27;2;0;-3,808322;-0,039315;1,530201;-0,064081;10
4231;201;2;9;12;14;22;27;0;0;0,619921;0,4234;27;2;0;-1,775690;0,448566;-1,223108;0,428134;10
4232;373;4;14;20;22;27;36;0;0;0,298140;0,1017;27;2;0;-2,075353;0,631212;0,421324;-0,209578;10
4233;217;2;9;14;20;22;27;0;0;0,136593;-0,0599;27;2;0;-3,755076;0,188528;-0,499335;0,004644;10
4234;204;2;9;12;14;27;36;0;0;-0,519228;-0,7157;27;2;0;-2,341583;-1,064609;-0,304926;0,330310;10
4235;310;4;7;14;20;22;46;0;0;0,593215;0,3967;27;2;0;-0,718201;0,664026;1,008886;0,174907;10
4236;334;4;9;12;20;22;36;0;0;0,136593;-0,0599;27;2;0;-2,014677;-0,772375;0,107421;0,965547;10
4237;298;4;7;12;20;22;27;0;0;0,509596;0,3131;27;2;0;-2,020869;0,569917;-1,480051;0,150760;10
4238;213;2;9;12;22;27;36;0;0;0,124773;-0,0717;27;2;0;0,316999;-0,386652;0,955641;0,563107;10
4239;55;2;4;7;22;36;46;0;0;0,133090;-0,0634;27;2;0;-2,764454;1,550014;0,972357;-1,361796;10
4240;91;2;4;9;27;36;46;0;0;-0,211018;-0,4075;27;2;0;-1,328052;0,537722;0,056651;-0,836147;10
4241;372;4;12;22;27;36;46;0;0;-0,114265;-0,3107;27;2;0;-1,571993;0,062843;1,130857;-0,224438;10
4242;358;4;12;14;20;22;27;0;0;-1,636486;-1,8330;27;2;0;-2,517418;-1,282546;0,004024;-1,031795;10
4243;246;2;12;22;27;36;46;0;0;-0,105947;-0,3024;27;2;0;-2,326104;0,346408;-0,974215;-0,496240;10
4244;282;4;7;9;20;27;46;0;0;1,145715;0,9492;27;2;0;-1,804789;1,973505;0,735846;-0,353219;10
4245;8;2;4;7;9;14;22;0;0;-0,479388;-0,6759;27;2;0;-2,254284;-0,202768;1,152527;-0,475189;10
4246;159;2;7;9;22;27;46;0;0;0,670706;0,4742;27;2;0;-0,552272;-0,267777;-0,004644;1,216298;10
4247;93;2;4;12;14;20;27;0;0;-3,230505;-3,4270;27;2;0;-3,126031;-1,925831;0,043030;-2,642793;10
4248;418;7;12;14;20;27;46;0;0;0,500840;0,3044;27;2;0;-1,601093;-0,499335;0,291924;1,207630;10
4249;82;2;4;9;20;22;27;0;0;0,288070;0,0916;27;2;0;-0,229081;0,175526;0,395939;0,231867;10
4250;444;9;12;14;27;36;46;0;0;1,009560;0,8131;27;2;0;-1,414732;0,256633;0,132186;1,171101;10
4251;355;4;9;20;22;36;46;0;0;1,037142;0,8407;27;2;0;-1,970099;0,903633;0,618210;0,563107;10
4252;96;2;4;12;14;22;27;0;0;-1,055529;-1,2520;27;2;0;-0,182646;-0,519767;-0,756278;-0,972976;10
4253;174;2;7;12;20;22;46;0;0;0,724992;0,5285;27;2;0;-1,742875;0,240535;0,084512;0,784758;10
4254;440;9;12;14;20;36;46;0;0;0,467129;0,2707;27;2;0;-2,826368;-0,897442;2,318984;1,558062;10
4255;284;4;7;9;22;27;36;0;0;0,759141;0,5627;27;2;0;-1,606665;-0,638022;2,083092;1,711609;10
4256;98;2;4;12;14;22;46;0;0;1,498142;1,3017;27;2;0;-0,725631;0,786616;2,237258;1,332077;10
4257;49;2;4;7;20;22;46;0;0;1,397886;1,2014;27;2;0;0,040863;1,010125;-0,005263;0,966785;10
4258;32;2;4;7;12;22;36;0;0;0,227217;0,0307;27;2;0;-0,531840;0,252918;1,474479;0,068415;10
4259;422;7;12;14;22;36;46;0;0;0,824810;0,6283;27;2;0;-2,238186;0,885059;0,439279;0,281399;10
4260;254;4;7;9;12;14;22;0;0;1,057718;0,8612;27;2;0;-1,756496;0,556296;2,673750;0,939543;10
4261;316;4;7;14;22;36;46;0;0;-2,191612;-2,3881;27;2;0;-2,248092;-2,213111;0,236821;-0,886297;10
4262;137;2;7;9;12;22;36;0;0;-1,203504;-1,4000;27;2;0;-3,270910;-1,387799;-0,234963;-0,314213;10
4263;43;2;4;7;14;22;46;0;0;1,727110;1,5306;27;2;0;-2,421451;0,513576;0,071511;1,928927;10
4264;447;9;12;20;22;36;46;0;0;1,256478;1,0600;27;2;0;-1,761450;-0,174907;0,221961;1,951835;10
4265;218;2;9;14;20;22;36;0;0;1,563373;1,3669;27;2;0;-2,511846;0,458472;-1,686843;1,752472;10
4266;393;7;9;12;20;27;46;0;0;2,106680;1,9102;27;2;0;-2,540326;1,484385;1,094947;1,494910;10
4267;324;4;9;12;14;20;27;0;0;0,110763;-0,0857;27;2;0;-2,522371;0,783520;-0,849768;-0,626878;10
4268;168;2;7;12;14;22;46;0;0;1,159724;0,9632;27;2;0;-1,107639;0,828098;0,261586;0,812000;10
4269;139;2;7;9;12;27;36;0;0;-0,954835;-1,1513;27;2;0;-0,998052;-1,021269;0,424420;-0,329072;10
4270;446;9;12;20;22;27;46;0;0;0,546371;0,3499;27;2;0;-1,916853;-0,241774;2,482437;1,014459;10
4271;412;7;9;20;27;36;46;0;0;0,534551;0,3381;27;2;0;-0,819120;-0,843576;1,873823;1,599545;10
4272;176;2;7;12;20;27;46;0;0;0,241664;0,0452;27;2;0;-2,440026;-1,141382;0,018884;1,483147;10
4273;79;2;4;9;14;27;36;0;0;0,574390;0,3779;27;2;0;-2,891997;1,267067;-0,285732;-0,454757;10
4274;293;4;7;12;14;22;36;0;0;0,241664;0,0452;27;2;0;-0,780115;0,462806;1,086898;-0,121042;10
4275;47;2;4;7;20;22;27;0;0;-1,478878;-1,6754;27;2;0;-0,934280;-1,177911;0,287590;-0,913539;10
4276;361;4;12;14;20;27;36;0;0;2,122003;1,9255;27;2;0;-0,660002;1,431139;0,511099;1,569826;10
4277;305;4;7;12;22;27;46;0;0;-0,581395;-0,7779;27;2;0;0,712009;0,022599;-0,784758;-0,844815;10
4278;166;2;7;12;14;22;27;0;0;-1,544110;-1,7406;27;2;0;-0,857507;-1,993936;-0,435564;-0,189766;10
4279;188;2;7;14;22;27;36;0;0;1,342724;1,1462;27;2;0;-2,547756;-0,517909;0,084512;2,416808;10
4280;426;7;12;20;22;36;46;0;0;1,245971;1,0495;27;2;0;-1,228371;0,216389;-0,884440;1,545680;10
4281;175;2;7;12;20;27;36;0;0;1,835683;1,6392;27;2;0;-2,261094;0,779186;-0,751944;1,816862;10
4282;87;2;4;9;20;36;46;0;0;-1,500331;-1,6968;27;2;0;-0,863698;-0,567441;0,104325;-1,554348;10
4283;430;7;14;20;22;27;46;0;0;0,549435;0,3530;27;2;0;-1,858654;0,907967;-0,144569;-0,130948;10
4284;67;2;4;9;12;22;36;0;0;0,231594;0,0351;27;2;0;-1,887754;1,136429;-0,495001;-0,808905;10
4285;235;2;12;14;20;27;36;0;0;-0,332726;-0,5292;27;2;0;-0,849458;-0,158190;-1,378512;-0,312355;10
4286;69;2;4;9;12;27;36;0;0;1,051589;0,8551;27;2;0;-1,694583;0,441755;-0,347027;1,045416;10
4287;172;2;7;12;20;22;27;0;0;1,634296;1,4378;27;2;0;-0,438350;1,088136;0,946973;1,223108;10
4288;244;2;12;20;22;36;46;0;0;1,406205;1,2097;27;2;0;-0,544842;3,015515;-1,070800;-1,026841;10
4289;288;4;7;12;14;20;22;0;0;-0,719301;-0,9158;27;2;0;-0,395630;-0,696841;1,897350;-0,320404;10
4290;111;2;4;12;27;36;46;0;0;2,472240;2,2758;27;2;0;-2,386780;2,244068;-0,885059;1,252208;10
4291;15;2;4;7;9;20;46;0;0;0,894858;0,6984;27;2;0;-0,806738;-0,083274;0,364363;1,348794;10
4292;187;2;7;14;20;36;46;0;0;-0,749071;-0,9455;27;2;0;-0,726869;-0,244869;0,732751;-0,814477;10
4293;44;2;4;7;14;27;36;0;0;0,280190;0,0837;27;2;0;-1,749686;-0,306783;0,214532;0,703032;10
4294;4;2;4;7;9;12;27;0;0;1,987161;1,7907;27;2;0;-2,921096;1,096804;-0,526577;1,713466;10
4295;52;2;4;7;20;36;46;0;0;2,119814;1,9233;27;2;0;-1,651243;2,978367;0,695602;0,019503;10
4296;348;4;9;14;20;36;46;0;0;0,137906;-0,0586;27;2;0;-1,326195;1,849677;0,151379;-1,654648;10
4297;121;2;4;14;27;36;46;0;0;1,171545;0,9751;27;2;0;-1,093399;2,748666;-0,589110;-1,091851;10
4298;39;2;4;7;14;20;36;0;0;0,177745;-0,0187;27;2;0;-1,150979;0,672694;1,441664;-0,421324;10
4299;211;2;9;12;20;27;46;0;0;0,316089;0,1196;27;2;0;-1,773213;0,432468;-1,234872;0,014550;10
4300;261;4;7;9;12;20;46;0;0;0,123896;-0,0726;27;2;0;-2,385541;2,660129;1,604498;-2,484913;10
4301;156;2;7;9;20;27;46;0;0;-0,460562;-0,6570;27;2;0;-1,898279;0,268397;0,116708;-0,919730;10
4302;319;4;7;20;22;27;46;0;0;0,020577;-0,1759;27;2;0;-2,405354;1,018174;1,029937;-0,989074;10
4303;239;2;12;14;22;27;46;0;0;-0,256987;-0,4535;27;2;0;-1,963908;0,398416;-0,753801;-0,761850;10
4304;443;9;12;14;22;36;46;0;0;-0,763518;-0,9600;27;2;0;-0,282327;-1,704179;1,960503;0,624401;10
4305;273;4;7;9;14;22;36;0;0;1,631232;1,4348;27;2;0;-0,674861;1,954930;1,350032;0,351980;10
4306;362;4;12;14;20;27;46;0;0;0,643562;0,4471;27;2;0;-2,176272;2,239115;-0,685077;-1,328981;10
4307;95;2;4;12;14;20;46;0;0;-0,680774;-0,8773;27;2;0;-1,453118;-0,503050;1,114759;-0,459710;10
4308;256;4;7;9;12;14;36;0;0;1,883403;1,6869;27;2;0;-3,164418;1,548775;-2,123955;1,114759;10
4309;309;4;7;14;20;22;36;0;0;0,522729;0,3263;27;2;0;-2,339106;-0,196577;-2,987035;0,935828;10
4310;383;7;9;12;14;22;27;0;0;1,519156;1,3227;27;2;0;-0,741728;1,564254;0,324119;0,584157;10
4311;234;2;12;14;20;22;46;0;0;0,791537;0,5951;27;2;0;-2,203515;-0,175526;-0,296877;1,294929;10
4312;101;2;4;12;14;36;46;0;0;0,218461;0,0220;27;2;0;-2,383684;0,914777;-1,107330;-0,605827;10
4313;84;2;4;9;20;22;46;0;0;-1,490699;-1,6872;27;2;0;-1,993007;-1,193390;0,890631;-0,914777;10
4314;241;2;12;14;27;36;46;0;0;-0,812990;-1,0095;27;2;0;-2,760739;0,574870;0,008978;-1,724611;10
4315;230;2;9;20;27;36;46;0;0;-0,810363;-1,0068;27;2;0;-2,495748;1,275116;1,151907;-2,421142;10
4316;462;14;20;22;27;36;46;0;0;-0,193945;-0,3904;27;2;0;-2,411545;-0,518529;1,934499;0,244250;10
4317;191;2;7;14;27;36;46;0;0;-0,245604;-0,4421;27;2;0;0,393772;0,634308;-1,408231;-0,981644;10
4318;78;2;4;9;14;22;46;0;0;-0,706605;-0,9031;27;2;0;-1,001147;0,604589;-1,205773;-1,603879;10
4319;303;4;7;12;20;36;46;0;0;0,142722;-0,0538;27;2;0;-2,265428;0,565583;0,431849;-0,363744;10
4320;292;4;7;12;14;22;27;0;0;0,308646;0,1122;27;2;0;-2,711827;0,754420;0,113612;-0,317928;10
4321;366;4;12;14;22;36;46;0;0;1,266109;1,0696;27;2;0;-1,682200;0,763708;0,459710;1,026841;10
4322;414;7;12;14;20;22;27;0;0;-1,421965;-1,6184;27;2;0;-1,300191;-0,439898;-0,470855;-1,571064;10
4323;120;2;4;14;22;36;46;0;0;0,157169;-0,0393;27;2;0;-2,382446;-0,491287;-0,821907;0,713557;10
4324;407;7;9;14;22;36;46;0;0;-0,867276;-1,0638;27;2;0;-2,210944;-1,137667;-0,440517;-0,088846;10
4325;27;2;4;7;12;20;22;0;0;-1,641739;-1,8382;27;2;0;-2,389256;-0,535865;1,261495;-1,785905;10
4326;294;4;7;12;14;22;46;0;0;-0,443488;-0,6400;27;2;0;-2,892616;0,224438;1,386561;-0,851625;10
4327;10;2;4;7;9;14;36;0;0;0,524043;0,3276;27;2;0;-1,630811;2,014987;-0,464664;-1,273878;10
4328;76;2;4;9;14;22;27;0;0;2,081287;1,8848;27;2;0;-0,171501;1,391514;0,596540;1,551871;10
4329;340;4;9;12;22;27;46;0;0;0,728056;0,5316;27;2;0;-1,463025;0,602112;-0,003405;0,427515;10
4330;114;2;4;14;20;22;46;0;0;1,404453;1,2080;27;2;0;-2,464172;0,117946;-0,187289;1,868251;10
4331;183;2;7;14;20;22;36;0;0;-1,663192;-1,8597;27;2;0;-3,046781;-1,567350;-0,225057;-0,784758;10
4332;180;2;7;12;22;36;46;0;0;1,037142;0,8407;27;2;0;-1,433306;1,318456;-1,660220;0,148284;10
4333;377;4;14;22;27;36;46;0;0;-0,178184;-0,3747;27;2;0;-2,469744;-0,045507;0,540818;-0,206483;10
4334;106;2;4;12;20;27;46;0;0;0,013134;-0,1833;27;2;0;-1,035819;1,000838;1,550014;-0,982264;10
4335;454;9;14;22;27;36;46;0;0;-0,585335;-0,7818;27;2;0;-1,495839;-1,466430;-0,073987;0,638642;10
4336;110;2;4;12;22;36;46;0;0;0,825685;0,6292;27;2;0;-2,077210;0,584157;0,707985;0,583538;10
4337;408;7;9;14;27;36;46;0;0;-1,392633;-1,5891;27;2;0;-1,185651;-0,742657;0,280160;-1,226823;10
4338;351;4;9;14;22;36;46;0;0;0,182124;-0,0144;27;2;0;-2,171319;0,541437;0,168096;-0,283875;10
4339;417;7;12;14;20;27;36;0;0;-0,943891;-1,1404;27;2;0;0,174597;-0,429992;-0,620687;-0,904871;10
4340;109;2;4;12;22;27;46;0;0;0,660636;0,4642;27;2;0;-1,055012;0,760612;0,903633;0,173668;10
4341;117;2;4;14;20;36;46;0;0;0,826999;0,6305;27;2;0;-1,271711;-0,538960;1,048511;1,708513;10
4342;192;2;7;20;22;27;36;0;0;1,035828;0,8393;27;2;0;-1,152836;0,731512;-0,880725;0,733370;10
4343;356;4;9;20;27;36;46;0;0;1,112005;0,9155;27;2;0;-1,482218;0,937686;-0,636784;0,634927;10
4344;99;2;4;12;14;27;36;0;0;0,320030;0,1236;27;2;0;-0,867413;-0,208340;-0,355695;0,660931;10
4345;89;2;4;9;22;27;46;0;0;-0,319154;-0,5156;27;2;0;-2,186798;-0,523482;-1,455285;0,072130;10
4346;243;2;12;20;22;27;46;0;0;-0,649253;-0,8457;27;2;0;-0,343622;-0,688792;-1,580971;-0,229391;10
4347;238;2;12;14;22;27;36;0;0;1,778770;1,5823;27;2;0;-2,215897;1,415661;-0,218246;1,099900;10
4348;425;7;12;20;22;27;46;0;0;-1,999419;-2,1959;27;2;0;-0,513266;-1,732040;0,689411;-1,095566;10
4349;390;7;9;12;20;22;36;0;0;-0,551625;-0,7481;27;2;0;-2,711208;0,876391;-0,792188;-1,656506;10
4350;400;7;9;14;20;22;36;0;0;-0,777528;-0,9740;27;2;0;-1,395539;0,127233;-0,425039;-1,226823;10
4351;72;2;4;9;14;20;22;0;0;0,904927;0,7084;27;2;0;-3,531567;1,265210;-0,693745;0,014550;10
4352;209;2;9;12;20;22;46;0;0;-3,100918;-3,2974;27;2;0;-3,280197;-2,179678;1,083183;-2,205682;10
4353;300;4;7;12;20;22;46;0;0;-0,399708;-0,5962;27;2;0;-2,407211;-0,887535;-0,651643;0,322262;10
4354;296;4;7;12;14;27;46;0;0;-1,100185;-1,2967;27;2;0;-0,865556;-1,180388;1,422471;-0,375508;10
4355;336;4;9;12;20;27;36;0;0;0,586648;0,3902;27;2;0;-0,674861;-0,548247;-2,146863;1,377893;10
4356;152;2;7;9;20;22;27;0;0;-0,041153;-0,2376;27;2;0;-1,171410;-0,172430;0,044268;0,114231;10
4357;133;2;7;9;12;20;27;0;0;-0,277126;-0,4736;27;2;0;-2,628863;0,524720;0,171192;-0,916635;10
4358;142;2;7;9;14;20;22;0;0;1,017003;0,8205;27;2;0;-2,880852;0,090704;1,192771;1,347555;10
4359;195;2;7;20;27;36;46;0;0;0,500402;0,3039;27;2;0;-1,732969;-0,162524;-1,334553;0,870199;10
4360;333;4;9;12;20;22;27;0;0;0,344109;0,1476;27;2;0;-2,011582;0,010835;-0,265301;0,475808;10
4361;341;4;9;12;22;36;46;0;0;-1,406643;-1,6031;27;2;0;-0,422872;-0,389748;-1,345079;-1,599545;10
4362;215;2;9;12;22;36;46;0;0;0,815003;0,4360;28;2;0;0,713867;0,867847;0,881530;0,284742;10
4363;291;4;7;12;14;20;46;0;0;-0,022503;-0,4015;28;2;0;-1,066157;-0,722721;-0,001362;0,690897;10
4364;399;7;9;14;20;22;27;0;0;0,166188;-0,2128;28;2;0;1,515651;0,561373;0,446275;-0,326348;10
4365;151;2;7;9;14;36;46;0;0;2,023761;1,6448;28;2;0;-0,746681;1,995917;1,413370;0,866113;10
4366;347;4;9;14;20;27;46;0;0;-0,441474;-0,8204;28;2;0;1,156551;-0,422438;-0,200725;-0,201901;10
4367;23;2;4;7;12;14;22;0;0;0,253310;-0,1257;28;2;0;-0,133115;0,534131;-1,450766;-0,175897;10
4368;421;7;12;14;22;27;46;0;0;-0,454609;-0,8336;28;2;0;1,274806;-0,223076;-0,185246;-0,419838;10
4369;22;2;4;7;12;14;20;0;0;-1,473801;-1,8528;28;2;0;-0,725011;-0,424296;-0,468193;-1,659973;10
4370;415;7;12;14;20;22;36;0;0;-0,427903;-0,8069;28;2;0;1,207940;-0,953659;-0,184008;0,348513;10
4371;129;2;7;9;12;14;27;0;0;-0,706342;-1,0853;28;2;0;-1,989912;-0,739437;-0,013126;-0,259481;10
4372;365;4;12;14;22;27;46;0;0;-1,213311;-1,5923;28;2;0;0,058199;0,914282;0,669784;-2,630163;10
4373;307;4;7;12;27;36;46;0;0;0,822446;0,4435;28;2;0;-1,472312;0,967528;1,374983;0,195586;10
4374;35;2;4;7;12;27;46;0;0;0,993187;0,6142;28;2;0;-0,879796;-0,151256;0,536669;1,555834;10
4375;193;2;7;20;22;27;46;0;0;1,737441;1,3585;28;2;0;1,246326;0,656101;0,423367;1,801012;10
4376;80;2;4;9;14;27;46;0;0;1,832006;1,4530;28;2;0;0,383247;1,680157;1,149617;0,910691;10
4377;33;2;4;7;12;22;46;0;0;1,202891;0,8239;28;2;0;0,404298;1,866517;0,050646;-0,165372;10
4378;437;9;12;14;20;22;46;0;0;1,699791;1,3208;28;2;0;1,103305;2,236143;0,613443;0,167725;10
4379;304;4;7;12;22;27;36;0;0;2,860830;2,4819;28;2;0;-0,570846;1,994060;-1,250784;2,051764;10
4380;227;2;9;20;22;27;36;0;0;-0,229581;-0,6086;28;2;0;0,071820;-0,051574;1,604684;-0,273102;10
4381;123;2;4;20;22;27;46;0;0;1,196762;0,8178;28;2;0;-0,068105;0,253042;0,426463;1,439435;10
4382;262;4;7;9;12;22;27;0;0;-0,222138;-0,6011;28;2;0;-1,017245;-0,073244;-1,198776;-0,240907;10
4383;252;2;20;22;27;36;46;0;0;0,664401;0,2854;28;2;0;-2,543422;-0,395196;-0,662602;1,334801;10
4384;323;4;9;12;14;20;22;0;0;1,533428;1,1545;28;2;0;0,702103;0,837509;0,266106;1,331086;10
4385;59;2;4;9;12;14;27;0;0;1,086875;0,7079;28;2;0;-1,650624;1,249236;1,527910;0,287838;10
4386;249;2;14;20;22;36;46;0;0;1,520294;1,1413;28;2;0;0,568988;0,983006;1,535340;1,167014;10
4387;31;2;4;7;12;22;27;0;0;-0,255848;-0,6348;28;2;0;-0,225366;-0,118441;-0,121475;-0,243383;10
4388;68;2;4;9;12;22;46;0;0;-0,195432;-0,5744;28;2;0;0,751015;0,618334;1,589205;-0,894717;10
4389;364;4;12;14;22;27;36;0;0;1,754078;1,3751;28;2;0;0,143021;1,255427;1,569393;1,225214;10
4390;189;2;7;14;22;27;46;0;0;0,581658;0,2027;28;2;0;1,248803;-0,252175;-0,214346;1,074763;10
4391;71;2;4;9;12;36;46;0;0;0,111901;-0,2671;28;2;0;0,738632;-0,245984;0,371359;0,404236;10
4392;54;2;4;7;22;27;46;0;0;0,104896;-0,2741;28;2;0;0,232796;0,404731;0,266106;-0,256385;10
4393;81;2;4;9;14;36;46;0;0;-0,116629;-0,4956;28;2;0;-0,067486;0,574375;0,410984;-0,739313;10
4394;423;7;12;14;27;36;46;0;0;0,990560;0,6116;28;2;0;1,541036;0,197319;-0,970314;1,203544;10
4395;155;2;7;9;20;27;36;0;0;-0,590764;-0,9697;28;2;0;-0,378294;-0,206978;0,316875;-0,628488;10
4396;134;2;7;9;12;20;36;0;0;0,806247;0,4273;28;2;0;-0,556606;0,093304;-0,132000;1,046902;10
4397;170;2;7;12;14;27;46;0;0;-0,063218;-0,4422;28;2;0;-0,542985;0,562611;-0,364797;-0,652015;10
4398;434;7;20;22;27;36;46;0;0;2,314021;1,9350;28;2;0;-0,045197;1,497511;3,104237;1,775009;10
4399;442;9;12;14;22;27;46;0;0;-1,066649;-1,4456;28;2;0;-1,350961;-0,850882;1,114326;-0,657587;10
4400;429;7;14;20;22;27;36;0;0;2,546929;2,1680;28;2;0;-0,455686;1,745785;-0,827293;1,856116;10
4401;357;4;9;22;27;36;46;0;0;-0,119256;-0,4982;28;2;0;-0,443303;0,333530;0,829522;-0,502183;10
4402;148;2;7;9;14;22;46;0;0;2,618728;2,2398;28;2;0;1,868561;2,245430;-0,768475;1,458010;10
4403;280;4;7;9;20;22;46;0;0;0,918761;0,5398;28;2;0;0,108349;1,784791;0,147231;-0,485467;10
4404;394;7;9;12;20;36;46;0;0;-0,895908;-1,2749;28;2;0;1,107639;-0,275702;1,157046;-0,991303;10
4405;279;4;7;9;20;22;36;0;0;0,774288;0,3953;28;2;0;0,263753;1,130981;1,313069;-0,035972;10
4406;119;2;4;14;22;27;46;0;0;-1,794268;-2,1732;28;2;0;0,977001;-0,767299;1,147140;-1,770179;10
4407;328;4;9;12;14;22;36;0;0;0,315476;-0,0635;28;2;0;0,466211;-0,290562;0,084079;0,736713;10
4408;405;7;9;14;22;27;36;0;0;-0,266794;-0,6458;28;2;0;-0,885987;-0,717148;0,745319;0,339845;10
4409;289;4;7;12;14;20;27;0;0;-1,310940;-1,6899;28;2;0;0,983192;-0,419962;-1,235925;-1,433987;10
4410;301;4;7;12;20;27;36;0;0;0,113652;-0,2653;28;2;0;-2,358299;0,652386;0,323686;-0,491658;10
4411;145;2;7;9;14;20;46;0;0;1,232662;0,8537;28;2;0;-1,053155;0,509985;-0,626073;1,233262;10
4412;445;9;12;20;22;27;36;0;0;-0,383248;-0,7622;28;2;0;0,760302;0,256757;0,037024;-0,798751;10
4413;40;2;4;7;14;20;46;0;0;-0,204188;-0,5832;28;2;0;0,051389;-0,481256;2,403372;0,192490;10
4414;311;4;7;14;20;27;36;0;0;1,618361;1,2394;28;2;0;0,232177;1,745785;-0,080612;0,542923;10
4415;264;4;7;9;12;22;46;0;0;0,643387;0,2644;28;2;0;1,412874;0,559516;1,004738;0,350371;10
4416;74;2;4;9;14;20;36;0;0;2,332408;1,9534;28;2;0;1,709442;1,937718;-0,031700;1,360805;10
4417;427;7;12;20;27;36;46;0;0;0,778666;0,3997;28;2;0;-1,285332;0,713062;-0,610595;0,388138;10
4418;11;2;4;7;9;14;46;0;0;-1,090728;-1,4697;28;2;0;0,849458;-1,486119;-0,826674;-0,056404;10
4419;226;2;9;14;27;36;46;0;0;0,217848;-0,1611;28;2;0;0,048293;0,530416;0,741604;-0,222333;10
4420;450;9;14;20;22;27;36;0;0;1,496653;1,1177;28;2;0;-0,738013;0,923569;1,516766;1,193018;10
4421;64;2;4;9;12;20;36;0;0;-1,230823;-1,6098;28;2;0;1,186889;-2,229085;0,068601;0,488438;10
4422;410;7;9;20;22;27;46;0;0;-1,482556;-1,8615;28;2;0;-1,110116;-1,114016;0,474756;-0,982635;10
4423;6;2;4;7;9;12;46;0;0;-0,675259;-1,0542;28;2;0;0,399964;-0,085627;0,593011;-0,869333;10
4424;392;7;9;12;20;27;36;0;0;-0,653806;-1,0328;28;2;0;0,313284;-0,818068;2,096899;-0,106554;10
4425;342;4;9;12;27;36;46;0;0;0,621059;0,2421;28;2;0;-0,310188;-0,063957;0,157757;0,942267;10
4426;19;2;4;7;9;27;36;0;0;1,301834;0,9229;28;2;0;-0,050769;0,872181;1,095132;0,968890;10
4427;163;2;7;12;14;20;27;0;0;-0,794339;-1,1733;28;2;0;-1,240135;-1,031671;-0,489863;-0,091694;10
4428;312;4;7;14;20;27;46;0;0;1,195887;0,8169;28;2;0;-0,648857;1,197848;-0,816768;0,493392;10
4429;287;4;7;9;27;36;46;0;0;1,566701;1,1877;28;2;0;0,902085;1,881377;-0,731327;0,334273;10
4430;48;2;4;7;20;22;36;0;0;0,481840;0,1029;28;2;0;-0,196886;-0,161162;0,734175;0,842586;10
4431;387;7;9;12;14;27;46;0;0;-0,992661;-1,3716;28;2;0;0,267468;-1,161071;-0,064514;-0,242764;10
4432;199;2;9;12;14;20;36;0;0;-0,018125;-0,3971;28;2;0;-0,737394;0,553943;0,735413;-0,579576;10
4433;184;2;7;14;20;22;46;0;0;-1,377923;-1,7569;28;2;0;-1,488409;0,491410;0,815282;-2,440087;10
4434;359;4;12;14;20;22;36;0;0;1,114895;0,7359;28;2;0;0,959046;0,581805;-1,042753;0,994894;10
4435;278;4;7;9;20;22;27;0;0;0,974800;0,5958;28;2;0;-0,554748;-0,101105;0,394268;1,479680;10
4436;92;2;4;12;14;20;22;0;0;1,094755;0,7158;28;2;0;1,799217;0,670341;0,875957;0,877877;10
4437;216;2;9;12;27;36;46;0;0;0,247618;-0,1314;28;2;0;0,414823;0,028295;1,498811;0,321890;10
4438;360;4;12;14;20;22;46;0;0;-0,452857;-0,8318;28;2;0;0,611090;0,385538;-1,132528;-1,025975;10
4439;210;2;9;12;20;27;36;0;0;0,748458;0,3695;28;2;0;1,107639;0,642480;1,241249;0,415999;10
4440;354;4;9;20;22;27;46;0;0;0,774726;0,3958;28;2;0;-0,798070;1,164414;1,049935;-0,068786;10
4441;439;9;12;14;20;27;46;0;0;0,118468;-0,2605;28;2;0;0,461258;-1,178407;2,086373;1,345946;10
4442;402;7;9;14;20;27;36;0;0;-1,328451;-1,7074;28;2;0;0,091013;-0,842833;0,072935;-1,035881;10
4443;41;2;4;7;14;22;27;0;0;0,445940;0,0670;28;2;0;-2,589857;0,071015;0,506332;0,559639;10
4444;157;2;7;9;20;36;46;0;0;0,334739;-0,0442;28;2;0;-1,879086;0,449309;0,358357;0,024084;10
4445;368;4;12;20;22;27;36;0;0;1,691473;1,3125;28;2;0;-1,180078;0,485219;1,747705;1,906885;10
4446;57;2;4;9;12;14;20;0;0;0,799243;0,4203;28;2;0;0,274898;-0,355571;1,394796;1,485871;10
4447;115;2;4;14;20;27;36;0;0;1,290888;0,9119;28;2;0;-0,842648;1,282050;1,726035;0,543542;10
4448;455;9;20;22;27;36;46;0;0;2,750505;2,3715;28;2;0;-1,651862;2,239239;-0,587686;1,650562;10
4449;1;2;4;7;9;12;14;0;0;-0,047457;-0,4264;28;2;0;2,270381;-1,153641;-0,802528;1,086526;10
4450;88;2;4;9;22;27;36;0;0;0,551887;0,1729;28;2;0;1,706346;1,138410;2,253541;-0,357924;10
4451;271;4;7;9;14;20;46;0;0;1,048349;0,6694;28;2;0;-1,145406;2,046687;0,414080;-0,564097;10
4452;161;2;7;9;27;36;46;0;0;0,617994;0,2390;28;2;0;-0,312046;0,973719;-0,782096;-0,099743;10
4453;63;2;4;9;12;20;27;0;0;-0,339030;-0,7180;28;2;0;0,985669;1,208373;0,311922;-1,687834;10
4454;322;4;7;22;27;36;46;0;0;-1,592881;-1,9719;28;2;0;-0,648238;-0,957374;-0,785811;-1,295300;10
4455;285;4;7;9;22;27;46;0;0;1,589904;1,2109;28;2;0;-0,325048;1,995917;1,890726;0,252547;10
4456;263;4;7;9;12;22;36;0;0;0,600483;0,2215;28;2;0;-1,463025;-0,006996;-0,707180;0,856207;10
4457;178;2;7;12;22;27;36;0;0;1,151231;0,7723;28;2;0;0,333097;-0,808781;-0,703465;2,436868;10
4458;219;2;9;14;20;22;46;0;0;-0,607837;-0,9868;28;2;0;0,346099;-0,205121;-1,076806;-0,654491;10
4459;45;2;4;7;14;27;46;0;0;1,137660;0,7587;28;2;0;-0,359100;1,930908;-0,034796;-0,322014;10
4460;56;2;4;7;27;36;46;0;0;1,184942;0,8060;28;2;0;-0,928089;1,708018;-0,844629;-0,032257;10
4461;231;2;9;22;27;36;46;0;0;1,383263;1,0043;28;2;0;0,505836;1,053588;0,838809;0,902642;10
4462;147;2;7;9;14;22;36;0;0;-0,262854;-0,6418;28;2;0;0,556606;0,142216;-0,832865;-0,513947;10
4463;198;2;9;12;14;20;27;0;0;1,522045;1,1431;28;2;0;-0,372721;0,003529;0,206049;2,148968;10
4464;167;2;7;12;14;22;36;0;0;-0,845561;-1,2245;28;2;0;-0,952854;-0,890507;-0,135715;-0,305297;10
4465;75;2;4;9;14;20;46;0;0;0,289209;-0,0898;28;2;0;1,035200;-1,391390;-0,910877;1,800393;10
4466;431;7;14;20;22;36;46;0;0;0,648640;0,2697;28;2;0;1,386871;0,733494;-0,536298;0,183822;10
4467;345;4;9;14;20;22;46;0;0;0,701614;0,3226;28;2;0;0,289138;0,423305;-0,447142;0,568927;10
4468;190;2;7;14;22;36;46;0;0;-1,302184;-1,6812;28;2;0;0,599326;-0,318423;-0,680557;-1,523143;10
4469;350;4;9;14;22;27;46;0;0;-0,408202;-0,7872;28;2;0;-1,202367;-0,706004;0,123704;0,128719;10
4470;401;7;9;14;20;22;46;0;0;-0,397695;-0,7767;28;2;0;0,586943;-1,087393;0,316256;0,524968;10
4471;158;2;7;9;22;27;36;0;0;0,634630;0,2557;28;2;0;-0,276136;-0,063957;0,316256;0,961460;10
4472;272;4;7;9;14;22;27;0;0;-0,115753;-0,4947;28;2;0;0,878558;0,389872;-1,237163;-0,553572;10
4473;391;7;9;12;20;22;46;0;0;1,393771;1,0148;28;2;0;1,615333;0,295763;-0,722040;1,675327;10
4474;452;9;14;20;22;36;46;0;0;-0,347786;-0,7268;28;2;0;0,186980;-0,545647;-1,061947;0,053803;10
4475;66;2;4;9;12;22;27;0;0;-0,407764;-0,7867;28;2;0;-0,401202;-1,155499;0,699503;0,578833;10
4476;232;2;12;14;20;22;27;0;0;-0,842497;-1,2215;28;2;0;0,125685;-1,135067;0,953969;-0,056404;10
4477;130;2;7;9;12;14;36;0;0;0,128975;-0,2500;28;2;0;-0,227224;0,508127;-1,009320;-0,325729;10
4478;281;4;7;9;20;27;36;0;0;0,413981;0,0350;28;2;0;-0,718201;0,401016;-0,071325;0,184441;10
4479;385;7;9;12;14;22;46;0;0;3,204063;2,8251;28;2;0;0,448876;3,042262;-0,818006;1,488967;10
4480;337;4;9;12;20;27;46;0;0;1,699791;1,3208;28;2;0;-2,115597;1,850420;0,566388;0,553448;10
4481;21;2;4;7;9;36;46;0;0;2,172174;1,7932;28;2;0;-0,378913;2,459652;1,619543;0,612266;10
4482;276;4;7;9;14;27;46;0;0;-0,754938;-1,1339;28;2;0;0,384485;-0,359286;-0,885492;-0,708357;10
4483;321;4;7;20;27;36;46;0;0;0,449005;0,0700;28;2;0;-0,524410;-0,498592;-0,705942;1,133581;10
4484;9;2;4;7;9;14;27;0;0;-0,055775;-0,4347;28;2;0;-0,829646;0,734732;1,416465;-0,813610;10
4485;62;2;4;9;12;20;22;0;0;-0,344722;-0,7237;28;2;0;0,816025;-0,764822;0,802280;0,277312;10
4486;233;2;12;14;20;22;36;0;0;0,954661;0,5757;28;2;0;0,512028;0,693250;-0,097948;0,656844;10
4487;411;7;9;20;22;36;46;0;0;0,360570;-0,0184;28;2;0;-0,710771;1,815129;-1,767146;-1,305206;10
4488;26;2;4;7;12;14;46;0;0;0,686729;0,3078;28;2;0;2,175653;0,244374;-1,021703;0,726807;10
4489;182;2;7;14;20;22;27;0;0;1,775968;1,3970;28;2;0;0,071201;1,141506;0,910629;1,370092;10
4490;206;2;9;12;14;36;46;0;0;0,660460;0,2815;28;2;0;-0,066867;0,880229;0,710647;0,053803;10
4491;375;4;14;20;22;36;46;0;0;1,904243;1,5253;28;2;0;-0,116398;1,287623;1,261681;1,405383;10
4492;277;4;7;9;14;36;46;0;0;0,519490;0,1405;28;2;0;-0,012383;0,347770;0,528621;0,386900;10
4493;214;2;9;12;22;27;46;0;0;0,649078;0,2701;28;2;0;-1,802932;0,378727;0,614681;0,539208;10
4494;245;2;12;20;27;36;46;0;0;0,769473;0,3905;28;2;0;-1,157170;0,568184;0,872862;0,520015;10
4495;207;2;9;12;20;22;27;0;0;0,970859;0,5919;28;2;0;-0,148593;1,391638;0,994213;-0,018636;10
4496;60;2;4;9;12;14;36;0;0;-0,081605;-0,4606;28;2;0;0,575799;0,386776;-1,769003;-0,502183;10
4497;382;7;9;12;14;20;46;0;0;-1,647168;-2,0261;28;2;0;1,623382;-0,501069;1,287065;-1,828378;10
4498;162;2;7;12;14;20;22;0;0;0,589100;0,2101;28;2;0;0,695912;0,781167;0,575056;0,051946;10
4499;51;2;4;7;20;27;46;0;0;-0,570187;-0,9492;28;2;0;0,097205;-0,881220;1,109992;0,074854;10
4500;160;2;7;9;22;36;46;0;0;0,587786;0,2088;28;2;0;-0,882273;1,697492;-0,745567;-0,866237;10
4501;317;4;7;14;27;36;46;0;0;0,820257;0,4413;28;2;0;-0,885368;-1,340621;-0,164196;2,500639;10
4502;318;4;7;20;22;27;36;0;0;1,063672;0,6847;28;2;0;1,409160;0,442498;0,890817;1,061761;10
4503;222;2;9;14;20;36;46;0;0;1,216900;0,8379;28;2;0;0,538032;0,147788;-0,454572;1,573169;10
4504;388;7;9;12;14;36;46;0;0;1,078995;0,7000;28;2;0;0,127543;0,208464;1,148998;1,317465;10
4505;320;4;7;20;22;36;46;0;0;0,219599;-0,1594;28;2;0;-0,603041;0,045631;0,477232;0,264929;10
4506;453;9;14;20;27;36;46;0;0;0,466954;0,0880;28;2;0;1,275426;0,652386;-0,317123;0,007987;10
4507;5;2;4;7;9;12;36;0;0;1,997493;1,6185;28;2;0;-0,112064;1,052350;-0,617405;1,772532;10
4508;20;2;4;7;9;27;46;0;0;-0,663000;-1,0420;28;2;0;-0,299044;0,444356;-0,065133;-1,381979;10
4509;259;4;7;9;12;20;27;0;0;-1,405942;-1,7849;28;2;0;0,436493;-1,374674;-0,201344;-0,613628;10
4510;228;2;9;20;22;27;46;0;0;1,221279;0,8423;28;2;0;-0,709533;1,192894;1,206577;0,534255;10
4511;58;2;4;9;12;14;22;0;0;0,190705;-0,1883;28;2;0;-0,327524;-0,172925;0,822092;0,442622;10
4512;396;7;9;12;22;27;46;0;0;0,802744;0,4238;28;2;0;-1,891469;0,835651;0,905057;0,299601;10
4513;108;2;4;12;22;27;36;0;0;-0,874456;-1,2534;28;2;0;-0,060676;-1,110921;-0,704704;-0,125747;10
4514;200;2;9;12;14;20;46;0;0;0,903001;0,5240;28;2;0;1,119403;-0,190261;1,404702;1,467297;10
4515;34;2;4;7;12;27;36;0;0;0,345685;-0,0333;28;2;0;0,255085;-0,024951;-0,065133;0,513823;10
4516;138;2;7;9;12;22;46;0;0;-0,715535;-1,0945;28;2;0;0,445161;-0,859550;-0,909019;-0,152370;10
4517;25;2;4;7;12;14;36;0;0;0,174505;-0,2045;28;2;0;-1,339197;1,259142;0,276012;-1,012354;10
4518;225;2;9;14;22;36;46;0;0;-0,682701;-1,0617;28;2;0;-2,027060;-1,196981;-2,358423;0,231496;10
4519;339;4;9;12;22;27;36;0;0;-0,176170;-0,5551;28;2;0;0,791878;0,682724;0,402935;-0,931866;10
4520;297;4;7;12;14;36;46;0;0;1,051852;0,6729;28;2;0;-1,571374;0,849273;0,035167;0,638270;10
4521;205;2;9;12;14;27;46;0;0;0,595229;0,2163;28;2;0;1,510079;0,574375;0,950254;0,267406;10
4522;386;7;9;12;14;27;36;0;0;1,965972;1,5870;28;2;0;-0,227224;1,414546;0,496425;1,365758;10
4523;107;2;4;12;20;36;46;0;0;-0,698462;-1,0774;28;2;0;0,508932;-0,024951;0,496425;-0,962823;10
4524;3;2;4;7;9;12;22;0;0;1,413034;1,0341;28;2;0;-0,391296;1,143983;0,324924;0,854349;10
4525;132;2;7;9;12;20;22;0;0;-0,101744;-0,4807;28;2;0;-0,741728;-0,728293;0,558339;0,584405;10
4526;194;2;7;20;22;36;46;0;0;-0,182736;-0,5617;28;2;0;0,876081;0,283380;-0,313408;-0,541808;10
4527;196;2;7;22;27;36;46;0;0;-0,792588;-1,1716;28;2;0;-0,650096;-0,109154;1,783615;-1,011735;10
4528;70;2;4;9;12;27;46;0;0;1,377135;0,9982;28;2;0;-0,138068;-0,077578;-0,442808;2,025141;10
4529;50;2;4;7;20;27;36;0;0;0,961665;0,5827;28;2;0;-0,183884;-0,593940;0,175092;1,953940;10
4530;299;4;7;12;20;22;36;0;0;-1,162964;-1,5419;28;2;0;-1,630192;-0,504165;0,406650;-1,140515;10
4531;154;2;7;9;20;22;46;0;0;-0,444102;-0,8231;28;2;0;-0,952854;0,201653;-0,912115;-0,829708;10
4532;30;2;4;7;12;20;46;0;0;1,938829;1,5599;28;2;0;-0,248275;2,006443;0,459277;0,735475;10
4533;441;9;12;14;22;27;36;0;0;0,992749;0,6138;28;2;0;-0,137449;1,166891;-1,525062;0,237068;10
4534;459;12;14;20;27;36;46;0;0;-0,582445;-0,9614;28;2;0;-1,192461;0,425782;0,727364;-1,249484;10
4535;270;4;7;9;14;20;36;0;0;-1,116996;-1,4960;28;2;0;1,324338;-0,048479;1,828193;-1,531192;10
4536;389;7;9;12;20;22;27;0;0;0,920950;0,5420;28;2;0;-1,292762;1,295671;-0,247779;0,006749;10
4537;379;7;9;12;14;20;22;0;0;0,491471;0,1125;28;2;0;-0,120113;1,162557;0,481566;-0,467512;10
4538;197;2;9;12;14;20;22;0;0;0,444627;0,0657;28;2;0;0,558463;0,030771;0,962018;0,598026;10
4539;38;2;4;7;14;20;27;0;0;1,555756;1,1768;28;2;0;-0,388200;2,276387;-0,998795;-0,076216;10
4540;378;4;20;22;27;36;46;0;0;0,827261;0,4483;28;2;0;-2,553328;0,020865;-0,051512;1,149059;10
4541;179;2;7;12;22;27;46;0;0;0,062430;-0,3165;28;2;0;0,872366;-0,598274;-0,806242;0,686563;10
4542;460;12;14;22;27;36;46;0;0;-0,267669;-0,6466;28;2;0;-0,330001;-0,077578;1,012787;-0,300963;10
4543;266;4;7;9;12;27;46;0;0;0,400409;0,0214;28;2;0;1,313193;0,544037;0,532335;0,022227;10
4544;275;4;7;9;14;27;36;0;0;0,561956;0,1830;28;2;0;-1,221561;-0,184070;0,151565;0,978796;10
4545;433;7;14;22;27;36;46;0;0;-0,918235;-1,2972;28;2;0;0,453829;-0,918368;1,296353;-0,380213;10
4546;274;4;7;9;14;22;46;0;0;-0,684452;-1,0634;28;2;0;0,333097;-0,986474;-1,771480;0,018512;10
4547;326;4;9;12;14;20;46;0;0;-1,239579;-1,6186;28;2;0;0,133115;0,448690;1,519862;-2,201719;10
4548;376;4;14;20;27;36;46;0;0;0,547509;0,1685;28;2;0;-1,432687;0,469121;0,298301;0,305173;10
4549;208;2;9;12;20;22;36;0;0;-0,409515;-0,7885;28;2;0;1,191223;-0,311612;0,143516;-0,267530;10
4550;369;4;12;20;22;27;46;0;0;0,554076;0,1751;28;2;0;-1,056251;-0,358048;1,298210;1,141630;10
4551;260;4;7;9;12;20;36;0;0;0,009456;-0,3695;28;2;0;0,402440;0,996008;1,469711;-0,982635;10
4552;406;7;9;14;22;27;46;0;0;0,169252;-0,2097;28;2;0;-1,578804;0,921712;-0,198867;-0,682353;10
4553;165;2;7;12;14;20;46;0;0;1,356558;0,9776;28;2;0;-2,461076;1,851039;1,215245;0,067424;10
4554;269;4;7;9;14;20;27;0;0;0,819819;0,4408;28;2;0;1,057489;0,763831;0,946539;0,395568;10
4555;42;2;4;7;14;22;36;0;0;1,214274;0,8353;28;2;0;0,579514;3,322112;0,236387;-1,604869;10
4556;173;2;7;12;20;22;36;0;0;-0,166100;-0,5451;28;2;0;-0,646381;-0,643471;0,232053;0,408570;10
4557;186;2;7;14;20;27;46;0;0;0,370201;-0,0088;28;2;0;-1,719967;1,808937;1,709937;-1,285394;10
4558;113;2;4;14;20;22;36;0;0;0,349625;-0,0293;28;2;0;0,285423;-0,180355;1,175621;0,674799;10
4559;315;4;7;14;22;27;46;0;0;-0,988284;-1,3673;28;2;0;0,079869;0,493887;-1,736189;-1,891531;10
4560;29;2;4;7;12;20;36;0;0;0,218285;-0,1607;28;2;0;-0,864937;-0,107916;0,685263;0,416618;10
4561;349;4;9;14;22;27;36;0;0;-0,752311;-1,1313;28;2;0;-0,336192;-1,339383;-0,950502;0,275455;10
4562;331;4;9;12;14;27;46;0;0;-0,414769;-0,7937;28;2;0;-0,138068;0,867228;0,331735;-1,453800;10
4563;2;2;4;7;9;12;20;0;0;1,631495;1,2525;28;2;0;0,360958;1,739594;0,577533;0,567688;10
4564;313;4;7;14;20;36;46;0;0;-0,592515;-0,9715;28;2;0;-1,583138;-0,450919;-0,281832;-0,387024;10
4565;435;9;12;14;20;22;27;0;0;0,613179;0,3225;29;2;0;0,438350;-0,211064;-2,268710;1,078230;10
4566;65;2;4;9;12;20;46;0;0;0,416608;0,1259;29;2;0;0,139306;-0,768908;1,937718;1,358081;10
4567;353;4;9;20;22;27;36;0;0;1,465132;1,1745;29;2;0;-0,226605;0,913911;-0,536360;1,158099;10
4568;420;7;12;14;22;27;36;0;0;-1,482556;-1,7732;29;2;0;0,344241;-0,646319;-1,764731;-1,450332;10
4569;83;2;4;9;20;22;36;0;0;1,397711;1,1070;29;2;0;-1,147264;1,025975;-1,788877;0,950687;10
4570;16;2;4;7;9;22;27;0;0;-1,131443;-1,4221;29;2;0;-1,324957;-1,345326;0,307526;-0,254776;10
4571;398;7;9;12;27;36;46;0;0;1,375822;1,0851;29;2;0;-2,015916;-0,407950;-1,569083;2,353656;10
4572;236;2;12;14;20;27;46;0;0;0,009018;-0,2817;29;2;0;-1,432068;-1,035757;0,475932;1,048511;10
4573;131;2;7;9;12;14;46;0;0;0,952909;0,6622;29;2;0;1,458072;-0,030895;-1,036624;1,378512;10
4574;247;2;14;20;22;27;36;0;0;-0,043955;-0,3346;29;2;0;-1,217846;-0,270502;-1,773399;0,208340;10
4575;24;2;4;7;12;14;27;0;0;1,503658;1,2130;29;2;0;-0,948520;0,614867;0,744019;1,511627;10
4576;404;7;9;14;20;36;46;0;0;0,495411;0,2047;29;2;0;1,715014;0,482371;0,392348;0,218246;10
4577;302;4;7;12;20;27;46;0;0;-0,030384;-0,3211;29;2;0;0,443303;-0,568927;0,059871;0,525958;10
4578;432;7;14;20;27;36;46;0;0;0,882424;0,5917;29;2;0;-1,053774;-0,473579;-0,149398;1,721515;10
4579;46;2;4;7;14;36;46;0;0;-0,939688;-1,2304;29;2;0;-0,280470;-0,069901;-2,111449;-1,259018;10
4580;13;2;4;7;9;20;27;0;0;-2,087154;-2,3778;29;2;0;-0,242083;-1,616509;-0,836642;-1,335173;10
4581;251;2;14;22;27;36;46;0;0;2,009314;1,7186;29;2;0;-1,989293;1,727459;-1,187694;1,114140;10
4582;185;2;7;14;20;27;36;0;0;0,490158;0,1995;29;2;0;-1,299572;-0,305173;-1,324523;0,998361;10
4583;325;4;9;12;14;20;36;0;0;0,245867;-0,0448;29;2;0;0,060676;-0,879115;1,500606;1,226823;10
4584;258;4;7;9;12;20;22;0;0;0,533499;0,2428;29;2;0;0,436493;-0,766432;-0,332663;1,520914;10
4585;85;2;4;9;20;27;36;0;0;0,820257;0,5296;29;2;0;1,005481;0,071882;0,827603;1,088136;10
4586;438;9;12;14;20;27;36;0;0;0,416608;0,1259;29;2;0;0,147355;0,986350;0,130453;-0,397177;10
4587;330;4;9;12;14;27;36;0;0;0,075127;-0,2156;29;2;0;0,483547;-0,719996;-0,483114;0,826241;10
4588;18;2;4;7;9;22;46;0;0;1,084249;0,7936;29;2;0;-1,213512;-0,943505;0,111878;2,476864;10
4589;203;2;9;12;14;22;46;0;0;1,587277;1,2966;29;2;0;-0,728726;-0,614124;-0,707242;2,858873;10
4590;164;2;7;12;14;20;36;0;0;-0,554426;-0,8451;29;2;0;-0,643904;-1,044425;0,584900;0,260348;10
4591;308;4;7;14;20;22;27;0;0;0,801431;0,5108;29;2;0;-2,061732;-0,035229;1,054207;1,168624;10
4592;363;4;12;14;20;36;46;0;0;-0,201125;-0,4918;29;2;0;0,671765;-0,443861;-1,395724;0,159428;10
4593;290;4;7;12;14;20;36;0;0;0,347436;0,0568;29;2;0;-0,301521;-0,145436;-0,964804;0,636784;10
4594;7;2;4;7;9;14;20;0;0;0,391216;0,1005;29;2;0;-1,408540;-0,014178;-2,594996;0,567441;10
4595;248;2;14;20;22;27;46;0;0;-0,604335;-0,8950;29;2;0;-0,012383;0,334397;-1,595706;-1,189056;10
4596;212;2;9;12;20;36;46;0;0;-0,361358;-0,6520;29;2;0;0,661240;0,543047;-0,939419;-1,054084;10
4597;461;12;20;22;27;36;46;0;0;-0,212069;-0,5027;29;2;0;-1,957716;-0,290314;0,280284;-0,009597;10
4598;416;7;12;14;20;22;46;0;0;-0,140270;-0,4309;29;2;0;-0,038387;-1,430148;-1,031052;1,231776;10
4599;413;7;9;22;27;36;46;0;0;1,216901;0,9262;29;2;0;1,521224;0,804323;0,095781;0,916635;10
4600;181;2;7;12;27;36;46;0;0;-1,780259;-2,0709;29;2;0;-0,359100;-1,721763;-2,664959;-0,795903;10
4601;229;2;9;20;22;36;46;0;0;1,159111;0,8684;29;2;0;0,637094;-0,490296;-0,201406;2,129527;10
4602;177;2;7;12;20;36;46;0;0;0,331237;0,0406;29;2;0;-0,594373;0,008730;-2,912614;0,459710;10
4603;338;4;9;12;20;36;46;0;0;0,489720;0,1990;29;2;0;0,702722;0,570289;-0,566078;0,122280;10
4604;36;2;4;7;12;36;46;0;0;0,029595;-0,2611;29;2;0;-0,878558;0,649538;-0,455253;-0,607685;10
4605;352;4;9;14;27;36;46;0;0;1,594283;1,3036;29;2;0;-0,820978;0,883573;-0,503545;1,371083;10
4606;28;2;4;7;12;20;27;0;0;0,587787;0,2971;29;2;0;1,005481;1,268677;-0,759250;-0,437421;10
4607;255;4;7;9;12;14;27;0;0;0,470019;0,1793;29;2;0;0,154785;-1,641275;0,203511;2,305982;10
4608;306;4;7;12;22;36;46;0;0;0,271259;-0,0194;29;2;0;-0,317618;-0,406093;-0,189642;0,789711;10
4609;103;2;4;12;20;22;36;0;0;-0,534288;-0,8250;29;2;0;0,170263;-0,788102;-0,798875;0,032505;10
4610;268;4;7;9;14;20;22;0;0;-0,553113;-0,8438;29;2;0;-1,303287;-0,341703;-0,121537;-0,440517;10
4611;257;4;7;9;12;14;46;0;0;1,691474;1,4008;29;2;0;0,799927;0,168468;0,169458;2,223637;10
4612;122;2;4;20;22;27;36;0;0;-1,792955;-2,0836;29;2;0;0,618520;-2,038762;0,787978;-0,496859;10
4613;265;4;7;9;12;27;36;0;0;0,337367;0,0467;29;2;0;1,041391;-0,461196;-0,088103;0,938305;10
4614;242;2;12;20;22;27;36;0;0;0,853967;0,5633;29;2;0;-0,769589;-0,720615;-0,213169;1,928307;10
4615;335;4;9;12;20;22;46;0;0;0,450318;0,1596;29;2;0;-0,251989;0,791940;-0,968519;-0,155094;10
4616;346;4;9;14;20;27;36;0;0;-0,222576;-0,5133;29;2;0;-0,393772;-0,934218;1,301244;0,619448;10
4617;128;2;7;9;12;14;22;0;0;-0,499702;-0,7904;29;2;0;0,791878;-1,886454;1,821939;1,179769;10
4618;126;2;4;22;27;36;46;0;0;-0,027756;-0,3184;29;2;0;-0,340526;-0,107049;-1,013716;0,067796;10
4619;380;7;9;12;14;20;27;0;0;0,186765;-0,1039;29;2;0;1,373869;-0,347894;-1,698483;0,612019;10
4620;370;4;12;20;22;36;46;0;0;1,893297;1,6026;29;2;0;-0,854411;2,144139;-1,141258;0,533388;10
4621;301;9;10;17;32;44;48;0;0;0,024911;-0,0288;30;2;0;-0,382009;0,292543;-0,363806;-0,257314;11
4622;343;9;15;28;32;38;44;0;0;-0,636601;-0,6903;30;2;0;-0,704580;-0,384795;0,698017;-0,515495;11
4623;108;4;9;17;38;44;48;0;0;-1,191727;-1,2454;30;2;0;1,189365;-0,713557;-1,747581;-0,971800;11
4624;435;15;17;28;32;38;44;0;0;-0,552982;-0,6067;30;2;0;-1,845652;0,085132;0,132743;-0,867166;11
4625;304;9;10;17;38;44;48;0;0;0,460081;0,4064;30;2;0;-0,762160;0,091323;-0,812062;0,559330;11
4626;46;4;9;10;28;48;49;0;0;-1,417193;-1,4709;30;2;0;1,166457;-0,889393;1,142559;-1,114821;11
4627;84;4;9;15;32;38;49;0;0;-0,975018;-1,0287;30;2;0;2,253665;0,109897;-1,250412;-1,488781;11
4628;352;9;15;28;44;48;49;0;0;0,069128;0,0154;30;2;0;0,456305;-1,003314;-1,964279;1,101076;11
4629;112;4;9;28;32;38;44;0;0;-2,530074;-2,5838;30;2;0;0,265610;-1,139525;1,672541;-2,438540;11
4630;319;9;10;32;38;44;49;0;0;0,881242;0,8275;30;2;0;0,939852;0,559392;1,029875;0,686872;11
4631;240;4;17;28;38;48;49;0;0;1,339615;1,2859;30;2;0;-0,674242;0,812000;-0,579266;1,082502;11
4632;37;4;9;10;28;32;38;0;0;0,529253;0,4756;30;2;0;-0,560320;-0,717272;0,912858;1,465749;11
4633;324;9;15;17;28;32;44;0;0;0,636951;0,5833;30;2;0;-0,448256;0,318547;-2,533268;0,582238;11
4634;106;4;9;17;32;44;49;0;0;-0,040321;-0,0940;30;2;0;-1,276664;0,159428;-0,196019;-0,216451;11
4635;169;4;10;17;28;44;48;0;0;0,754719;0,7010;30;2;0;0,488500;0,852864;-2,169214;0,214470;11
4636;225;4;15;28;38;48;49;0;0;0,291967;0,2383;30;2;0;-0,108349;0,532769;0,651582;-0,119865;11
4637;228;4;15;32;38;44;49;0;0;1,352312;1,2986;30;2;0;1,352199;1,639789;0,382256;0,272669;11
4638;197;4;15;17;28;32;38;0;0;0,321299;0,2676;30;2;0;0,411727;-0,218246;-0,118627;0,672632;11
4639;369;9;17;32;38;44;49;0;0;-0,404131;-0,4578;30;2;0;-0,690340;0,253537;-1,329662;-0,825064;11
4640;327;9;15;17;28;38;44;0;0;1,182446;1,1288;30;2;0;-1,344769;0,744514;-0,889455;0,927717;11
4641;165;4;10;17;28;32;49;0;0;0,345816;0,2921;30;2;0;-0,536793;0,442375;1,156799;0,046683;11
4642;256;9;10;15;17;28;48;0;0;-1,632589;-1,6863;30;2;0;-0,422253;-1,194628;-0,358853;-1,114202;11
4643;265;9;10;15;17;44;48;0;0;0,962234;0,9085;30;2;0;1,250041;-0,101848;1,351827;1,462653;11
4644;96;4;9;17;28;38;44;0;0;0,861103;0,8074;30;2;0;-0,898989;1,606355;-0,288271;-0,388571;11
4645;132;4;10;15;17;32;38;0;0;-1,604133;-1,6578;30;2;0;-0,058199;-0,088846;-0,411480;-2,179740;11
4646;411;10;15;32;38;48;49;0;0;-0,609457;-0,6632;30;2;0;-0,113922;0,547009;-0,877072;-1,408912;11
4647;401;10;15;28;32;38;49;0;0;-0,019307;-0,0730;30;2;0;1,059965;-0,390367;-1,126585;0,363063;11
4648;115;4;9;28;32;44;48;0;0;0,077884;0,0242;30;2;0;0,337431;0,099372;-0,248027;0,010773;11
4649;189;4;10;28;38;44;49;0;0;-0,030251;-0,0839;30;2;0;0,318237;0,238678;0,459029;-0,281460;11
4650;161;4;10;15;44;48;49;0;0;0,629947;0,5763;30;2;0;-1,346007;1,207630;0,083831;-0,316751;11
4651;66;4;9;15;17;38;44;0;0;0,590544;0,5368;30;2;0;1,668579;0,610161;-0,047426;0,224995;11
4652;316;9;10;28;38;48;49;0;0;-0,337586;-0,3913;30;2;0;0,824074;0,234963;-1,984711;-0,712381;11
4653;80;4;9;15;28;44;49;0;0;0,594047;0,5404;30;2;0;-1,354675;1,115378;1,137605;-0,275269;11
4654;232;4;17;28;32;38;44;0;0;0,107216;0,0535;30;2;0;0,048293;0,221342;-0,358853;-0,069715;11
4655;113;4;9;28;32;38;48;0;0;1,120279;1,0666;30;2;0;-0,224747;0,707985;1,041020;0,876329;11
4656;28;4;9;10;17;32;44;0;0;1,305030;1,2513;30;2;0;-1,430210;-0,306783;1,371021;2,152374;11
4657;429;10;28;32;38;44;48;0;0;-0,182168;-0,2359;30;2;0;1,541655;0,265920;1,790797;-0,523544;11
4658;62;4;9;15;17;32;38;0;0;-1,065204;-1,1189;30;2;0;0,099681;-0,462187;-0,044949;-1,044239;11
4659;56;4;9;10;44;48;49;0;0;-1,455719;-1,5094;30;2;0;-0,295948;-1,213202;-0,106863;-0,845496;11
4660;124;4;9;32;38;48;49;0;0;0,331807;0,2781;30;2;0;0,651953;-1,321551;1,638489;1,790797;11
4661;300;9;10;17;32;38;49;0;0;-0,053893;-0,1076;30;2;0;0,416061;-0,611399;-0,801537;0,535183;11
4662;253;9;10;15;17;28;32;0;0;-1,216244;-1,2699;30;2;0;1,414732;-2,256451;-0,372474;0,536422;11
4663;102;4;9;17;32;38;44;0;0;0,960045;0,9063;30;2;0;-1,996103;2,328271;0,258428;-0,970562;11
4664;326;9;15;17;28;32;49;0;0;0,488100;0,4344;30;2;0;-0,117017;0,490048;-0,522925;0,200229;11
4665;110;4;9;17;38;48;49;0;0;-1,381294;-1,4350;30;2;0;-1,163981;-1,473860;-0,763769;-0,479585;11
4666;227;4;15;32;38;44;48;0;0;-0,489501;-0,5432;30;2;0;-0,001238;-1,378512;-1,993379;0,686253;11
4667;6;4;9;10;15;17;49;0;0;0,084451;0,0308;30;2;0;0,691578;-0,210817;1,053403;0,330249;11
4668;274;9;10;15;28;38;49;0;0;-0,169472;-0,2232;30;2;0;0,959046;0,623782;0,398354;-0,863451;11
4669;394;10;15;17;32;48;49;0;0;-1,284541;-1,3382;30;2;0;1,240754;-0,833051;1,540665;-0,983564;11
4670;68;4;9;15;17;38;49;0;0;1,985366;1,9317;30;2;0;0,287280;1,829864;-0,660992;0,977868;11
4671;462;28;32;38;44;48;49;0;0;1,704738;1,6510;30;2;0;0,343003;0,772375;1,292390;1,638489;11
4672;1;4;9;10;15;17;28;0;0;-0,545102;-0,5988;30;2;0;-1,429591;-0,005263;0,026251;-0,765627;11
4673;167;4;10;17;28;38;48;0;0;1,373764;1,3201;30;2;0;-1,202986;1,019412;0,745691;0,923383;11
4674;99;4;9;17;28;44;48;0;0;1,034470;0,9808;30;2;0;0,310808;1,660839;-0,196638;-0,197877;11
4675;381;10;15;17;28;32;48;0;0;0,087077;0,0334;30;2;0;-0,691578;-0,312975;1,213759;0,436121;11
4676;412;10;15;32;44;48;49;0;0;1,336114;1,2824;30;2;0;0,505836;0,206483;1,492372;1,683067;11
4677;252;4;32;38;44;48;49;0;0;-0,347217;-0,4009;30;2;0;0,013002;-1,248493;1,042258;0,757454;11
4678;236;4;17;28;32;44;49;0;0;-1,252143;-1,3058;30;2;0;1,669198;-0,575489;-0,170015;-1,195309;11
4679;129;4;10;15;17;28;44;0;0;0,528378;0,4747;30;2;0;0,443922;0,223819;0,717829;0,523420;11
4680;88;4;9;15;38;44;48;0;0;-0,262284;-0,3160;30;2;0;0,791878;-0,299354;0,196515;-0,071572;11
4681;9;4;9;10;15;28;44;0;0;1,280075;1,2264;30;2;0;0,653810;0,793426;-2,870079;1,016873;11
4682;341;9;15;17;38;48;49;0;0;-0,731165;-0,7849;30;2;0;1,082254;-0,865246;0,538279;-0,168777;11
4683;49;4;9;10;32;38;49;0;0;1,196893;1,1432;30;2;0;0,088537;1,363034;0,842895;0,329629;11
4684;125;4;9;32;44;48;49;0;0;-0,796834;-0,8505;30;2;0;-0,687244;-0,529054;2,062599;-0,597840;11
4685;374;9;28;32;38;44;49;0;0;1,959536;1,9058;30;2;0;-0,309569;1,941309;0,553758;0,829893;11
4686;212;4;15;17;32;48;49;0;0;1,498098;1,4444;30;2;0;0,726869;0,365601;-0,444913;1,753029;11
4687;170;4;10;17;28;44;49;0;0;1,150487;1,0968;30;2;0;-0,234034;1,075753;-1,160637;0,551281;11
4688;123;4;9;32;38;44;49;0;0;-0,170785;-0,2245;30;2;0;0,866175;0,564345;-0,051760;-0,805871;11
4689;406;10;15;28;38;44;49;0;0;0,763036;0,7093;30;2;0;-2,595429;0,906109;0,769218;0,172987;11
4690;353;9;15;32;38;44;48;0;0;-1,641345;-1,6950;30;2;0;-1,747209;-1,727706;-0,148346;-0,593506;11
4691;111;4;9;17;44;48;49;0;0;-0,595448;-0,6491;30;2;0;1,616571;-0,958117;1,216236;0,116027;11
4692;126;4;9;38;44;48;49;0;0;-1,530144;-1,5838;30;2;0;0,604279;-1,281307;0,092499;-0,882644;11
4693;451;15;28;32;38;44;49;0;0;0,712690;0,6590;30;2;0;0,429682;0,668360;3,786281;0,339536;11
4694;338;9;15;17;32;48;49;0;0;0,897002;0,8433;30;2;0;-1,159028;1,320313;1,529520;-0,051760;11
4695;329;9;15;17;28;38;49;0;0;-0,273667;-0,3274;30;2;0;1,760211;-0,621925;-1,283227;0,234901;11
4696;417;10;17;28;32;44;48;0;0;-0,633098;-0,6868;30;2;0;-0,146736;0,063462;1,154941;-0,958798;11
4697;150;4;10;15;28;44;49;0;0;-0,519272;-0,5730;30;2;0;-1,042629;-0,684458;-1,207073;-0,049903;11
4698;238;4;17;28;38;44;48;0;0;0,166319;0,1126;30;2;0;1,336101;0,183575;-0,386714;0,051636;11
4699;245;4;17;32;44;48;49;0;0;-0,999535;-1,0532;30;2;0;0,604279;-0,970500;1,614342;-0,443056;11
4700;243;4;17;32;38;44;49;0;0;-1,281914;-1,3356;30;2;0;-0,602422;-1,190913;0,441694;-0,621987;11
4701;135;4;10;15;17;32;49;0;0;-1,210991;-1,2647;30;2;0;-0,735537;-0,470855;-0,610842;-1,241745;11
4702;366;9;17;28;38;48;49;0;0;-0,502197;-0,5559;30;2;0;0,783210;-0,695602;-0,641799;-0,014612;11
4703;407;10;15;28;38;48;49;0;0;1,036660;0,9830;30;2;0;0,157880;0,191004;0,073925;1,275054;11
4704;250;4;28;32;44;48;49;0;0;1,446438;1,3927;30;2;0;0,235892;2,030465;0,883759;0,015107;11
4705;430;10;28;32;38;44;49;0;0;0,441694;0,3880;30;2;0;-2,204753;-0,395320;-0,002229;1,019969;11
4706;362;9;17;28;32;44;49;0;0;-0,298184;-0,3519;30;2;0;-0,849458;-0,755659;-0,515495;0,333963;11
4707;87;4;9;15;32;48;49;0;0;0,302912;0,2492;30;2;0;-0,601803;0,234963;-1,009568;0,193419;11
4708;130;4;10;15;17;28;48;0;0;0,674164;0,6205;30;2;0;-0,619758;1,569826;0,234282;-0,616414;11
4709;337;9;15;17;32;44;49;0;0;-1,260899;-1,3146;30;2;0;-0,588182;-0,570536;-0,541499;-1,212645;11
4710;141;4;10;15;17;48;49;0;0;1,172377;1,1187;30;2;0;0,986907;1,387180;-2,035480;0,270811;11
4711;405;10;15;28;38;44;48;0;0;0,704372;0,6507;30;2;0;-0,655049;1,917782;-0,546452;-0,921650;11
4712;263;9;10;15;17;38;48;0;0;0,331806;0,2781;30;2;0;1,931713;0,336502;1,230476;0,132743;11
4713;345;9;15;28;32;38;49;0;0;-0,693076;-0,7468;30;2;0;-0,633998;0,153237;0,351299;-1,133395;11
4714;425;10;17;32;38;44;49;0;0;-1,055135;-1,1088;30;2;0;-0,322571;-0,355695;1,123365;-1,136491;11
4715;428;10;17;38;44;48;49;0;0;0,808130;0,7544;30;2;0;-0,521934;0,304307;-0,154537;0,838561;11
4716;264;9;10;15;17;38;49;0;0;-1,545467;-1,5992;30;2;0;0,458782;-2,261404;-1,552552;0,075783;11
4717;51;4;9;10;32;44;49;0;0;1,757712;1,7040;30;2;0;0,986288;0,558154;-0,000991;1,927626;11
4718;21;4;9;10;15;48;49;0;0;-0,939556;-0,9933;30;2;0;0,273040;-0,899918;0,020060;-0,428815;11
4719;403;10;15;28;32;44;49;0;0;1,421484;1,3678;30;2;0;-0,560940;0,166239;-1,035571;1,844043;11
4720;419;10;17;28;32;48;49;0;0;1,931955;1,8783;30;2;0;0,476737;1,185960;1,360495;1,546237;11
4721;109;4;9;17;38;44;49;0;0;0,453077;0,3994;30;2;0;-0,248275;0,130948;1,500421;0,509799;11
4722;12;4;9;10;15;32;38;0;0;0,393098;0,3394;30;2;0;0,072439;-0,961213;1,338825;1,517137;11
4723;335;9;15;17;32;38;49;0;0;-0,482059;-0,5358;30;2;0;0,689720;-0,634308;0,985297;-0,047426;11
4724;308;9;10;28;32;38;44;0;0;-0,124378;-0,1781;30;2;0;-0,099681;0,363125;1,206949;-0,539022;11
4725;294;9;10;17;28;38;49;0;0;0,225421;0,1717;30;2;0;0,686625;-0,787854;-0,082098;1,106648;11
4726;36;4;9;10;17;48;49;0;0;-1,495997;-1,5497;30;2;0;-0,953474;-1,921497;-0,960036;-0,194162;11
4727;285;9;10;15;38;44;49;0;0;0,120350;0,0667;30;2;0;1,041391;-0,113612;0,834847;0,283813;11
4728;292;9;10;17;28;38;44;0;0;-0,846743;-0,9004;30;2;0;-0,584467;-0,972976;0,550662;-0,224500;11
4729;251;4;28;38;44;48;49;0;0;1,498098;1,4444;30;2;0;-0,552272;0,828717;1,391452;1,289914;11
4730;333;9;15;17;32;38;44;0;0;-0,303437;-0,3571;30;2;0;-1,508841;-0,504288;-0,465964;0,075163;11
4731;288;9;10;17;28;32;38;0;0;0,539322;0,4856;30;2;0;1,568278;0,490667;0,311674;0,272050;11
4732;45;4;9;10;28;44;49;0;0;-0,680819;-0,7345;30;2;0;-0,522553;-0,004644;0,110454;-0,958179;11
4733;270;9;10;15;28;32;48;0;0;-0,469363;-0,5231;30;2;0;0,371483;0,462187;-1,205215;-1,125966;11
4734;386;10;15;17;28;44;48;0;0;0,071317;0,0176;30;2;0;0,325048;0,442375;0,429311;-0,341517;11
4735;375;9;28;32;38;48;49;0;0;-0,943935;-0,9976;30;2;0;0,902704;-0,480142;-0,293224;-0,854783;11
4736;214;4;15;17;38;44;49;0;0;0,503861;0,4502;30;2;0;0,656287;-0,346408;0,816272;1,058975;11
4737;90;4;9;15;38;48;49;0;0;-1,025364;-1,0791;30;2;0;0,034672;-0,686934;0,158128;-0,763150;11
4738;271;9;10;15;28;32;49;0;0;-0,057395;-0,1111;30;2;0;-1,469835;1,470145;0,861470;-1,551314;11
4739;195;4;10;32;44;48;49;0;0;0,138300;0,0846;30;2;0;-0,083584;0,240535;-0,438722;-0,044949;11
4740;400;10;15;28;32;38;48;0;0;1,349247;1,2956;30;2;0;0,624092;1,119093;-0,422624;0,789030;11
4741;370;9;17;32;38;48;49;0;0;0,428560;0,3749;30;2;0;-1,082874;-1,825530;-0,074049;2,431605;11
4742;11;4;9;10;15;28;49;0;0;-0,658491;-0,7122;30;2;0;0,813548;-0,479523;-0,423862;-0,451724;11
4743;344;9;15;28;32;38;48;0;0;-0,748677;-0,8024;30;2;0;0,681672;-0,151379;-1,552552;-0,907410;11
4744;20;4;9;10;15;44;49;0;0;-0,114746;-0,1684;30;2;0;0,382009;0,944496;-1,003376;-1,106772;11
4745;77;4;9;15;28;38;48;0;0;-1,246452;-1,3001;30;2;0;-0,710771;-0,131567;-2,066437;-1,631183;11
4746;293;9;10;17;28;38;48;0;0;0,044611;-0,0091;30;2;0;-1,191223;0,181098;-0,258552;-0,118008;11
4747;120;4;9;28;38;48;49;0;0;1,520863;1,4672;30;2;0;-1,182555;0,383556;1,566668;1,767269;11
4748;415;10;17;28;32;38;48;0;0;0,424181;0,3705;30;2;0;-1,118784;-0,255395;-0,915458;0,855278;11
4749;331;9;15;17;28;44;49;0;0;1,389962;1,3363;30;2;0;0,323810;0,508622;0,538279;1,457081;11
4750;176;4;10;17;32;44;49;0;0;0,974493;0,9208;30;2;0;-2,025822;0,698079;0,121599;0,680062;11
4751;402;10;15;28;32;44;48;0;0;1,372888;1,3192;30;2;0;-0,424729;1,106710;1,395167;0,834847;11
4752;398;10;15;17;44;48;49;0;0;-0,006611;-0,0603;30;2;0;-1,483456;0,779805;1,427981;-0,789154;11
4753;283;9;10;15;32;48;49;0;0;-1,474107;-1,5278;30;2;0;2,061113;-0,407084;0,241712;-1,677618;11
4754;217;4;15;28;32;38;44;0;0;-0,976332;-1,0300;30;2;0;-1,183174;-0,741419;-0,382380;-0,639323;11
4755;230;4;15;32;44;48;49;0;0;1,115463;1,0618;30;2;0;0,702103;0,664645;0,181655;0,912858;11
4756;254;9;10;15;17;28;38;0;0;-1,183847;-1,2375;30;2;0;0,691578;-0,355695;1,258337;-1,318518;11
4757;121;4;9;28;44;48;49;0;0;-0,638790;-0,6925;30;2;0;-0,938614;-0,462187;-1,793397;-0,441198;11
4758;86;4;9;15;32;44;49;0;0;-0,830545;-0,8842;30;2;0;-2,331057;-1,673841;-0,182398;0,499273;11
4759;268;9;10;15;28;32;38;0;0;0,432500;0,3788;30;2;0;-1,066157;1,712847;-0,326658;-1,101200;11
4760;92;4;9;17;28;32;38;0;0;0,189085;0,1354;30;2;0;-0,112683;0,878867;-0,118008;-0,611461;11
4761;25;4;9;10;17;28;48;0;0;-1,526643;-1,5803;30;2;0;0,306474;-2,027370;-1,351332;-0,131629;11
4762;371;9;17;32;44;48;49;0;0;-0,476367;-0,5301;30;2;0;0,547319;-0,201530;1,062070;-0,472155;11
4763;8;4;9;10;15;28;38;0;0;0,970991;0,9173;30;2;0;-1,078540;-0,154475;1,190232;1,527663;11
4764;117;4;9;28;32;48;49;0;0;0,023159;-0,0305;30;2;0;-1,306383;0,931494;-0,355138;-0,898742;11
4765;148;4;10;15;28;38;49;0;0;-1,306868;-1,3606;30;2;0;2,017773;-1,544441;0,987155;-0,303749;11
4766;399;10;15;28;32;38;44;0;0;-0,895339;-0,9490;30;2;0;-0,456305;-0,746372;0,681919;-0,519829;11
4767;223;4;15;28;38;44;48;0;0;0,914076;0,8604;30;2;0;-0,627807;2,253355;0,504846;-0,960656;11
4768;100;4;9;17;28;44;49;0;0;2,227906;2,1742;30;2;0;0,039625;1,204534;-0,532831;1,946201;11
4769;136;4;10;15;17;38;44;0;0;1,601856;1,5482;30;2;0;-0,846982;1,196485;-0,940224;1,068881;11
4770;41;4;9;10;28;38;44;0;0;-0,775382;-0,8291;30;2;0;-0,122589;-1,080087;-0,131629;-0,016469;11
4771;69;4;9;15;17;44;48;0;0;0,246874;0,1932;30;2;0;0,719439;-0,846672;-1,133395;1,195804;11
4772;5;4;9;10;15;17;48;0;0;0,099774;0,0461;30;2;0;0,924374;-0,146426;-0,517971;0,287528;11
4773;313;9;10;28;32;48;49;0;0;-1,580491;-1,6342;30;2;0;-0,416061;-1,124665;1,133891;-1,110487;11
4774;349;9;15;28;38;44;48;0;0;0,289340;0,2356;30;2;0;0,282946;1,235491;-0,004705;-0,826302;11
4775;387;10;15;17;28;44;49;0;0;-1,408000;-1,4617;30;2;0;0,133115;-0,807047;0,397116;-1,184165;11
4776;3;4;9;10;15;17;38;0;0;-0,207998;-0,2617;30;2;0;0,307712;0,672075;-0,140297;-0,966228;11
4777;234;4;17;28;32;38;49;0;0;-0,473303;-0,5270;30;2;0;0,276136;-0,297496;-0,555120;-0,371855;11
4778;410;10;15;32;38;44;49;0;0;0,351507;0,2978;30;2;0;-1,962050;0,347646;0,477604;0,149460;11
4779;202;4;15;17;28;38;48;0;0;-0,305188;-0,3589;30;2;0;-0,976382;-0,646071;0,187228;0,214470;11
4780;350;9;15;28;38;44;49;0;0;-2,071262;-2,1250;30;2;0;-1,056251;-0,611399;-1,504259;-2,317808;11
4781;408;10;15;28;44;48;49;0;0;1,916633;1,8629;30;2;0;-1,333625;2,344369;-0,033805;0,366159;11
4782;160;4;10;15;38;48;49;0;0;1,814626;1,7609;30;2;0;-0,323810;0,957498;1,323966;1,608770;11
4783;267;9;10;15;17;48;49;0;0;0,555521;0,5018;30;2;0;-1,121260;0,110516;-0,699998;0,675109;11
4784;193;4;10;32;38;44;49;0;0;1,586533;1,5328;30;2;0;0,310808;1,532678;-2,562986;0,711019;11
4785;166;4;10;17;28;38;44;0;0;-0,407195;-0,4609;30;2;0;0,019812;-0,754420;0,265239;0,178560;11
4786;281;9;10;15;32;44;48;0;0;-0,426896;-0,4806;30;2;0;0,643285;-0,833051;0,496797;0,229329;11
4787;97;4;9;17;28;38;48;0;0;-0,175162;-0,2289;30;2;0;0,216079;-0,195338;-0,774914;-0,052379;11
4788;158;4;10;15;38;44;48;0;0;0,262197;0,2085;30;2;0;0,640189;2,040371;-1,878219;-1,669569;11
4789;290;9;10;17;28;32;48;0;0;-0,329267;-0,3830;30;2;0;-0,507694;-0,587253;-1,225028;0,121599;11
4790;153;4;10;15;32;38;48;0;0;0,379964;0,3263;30;2;0;-0,399964;-0,299354;0,689349;0,836704;11
4791;178;4;10;17;38;44;48;0;0;-0,538096;-0,5918;30;2;0;2,419594;-0,649167;-0,711143;-0,111816;11
4792;446;15;17;32;38;44;49;0;0;-0,052580;-0,1063;30;2;0;-1,069252;-0,636165;0,432406;0,561806;11
4793;389;10;15;17;32;38;44;0;0;1,870664;1,8170;30;2;0;1,027770;0,626259;-1,794635;2,019259;11
4794;354;9;15;32;38;44;49;0;0;1,656143;1,6024;30;2;0;0,100300;0,654120;0,511656;1,688020;11
4795;139;4;10;15;17;44;48;0;0;-0,255717;-0,3094;30;2;0;0,048912;-2,046563;0,638580;1,684924;11
4796;76;4;9;15;28;38;44;0;0;0,667597;0,6139;30;2;0;0,883511;1,181007;0,659630;-0,236882;11
4797;226;4;15;28;44;48;49;0;0;-0,711026;-0,7647;30;2;0;-0,502741;-0,245488;-0,882025;-0,760055;11
4798;179;4;10;17;38;44;49;0;0;-0,478994;-0,5327;30;2;0;-0,913849;-0,833051;0,452219;0,155651;11
4799;93;4;9;17;28;32;44;0;0;0,421555;0,3679;30;2;0;0,958427;0,608923;0,501131;-0,012754;11
4800;377;9;28;38;44;48;49;0;0;-0,109931;-0,1636;30;2;0;0,983811;0,065319;-1,127204;-0,220785;11
4801;144;4;10;15;28;32;48;0;0;1,165810;1,1121;30;2;0;0,452590;0,987217;-0,647371;0,661488;11
4802;174;4;10;17;32;38;49;0;0;-0,087165;-0,1409;30;2;0;-1,193080;0,166858;-0,155775;-0,290128;11
4803;373;9;28;32;38;44;48;0;0;-0,745175;-0,7989;30;2;0;0,360339;-0,751325;0,324057;-0,302511;11
4804;13;4;9;10;15;32;44;0;0;0,198278;0,1446;30;2;0;0,120113;0,057889;1,012539;0,222518;11
4805;278;9;10;15;32;38;44;0;0;-0,965386;-1,0191;30;2;0;0,496549;-2,049039;-1,659044;0,683777;11
4806;35;4;9;10;17;44;49;0;0;1,301089;1,2474;30;2;0;0,529364;0,756897;0,559330;1,083121;11
4807;241;4;17;28;44;48;49;0;0;-0,328392;-0,3821;30;2;0;-0,749777;0,325357;1,510946;-0,789773;11
4808;441;15;17;28;38;44;48;0;0;0,020095;-0,0336;30;2;0;-0,875462;-0,085132;1,338206;0,113550;11
4809;448;15;17;32;44;48;49;0;0;-0,792457;-0,8462;30;2;0;-1,643813;-1,239206;-0,346470;0,118503;11
4810;190;4;10;28;38;48;49;0;0;-1,567357;-1,6211;30;2;0;1,334863;-1,637931;0,811938;-0,578647;11
4811;273;9;10;15;28;38;48;0;0;-1,234632;-1,2883;30;2;0;-1,333006;-1,699845;-1,676380;-0,046188;11
4812;272;9;10;15;28;38;44;0;0;-0,219381;-0,2731;30;2;0;-0,776400;0,382937;0,174845;-0,693188;11
4813;78;4;9;15;28;38;49;0;0;0,633887;0,5802;30;2;0;-0,895275;1,168624;0,226233;-0,272173;11
4814;205;4;15;17;28;44;49;0;0;0,865919;0,8122;30;2;0;-1,029628;1,885587;0,887473;-0,660992;11
4815;284;9;10;15;38;44;48;0;0;0,187333;0,1336;30;2;0;-0,247655;0,101848;2,085507;0,163081;11
4816;260;9;10;15;17;32;48;0;0;1,582156;1,5285;30;2;0;-0,307093;0,768661;0,675728;1,468845;11
4817;454;15;28;38;44;48;49;0;0;-0,915915;-0,9696;30;2;0;-0,302759;-1,107949;-1,140206;-0,187351;11
4818;137;4;10;15;17;38;48;0;0;0,103714;0,0500;30;2;0;-0,521934;0,241155;0,230567;-0,094481;11
4819;221;4;15;28;32;44;49;0;0;0,422431;0,3687;30;2;0;-0,333716;0,479523;0,498654;0,117884;11
4820;64;4;9;15;17;32;48;0;0;-0,218943;-0,2726;30;2;0;2,179987;0,065938;-0,545833;-0,375570;11
4821;368;9;17;32;38;44;48;0;0;1,185948;1,1323;30;2;0;1,750305;1,155622;-0,900599;0,521562;11
4822;262;9;10;15;17;38;44;0;0;-0,102050;-0,1557;30;2;0;-2,109406;-1,013220;0,675728;0,868899;11
4823;171;4;10;17;28;48;49;0;0;0,914515;0,8608;30;2;0;-0,128162;1,457143;0,895522;-0,163824;11
4824;61;4;9;15;17;28;49;0;0;-0,313507;-0,3672;30;2;0;0,443303;0,446089;0,189704;-0,889455;11
4825;384;10;15;17;28;38;48;0;0;-0,782562;-0,8707;31;2;0;-1,634526;0,494073;-0,685015;-1,600783;11
4826;85;4;9;15;32;44;48;0;0;1,469028;1,3809;31;2;0;-2,592953;1,128071;-0,283194;0,949449;11
4827;128;4;10;15;17;28;38;0;0;2,169941;2,0818;31;2;0;-2,467887;1,493362;0,160109;1,575398;11
4828;74;4;9;15;28;32;48;0;0;0,773368;0,6852;31;2;0;-2,962579;1,594901;-1,601959;-0,501193;11
4829;181;4;10;17;44;48;49;0;0;0,317622;0,2295;31;2;0;-2,659820;-0,140544;1,397148;0,589730;11
4830;10;4;9;10;15;28;48;0;0;-0,685809;-0,7739;31;2;0;-2,889520;0,164072;0,251123;-1,133952;11
4831;276;9;10;15;28;44;49;0;0;0,097847;0,0097;31;2;0;-0,503979;0,729345;-0,758693;-0,590968;11
4832;149;4;10;15;28;44;48;0;0;0,006348;-0,0818;31;2;0;-2,139743;-0,692816;1,140825;0,701794;11
4833;142;4;10;15;28;32;38;0;0;1,795625;1,7075;31;2;0;-3,270290;1,747209;-0,243569;0,792188;11
4834;145;4;10;15;28;32;49;0;0;1,880120;1,7920;31;2;0;-1,291523;2,129837;0,067238;0,529054;11
4835;229;4;15;32;38;48;49;0;0;-0,670924;-0,7591;31;2;0;-2,976819;0,438350;0,734670;-1,387180;11
4836;249;4;28;32;38;48;49;0;0;-0,982198;-1,0703;31;2;0;-1,869180;-0,712629;-0,691826;-0,676409;11
4837;437;15;17;28;32;38;49;0;0;-0,381978;-0,4701;31;2;0;-3,563762;-0,174597;0,851068;-0,365601;11
4838;31;4;9;10;17;38;44;0;0;-0,283474;-0,3716;31;2;0;-2,928526;0,693435;1,136491;-1,094328;11
4839;413;10;15;38;44;48;49;0;0;0,540899;0,4528;31;2;0;-1,410398;2,028298;-0,137077;-1,263352;11
4840;89;4;9;15;38;44;49;0;0;0,757170;0,6690;31;2;0;-2,846800;1,805408;2,536363;-0,734608;11
4841;168;4;10;17;28;38;49;0;0;1,149437;1,0613;31;2;0;-0,822216;2,012201;0,152680;-0,386652;11
4842;445;15;17;32;38;44;48;0;0;1,973371;1,8852;31;2;0;-1,566421;1,116307;-0,158128;1,674461;11
4843;357;9;15;38;44;48;49;0;0;0,712077;0,6239;31;2;0;-3,205900;0,026623;0,691330;0,980406;11
4844;266;9;10;15;17;44;49;0;0;1,598616;1,5105;31;2;0;-2,923573;1,385013;2,997622;0,875772;11
4845;211;4;15;17;32;44;49;0;0;-0,479606;-0,5677;31;2;0;-3,835564;1,575089;1,561839;-2,253355;11
4846;32;4;9;10;17;38;48;0;0;1,530758;1,4426;31;2;0;-1,591806;0,650096;0,743957;1,514723;11
4847;255;9;10;15;17;28;44;0;0;-0,082525;-0,1707;31;2;0;-2,074115;-0,366530;1,236172;0,249822;11
4848;359;9;17;28;32;38;48;0;0;-1,036923;-1,1251;31;2;0;-2,522371;-1,336101;-0,221280;-0,130329;11
4849;70;4;9;15;17;44;49;0;0;0,828093;0,7400;31;2;0;-2,292051;0,614805;-1,194566;0,556296;11
4850;237;4;17;28;32;48;49;0;0;0,188909;0,1008;31;2;0;-1,366439;0,559082;0,753863;-0,291924;11
4851;151;4;10;15;28;48;49;0;0;-0,108793;-0,1969;31;2;0;-3,438696;-1,227133;0,475251;1,073277;11
4852;29;4;9;10;17;32;48;0;0;0,467786;0,3796;31;2;0;-2,893854;1,701393;-0,008296;-1,039843;11
4853;235;4;17;28;32;44;48;0;0;0,300110;0,2120;31;2;0;-2,307530;-0,308331;-1,485561;0,732751;11
4854;192;4;10;32;38;44;48;0;0;-0,340825;-0,4290;31;2;0;-2,213421;-0,040863;-0,002105;-0,441136;11
4855;325;9;15;17;28;32;48;0;0;1,049181;0,9610;31;2;0;-2,557043;0,687863;0,758816;0,795903;11
4856;314;9;10;28;38;44;48;0;0;0,913464;0,8253;31;2;0;-2,223327;1,128071;-1,328919;0,163762;11
4857;146;4;10;15;28;38;44;0;0;-0,940170;-1,0283;31;2;0;-2,777456;0,582609;1,493115;-1,912210;11
4858;24;4;9;10;17;28;44;0;0;-0,167458;-0,2556;31;2;0;-2,615242;1,425257;-0,098691;-1,662078;11
4859;208;4;15;17;32;38;48;0;0;1,705001;1,6169;31;2;0;-0,837695;1,394300;0,921031;1,016935;11
4860;239;4;17;28;38;44;49;0;0;-0,149070;-0,2372;31;2;0;-3,151416;1,006100;0,451104;-1,216917;11
4861;418;10;17;28;32;44;49;0;0;-0,968188;-1,0563;31;2;0;-2,603478;-1,213512;2,070771;-0,155713;11
4862;95;4;9;17;28;32;49;0;0;-0,681869;-0,7700;31;2;0;-2,814604;0,053865;0,053617;-1,018174;11
4863;175;4;10;17;32;44;48;0;0;0,497994;0,4099;31;2;0;-2,472840;0,287280;2,330190;0,416990;11
4864;194;4;10;32;38;48;49;0;0;-1,429626;-1,5178;31;2;0;-3,173086;-0,576418;-0,221280;-1,445379;11
4865;57;4;9;15;17;28;32;0;0;-0,951990;-1,0401;31;2;0;-2,627005;-0,553510;-0,299911;-0,792807;11
4866;140;4;10;15;17;44;49;0;0;-1,505365;-1,5935;31;2;0;-3,334062;0,123828;-0,360586;-2,252736;11
4867;182;4;10;28;32;38;44;0;0;1,200221;1,1121;31;2;0;-2,105072;0,864937;1,563697;0,832432;11
4868;55;4;9;10;38;48;49;0;0;-1,910766;-1,9989;31;2;0;-1,624620;-0,776400;1,077054;-1,925831;11
4869;183;4;10;28;32;38;48;0;0;-1,822769;-1,9109;31;2;0;-3,867140;-0,751634;0,724764;-1,826150;11
4870;213;4;15;17;38;44;48;0;0;0,252390;0,1643;31;2;0;-2,082783;0,668051;1,642327;-0,311117;11
4871;460;17;28;38;44;48;49;0;0;-0,284350;-0,3725;31;2;0;-2,592953;-0,432159;0,418290;0,030028;11
4872;98;4;9;17;28;38;49;0;0;-0,246261;-0,3344;31;2;0;-3,676445;-0,574561;0,176826;0,226295;11
4873;73;4;9;15;28;32;44;0;0;0,404744;0,3166;31;2;0;-3,289484;0,107730;1,125966;0,464664;11
4874;163;4;10;17;28;32;44;0;0;-1,241374;-1,3295;31;2;0;-1,580661;0,472403;0,484538;-2,227971;11
4875;453;15;28;32;44;48;49;0;0;0,386794;0,2987;31;2;0;-2,229518;1,087827;0,527258;-0,540818;11
4876;282;9;10;15;32;44;49;0;0;-2,204528;-2,2927;31;2;0;-3,197851;-1,932332;0,980468;-1,185341;11
4877;114;4;9;28;32;38;49;0;0;1,184897;1,0968;31;2;0;-1,812219;1,064299;2,018764;0,611399;11
4878;218;4;15;28;32;38;48;0;0;0,211238;0,1231;31;2;0;-1,450642;1,194938;1,610751;-0,896203;11
4879;187;4;10;28;32;48;49;0;0;0,539147;0,4510;31;2;0;-0,214222;-0,357243;1,163733;1,119712;11
4880;439;15;17;28;32;44;49;0;0;-0,627145;-0,7153;31;2;0;-3,013348;-0,591897;-0,576047;-0,295020;11
4881;318;9;10;32;38;44;48;0;0;-0,800950;-0,8891;31;2;0;-1,457452;-0,450114;0,911744;-0,682600;11
4882;257;9;10;15;17;28;49;0;0;-1,035171;-1,1233;31;2;0;-0,819120;0,074297;-0,314151;-1,538250;11
4883;414;10;17;28;32;38;44;0;0;-0,360088;-0,4482;31;2;0;-0,642047;0,998052;-0,350061;-1,507293;11
4884;307;9;10;17;44;48;49;0;0;-0,425320;-0,5135;31;2;0;-1,496458;0,461258;-1,005110;-1,062752;11
4885;392;10;15;17;32;44;48;0;0;-1,402046;-1,4902;31;2;0;-3,095693;-0,227843;-0,967961;-1,754949;11
4886;104;4;9;17;32;38;49;0;0;1,352574;1,2644;31;2;0;-3,733406;1,206082;-0,373588;0,706747;11
4887;59;4;9;15;17;28;44;0;0;-0,449837;-0,5380;31;2;0;-2,667869;0,772685;2,974714;-1,408850;11
4888;54;4;9;10;38;44;49;0;0;-0,129369;-0,2175;31;2;0;-1,454357;0,816644;-1,548094;-0,999599;11
4889;397;10;15;17;38;48;49;0;0;-0,430574;-0,5187;31;2;0;-2,771265;0,560320;-1,201377;-1,169243;11
4890;172;4;10;17;32;38;44;0;0;0,430135;0,3420;31;2;0;-2,540945;0,350432;-0,242331;0,257871;11
4891;438;15;17;28;32;44;48;0;0;0,409997;0,3219;31;2;0;-2,182464;1,854939;-0,375446;-1,275116;11
4892;247;4;28;32;38;44;48;0;0;0,916528;0,8284;31;2;0;-2,040062;0,848220;0,647371;0,447947;11
4893;286;9;10;15;38;48;49;0;0;-1,146372;-1,2345;31;2;0;-4,018210;-0,408632;1,094390;-1,212583;11
4894;346;9;15;28;32;44;48;0;0;1,272895;1,1848;31;2;0;-1,426496;0,887226;1,214502;0,912920;11
4895;134;4;10;15;17;32;48;0;0;0,226561;0,1384;31;2;0;-2,792935;0,176455;1,216979;0,143950;11
4896;131;4;10;15;17;28;49;0;0;0,247137;0,1590;31;2;0;-3,199090;-0,225366;0,592887;0,574870;11
4897;347;9;15;28;32;44;49;0;0;0,741409;0,6533;31;2;0;-1,503888;1,439497;0,682662;-0,390986;11
4898;461;17;32;38;44;48;49;0;0;0,055819;-0,0323;31;2;0;-2,815223;0,838933;-0,112931;-0,759993;11
4899;299;9;10;17;32;38;48;0;0;-0,585554;-0,6737;31;2;0;-3,249240;0,206792;-0,166177;-1,034890;11
4900;107;4;9;17;32;48;49;0;0;-0,056695;-0,1448;31;2;0;-2,984248;-0,053246;1,777299;-0,026933;11
4901;372;9;17;38;44;48;49;0;0;0,731340;0,6432;31;2;0;-1,639479;0,275517;-0,215089;0,758754;11
4902;434;10;32;38;44;48;49;0;0;0,707699;0,6196;31;2;0;-1,754639;2,033871;-0,217565;-1,033033;11
4903;458;17;28;32;38;48;49;0;0;0,163518;0,0754;31;2;0;-2,724829;1,328672;0,118627;-1,097423;11
4904;44;4;9;10;28;44;48;0;0;-0,737469;-0,8256;31;2;0;-2,997869;0,365292;0,692569;-1,408231;11
4905;436;15;17;28;32;38;48;0;0;-0,487925;-0,5761;31;2;0;-1,928617;0,173359;0,565645;-0,863389;11
4906;390;10;15;17;32;38;48;0;0;-2,321420;-2,4096;31;2;0;-2,702540;-1,373250;-0,702351;-1,909733;11
4907;198;4;15;17;28;32;44;0;0;1,000585;0,9124;31;2;0;-2,691396;1,466120;0,491348;-0,051079;11
4908;317;9;10;28;44;48;49;0;0;-1,360017;-1,4482;31;2;0;-2,814604;0,423491;0,914220;-2,346845;11
4909;19;4;9;10;15;44;48;0;0;1,840718;1,7526;31;2;0;-1,936047;1,388728;0,713619;1,214441;11
4910;298;9;10;17;32;38;44;0;0;2,518428;2,4303;31;2;0;-1,587472;1,593663;1,615704;1,967932;11
4911;258;9;10;15;17;32;38;0;0;0,448961;0,3608;31;2;0;-2,539707;0,931185;1,644185;-0,296258;11
4912;52;4;9;10;32;48;49;0;0;-0,705072;-0,7932;31;2;0;-1,133643;0,262515;2,026193;-1,259638;11
4913;16;4;9;10;15;38;44;0;0;-0,555345;-0,6435;31;2;0;-2,296385;-0,412965;1,252270;-0,372412;11
4914;295;9;10;17;28;44;48;0;0;-0,778622;-0,8668;31;2;0;-1,110116;-0,044578;-0,327153;-1,056560;11
4915;15;4;9;10;15;32;49;0;0;-0,120176;-0,2083;31;2;0;-1,231467;-0,629664;0,794726;0,459710;11
4916;447;15;17;32;38;48;49;0;0;-0,563664;-0,6518;31;2;0;-3,098170;0,432159;1,681333;-1,229300;11
4917;305;9;10;17;38;44;49;0;0;-1,826271;-1,9144;31;2;0;-3,194756;-0,687863;-0,055351;-1,894874;11
4918;279;9;10;15;32;38;48;0;0;0,922657;0,8345;31;2;0;0,349194;1,962050;1,388480;-0,657216;11
4919;231;4;15;38;44;48;49;0;0;-0,440205;-0,5283;31;2;0;-2,877137;-0,793736;1,195309;0,171192;11
4920;138;4;10;15;17;38;49;0;0;-0,490552;-0,5787;31;2;0;-1,553419;-0,017336;0,479585;-0,676409;11
4921;157;4;10;15;32;48;49;0;0;1,539951;1,4518;31;2;0;-1,667340;3,189183;0,862213;-1,011363;11
4922;14;4;9;10;15;32;48;0;0;1,877493;1,7894;31;2;0;-2,336010;1,173268;0,411480;1,481908;11
4923;348;9;15;28;32;48;49;0;0;0,385918;0,2978;31;2;0;-1,944095;1,248803;0,542737;-0,703032;11
4924;154;4;10;15;32;38;49;0;0;1,619193;1,5311;31;2;0;-2,244378;2,251807;2,284993;0,038077;11
4925;72;4;9;15;28;32;38;0;0;1,426124;1,3380;31;2;0;-1,777547;2,401639;0,549547;-0,384795;11
4926;156;4;10;15;32;44;49;0;0;-0,744036;-0,8322;31;2;0;-3,548903;0,780734;0,093242;-1,832960;11
4927;186;4;10;28;32;44;49;0;0;-0,501497;-0,5896;31;2;0;-2,376254;0,764636;-0,197753;-1,473860;11
4928;215;4;15;17;38;48;49;0;0;-0,977382;-1,0655;31;2;0;-1,591186;-1,289047;1,270844;-0,093180;11
4929;204;4;15;17;28;44;48;0;0;0,644218;0,5561;31;2;0;-2,183083;0,357862;2,589609;0,553200;11
4930;34;4;9;10;17;44;48;0;0;-0,435827;-0,5240;31;2;0;-2,046253;-0,276136;1,325947;-0,340217;11
4931;201;4;15;17;28;38;44;0;0;-0,101788;-0,1899;31;2;0;-1,845033;-0,375817;-1,447794;0,231867;11
4932;7;4;9;10;15;28;32;0;0;-0,157826;-0,2460;31;2;0;-3,093217;-0,138687;1,662140;-0,084512;11
4933;459;17;28;32;44;48;49;0;0;0,148194;0,0601;31;2;0;-1,042629;1,394300;-0,823083;-1,184722;11
4934;280;9;10;15;32;38;49;0;0;-0,653850;-0,7420;31;2;0;-2,365110;0,147974;1,515404;-1,072658;11
4935;38;4;9;10;28;32;44;0;0;0,457279;0,3691;31;2;0;-0,599945;-0,173978;-0,559330;0,820668;11
4936;164;4;10;17;28;32;48;0;0;-0,540899;-0,6290;31;2;0;-0,730584;0,527506;0,079002;-1,292452;11
4937;420;10;17;28;38;44;48;0;0;0,181905;0,0938;31;2;0;-1,755258;-0,074297;-0,289385;0,331549;11
4938;364;9;17;28;38;44;48;0;0;-0,775120;-0,8633;31;2;0;-1,597997;-0,893417;0,189828;-0,202768;11
4939;119;4;9;28;38;44;49;0;0;2,701865;2,6137;31;2;0;-2,112501;2,178130;-0,016964;1,642884;11
4940;328;9;15;17;28;38;48;0;0;-0,327692;-0,4158;31;2;0;-2,352727;0,023527;0,867785;-0,486953;11
4941;248;4;28;32;38;44;49;0;0;-0,973442;-1,0616;31;2;0;-1,990531;0,530602;-0,064638;-1,907257;11
4942;385;10;15;17;28;38;49;0;0;-0,923971;-1,0121;31;2;0;-2,344678;-1,391824;0,847972;0,085132;11
4943;261;9;10;15;17;32;49;0;0;-0,417439;-0,5056;31;2;0;-1,130547;-0,042101;0,459153;-0,548247;11
4944;118;4;9;28;38;44;48;0;0;-1,637142;-1,7253;31;2;0;-2,764454;-1,430829;0,727240;-0,884440;11
4945;26;4;9;10;17;28;49;0;0;-0,737907;-0,8260;31;2;0;-3,122936;-1,272949;0,904933;0,229391;11
4946;310;9;10;28;32;38;49;0;0;0,581614;0,4935;31;2;0;-1,751543;0,619139;0,591030;0,203387;11
4947;79;4;9;15;28;44;48;0;0;-1,964615;-2,0528;31;2;0;-1,726159;-1,308859;-0,483176;-1,469526;11
4948;409;10;15;32;38;44;48;0;0;-0,597812;-0,6859;31;2;0;-1,070491;-0,749158;1,032476;-0,096276;11
4949;404;10;15;28;32;48;49;0;0;0,769866;0,6817;31;2;0;-3,541473;1,910662;1,083864;-0,821907;11
4950;332;9;15;17;28;48;49;0;0;-0,774244;-0,8624;31;2;0;-2,532277;0,303997;0,653563;-1,398944;11
4951;302;9;10;17;32;44;49;0;0;-0,146443;-0,2346;31;2;0;-2,746499;-0,747300;-1,048449;0,540198;11
4952;358;9;17;28;32;38;44;0;0;-0,530829;-0,6190;31;2;0;-2,246854;0,306474;0,643657;-1,057179;11
4953;48;4;9;10;32;38;48;0;0;-0,244072;-0,3322;31;2;0;-1,821506;0,660002;-1,312203;-1,005172;11
4954;427;10;17;32;44;48;49;0;0;1,039987;0,9519;31;2;0;-2,438787;1,524939;-0,595859;-0,054175;11
4955;22;4;9;10;17;28;32;0;0;-1,463775;-1,5519;31;2;0;-3,245525;-2,440645;1,138348;0,370554;11
4956;207;4;15;17;32;38;44;0;0;-0,844292;-0,9324;31;2;0;-2,727306;-0,681672;1,972947;-0,512337;11
4957;351;9;15;28;38;48;49;0;0;2,060930;1,9728;31;2;0;-3,055449;1,707584;0,797822;1,207011;11
4958;60;4;9;15;17;28;48;0;0;0,160015;0,0719;31;2;0;0,610471;0,017336;1,190356;0,208959;11
4959;277;9;10;15;28;48;49;0;0;-0,786065;-0,8742;31;2;0;-2,579332;-0,204316;0,823207;-0,907348;11
4960;382;10;15;17;28;32;49;0;0;0,155199;0,0671;31;2;0;-1,096495;1,513794;1,658425;-1,294309;11
4961;196;4;10;38;44;48;49;0;0;0,006786;-0,0814;31;2;0;-2,929145;0,588182;0,285175;-0,578585;11
4962;309;9;10;28;32;38;48;0;0;0,047939;-0,0402;31;2;0;-2,527324;0,205554;-0,342631;-0,137758;11
4963;452;15;28;32;38;48;49;0;0;0,516382;0,4282;31;2;0;-1,763307;1,699536;-0,421881;-0,969262;11
4964;323;9;15;17;28;32;38;0;0;0,826780;0,7386;31;2;0;-3,044305;0,682910;-0,012011;0,486333;11
4965;184;4;10;28;32;38;49;0;0;0,994894;0,9068;31;2;0;-3,156988;1,321861;0,166301;0,085132;11
4966;388;10;15;17;28;48;49;0;0;0,754543;0,6664;31;2;0;-3,418265;-1,064919;-0,049779;2,132004;11
4967;311;9;10;28;32;44;48;0;0;-0,918279;-1,0064;31;2;0;-2,385541;0,390677;1,060337;-1,689320;11
4968;334;9;15;17;32;38;48;0;0;1,885374;1,7972;31;2;0;-2,679632;1,469216;1,059718;1,197105;11
4969;456;17;28;32;38;44;48;0;0;0,165269;0,0771;31;2;0;-2,032013;0,149832;1,109868;0,083893;11
4970;105;4;9;17;32;44;48;0;0;-0,516819;-0,6050;31;2;0;-2,599144;0,009287;-0,159366;-0,740180;11
4971;306;9;10;17;38;48;49;0;0;-2,159872;-2,2480;31;2;0;-1,575708;-1,180697;0,882644;-1,873823;11
4972;296;9;10;17;28;44;49;0;0;-0,395988;-0,4841;31;2;0;-1,180697;0,271802;0,550786;-0,831813;11
4973;200;4;15;17;28;32;49;0;0;3,033277;2,9451;31;2;0;-3,126650;2,692634;1,480732;1,597068;11
4974;365;9;17;28;38;44;49;0;0;-0,494930;-0,5831;31;2;0;-1,198653;0,475498;1,776061;-1,175435;11
4975;50;4;9;10;32;44;48;0;0;-1,030793;-1,1189;31;2;0;-2,561996;-1,498935;1,338330;0,041173;11
4976;396;10;15;17;38;44;49;0;0;1,334187;1,2461;31;2;0;-3,611436;2,194847;-0,399592;-0,308021;11
4977;122;4;9;32;38;44;48;0;0;-0,102663;-0,1908;31;2;0;-1,107020;-0,630902;1,163114;0,485714;11
4978;58;4;9;15;17;28;38;0;0;-0,268150;-0,3563;31;2;0;-1,962050;1,061823;-0,330868;-1,441045;11
4979;33;4;9;10;17;38;49;0;0;-0,158264;-0,2464;31;2;0;-1,461786;0,598088;1,018855;-0,821907;11
4980;147;4;10;15;28;38;48;0;0;3,011388;2,9233;31;2;0;-0,760921;2,624529;1,236172;1,634217;11
4981;378;9;32;38;44;48;49;0;0;-1,240061;-1,3282;31;2;0;-1,880943;0,836456;0,040615;-2,590167;11
4982;180;4;10;17;38;48;49;0;0;-0,085589;-0,1737;31;2;0;-0,712009;0,222271;1,004614;-0,343312;11
4983;340;9;15;17;38;44;49;0;0;0,329005;0,2409;31;2;0;-0,953474;1,384394;1,104296;-0,919111;11
4984;42;4;9;10;28;38;48;0;0;-1,406861;-1,4950;31;2;0;-2,567568;-1,356533;-0,277622;-0,633069;11
4985;162;4;10;17;28;32;38;0;0;0,562788;0,4747;31;2;0;-1,944095;0,742347;-1,027399;0,053555;11
4986;450;15;28;32;38;44;48;0;0;-0,111857;-0,2000;31;2;0;-2,612765;-0,433397;0,082098;0,275207;11
4987;67;4;9;15;17;38;48;0;0;1,045240;0,9571;31;2;0;-1,780024;0,827169;-0,293719;0,651024;11
4988;210;4;15;17;32;44;48;0;0;1,524628;1,4365;31;2;0;-3,358208;0,857507;1,704241;1,298643;11
4989;91;4;9;15;44;48;49;0;0;1,414742;1,3266;31;2;0;-2,657962;2,132933;0,722287;-0,132186;11
4990;143;4;10;15;28;32;44;0;0;0,167457;0,0793;31;2;0;-2,521133;1,549704;1,703622;-1,312884;11
4991;426;10;17;32;38;48;49;0;0;1,792123;1,7040;31;2;0;-3,259765;0,401202;-0,763026;2,133242;11
4992;188;4;10;28;38;44;48;0;0;1,683987;1,5959;31;2;0;-2,167604;1,118784;1,200262;1,262733;11
4993;224;4;15;28;38;44;49;0;0;0,293106;0,2050;31;2;0;-4,293727;-0,970809;1,367430;1,385323;11
4994;367;9;17;28;44;48;49;0;0;0,564977;0,4768;31;2;0;-0,513266;1,474788;-0,780362;-0,675790;11
4995;116;4;9;28;32;44;49;0;0;-0,210800;-0,2989;31;2;0;-1,088446;-0,208650;0,909267;-0,089466;11
4996;330;9;15;17;28;44;48;0;0;0,499746;0,4116;31;2;0;-2,977438;2,105691;-0,592144;-1,398944;11
4997;219;4;15;28;32;38;49;0;0;1,390224;1,3021;31;2;0;0,236511;1,100209;1,253508;0,865865;11
4998;315;9;10;28;38;44;49;0;0;-1,246627;-1,3348;31;2;0;-2,537230;-0,071201;1,478255;-1,691796;11
4999;289;9;10;17;28;32;44;0;0;-0,269464;-0,3576;31;2;0;-2,226423;0,082345;1,168686;-0,463425;11
5000;416;10;17;28;32;38;49;0;0;-0,047939;-0,1361;31;2;0;-1,231467;0,544223;0,447390;-0,612019;11
5001;457;17;28;32;38;44;49;0;0;-0,588181;-0,6763;31;2;0;-2,092689;1,073586;-1,058356;-1,905399;11
5002;356;9;15;32;44;48;49;0;0;0,240570;0,1524;31;2;0;-3,093217;-0,036529;-0,330868;0,376746;11
5003;173;4;10;17;32;38;48;0;0;0,211238;0,1231;31;2;0;-3,212711;0,427825;1,414484;-0,129090;11
5004;287;9;10;15;44;48;49;0;0;0,778622;0,6905;31;2;0;-1,024055;0,854411;0,113674;0,246727;11
5005;361;9;17;28;32;44;48;0;0;-0,439330;-0,5275;31;2;0;-1,472931;0,567131;-0,251618;-1,188437;11
5006;380;10;15;17;28;32;44;0;0;1,667788;1,5797;31;2;0;-1,505745;1,801694;0,121104;0,556915;11
5007;444;15;17;28;44;48;49;0;0;-0,238381;-0,3265;31;2;0;-1,821506;0,199982;-1,236668;-0,537103;11
5008;216;4;15;17;44;48;49;0;0;-0,921782;-1,0099;31;2;0;-4,095603;-1,161504;0,530354;-0,142092;11
5009;94;4;9;17;28;32;48;0;0;-0,307990;-0,3961;31;2;0;-4,097460;-0,395010;0,906171;-0,040554;11
5010;320;9;10;32;38;48;49;0;0;-0,090843;-0,1790;31;2;0;-1,531749;-1,081016;-0,145745;0,952545;11
5011;433;10;28;38;44;48;49;0;0;1,346883;1,2587;31;2;0;-1,581280;1,397396;-0,047921;0,507384;11
5012;297;9;10;17;28;48;49;0;0;-0,443270;-0,5314;31;2;0;-1,962670;0,579514;1,927131;-1,206392;11
5013;159;4;10;15;38;44;49;0;0;-0,132872;-0,2210;31;2;0;-3,491942;1,068014;1,602702;-1,255923;11
5014;342;9;15;17;44;48;49;0;0;1,099528;1,0114;31;2;0;-2,295766;-0,139306;-0,887473;1,694273;11
5015;101;4;9;17;28;48;49;0;0;-1,341629;-1,4298;31;2;0;-1,326814;0,375198;-0,463363;-2,272548;11
5016;423;10;17;28;44;48;49;0;0;-1,501425;-1,5896;31;2;0;-1,090922;-0,708914;1,558744;-1,414422;11
5017;17;4;9;10;15;38;48;0;0;1,367897;1,2798;31;2;0;-2,428262;2,245616;0,181779;-0,311117;11
5018;363;9;17;28;32;48;49;0;0;0,057570;-0,0306;31;2;0;-1,942857;0,863698;0,883263;-0,782282;11
5019;291;9;10;17;28;32;49;0;0;-0,463408;-0,5515;31;2;0;-1,467359;0,663717;1,820639;-1,319075;11
5020;395;10;15;17;38;44;48;0;0;-0,084276;-0,1724;31;2;0;-3,272767;0,764636;1,412008;-0,883820;11
5021;27;4;9;10;17;32;38;0;0;-0,346079;-0,4342;31;2;0;-1,373869;-0,354147;-0,883139;-0,135282;11
5022;455;15;32;38;44;48;49;0;0;0,326377;0,2382;31;2;0;-1,271711;0,470545;1,944467;-0,008978;11
5023;71;4;9;15;17;48;49;0;0;1,991758;1,9036;31;2;0;-3,454175;2,353346;0,585458;0,463425;11
5024;443;15;17;28;38;48;49;0;0;0,405619;0,3175;31;2;0;-3,606483;1,249422;3,183363;-0,675790;11
5025;65;4;9;15;17;32;49;0;0;-0,357899;-0,4460;31;2;0;-3,309296;1,069872;1,919701;-1,576017;11
5026;242;4;17;32;38;44;48;0;0;1,390663;1,3025;31;2;0;-0,068105;2,226423;0,857879;-0,259729;11
5027;4;4;9;10;15;17;44;0;0;0,233127;0,1450;31;2;0;-2,849895;-0,686625;0,628797;1,016316;11
5028;191;4;10;28;44;48;49;0;0;-0,265962;-0,3541;31;2;0;-3,191660;0,011144;0,028233;-0,387271;11
5029;339;9;15;17;38;44;48;0;0;0,074207;0,8186;32;2;0;-1,212273;0,496983;0,177197;-0,392039;11
5030;209;4;15;17;32;38;49;0;0;-0,346516;0,3979;32;2;0;-0,729345;-0,905366;1,155437;0,415318;11
5031;246;4;17;38;44;48;49;0;0;-2,573591;-1,8292;32;2;0;-1,346627;-1,616138;-0,425224;-2,023469;11
5032;393;10;15;17;32;44;49;0;0;-0,293105;0,4513;32;2;0;-0,543604;-0,279417;0,788906;-0,135096;11
5033;203;4;15;17;28;38;49;0;0;-0,345202;0,3992;32;2;0;-1,391824;-0,378479;1,671798;-0,109711;11
5034;440;15;17;28;32;48;49;0;0;1,580666;2,3251;32;2;0;-1,688391;2,451603;1,082997;-0,216203;11
5035;321;9;10;32;44;48;49;0;0;-1,614815;-0,8704;32;2;0;-0,936757;-0,592082;-0,289014;-1,691611;11
5036;421;10;17;28;38;44;49;0;0;-1,212917;-0,4685;32;2;0;0,499026;-0,541313;-0,651210;-1,174011;11
5037;75;4;9;15;28;32;49;0;0;-1,022476;-0,2781;32;2;0;-0,149212;-0,718387;-0,003591;-0,727612;11
5038;379;10;15;17;28;32;38;0;0;0,294419;1,0388;32;2;0;2,362633;1,760645;0,686749;-1,344274;11
5039;233;4;17;28;32;38;48;0;0;-0,188034;0,5564;32;2;0;-0,937995;0,285237;1,269977;-0,551157;11
5040;303;9;10;17;32;48;49;0;0;-0,357024;0,3874;32;2;0;-0,450733;-1,718296;1,256975;1,213388;11
5041;376;9;28;32;44;48;49;0;0;-1,730831;-0,9864;32;2;0;-1,363963;-0,018760;0,974648;-2,429005;11
5042;355;9;15;32;38;48;49;0;0;-1,243125;-0,4987;32;2;0;-1,962670;0,632574;1,444574;-2,390618;11
5043;199;4;15;17;28;32;48;0;0;-0,742722;0,0017;32;2;0;0,193171;-1,726344;1,311460;0,675976;11
5044;47;4;9;10;32;38;44;0;0;0,181905;0,9263;32;2;0;-0,408632;0,220228;1,860016;0,037024;11
5045;127;4;10;15;17;28;32;0;0;-1,198470;-0,4541;32;2;0;-0,278612;-1,365387;-0,690216;-0,329506;11
5046;63;4;9;15;17;32;44;0;0;1,676545;2,4209;32;2;0;-0,859984;1,907381;-0,189952;0,463611;11
5047;442;15;17;28;38;44;49;0;0;-0,664795;0,0796;32;2;0;1,321242;0,432592;-0,036405;-1,372754;11
5048;177;4;10;17;32;48;49;0;0;-2,316166;-1,5718;32;2;0;-0,158499;-2,286665;0,432283;-0,988888;11
5049;185;4;10;28;32;44;48;0;0;-0,571982;0,1724;32;2;0;-0,291614;-0,905366;-0,510046;0,096462;11
5050;360;9;17;28;32;38;49;0;0;0,499746;1,2441;32;2;0;-1,496458;1,642389;-0,352785;-0,935642;11
5051;2;4;9;10;15;17;32;0;0;0,153448;0,8978;32;2;0;-0,495930;-0,444108;-0,152803;0,661116;11
5052;83;4;9;15;32;38;48;0;0;-0,205983;0,5384;32;2;0;-0,499645;0,814601;2,071762;-1,105905;11
5053;23;4;9;10;17;28;38;0;0;0,624080;1,3685;32;2;0;-1,069872;-0,382194;1,292885;1,264776;11
5054;103;4;9;17;32;38;48;0;0;0,813208;1,5576;32;2;0;-2,306292;-0,216265;-0,565769;1,366315;11
5055;336;9;15;17;32;44;48;0;0;-2,975051;-2,2307;32;2;0;1,038915;-2,094732;0,058323;-2,112625;11
5056;155;4;10;15;32;44;48;0;0;-1,553961;-0,8096;32;2;0;-1,088446;-2,030961;-0,188094;-0,166672;11
5057;244;4;17;32;38;48;49;0;0;-1,960237;-1,2158;32;2;0;1,398634;-1,049626;-0,462373;-1,722568;11
5058;424;10;17;32;38;44;48;0;0;0,912588;1,6570;32;2;0;-0,559701;0,494506;0,806862;0,796089;11
5059;312;9;10;28;32;44;49;0;0;-0,849107;-0,1047;32;2;0;-0,009906;-0,976567;-0,469802;-0,224252;11
5060;222;4;15;28;32;48;49;0;0;-2,544696;-1,8003;32;2;0;0,933042;-1,471878;1,274311;-2,126865;11
5061;449;15;17;38;44;48;49;0;0;-0,857863;-0,1135;32;2;0;-0,686006;-0,306659;-0,347832;-0,906543;11
5062;30;4;9;10;17;32;49;0;0;0,172273;0,9167;32;2;0;-1,037057;-1,066343;-0,913725;1,309974;11
5063;432;10;28;32;44;48;49;0;0;-0,542650;0,2017;32;2;0;0,370864;-0,674428;1,868684;-0,092995;11
5064;206;4;15;17;28;48;49;0;0;-1,150312;-0,4059;32;2;0;-0,224128;-0,996999;-0,552767;-0,629788;11
5065;82;4;9;15;32;38;44;0;0;-0,236191;0,5082;32;2;0;-0,328144;0,975577;-0,113798;-1,309602;11
5066;133;4;10;15;17;32;44;0;0;-0,900329;-0,1559;32;2;0;-0,714486;-0,167353;0,665698;-1,105905;11
5067;43;4;9;10;28;38;49;0;0;-0,337761;0,4066;32;2;0;-1,917472;0,536607;0,657030;-1,014273;11
5068;269;9;10;15;28;32;44;0;0;-3,048163;-2,3038;32;2;0;-0,530602;-1,615519;-0,936014;-2,695234;11
5069;322;9;10;38;44;48;49;0;0;-1,291720;-0,5473;32;2;0;0,568369;-1,114016;1,014273;-0,712752;11
5070;259;9;10;15;17;32;44;0;0;-0,850859;-0,1065;32;2;0;-0,235273;0,633812;0,832865;-1,837108;11
5071;39;4;9;10;28;32;48;0;0;-0,308866;0,4355;32;2;0;-0,838933;-0,178498;0,977744;-0,258305;11
5072;40;4;9;10;28;32;49;0;0;-2,115217;-1,3708;32;2;0;2,813366;-1,630997;-1,124232;-1,360371;11
5073;431;10;28;32;38;48;49;0;0;-1,823206;-1,0788;32;2;0;-1,282236;-0,258367;1,482342;-2,320036;11
5074;383;10;15;17;28;38;44;0;0;-1,141994;-0,3976;32;2;0;0,006811;0,929761;0,478099;-2,544784;11
5075;152;4;10;15;32;38;44;0;0;-2,658960;-1,9146;32;2;0;0,231558;-1,194504;0,915211;-2,565834;11
5076;391;10;15;17;32;38;49;0;0;-0,332507;0,4119;32;2;0;-1,232705;0,012816;-1,691363;-0,483052;11
5077;53;4;9;10;38;44;48;0;0;-0,387232;0,3572;32;2;0;0,344860;0,188032;2,342325;-0,735661;11
5078;81;4;9;15;28;48;49;0;0;-1,098652;-0,3543;32;2;0;2,161413;-0,794541;0,575304;-0,759188;11
5079;275;9;10;15;28;44;48;0;0;-0,747977;-0,0036;32;2;0;0,051389;0,500697;0,688606;-1,558496;11
5080;422;10;17;28;38;48;49;0;0;-0,800950;-0,0566;32;2;0;-1,186889;-0,337616;-0,087794;-0,795098;11
5081;220;4;15;28;32;44;48;0;0;0,597374;1,3418;32;2;0;1,241373;-0,252794;-0,846858;1,097609;11
5082;18;4;9;10;15;38;49;0;0;-0,635463;0,1089;32;2;0;-1,015387;-0,070768;1,543637;-0,827912;11
5083;293;7;9;21;26;33;39;0;0;0,692332;0,8505;33;2;0;-1,490267;0,487696;-0,343622;0,491410;12
5084;21;4;7;9;16;39;48;0;0;-1,334668;-1,1765;33;2;0;0,754730;-1,679290;1,517509;-0,208216;12
5085;377;7;26;33;36;39;48;0;0;1,805651;1,9639;33;2;0;0,857507;0,220228;0,839552;2,333348;12
5086;7;4;7;9;16;26;28;0;0;-0,681037;-0,5228;33;2;0;1,781262;-0,948706;0,025385;-0,014426;12
5087;267;7;9;16;21;39;48;0;0;-0,172755;-0,0145;33;2;0;-1,611618;0,813982;0,259419;-1,058294;12
5088;366;7;21;26;33;39;48;0;0;-0,347874;-0,1897;33;2;0;-0,209888;0,713681;0,508313;-1,205649;12
5089;285;7;9;16;33;36;48;0;0;-0,606174;-0,4480;33;2;0;-0,990003;-0,004520;-1,035200;-0,852740;12
5090;240;4;21;26;33;39;48;0;0;-0,307158;-0,1489;33;2;0;-1,411636;-1,222365;-1,811600;0,787978;12
5091;213;4;16;21;33;36;39;0;0;-0,750647;-0,5924;33;2;0;0,009287;-1,033528;-0,472403;-0,028047;12
5092;353;7;16;28;33;36;39;0;0;-1,046160;-0,8879;33;2;0;-0,148593;-1,497263;-0,762779;0,017769;12
5093;204;4;16;21;26;36;39;0;0;-0,279139;-0,1209;33;2;0;-0,404917;-0,141349;1,552181;-0,253413;12
5094;144;4;9;16;26;28;39;0;0;-0,959476;-0,8013;33;2;0;-0,286661;-0,028666;0,136211;-1,328238;12
5095;266;7;9;16;21;36;48;0;0;1,496565;1,6548;33;2;0;-1,456214;1,152031;0,224747;0,964432;12
5096;4;4;7;9;16;21;36;0;0;0,851253;1,0095;33;2;0;-2,948338;-0,124013;0,062533;1,327867;12
5097;336;7;16;21;28;36;39;0;0;0,090800;0,2490;33;2;0;-0,638332;0,993532;0,461877;-0,865122;12
5098;348;7;16;26;28;39;48;0;0;-2,011502;-1,8533;33;2;0;1,459310;-1,917039;0,230939;-0,927655;12
5099;403;9;16;26;28;36;48;0;0;0,133266;0,2915;33;2;0;0,729964;0,734732;0,331239;-0,546266;12
5100;198;4;16;21;26;28;36;0;0;-1,417850;-1,2596;33;2;0;-1,095876;-1,845219;0,041482;-0,159924;12
5101;362;7;21;26;28;36;48;0;0;-0,494098;-0,3359;33;2;0;0,372721;-1,991336;-2,081544;1,292576;12
5102;302;7;9;21;28;36;48;0;0;-0,539191;-0,3810;33;2;0;-1,875371;1,502464;0,292853;-2,264995;12
5103;294;7;9;21;26;33;48;0;0;-2,439668;-2,2815;33;2;0;0,024766;-0,945610;0,151689;-2,504602;12
5104;345;7;16;26;28;33;48;0;0;-0,530873;-0,3727;33;2;0;-0,751015;0,625144;-0,008668;-1,375912;12
5105;253;7;9;16;21;26;28;0;0;0,055337;0,2136;33;2;0;-0,009906;1,691920;1,380060;-1,613661;12
5106;218;4;16;26;28;33;39;0;0;-1,004131;-0,8459;33;2;0;-0,385104;-1,033528;-2,336629;-0,386528;12
5107;124;4;7;28;33;39;48;0;0;-0,697674;-0,5395;33;2;0;0,110207;0,669103;1,160266;-1,655763;12
5108;182;4;9;26;28;33;36;0;0;-0,063305;0,0949;33;2;0;0,450114;0,082160;0,375817;-0,171687;12
5109;100;4;7;21;26;36;48;0;0;-0,453820;-0,2956;33;2;0;0,448876;-1,139401;-0,282327;0,497602;12
5110;252;4;28;33;36;39;48;0;0;0,033885;0,1921;33;2;0;-0,326286;-1,004429;0,419776;1,052350;12
5111;323;7;16;21;26;28;33;0;0;-0,450318;-0,2921;33;2;0;-1,249422;1,416404;-1,479741;-2,053250;12
5112;247;4;26;28;33;36;39;0;0;-2,281186;-2,1230;33;2;0;-0,774542;-1,097919;0,303997;-2,128165;12
5113;69;4;7;16;21;36;39;0;0;0,035637;0,1939;33;2;0;0,053246;0,427020;1,034581;-0,376622;12
5114;452;16;26;28;33;39;48;0;0;0,009806;0,1680;33;2;0;-0,133734;0,621429;-0,501502;-0,607561;12
5115;257;7;9;16;21;26;48;0;0;0,308385;0,4666;33;2;0;-1,765784;-0,735722;1,046344;1,171844;12
5116;387;9;16;21;26;36;48;0;0;0,628852;0,7871;33;2;0;1,349103;0,659197;-0,698388;0,230134;12
5117;317;7;9;26;36;39;48;0;0;0,155593;0,3138;33;2;0;-1,221561;-0,839738;0,752253;1,059780;12
5118;299;7;9;21;28;33;39;0;0;0,591639;0,7499;33;2;0;0,497788;-0,639137;0,221033;1,475841;12
5119;30;4;7;9;21;28;48;0;0;0,781205;0,9394;33;2;0;-2,487699;0,891993;-0,147355;0,212798;12
5120;251;4;26;33;36;39;48;0;0;0,499701;0,6579;33;2;0;-1,258090;0,103210;-0,947282;0,603474;12
5121;151;4;9;16;26;39;48;0;0;0,104809;0,2630;33;2;0;-0,830884;0,765689;0,034672;-0,617467;12
5122;190;4;9;26;33;39;48;0;0;-1,291326;-1,1331;33;2;0;-0,961522;0,193605;1,064299;-2,019816;12
5123;159;4;9;16;33;36;48;0;0;0,363109;0,5213;33;2;0;0,743586;-0,212550;-2,214659;0,726064;12
5124;393;9;16;21;28;36;48;0;0;-1,550940;-1,3927;33;2;0;-0,534936;-2,159122;-2,065447;-0,034238;12
5125;315;7;9;26;33;36;48;0;0;-0,408728;-0,2505;33;2;0;-1,673532;-0,562983;1,816553;-0,015045;12
5126;417;9;21;26;28;36;39;0;0;-0,799242;-0,6410;33;2;0;1,025294;-0,552457;1,794883;-0,577842;12
5127;132;4;9;16;21;28;33;0;0;0,064531;0,2227;33;2;0;0,112683;0,986102;0,044578;-0,894841;12
5128;312;7;9;26;28;36;48;0;0;1,716340;1,8746;33;2;0;-1,022198;1,293814;0,672385;1,133457;12
5129;347;7;16;26;28;36;48;0;0;0,174418;0,3326;33;2;0;0,598707;1,348917;0,905181;-1,102253;12
5130;201;4;16;21;26;33;36;0;0;-0,050172;0,1080;33;2;0;-0,627807;0,241897;-1,768879;-0,312851;12
5131;229;4;16;28;33;39;48;0;0;-0,307159;-0,1489;33;2;0;0,872986;0,078445;0,495311;-0,512833;12
5132;360;7;21;26;28;33;48;0;0;0,564058;0,7223;33;2;0;-0,546699;-0,072006;-1,070491;0,869704;12
5133;318;7;9;28;33;36;39;0;0;0,925241;1,0835;33;2;0;0,496549;0,139740;0,211126;1,168748;12
5134;371;7;21;28;36;39;48;0;0;0,297877;0,4561;33;2;0;1,148502;-0,333901;0,232796;0,755163;12
5135;325;7;16;21;26;28;39;0;0;-0,859221;-0,7010;33;2;0;-0,744205;-1,437207;-1,025913;0,222085;12
5136;178;4;9;21;33;36;39;0;0;-1,923067;-1,7649;33;2;0;-0,793117;-1,691053;0,280470;-1,028575;12
5137;330;7;16;21;26;36;39;0;0;-0,681913;-0,5237;33;2;0;-1,024675;-0,032381;-0,160357;-0,931989;12
5138;108;4;7;21;33;36;39;0;0;0,639797;0,7980;33;2;0;1,618428;-0,678762;-0,502121;1,583571;12
5139;411;9;16;28;33;39;48;0;0;0,227830;0,3860;33;2;0;1,220322;1,103739;0,128781;-0,781539;12
5140;462;26;28;33;36;39;48;0;0;0,183612;0,3418;33;2;0;0,614805;0,001053;-0,881653;0,258614;12
5141;432;9;26;28;36;39;48;0;0;-1,997056;-1,8388;33;2;0;0,790021;-1,317094;0,740490;-1,507169;12
5142;83;4;7;16;28;33;39;0;0;-0,194645;-0,0364;33;2;0;-0,556606;0,189890;-1,394300;-0,465159;12
5143;72;4;7;16;26;28;33;0;0;0,529034;0,6873;33;2;0;-0,438350;1,728449;1,771975;-0,980282;12
5144;20;4;7;9;16;36;48;0;0;-0,675783;-0,5176;33;2;0;-0,010525;-0,320280;-0,500264;-0,635422;12
5145;191;4;9;26;36;39;48;0;0;0,592077;0,7503;33;2;0;1,012292;0,186794;-1,147883;0,650529;12
5146;217;4;16;26;28;33;36;0;0;0,967707;1,1259;33;2;0;-0,102777;0,940905;1,478503;0,427639;12
5147;327;7;16;21;26;33;36;0;0;1,357347;1,5156;33;2;0;-0,933042;1,628149;-1,142311;0,291429;12
5148;130;4;9;16;21;26;39;0;0;0,975587;1,1338;33;2;0;2,744642;1,002819;0,292853;0,376870;12
5149;234;4;21;26;28;33;48;0;0;0,159533;0,3178;33;2;0;-0,957188;2,029351;0,911991;-1,803737;12
5150;27;4;7;9;21;28;33;0;0;0,136330;0,2945;33;2;0;-0,437112;-0,277560;0,427206;0,470360;12
5151;196;4;9;33;36;39;48;0;0;0,511522;0,6697;33;2;0;-1,357152;0,670961;0,146736;0,052441;12
5152;171;4;9;21;26;39;48;0;0;-0,129850;0,0284;33;2;0;-1,849986;-1,387056;-0,128781;1,203420;12
5153;270;7;9;16;26;28;39;0;0;-1,017266;-0,8590;33;2;0;0,555987;-1,216174;-1,601093;-0,222457;12
5154;123;4;7;28;33;36;48;0;0;-1,807489;-1,6493;33;2;0;-0,157880;-1,265705;-0,525030;-1,290471;12
5155;81;4;7;16;26;39;48;0;0;0,275112;0,4333;33;2;0;1,206082;0,459215;0,544223;-0,070148;12
5156;305;7;9;21;33;36;48;0;0;-0,872793;-0,7146;33;2;0;1,005481;-1,036005;-1,963289;-0,198310;12
5157;172;4;9;21;28;33;36;0;0;0,371865;0,5301;33;2;0;-1,629573;0,273474;-0,850077;0,252423;12
5158;80;4;7;16;26;36;48;0;0;-1,757580;-1,5994;33;2;0;1,027770;-2,056345;0,590039;-0,429249;12
5159;263;7;9;16;21;33;39;0;0;-0,901249;-0,7430;33;2;0;-1,161504;-0,003281;0,212984;-1,271277;12
5160;42;4;7;9;26;33;39;0;0;-1,213836;-1,0556;33;2;0;0,673004;0,246851;1,510079;-1,963474;12
5161;174;4;9;21;28;33;48;0;0;-0,705554;-0,5473;33;2;0;-1,031485;-1,671860;0,000619;0,674056;12
5162;268;7;9;16;26;28;33;0;0;0,979090;1,1373;33;2;0;0,728107;1,095071;-0,564654;0,289571;12
5163;89;4;7;16;33;36;48;0;0;-0,210405;-0,0522;33;2;0;-1,065538;-0,291800;-0,873605;-0,005758;12
5164;184;4;9;26;28;33;48;0;0;-1,060169;-0,9020;33;2;0;-0,578895;-0,590844;1,762688;-0,908462;12
5165;389;9;16;21;28;33;36;0;0;-0,545758;-0,3875;33;2;0;-2,723591;-0,332663;-1,306383;-0,439155;12
5166;46;4;7;9;26;39;48;0;0;0,616156;0,7744;33;2;0;-1,875371;-0,327710;-1,350341;1,199086;12
5167;24;4;7;9;21;26;36;0;0;-0,176258;-0,0180;33;2;0;0,056342;0,246231;1,312574;-0,495497;12
5168;406;9;16;26;33;36;48;0;0;-0,265130;-0,1069;33;2;0;0,842648;-0,028666;-0,949140;-0,346284;12
5169;292;7;9;21;26;33;36;0;0;-0,029158;0,1291;33;2;0;-2,719876;0,146550;-0,108349;-0,187785;12
5170;112;4;7;26;28;33;36;0;0;1,064897;1,2231;33;2;0;-1,472312;-0,896699;-0,216699;2,402691;12
5171;322;7;9;33;36;39;48;0;0;-0,811501;-0,6533;33;2;0;-0,682291;-0,536360;-1,001147;-0,611276;12
5172;453;16;26;28;36;39;48;0;0;0,075476;0,2337;33;2;0;-0,799308;0,857321;0,101539;-0,750582;12
5173;99;4;7;21;26;36;39;0;0;1,066649;1,2249;33;2;0;1,425257;1,022631;-2,493271;0,485838;12
5174;281;7;9;16;28;36;39;0;0;-0,119781;0,0384;33;2;0;-1,398634;-0,175402;-0,250132;0,006006;12
5175;33;4;7;9;21;33;48;0;0;-1,629306;-1,4711;33;2;0;-0,101539;-1,689196;-1,229609;-0,614990;12
5176;92;4;7;21;26;28;33;0;0;-1,958091;-1,7999;33;2;0;-1,827078;-1,494167;-0,198124;-1,274992;12
5177;326;7;16;21;26;28;48;0;0;-1,374946;-1,2167;33;2;0;-0,227843;-0,220599;1,207940;-1,723868;12
5178;36;4;7;9;21;39;48;0;0;0,917360;1,0756;33;2;0;0,720677;-0,320900;-0,481690;1,618243;12
5179;272;7;9;16;26;33;36;0;0;0,016811;0,1750;33;2;0;0,151689;-0,556791;0,793117;0,580566;12
5180;354;7;16;28;33;36;48;0;0;0,354791;0,5130;33;2;0;-2,918620;1,217041;-1,247564;-0,715291;12
5181;152;4;9;16;28;33;36;0;0;-0,428866;-0,2706;33;2;0;0,083584;-1,300996;-0,886607;0,694488;12
5182;262;7;9;16;21;33;36;0;0;-0,010770;0,1474;33;2;0;-0,473022;0,665388;0,151689;-0,680619;12
5183;66;4;7;16;21;33;36;0;0;1,884454;2,0427;33;2;0;-0,824693;1,389161;1,924283;1,275859;12
5184;301;7;9;21;28;36;39;0;0;1,520207;1,6784;33;2;0;0,003096;0,924807;-0,309569;1,225090;12
5185;6;4;7;9;16;21;48;0;0;-2,764952;-2,6067;33;2;0;-1,439497;-1,218651;-0,330620;-2,691582;12
5186;26;4;7;9;21;26;48;0;0;-2,583265;-2,4250;33;2;0;-0,809214;-2,525033;-0,139925;-1,128256;12
5187;86;4;7;16;28;36;48;0;0;-0,402598;-0,2444;33;2;0;1,679104;0,578709;-0,277374;-1,148069;12
5188;220;4;16;26;28;36;39;0;0;-1,574581;-1,4164;33;2;0;-0,430921;-0,489924;0,903942;-1,736870;12
5189;105;4;7;21;28;36;39;0;0;-1,501907;-1,3437;33;2;0;0,159119;0,113736;0,503979;-2,237753;12
5190;54;4;7;9;33;36;48;0;0;0,620971;0,7792;33;2;0;0,255704;1,200324;0,206173;-0,322138;12
5191;110;4;7;21;33;39;48;0;0;-0,255060;-0,0968;33;2;0;-0,243321;-0,496116;0,451971;0,135406;12
5192;222;4;16;26;28;39;48;0;0;-1,104825;-0,9466;33;2;0;-0,534317;-0,634803;-0,109588;-0,927655;12
5193;418;9;21;26;28;36;48;0;0;-0,225728;-0,0675;33;2;0;1,511937;-0,184689;0,429063;-0,134539;12
5194;372;7;21;33;36;39;48;0;0;0,029070;0,1873;33;2;0;-1,301430;1,153889;-0,850697;-1,112778;12
5195;53;4;7;9;33;36;39;0;0;-0,230106;-0,0719;33;2;0;-0,147355;0,587996;-0,176455;-0,913415;12
5196;429;9;26;28;33;36;39;0;0;-1,472575;-1,3144;33;2;0;-0,162214;-0,420581;-0,764636;-1,661954;12
5197;365;7;21;26;33;36;48;0;0;1,065773;1,2240;33;2;0;1,284094;0,565088;-0,546080;0,942143;12
5198;436;16;21;26;28;33;39;0;0;-0,589100;-0,4309;33;2;0;0,315761;0,302573;-1,021579;-1,135686;12
5199;279;7;9;16;28;33;39;0;0;-0,900811;-0,7426;33;2;0;1,298953;-0,883077;1,182555;-0,390862;12
5200;56;4;7;9;36;39;48;0;0;0,477812;0,6360;33;2;0;-2,174415;0,979292;0,001857;-0,303564;12
5201;419;9;21;26;28;39;48;0;0;2,183908;2,3421;33;2;0;-0,001857;1,269049;-1,155313;1,819463;12
5202;269;7;9;16;26;28;36;0;0;2,785441;2,9437;33;2;0;1,871037;1,522276;-0,650096;2,416932;12
5203;390;9;16;21;28;33;39;0;0;-1,741382;-1,5832;33;2;0;-0,014240;-1,480546;1,506364;-0,982140;12
5204;368;7;21;28;33;36;39;0;0;-0,868415;-0,7102;33;2;0;-1,402349;-1,536888;-0,787544;0,308764;12
5205;114;4;7;26;28;33;48;0;0;-0,585160;-0,4269;33;2;0;0,022908;-0,224933;0,499645;-0,602608;12
5206;238;4;21;26;33;36;39;0;0;1,222504;1,3807;33;2;0;-2,241901;1,407116;0,000619;0,321766;12
5207;5;4;7;9;16;21;39;0;0;-0,577279;-0,4191;33;2;0;-1,105163;-0,281894;0,616662;-0,534502;12
5208;335;7;16;21;28;33;48;0;0;2,501310;2,6595;33;2;0;0,154785;1,003438;-1,215369;2,533949;12
5209;297;7;9;21;26;39;48;0;0;-1,269875;-1,1117;33;2;0;-1,906328;-0,012569;-1,512556;-1,783305;12
5210;290;7;9;21;26;28;39;0;0;-1,773779;-1,6156;33;2;0;0,447637;-1,686719;0,388819;-0,821783;12
5211;237;4;21;26;28;39;48;0;0;-0,160934;-0,0027;33;2;0;-0,430301;-0,686191;1,439497;0,458596;12
5212;176;4;9;21;28;36;48;0;0;0,201125;0,3593;33;2;0;0,715724;-0,556172;0,605518;0,840605;12
5213;303;7;9;21;28;39;48;0;0;-1,215150;-1,0569;33;2;0;0,291614;-1,622948;1,637003;-0,095533;12
5214;332;7;16;21;26;39;48;0;0;-0,415732;-0,2575;33;2;0;-1,138596;-0,515928;1,011053;-0,072006;12
5215;59;4;7;16;21;26;36;0;0;-0,966919;-0,8087;33;2;0;2,186179;-0,206359;0,407393;-1,161071;12
5216;428;9;21;33;36;39;48;0;0;-0,263379;-0,1052;33;2;0;-0,194410;0,085255;0,242702;-0,457729;12
5217;78;4;7;16;26;33;48;0;0;0,014185;0,1724;33;2;0;-0,212984;-0,340093;0,661240;0,360153;12
5218;363;7;21;26;28;39;48;0;0;-0,433244;-0,2750;33;2;0;-0,064390;-0,037334;0,655668;-0,575366;12
5219;295;7;9;21;26;36;39;0;0;-0,320292;-0,1621;33;2;0;0,321333;0,693250;-1,291523;-1,146211;12
5220;94;4;7;21;26;28;39;0;0;-1,133281;-0,9751;33;2;0;-0,809833;-0,778443;-0,863079;-0,824259;12
5221;455;16;28;33;36;39;48;0;0;1,131005;1,2892;33;2;0;0,100300;1,192894;0,705818;0,406588;12
5222;205;4;16;21;26;36;48;0;0;0,304882;0,4631;33;2;0;-1,396158;-0,151875;-0,858745;0,583043;12
5223;85;4;7;16;28;36;39;0;0;-0,120219;0,0380;33;2;0;-1,116926;0,295143;0,024766;-0,465159;12
5224;169;4;9;21;26;36;39;0;0;0,861322;1,0195;33;2;0;0,075535;2,121602;-1,159028;-0,903509;12
5225;304;7;9;21;33;36;39;0;0;0,551362;0,7096;33;2;0;-0,638951;1,290099;-2,264809;-0,510356;12
5226;447;16;21;28;33;39;48;0;0;-0,736637;-0,5784;33;2;0;-0,424110;-1,351765;0,832122;0,310003;12
5227;461;21;28;33;36;39;48;0;0;-1,477828;-1,3196;33;2;0;0,539889;-1,679909;-0,619758;-0,410056;12
5228;402;9;16;26;28;36;39;0;0;-1,039593;-0,8814;33;2;0;-0,760921;-0,440393;-0,261277;-1,029813;12
5229;333;7;16;21;28;33;36;0;0;1,207620;1,3658;33;2;0;-1,126213;1,768693;1,416589;-0,060861;12
5230;208;4;16;21;28;33;39;0;0;-0,470019;-0,3118;33;2;0;-0,667431;-0,100486;1,774451;-0,564221;12
5231;225;4;16;26;33;39;48;0;0;0,504517;0,6627;33;2;0;-0,245798;1,316722;0,762779;-0,603227;12
5232;434;9;28;33;36;39;48;0;0;-1,362688;-1,2045;33;2;0;-0,168406;-0,793922;-2,092070;-1,133210;12
5233;439;16;21;26;28;36;48;0;0;0,186239;0,3445;33;2;0;-0,073058;-0,547504;-0,188837;0,810886;12
5234;185;4;9;26;28;36;39;0;0;2,377852;2,5361;33;2;0;-1,173887;1,155746;-1,217227;2,207044;12
5235;320;7;9;28;33;39;48;0;0;-0,200774;-0,0426;33;2;0;0,733060;0,310622;1,562706;-0,594559;12
5236;146;4;9;16;26;33;36;0;0;-0,381585;-0,2234;33;2;0;-0,384485;0,017769;-0,854411;-0,557411;12
5237;179;4;9;21;33;36;48;0;0;2,124804;2,2830;33;2;0;-1,390585;0,691392;-0,660621;2,313535;12
5238;162;4;9;21;26;28;33;0;0;1,166904;1,3251;33;2;0;1,610380;-0,152494;-1,236420;1,802746;12
5239;283;7;9;16;28;39;48;0;0;-0,712121;-0,5539;33;2;0;-1,263043;0,256138;-0,910753;-1,263229;12
5240;65;4;7;16;21;28;48;0;0;0,115316;0,2735;33;2;0;-1,615952;-0,729531;0,552272;0,892612;12
5241;214;4;16;21;33;36;48;0;0;-0,170128;-0,0119;33;2;0;0,084822;0,090828;0,593754;-0,331425;12
5242;373;7;26;28;33;36;39;0;0;-0,238424;-0,0802;33;2;0;-2,601002;-0,363620;-0,292853;0,026437;12
5243;340;7;16;21;33;36;48;0;0;0,695835;0,8541;33;2;0;0,595611;0,823888;-1,130547;0,160171;12
5244;8;4;7;9;16;26;33;0;0;-0,332113;-0,1739;33;2;0;-0,414204;0,045011;-0,421633;-0,514690;12
5245;221;4;16;26;28;36;48;0;0;-0,584284;-0,4261;33;2;0;-0,822835;-0,828593;0,398106;0,002291;12
5246;223;4;16;26;33;36;39;0;0;0,349975;0,5082;33;2;0;0,294710;0,390491;-0,150451;0,104449;12
5247;338;7;16;21;28;39;48;0;0;0,589450;0,7477;33;2;0;-0,894036;0,020865;2,370063;0,812743;12
5248;11;4;7;9;16;26;48;0;0;-0,599169;-0,4410;33;2;0;-0,271183;-0,792064;-0,502121;-0,055289;12
5249;194;4;9;28;33;39;48;0;0;1,837172;1,9954;33;2;0;1,232705;1,610813;0,903942;0,987340;12
5250;160;4;9;16;33;39;48;0;0;-1,196324;-1,0381;33;2;0;-0,391915;-1,018669;-1,523081;-0,673189;12
5251;391;9;16;21;28;33;48;0;0;-1,386329;-1,2281;33;2;0;0,185122;-0,710957;0,053246;-1,249608;12
5252;18;4;7;9;16;33;48;0;0;-1,015514;-0,8573;33;2;0;-1,585614;-1,084917;-0,647619;-0,351237;12
5253;334;7;16;21;28;33;39;0;0;1,442279;1,6005;33;2;0;0,170263;1,137172;-0,685387;0,902518;12
5254;97;4;7;21;26;33;39;0;0;0,205501;0,3637;33;2;0;-0,459401;-0,008854;1,232705;0,299477;12
5255;212;4;16;21;28;39;48;0;0;-0,638570;-0,4804;33;2;0;-1,341054;-0,917749;0,720677;0,014674;12
5256;232;4;21;26;28;33;36;0;0;-1,147291;-0,9891;33;2;0;-1,410398;-1,123922;-2,079687;-0,498592;12
5257;246;4;21;33;36;39;48;0;0;1,297368;1,4556;33;2;0;-1,191223;1,317960;0,214222;0,516795;12
5258;170;4;9;21;26;36;48;0;0;0,496637;0,6549;33;2;0;0,222271;0,887659;0,729345;-0,185308;12
5259;276;7;9;16;26;36;48;0;0;1,019367;1,1776;33;2;0;-1,539179;0,501936;1,262424;0,939667;12
5260;165;4;9;21;26;28;48;0;0;0,156469;0,3147;33;2;0;-0,790021;-0,671951;-1,350341;0,893231;12
5261;316;7;9;26;33;39;48;0;0;0,597768;0,7560;33;2;0;-0,320095;0,418971;0,713867;0,426401;12
5262;63;4;7;16;21;28;36;0;0;-0,437184;-0,2790;33;2;0;-1,173887;0,380585;0,443303;-0,998856;12
5263;181;4;9;21;36;39;48;0;0;-1,757580;-1,5994;33;2;0;-0,206792;-1,320189;-0,985669;-1,165405;12
5264;121;4;7;26;36;39;48;0;0;-2,036895;-1,8787;33;2;0;-1,776309;-2,388204;-0,094728;-0,492401;12
5265;298;7;9;21;28;33;36;0;0;1,476427;1,6346;33;2;0;0,466831;1,186084;-1,750305;0,901899;12
5266;73;4;7;16;26;28;36;0;0;-0,959039;-0,8008;33;2;0;-1,436402;-1,097919;-0,113302;-0,258367;12
5267;243;4;21;28;33;36;48;0;0;0,265480;0,4237;33;2;0;0,235273;1,336535;-1,386251;-0,961089;12
5268;158;4;9;16;33;36;39;0;0;0,193244;0,3515;33;2;0;-0,226605;0,135406;0,369626;0,137882;12
5269;141;4;9;16;21;39;48;0;0;1,173034;1,3313;33;2;0;-0,269944;0,501936;1,438878;1,156984;12
5270;9;4;7;9;16;26;36;0;0;0,074163;0,2324;33;2;0;-1,430830;0,114355;0,725631;-0,009473;12
5271;197;4;16;21;26;28;33;0;0;-0,161810;-0,0036;33;2;0;-3,857853;-1,376531;0,390057;1,147697;12
5272;259;7;9;16;21;28;36;0;0;1,513640;1,6719;33;2;0;-0,177074;-0,015045;0,843886;2,155655;12
5273;175;4;9;21;28;36;39;0;0;0,709844;0,8681;33;2;0;0,212365;-0,062719;0,329382;1,066590;12
5274;67;4;7;16;21;33;39;0;0;1,410320;1,5685;33;2;0;-1,098971;0,652386;0,411727;1,342107;12
5275;107;4;7;21;28;39;48;0;0;-0,730508;-0,5723;33;2;0;0,863079;0,045011;0,799308;-1,078106;12
5276;254;7;9;16;21;26;33;0;0;-0,710369;-0,5522;33;2;0;1,327433;-1,052721;0,092871;0,048107;12
5277;156;4;9;16;28;36;48;0;0;-0,407414;-0,2492;33;2;0;-0,263134;-0,175402;0,082345;-0,400768;12
5278;261;7;9;16;21;28;48;0;0;-0,984868;-0,8267;33;2;0;-0,846982;-0,148779;-1,117545;-1,244035;12
5279;457;21;26;28;33;36;48;0;0;0,347786;0,5060;33;2;0;-0,656287;0,915520;-1,841938;-0,423677;12
5280;87;4;7;16;28;39;48;0;0;-0,846087;-0,6879;33;2;0;1,143549;-0,606323;0,661859;-0,590225;12
5281;273;7;9;16;26;33;39;0;0;-0,908254;-0,7500;33;2;0;-0,931185;-0,893603;0,039006;-0,390862;12
5282;202;4;16;21;26;33;39;0;0;0,944941;1,1032;33;2;0;-0,844505;0,891993;0,688482;0,444356;12
5283;438;16;21;26;28;36;39;0;0;-0,428428;-0,2702;33;2;0;-1,244469;0,534131;0,228462;-1,140020;12
5284;307;7;9;21;36;39;48;0;0;-0,444189;-0,2860;33;2;0;-0,480452;0,045011;-0,001857;-0,673189;12
5285;16;4;7;9;16;33;36;0;0;-1,521170;-1,3630;33;2;0;-0,050150;-0,759869;0,128162;-1,391390;12
5286;280;7;9;16;28;33;48;0;0;-0,403036;-0,2448;33;2;0;0,319476;-0,673809;0,133734;0,103830;12
5287;383;9;16;21;26;33;36;0;0;-0,510774;-0,5062;34;3;0;-1,989912;-0,071015;-1,078354;0,264682;12
5288;1;4;7;9;16;21;26;0;0;-3,722194;-3,7176;34;3;0;-1,844414;-3,127084;-1,699969;-1,619976;12
5289;378;7;28;33;36;39;48;0;0;-0,986554;-0,9820;34;3;0;-1,641337;-1,124170;-0,586139;0,001548;12
5290;346;7;16;26;28;36;39;0;0;0,100124;0,1047;34;3;0;-0,286661;1,369101;-1,877043;0,681362;12
5291;260;7;9;16;21;28;39;0;0;1,054900;1,0595;34;3;0;-1,614714;-1,023250;0,998856;1,851534;12
5292;456;21;26;28;33;36;39;0;0;-0,524358;-0,5198;34;3;0;-0,224128;1,141258;-1,877662;-0,171811;12
5293;74;4;7;16;26;28;39;0;0;-1,254291;-1,2497;34;3;0;-0,768970;-0,015912;-2,360590;0,204006;12
5294;77;4;7;16;26;33;39;0;0;-0,358139;-0,3536;34;3;0;-2,684585;0,028666;0,532645;-1,181626;12
5295;242;4;21;28;33;36;39;0;0;0,744982;0,7496;34;3;0;-1,175744;-0,457977;-0,100734;1,849058;12
5296;404;9;16;26;28;39;48;0;0;-0,064307;-0,0597;34;3;0;-1,818410;0,436679;-1,467792;0,919730;12
5297;149;4;9;16;26;36;39;0;0;-0,657333;-0,6528;34;3;0;-1,076682;-0,422067;0,291181;-1,007648;12
5298;219;4;16;26;28;33;48;0;0;-1,145266;-1,1407;34;3;0;-3,371210;-0,859798;-1,244283;0,120422;12
5299;249;4;26;28;33;39;48;0;0;0,845786;0,8504;34;3;0;-2,847419;-0,353962;0,706623;1,112283;12
5300;431;9;26;28;33;39;48;0;0;-1,468409;-1,4638;34;3;0;-1,391824;-1,883234;-1,236234;0,576109;12
5301;43;4;7;9;26;33;48;0;0;-0,950807;-0,9462;34;3;0;-0,524410;-1,191656;-0,701298;0,246108;12
5302;122;4;7;28;33;36;39;0;0;-1,988514;-1,9839;34;3;0;-1,267377;-0,726683;-1,823178;-0,894346;12
5303;344;7;16;26;28;33;39;0;0;-0,483964;-0,4794;34;3;0;-1,527415;0,343189;-1,043682;-0,137758;12
5304;310;7;9;26;28;33;48;0;0;1,246499;1,2511;34;3;0;-2,086497;1,742442;-0,445594;0,862151;12
5305;442;16;21;26;33;36;48;0;0;-0,303448;-0,2989;34;3;0;-1,975672;0,788968;-1,123551;-0,191004;12
5306;211;4;16;21;28;36;48;0;0;-1,467337;-1,4628;34;3;0;-2,113120;-1,605860;-0,515557;-0,420086;12
5307;55;4;7;9;33;39;48;0;0;-0,720960;-0,7164;34;3;0;-2,136029;0,662045;-0,692011;-1,218774;12
5308;125;4;7;28;36;39;48;0;0;-0,269846;-0,2653;34;3;0;-0,386343;0,787111;-0,598521;-0,655977;12
5309;188;4;9;26;33;36;39;0;0;1,514594;1,5192;34;3;0;-0,971429;0,787111;1,406869;0,429373;12
5310;331;7;16;21;26;36;48;0;0;-0,772793;-0,7682;34;3;0;-1,240754;1,399439;-2,367401;-0,370554;12
5311;341;7;16;21;33;39;48;0;0;0,133011;0,1376;34;3;0;-2,132313;0,285609;-0,830698;0,775471;12
5312;443;16;21;26;33;39;48;0;0;-0,110062;-0,1055;34;3;0;-3,486989;0,832927;-1,592239;0,568679;12
5313;45;4;7;9;26;36;48;0;0;0,015049;0,0196;34;3;0;-2,835655;-0,077207;0,175402;-0,072130;12
5314;131;4;9;16;21;26;48;0;0;0,264199;0,2688;34;3;0;-2,275954;0,689287;0,165496;-0,397177;12
5315;433;9;26;33;36;39;48;0;0;0,092260;0,0968;34;3;0;-0,451352;0,525215;-0,734732;0,369316;12
5316;244;4;21;28;33;39;48;0;0;-0,621229;-0,6167;34;3;0;-2,505654;-0,051822;-0,055537;-0,968642;12
5317;113;4;7;26;28;33;39;0;0;-0,727752;-0,7232;34;3;0;-1,045106;-0,601617;-1,282050;0,623163;12
5318;449;16;21;33;36;39;48;0;0;0,299587;0,3042;34;3;0;-1,185031;-0,873419;1,810547;-0,418228;12
5319;227;4;16;28;33;36;39;0;0;0,281714;0,2863;34;3;0;-1,946572;-0,747734;0,849025;0,386652;12
5320;425;9;21;28;33;36;48;0;0;-0,874668;-0,8701;34;3;0;-3,615770;0,046621;-0,928522;-0,633069;12
5321;186;4;9;26;28;36;48;0;0;1,660079;1,6647;34;3;0;-2,912428;1,035386;0,904747;0,935209;12
5322;271;7;9;16;26;28;48;0;0;0,915848;0,9204;34;3;0;-1,243850;0,128347;1,039720;0,418228;12
5323;385;9;16;21;26;33;48;0;0;-0,825696;-0,8211;34;3;0;-4,155659;-0,061109;-1,865898;0,496859;12
5324;150;4;9;16;26;36;48;0;0;0,924784;0,9294;34;3;0;-1,232705;0,083769;1,737489;-0,219485;12
5325;309;7;9;26;28;33;39;0;0;-2,645168;-2,6406;34;3;0;-0,967714;-2,309202;-1,632483;-0,639880;12
5326;203;4;16;21;26;33;48;0;0;0,059732;0,0643;34;3;0;-2,114359;1,023622;-0,222085;-0,698079;12
5327;441;16;21;26;33;36;39;0;0;-0,763140;-0,7586;34;3;0;0,046435;-0,821411;0,111012;-0,611399;12
5328;369;7;21;28;33;36;48;0;0;-0,804249;-0,7997;34;3;0;-0,280470;-0,696345;0,321519;-1,018174;12
5329;231;4;16;33;36;39;48;0;0;1,355524;1,3601;34;3;0;-0,984430;1,886701;0,294277;0,166858;12
5330;154;4;9;16;28;33;48;0;0;1,022729;1,0273;34;3;0;-2,443740;0,013188;0,663902;1,094328;12
5331;395;9;16;21;33;36;39;0;0;-0,482178;-0,4776;34;3;0;-1,700774;0,760488;-1,056684;-0,538960;12
5332;230;4;16;28;36;39;48;0;0;-0,047149;-0,0426;34;3;0;-1,411017;0,611276;-0,745876;0,052936;12
5333;370;7;21;28;33;39;48;0;0;-1,163139;-1,1586;34;3;0;-0,022908;-0,753925;-0,257995;-1,002695;12
5334;140;4;9;16;21;36;48;0;0;-0,066809;-0,0622;34;3;0;-0,160357;-0,095781;0,277560;-0,297496;12
5335;187;4;9;26;28;39;48;0;0;-0,731327;-0,7268;34;3;0;-0,300282;-1,679537;-0,828222;1,241063;12
5336;400;9;16;26;28;33;39;0;0;-0,025701;-0,0211;34;3;0;-1,949049;1,624806;-0,118689;-1,550633;12
5337;350;7;16;26;33;36;48;0;0;1,148912;1,1535;34;3;0;-2,660439;1,315236;-0,379346;1,054084;12
5338;224;4;16;26;33;36;48;0;0;1,349447;1,3540;34;3;0;-0,934899;-0,019627;0,936323;1,420614;12
5339;380;9;16;21;26;28;36;0;0;0,279927;0,2845;34;3;0;-3,636201;0,748105;-1,048016;0,784758;12
5340;37;4;7;9;26;28;33;0;0;-0,458228;-0,4537;34;3;0;-0,793117;-0,697584;0,308517;-0,404607;12
5341;98;4;7;21;26;33;48;0;0;-0,327755;-0,3232;34;3;0;-2,243140;-0,168220;-0,757640;0,358172;12
5342;397;9;16;21;33;39;48;0;0;-1,013363;-1,0088;34;3;0;-1,007958;1,266943;-1,504940;-1,517199;12
5343;278;7;9;16;28;33;36;0;0;1,598954;1,6035;34;3;0;-1,280998;-0,977434;0,951802;2,795102;12
5344;337;7;16;21;28;36;48;0;0;-2,737034;-2,7325;34;3;0;-2,641246;-1,844228;-1,290718;-1,605736;12
5345;14;4;7;9;16;28;39;0;0;0,694581;0,6992;34;3;0;-0,886607;1,344955;-1,804603;1,662697;12
5346;128;4;9;16;21;26;33;0;0;-1,226409;-1,2218;34;3;0;0,028480;-0,058632;-0,490791;-1,574779;12
5347;349;7;16;26;33;36;39;0;0;0,348559;0,3531;34;3;0;-0,138687;0,455872;-0,234468;0,382318;12
5348;82;4;7;16;28;33;36;0;0;-0,387808;-0,3832;34;3;0;-2,372539;0,191500;0,553077;-1,416280;12
5349;381;9;16;21;26;28;39;0;0;-2,156519;-2,1519;34;3;0;-2,318055;-1,986630;-2,003966;0,255395;12
5350;163;4;9;21;26;28;36;0;0;0,085469;0,0900;34;3;0;-1,915615;-0,850511;0,468255;0,530292;12
5351;459;21;26;28;36;39;48;0;0;-0,497548;-0,4930;34;3;0;-1,043868;0,408817;-0,186794;-1,083802;12
5352;35;4;7;9;21;36;48;0;0;-0,056800;-0,0522;34;3;0;-0,187599;-0,880229;0,997618;-0,215770;12
5353;157;4;9;16;28;39;48;0;0;0,581266;0,5858;34;3;0;-1,934189;1,079964;-0,748353;0,675171;12
5354;422;9;21;26;33;39;48;0;0;-0,629093;-0,6245;34;3;0;-1,687772;-0,915520;-0,696964;0,522863;12
5355;216;4;16;21;36;39;48;0;0;-0,285217;-0,2806;34;3;0;-2,511846;-2,038638;0,349999;1,194628;12
5356;421;9;21;26;33;36;48;0;0;-0,591918;-0,5873;34;3;0;-2,243140;-0,726064;0,378479;-0,677647;12
5357;19;4;7;9;16;36;39;0;0;-0,515421;-0,5108;34;3;0;-2,483365;0,837880;-1,530325;-0,200291;12
5358;25;4;7;9;21;26;39;0;0;-0,457513;-0,4529;34;3;0;-2,105691;-1,123551;0,577842;-0,246727;12
5359;79;4;7;16;26;36;39;0;0;0,552669;0,5572;34;3;0;-1,599235;0,220599;0,106678;0,629974;12
5360;148;4;9;16;26;33;48;0;0;-0,692722;-0,6881;34;3;0;-0,946044;-0,319290;0,371669;-1,252208;12
5361;10;4;7;9;16;26;39;0;0;1,640777;1,6454;34;3;0;-0,694674;2,165933;-1,343345;2,019321;12
5362;29;4;7;9;21;28;39;0;0;-1,596380;-1,5918;34;3;0;-1,136119;-0,836271;-0,082779;-1,845962;12
5363;109;4;7;21;33;36;48;0;0;0,466521;0,4711;34;3;0;-0,300282;-0,492030;0,745010;0,555058;12
5364;3;4;7;9;16;21;33;0;0;1,017366;1,0219;34;3;0;-1,511937;0,771013;-0,615238;1,606355;12
5365;308;7;9;26;28;33;36;0;0;0,478317;0,4829;34;3;0;-2,515560;0,415628;0,827355;-0,414513;12
5366;423;9;21;26;36;39;48;0;0;1,201101;1,2057;34;3;0;-1,637622;0,183451;0,717767;1,179150;12
5367;265;7;9;16;21;36;39;0;0;-0,129723;-0,1251;34;3;0;1,031485;-0,465407;-0,013435;0,254156;12
5368;324;7;16;21;26;28;36;0;0;-0,232671;-0,2281;34;3;0;-1,051917;0,566078;-0,485838;-0,483238;12
5369;32;4;7;9;21;33;39;0;0;-0,636600;-0,6320;34;3;0;-1,386871;-0,798503;-1,200943;0,896822;12
5370;407;9;16;26;33;39;48;0;0;-0,088614;-0,0840;34;3;0;-1,285951;-1,459743;1,578370;-0,272111;12
5371;255;7;9;16;21;26;36;0;0;0,682427;0,6870;34;3;0;-0,902704;-0,049345;0,613752;0,617591;12
5372;138;4;9;16;21;33;48;0;0;-0,521141;-0,5166;34;3;0;-1,498935;0,550600;-0,093304;-1,359938;12
5373;228;4;16;28;33;36;48;0;0;0,086899;0,0915;34;3;0;-0,833361;0,838500;-0,292667;-0,395320;12
5374;57;4;7;16;21;26;28;0;0;0,910843;0,9154;34;3;0;-1,693344;-0,148408;1,244654;0,481380;12
5375;450;16;26;28;33;36;39;0;0;-0,265199;-0,2606;34;3;0;-1,775071;-1,968056;1,131971;0,376746;12
5376;193;4;9;28;33;36;48;0;0;2,073660;2,0782;34;3;0;-2,279049;-0,158314;1,447113;2,302886;12
5377;164;4;9;21;26;28;39;0;0;-2,013894;-2,0093;34;3;0;-2,039443;-0,908091;-1,010868;-1,569207;12
5378;250;4;26;28;36;39;48;0;0;0,773579;0,7782;34;3;0;-1,963908;-0,321147;1,131352;0,529673;12
5379;376;7;26;28;36;39;48;0;0;0,472598;0,4772;34;3;0;-2,796030;1,369101;-0,450547;-0,099991;12
5380;286;7;9;16;33;39;48;0;0;1,362316;1,3669;34;3;0;-1,815315;0,683715;-0,973100;2,648985;12
5381;52;4;7;9;28;39;48;0;0;0,754276;0,7589;34;3;0;-2,153983;-0,032629;0,839119;0,499954;12
5382;440;16;21;26;28;39;48;0;0;-0,044289;-0,0397;34;3;0;-1,539798;-0,505031;0,380956;0,047364;12
5383;161;4;9;16;36;39;48;0;0;0,786805;0,7914;34;3;0;-2,170081;-0,178126;0,862646;0,678266;12
5384;367;7;21;26;36;39;48;0;0;0,277067;0,2816;34;3;0;-1,072967;0,464540;0,359286;-0,343932;12
5385;379;9;16;21;26;28;33;0;0;-0,634813;-0,6302;34;3;0;-1,905709;-0,037582;-0,724826;-0,337121;12
5386;226;4;16;26;36;39;48;0;0;0,594492;0,5991;34;3;0;-1,000528;0,436679;0,124633;0,468378;12
5387;23;4;7;9;21;26;33;0;0;0,063306;0,0679;34;3;0;-1,407302;0,684953;1,025479;-1,600783;12
5388;48;4;7;9;28;33;39;0;0;0,590917;0,5955;34;3;0;-1,646290;-0,462311;2,002480;-0,516671;12
5389;375;7;26;28;33;39;48;0;0;0,394671;0,3992;34;3;0;-1,234563;1,207506;-0,008482;-0,515433;12
5390;321;7;9;28;36;39;48;0;0;-0,282715;-0,2781;34;3;0;-1,170172;-0,696964;-0,856702;1,063990;12
5391;306;7;9;21;33;39;48;0;0;0,888681;0,8933;34;3;0;-2,417737;0,634803;1,209364;-0,304926;12
5392;430;9;26;28;33;36;48;0;0;0,816832;0,8214;34;3;0;-0,843886;0,173545;0,574746;0,666503;12
5393;258;7;9;16;21;28;33;0;0;0,241321;0,2459;34;3;0;0,120732;-0,875276;0,927036;0,366221;12
5394;444;16;21;26;36;39;48;0;0;2,112266;2,1168;34;3;0;-2,779314;2,445164;-0,087113;1,300501;12
5395;115;4;7;26;28;36;39;0;0;-0,212653;-0,2081;34;3;0;-2,423928;0,055908;-1,975486;1,551252;12
5396;412;9;16;28;36;39;48;0;0;-1,085569;-1,0810;34;3;0;-2,692015;-1,023250;-1,447360;0,590349;12
5397;408;9;16;26;36;39;48;0;0;0,148024;0,1526;34;3;0;-0,823454;0,744390;-0,589853;0,101848;12
5398;352;7;16;26;36;39;48;0;0;0,064021;0,0686;34;3;0;-1,352199;-0,401635;0,761107;-0,248584;12
5399;28;4;7;9;21;28;36;0;0;-0,285932;-0,2814;34;3;0;-2,072257;0,785873;-1,270906;-0,010216;12
5400;2;4;7;9;16;21;28;0;0;-1,313272;-1,3087;34;3;0;-0,739252;-1,143983;-0,065443;-1,065228;12
5401;62;4;7;16;21;28;33;0;0;1,621474;1,6260;34;3;0;-2,374397;0,099248;2,285427;0,423800;12
5402;343;7;16;26;28;33;36;0;0;1,173934;1,1785;34;3;0;-2,792935;1,613661;-0,973719;1,393372;12
5403;245;4;21;28;36;39;48;0;0;-0,270204;-0,2656;34;3;0;-1,547228;0,104201;-1,379874;0,807666;12
5404;126;4;7;33;36;39;48;0;0;-0,388523;-0,3839;34;3;0;-2,019011;0,984616;-1,516085;-0,141473;12
5405;155;4;9;16;28;36;39;0;0;-0,046077;-0,0415;34;3;0;-1,563325;-1,126028;-0,739066;1,785286;12
5406;111;4;7;21;36;39;48;0;0;-0,143305;-0,1387;34;3;0;-0,095347;-0,436307;0,254652;-0,066557;12
5407;199;4;16;21;26;28;39;0;0;-0,842140;-0,8376;34;3;0;-1,845033;-0,702537;-1,641770;0,885678;12
5408;451;16;26;28;33;36;48;0;0;-0,958314;-0,9537;34;3;0;-1,025913;-0,479028;-1,272763;0,091942;12
5409;448;16;21;28;36;39;48;0;0;0,137658;0,1422;34;3;0;-3,301867;1,245893;0,717148;-1,724611;12
5410;445;16;21;28;33;36;39;0;0;0,914418;0,9190;34;3;0;-2,127361;1,795688;-0,062966;-0,148903;12
5411;319;7;9;28;33;36;48;0;0;1,012005;1,0166;34;3;0;-0,246417;-0,539084;0,669475;1,622453;12
5412;195;4;9;28;36;39;48;0;0;0,796456;0,8010;34;3;0;-0,712629;0,320900;1,104110;-0,045507;12
5413;313;7;9;26;28;39;48;0;0;0,715671;0,7202;34;3;0;-2,454266;1,018050;1,283041;-1,061513;12
5414;235;4;21;26;28;36;39;0;0;1,841311;1,8459;34;3;0;0,741728;1,874319;-0,291429;1,606355;12
5415;426;9;21;28;33;39;48;0;0;-0,558317;-0,5537;34;3;0;-0,580133;-1,065352;-2,111077;2,209396;12
5416;101;4;7;21;26;39;48;0;0;-0,034996;-0,0304;34;3;0;0,620377;-0,282141;0,797636;-0,576109;12
5417;210;4;16;21;28;36;39;0;0;-0,451079;-0,4465;34;3;0;-0,929327;-0,262329;-0,632574;0,113612;12
5418;41;4;7;9;26;33;36;0;0;0,244895;0,2495;34;3;0;-2,290194;-1,199705;0,887411;0,736465;12
5419;177;4;9;21;28;39;48;0;0;1,419509;1,4241;34;3;0;-2,729782;0,572270;0,739437;1,146954;12
5420;84;4;7;16;28;33;48;0;0;0,811470;0,8160;34;3;0;0,717582;0,268892;0,607561;0,529054;12
5421;180;4;9;21;33;39;48;0;0;-0,041787;-0,0372;34;3;0;-1,749686;-2,020683;0,130824;1,817482;12
5422;410;9;16;28;33;36;48;0;0;0,951237;0,9558;34;3;0;-1,883420;1,133829;1,735631;-1,221870;12
5423;236;4;21;26;28;36;48;0;0;0,242393;0,2470;34;3;0;-3,395976;-0,407208;-0,097019;0,924064;12
5424;329;7;16;21;26;33;48;0;0;0,106559;0,1111;34;3;0;-2,667249;-0,123642;0,449061;-0,140854;12
5425;192;4;9;28;33;36;39;0;0;-0,118283;-0,1137;34;3;0;-1,541655;-0,428258;-0,019627;0,243012;12
5426;206;4;16;21;26;39;48;0;0;-0,275566;-0,2710;34;3;0;-0,983811;0,078197;-0,649291;0,093800;12
5427;17;4;7;9;16;33;39;0;0;1,002353;1,0069;34;3;0;-0,937995;1,062628;0,825498;-0,151999;12
5428;414;9;21;26;28;33;36;0;0;1,919596;1,9242;34;3;0;-0,895894;1,684243;0,876886;0,763708;12
5429;339;7;16;21;33;36;39;0;0;0,864016;0,8686;34;3;0;1,596759;0,527073;0,167353;0,802094;12
5430;12;4;7;9;16;28;33;0;0;-0,283787;-0,2792;34;3;0;-0,117017;1,192647;-0,874038;-0,810143;12
5431;118;4;7;26;33;36;39;0;0;-1,131325;-1,1267;34;3;0;-1,711299;-0,737828;-1,366253;0,144569;12
5432;264;7;9;16;21;33;48;0;0;2,015751;2,0203;34;3;0;0,097824;0,293657;1,653905;1,543822;12
5433;93;4;7;21;26;28;36;0;0;0,017551;0,0221;34;3;0;0,370245;0,938181;-1,201562;0,293781;12
5434;49;4;7;9;28;33;48;0;0;-0,945088;-0,9405;34;3;0;0,497168;0,518405;-2,889334;0,733989;12
5435;398;9;16;21;36;39;48;0;0;0,199141;0,2037;34;3;0;-1,457452;0,147541;0,934466;-0,737085;12
5436;13;4;7;9;16;28;36;0;0;-0,940799;-0,9362;34;3;0;-0,852554;0,719625;-1,217041;-1,132095;12
5437;284;7;9;16;33;36;39;0;0;-1,645710;-1,6411;34;3;0;-0,537412;-0,789835;-1,184227;-0,876391;12
5438;296;7;9;21;26;36;48;0;0;-0,504698;-0,5001;34;3;0;-1,016007;0,226790;-0,301335;-0,799618;12
5439;241;4;21;26;36;39;48;0;0;1,418079;1,4227;34;3;0;-0,817882;0,437917;0,442251;1,576017;12
5440;117;4;7;26;28;39;48;0;0;-0,764928;-0,7604;34;3;0;-0,222890;-1,275240;-0,811505;0,761850;12
5441;50;4;7;9;28;36;39;0;0;-0,349203;-0,3446;34;3;0;-1,116926;0,872552;0,686191;-2,163580;12
5442;71;4;7;16;21;39;48;0;0;0,087971;0,0925;34;3;0;-1,533607;2,271186;-1,119217;-0,999599;12
5443;133;4;9;16;21;28;36;0;0;-1,439098;-1,4345;34;3;0;-1,106401;-0,949573;-2,180421;0,637403;12
5444;47;4;7;9;28;33;36;0;0;0,705304;0,7099;34;3;0;-1,024055;-0,212179;1,020526;0,413275;12
5445;90;4;7;16;33;39;48;0;0;0,619156;0,6237;34;3;0;-1,347865;-0,583662;0,644090;1,011982;12
5446;215;4;16;21;33;39;48;0;0;1,240779;1,2454;34;3;0;0,730584;-0,342817;0,845929;1,645980;12
5447;314;7;9;26;33;36;39;0;0;-1,562422;-1,5578;34;3;0;-1,268615;-1,047397;-0,908710;-0,750087;12
5448;106;4;7;21;28;36;48;0;0;-1,676809;-1,6722;34;3;0;-1,905709;0,622420;-1,695635;-1,831103;12
5449;147;4;9;16;26;33;39;0;0;-0,174047;-0,1695;34;3;0;-1,868561;0,353714;-0,480266;-0,174907;12
5450;207;4;16;21;28;33;36;0;0;0,117283;0,1219;34;3;0;0,308950;0,241031;-0,355200;0,317309;12
5451;142;4;9;16;26;28;33;0;0;1,882419;1,8870;34;3;0;-0,991241;0,892984;1,180264;1,187198;12
5452;166;4;9;21;26;33;36;0;0;-0,450006;-0,4454;34;3;0;-1,110116;-0,519891;-1,130981;0,871438;12
5453;233;4;21;26;28;33;39;0;0;-1,533468;-1,5289;34;3;0;-1,969480;-0,121785;-2,394024;-0,140235;12
5454;416;9;21;26;28;33;48;0;0;0,124432;0,1290;34;3;0;-0,551653;0,026190;0,575366;-0,386033;12
5455;351;7;16;26;33;39;48;0;0;-0,628379;-0,6238;34;3;0;-0,988145;0,065814;-2,022540;0,868342;12
5456;189;4;9;26;33;36;48;0;0;0,309953;0,3145;34;3;0;-1,498935;-0,096400;-0,377489;1,010744;12
5457;91;4;7;16;36;39;48;0;0;1,114595;1,1192;34;3;0;-1,113830;0,948706;-0,252423;1,234253;12
5458;356;7;16;28;36;39;48;0;0;-0,228739;-0,2242;34;3;0;-1,334863;0,863265;-1,538993;0,279541;12
5459;88;4;7;16;33;36;39;0;0;-0,986912;-0,9823;34;3;0;-2,586142;-1,479556;-0,179984;-0,049841;12
5460;357;7;16;33;36;39;48;0;0;-0,172975;-0,1684;34;3;0;0,387581;0,063338;-0,553943;0,191004;12
5461;446;16;21;28;33;36;48;0;0;-0,895044;-0,8905;34;3;0;-2,911809;1,311521;-3,057740;0,195957;12
5462;405;9;16;26;33;36;39;0;0;1,157848;1,1624;34;3;0;-1,445689;0,932609;-0,242517;1,315360;12
5463;61;4;7;16;21;26;48;0;0;-0,091474;-0,0869;34;3;0;-1,303906;-1,563759;0,422438;0,982883;12
5464;200;4;16;21;26;28;48;0;0;1,295828;1,3004;34;3;0;-0,917563;0,889888;-0,093923;1,448475;12
5465;119;4;7;26;33;36;48;0;0;0,084754;0,0893;34;3;0;-1,646290;-0,287714;0,250937;0,183575;12
5466;415;9;21;26;28;33;39;0;0;-0,019625;-0,0150;34;3;0;-2,709351;1,301615;-0,352104;-0,983502;12
5467;282;7;9;16;28;36;48;0;0;0,218086;0,2227;34;3;0;-2,003533;0,627992;-2,325918;2,075662;12
5468;427;9;21;28;36;39;48;0;0;-0,247326;-0,2428;34;3;0;-1,643194;0,423057;-0,762593;-0,088846;12
5469;388;9;16;21;26;39;48;0;0;2,215572;2,2201;34;3;0;-1,927379;1,447113;0,008854;2,381517;12
5470;394;9;16;21;28;39;48;0;0;0,630595;0,6352;34;3;0;0,328144;0,300468;-0,255519;1,047273;12
5471;31;4;7;9;21;33;36;0;0;-0,187988;-0,1834;34;3;0;-0,800546;-0,534131;-0,263567;0,472093;12
5472;139;4;9;16;21;36;39;0;0;-1,106302;-1,1017;34;3;0;-2,151507;-0,448690;-0,802837;-0,664645;12
5473;22;4;7;9;21;26;28;0;0;-1,605316;-1,6007;34;3;0;-1,035200;-0,155837;-2,576050;-0,048602;12
5474;409;9;16;28;33;36;39;0;0;-0,199785;-0,1952;34;3;0;-2,799745;-0,339721;-0,255519;0,249203;12
5475;361;7;21;26;28;36;39;0;0;-0,151170;-0,1466;34;3;0;0,096586;-1,321056;1,045911;0,013311;12
5476;239;4;21;26;33;36;48;0;0;-0,374225;-0,3696;34;3;0;-1,892088;0,690525;-1,539612;0,200910;12
5477;75;4;7;16;26;28;48;0;0;3,263644;3,2682;34;3;0;-0,757826;3,226517;2,552275;-0,125995;12
5478;289;7;9;21;26;28;36;0;0;0,312099;0,3167;34;3;0;-2,492652;-1,375540;1,285518;0,630593;12
5479;437;16;21;26;28;33;48;0;0;0,178408;0,1830;34;3;0;-1,583138;1,248988;-0,608428;-0,331549;12
5480;209;4;16;21;28;33;48;0;0;0,067238;0,0718;34;3;0;0,299663;-1,344583;0,382194;1,078849;12
5481;39;4;7;9;26;28;39;0;0;0,849718;0,8543;34;3;0;-1,396777;-0,746495;1,859459;0,358791;12
5482;167;4;9;21;26;33;39;0;0;-1,567783;-1,5632;34;3;0;-0,107111;0,232982;-1,285765;-1,662697;12
5483;76;4;7;16;26;33;36;0;0;-0,651256;-0,6467;34;3;0;-2,595429;-0,033248;-1,301244;0,206483;12
5484;136;4;9;16;21;33;36;0;0;-0,283072;-0,2785;34;3;0;-2,255522;-1,272763;-0,106306;0,888774;12
5485;68;4;7;16;21;33;48;0;0;0,863659;0,8682;34;3;0;-1,815315;1,154260;-0,602855;0,944496;12
5486;256;7;9;16;21;26;39;0;0;1,756236;1,7608;34;3;0;-1,693963;1,939947;0,423677;0,678266;12
5487;454;16;26;33;36;39;48;0;0;-0,827126;-0,8226;34;3;0;-1,945334;-0,066681;0,260843;-1,626787;12
5488;358;7;21;26;28;33;36;0;0;-0,765644;-0,7611;34;3;0;-1,903851;-0,519272;-0,551467;-0,255395;12
5489;435;16;21;26;28;33;36;0;0;-0,490400;-0,4858;34;3;0;-1,853701;-0,899423;0,086865;-0,036839;12
5490;102;4;7;21;28;33;36;0;0;0,400033;0,4046;34;3;0;-1,809742;1,096680;-0,321766;-0,082036;12
5491;116;4;7;26;28;36;48;0;0;0,595921;0,5299;35;3;0;-1,309478;1,024675;0,848653;-0,841162;12
5492;287;7;9;16;36;39;48;0;0;2,122990;2,0569;35;3;0;0,074916;3,660348;0,067920;-0,051141;12
5493;137;4;9;16;21;33;39;0;0;0,382875;0,3168;35;3;0;-1,732969;-0,355386;0,704394;0,314151;12
5494;288;7;9;21;26;28;33;0;0;0,042216;-0,0239;35;3;0;0,513266;0,478594;-0,582795;0,177321;12
5495;153;4;9;16;28;33;39;0;0;-0,913989;-0,9801;35;3;0;0,021670;-0,296567;-1,199457;-0,087051;12
5496;44;4;7;9;26;36;39;0;0;2,437912;2,3718;35;3;0;-0,819120;2,082163;0,904376;1,236048;12
5497;95;4;7;21;26;28;48;0;0;-1,269662;-1,3357;35;3;0;-0,697150;-0,134353;-0,041049;-2,023717;12
5498;127;4;9;16;21;26;28;0;0;-0,953667;-1,0197;35;3;0;0,995575;-1,170791;0,270997;-0,752006;12
5499;384;9;16;21;26;33;39;0;0;2,078665;2,0126;35;3;0;-0,599945;1,637622;0,036963;1,925769;12
5500;183;4;9;26;28;33;39;0;0;-0,873596;-0,9397;35;3;0;0,074916;0,346718;-0,300468;-1,559363;12
5501;96;4;7;21;26;33;36;0;0;-1,080923;-1,1470;35;3;0;-2,222708;-0,471784;-1,346812;-0,053617;12
5502;460;21;26;33;36;39;48;0;0;-1,395131;-1,4612;35;3;0;-1,593044;-0,804261;-1,941805;0,329629;12
5503;58;4;7;16;21;26;33;0;0;0,662052;0,5960;35;3;0;-0,214841;-0,276136;0,675295;0,747548;12
5504;70;4;7;16;21;36;48;0;0;-0,154386;-0,2205;35;3;0;1,780643;-0,117636;-0,194595;0,044826;12
5505;274;7;9;16;26;33;48;0;0;-0,576905;-0,6430;35;3;0;-1,826459;-0,558463;0,039439;-0,480204;12
5506;248;4;26;28;33;36;48;0;0;-1,124890;-1,1910;35;3;0;-0,953474;-1,547228;-1,664430;1,263291;12
5507;413;9;16;33;36;39;48;0;0;0,111205;0,0451;35;3;0;1,108258;1,006100;-1,619853;0,806366;12
5508;145;4;9;16;26;28;48;0;0;-0,038570;-0,1046;35;3;0;-0,661240;-0,757207;0,502555;0,187847;12
5509;60;4;7;16;21;26;39;0;0;0,500837;0,4348;35;3;0;-0,482928;0,178931;0,613381;0,075163;12
5510;424;9;21;28;33;36;39;0;0;0,143734;0,0777;35;3;0;1,212273;-0,660002;0,480885;0,428072;12
5511;291;7;9;21;26;28;48;0;0;-1,421940;-1,4880;35;3;0;-1,239516;-1,472931;-1,167262;0,177321;12
5512;168;4;9;21;26;33;48;0;0;2,652031;2,5860;35;3;0;-1,019102;0,641428;1,564378;2,387646;12
5513;355;7;16;28;33;39;48;0;0;-0,068239;-0,1343;35;3;0;-1,539179;-0,362815;-0,345046;0,589668;12
5514;38;4;7;9;26;28;36;0;0;0,208435;0,1424;35;3;0;-0,168406;2,085259;-1,163547;-0,560692;12
5515;104;4;7;21;28;33;48;0;0;0,173761;0,1077;35;3;0;0,147355;-0,237130;-0,267035;0,805128;12
5516;129;4;9;16;21;26;36;0;0;-0,225878;-0,2919;35;3;0;0,625330;-0,466211;-0,273226;0,348204;12
5517;64;4;7;16;21;28;39;0;0;-1,695397;-1,7615;35;3;0;0,113302;-0,815406;-0,962327;-1,158780;12
5518;382;9;16;21;26;28;48;0;0;-0,455011;-0,5211;35;3;0;-0,607994;0,211126;-1,121446;0,122218;12
5519;458;21;26;28;33;39;48;0;0;1,483852;1,4178;35;3;0;0,837695;2,038205;0,056156;0,475746;12
5520;396;9;16;21;33;36;48;0;0;-0,147596;-0,2137;35;3;0;-2,166985;0,372721;0,392348;-1,020712;12
5521;328;7;16;21;26;33;39;0;0;0,281714;0,2156;35;3;0;-0,088537;-0,619758;0,674675;0,433026;12
5522;51;4;7;9;28;36;48;0;0;0,707091;0,6410;35;3;0;0,306474;0,923136;0,696345;-0,394763;12
5523;311;7;9;26;28;36;39;0;0;0,762140;0,6961;35;3;0;-1,746590;0,022908;0,193605;1,103553;12
5524;420;9;21;26;33;36;39;0;0;-0,187273;-0,2533;35;3;0;-0,667431;-1,197414;-0,283132;1,156180;12
5525;364;7;21;26;33;36;39;0;0;-0,560461;-0,6265;35;3;0;0,011144;-0,983192;-0,470112;0,482557;12
5526;399;9;16;26;28;33;36;0;0;0,372509;0,3064;35;3;0;0,948520;0,322571;-0,888031;1,210664;12
5527;15;4;7;9;16;28;48;0;0;0,834347;0,7683;35;3;0;1,193080;-0,233415;0,323005;1,355542;12
5528;374;7;26;28;33;36;48;0;0;-0,374582;-0,4406;35;3;0;0,763398;-0,245798;0,485219;-0,888216;12
5529;40;4;7;9;26;28;48;0;0;-0,436065;-0,5021;35;3;0;0,902704;-1,327433;0,649291;-0,077145;12
5530;103;4;7;21;28;33;39;0;0;0,217014;0,1509;35;3;0;-1,157170;1,065538;-0,810638;0,120980;12
5531;143;4;9;16;26;28;36;0;0;-0,758494;-0,8246;35;3;0;-0,611090;-0,489120;-0,820544;-0,004086;12
5532;135;4;9;16;21;28;48;0;0;0,353921;0,2879;35;3;0;0,182646;0,608613;0,679009;-0,674613;12
5533;120;4;7;26;33;39;48;0;0;0,455082;0,3890;35;3;0;0,309569;0,823454;0,659816;-0,695045;12
5534;34;4;7;9;21;36;39;0;0;0,898332;0,8323;35;3;0;0,138068;1,219703;0,714919;-0,378665;12
5535;386;9;16;21;26;36;39;0;0;-1,128466;-1,1945;35;3;0;1,471074;-1,627716;-0,870076;0,543232;12
5536;342;7;16;21;36;39;48;0;0;-0,898976;-0,9650;35;3;0;0,806119;-0,721916;-0,840357;0,005201;12
5537;401;9;16;26;28;33;48;0;0;1,960346;1,8943;35;3;0;0,828408;1,111354;0,903138;1,380927;12
5538;275;7;9;16;26;36;39;0;0;-0,911487;-0,9776;35;3;0;-2,425785;-0,602422;-1,718296;0,741976;12
5539;300;7;9;21;28;33;48;0;0;0,678137;0,6121;35;3;0;-0,827169;0,898989;-0,440393;0,715972;12
5540;277;7;9;16;26;39;48;0;0;-1,534539;-1,6006;35;3;0;-0,843886;0,124447;-2,268710;-0,513637;12
5541;359;7;21;26;28;33;39;0;0;0,305664;0,2396;35;3;0;0,347337;0,419776;-2,110829;2,220479;12
5542;392;9;16;21;28;36;39;0;0;-0,598709;-0,6648;35;3;0;-0,477975;-0,817882;-1,110301;0,891188;12
5543;134;4;9;16;21;28;39;0;0;0,549094;0,4830;35;3;0;0,850697;1,213512;-0,408198;0,145745;12
5544;173;4;9;21;28;33;39;0;0;1,380546;1,3145;35;3;0;-0,613566;0,628426;1,147697;0,615052;12
5545;304;18;21;27;37;38;41;0;0;-0,116603;0,1544;36;3;0;-2,218374;-0,183203;-0,601803;0,583043;13
5546;439;23;27;29;31;38;48;0;0;-1,225086;-0,9540;36;3;0;-1,368916;-0,563354;-0,060676;-1,497882;13
5547;36;14;18;21;27;41;48;0;0;-0,062627;0,2084;36;3;0;-0,379532;-1,377522;1,944715;-0,675666;13
5548;383;21;23;27;29;37;38;0;0;1,594557;1,8656;36;3;0;0,041482;1,928060;0,069963;0,763831;13
5549;391;21;23;27;31;37;48;0;0;0,492509;0,7635;36;3;0;0,391296;-1,072905;1,268615;0,657340;13
5550;337;18;23;27;31;38;48;0;0;1,645316;1,9164;36;3;0;0,938614;-1,435721;2,226423;2,059069;13
5551;75;14;18;23;29;31;48;0;0;0,554349;0,8254;36;3;0;-0,429063;0,333159;1,048202;-0,421200;13
5552;374;18;29;31;37;38;48;0;0;-2,109800;-1,8388;36;3;0;-1,506364;-1,939700;-2,279049;0,564469;13
5553;442;23;27;29;37;38;48;0;0;0,020661;0,2917;36;3;0;-1,379441;0,328825;-0,467450;0,174411;13
5554;339;18;23;27;37;38;41;0;0;-1,476738;-1,2057;36;3;0;1,197414;-1,973133;-0,099681;-0,484971;13
5555;195;14;21;31;38;41;48;0;0;-0,132690;0,1383;36;3;0;-0,561559;-0,444480;-0,933661;1,148316;13
5556;60;14;18;23;27;29;41;0;0;-0,905517;-0,6345;36;3;0;1,240754;-0,487200;-0,614186;-0,467016;13
5557;350;18;23;29;37;38;48;0;0;0,694116;0,9652;36;3;0;-0,151689;0,221714;1,019102;-0,038572;13
5558;360;18;27;29;31;37;48;0;0;0,448898;0,7199;36;3;0;-0,359100;-0,533016;0,414204;0,896327;13
5559;187;14;21;29;31;41;48;0;0;-0,512312;-0,2413;36;3;0;-0,562178;-0,889640;0,858745;-0,856455;13
5560;142;14;21;23;29;31;37;0;0;-0,178444;0,0926;36;3;0;0,191933;-0,259976;1,624620;-1,673718;13
5561;46;14;18;21;29;41;48;0;0;-1,821687;-1,5507;36;3;0;-0,117017;-2,549551;-0,532459;-0,073244;13
5562;162;14;21;27;29;31;37;0;0;-0,965213;-0,6942;36;3;0;0,316999;-1,262981;-0,580752;0,171935;13
5563;293;18;21;27;29;37;41;0;0;0,716993;0,9880;36;3;0;0,489120;-1,342231;0,119494;2,464605;13
5564;317;18;21;29;38;41;48;0;0;0,398496;0,6695;36;3;0;0,730584;-0,264310;-0,272421;1,226947;13
5565;262;18;21;23;27;37;38;0;0;0,554349;0,8254;36;3;0;-1,260566;-1,400430;0,980716;1,379874;13
5566;94;14;18;27;29;31;41;0;0;-1,503548;-1,2325;36;3;0;-2,027679;0,025447;-1,082874;-1,546794;13
5567;315;18;21;29;37;38;48;0;0;-1,007036;-0,7360;36;3;0;0,540508;-0,761479;-0,471165;-0,511594;13
5568;215;14;23;27;37;41;48;0;0;0,085719;0,3568;36;3;0;-0,938614;-1,590505;1,878467;-0,139492;13
5569;378;18;31;37;38;41;48;0;0;-0,578441;-0,3074;36;3;0;-0,149212;-0,447575;-0,131877;-0,422438;13
5570;275;18;21;23;29;38;41;0;0;0,429595;0,7006;36;3;0;0,339907;-0,843205;1,006100;0,581185;13
5571;10;14;18;21;23;29;41;0;0;-0,701408;-0,4304;36;3;0;-2,677156;-1,364520;-0,500264;0,649910;13
5572;367;18;27;29;38;41;48;0;0;0,362393;0,6334;36;3;0;0,375817;0,582671;-0,853792;0,898804;13
5573;41;14;18;21;29;37;38;0;0;0,791345;1,0624;36;3;0;-0,846363;-0,354085;2,355204;-0,630469;13
5574;121;14;18;29;38;41;48;0;0;-0,931254;-0,6602;36;3;0;-1,017864;-0,728045;-1,085969;0,201034;13
5575;72;14;18;23;29;31;37;0;0;-0,260303;0,0107;36;3;0;-1,045106;0,863760;0,042101;-1,356719;13
5576;211;14;23;27;31;38;48;0;0;-0,549487;-0,2785;36;3;0;0,110826;-0,259976;-0,454448;-0,237316;13
5577;446;23;27;31;37;38;48;0;0;-0,111956;0,1591;36;3;0;-1,543513;0,650777;-0,460639;-0,384052;13
5578;452;23;29;31;37;41;48;0;0;-0,278890;-0,0079;36;3;0;0,539889;1,071791;-0,738632;-0,816211;13
5579;458;27;29;31;37;41;48;0;0;0,701622;0,9727;36;3;0;0,391915;1,384456;0,062533;-0,231744;13
5580;283;18;21;23;31;41;48;0;0;-2,160916;-1,8899;36;3;0;-2,841227;-1,824540;-1,741637;-0,176640;13
5581;431;21;29;31;37;41;48;0;0;0,921103;1,1921;36;3;0;0,294091;0,663779;1,302668;-0,371050;13
5582;127;14;21;23;27;29;31;0;0;-0,899083;-0,6280;36;3;0;-1,424638;-0,469864;-0,964618;-0,122775;13
5583;178;14;21;27;37;38;41;0;0;-0,471204;-0,2002;36;3;0;0,635236;-0,970748;-0,118875;0,273474;13
5584;145;14;21;23;29;31;48;0;0;-0,778261;-0,5072;36;3;0;-1,107020;-1,329229;-0,399344;0,380585;13
5585;267;18;21;23;27;41;48;0;0;-1,894966;-1,6239;36;3;0;0,702103;-1,025232;-0,281089;-1,975857;13
5586;89;14;18;23;37;38;48;0;0;-0,878708;-0,6077;36;3;0;0,110826;0,193233;-1,435783;-0,279417;13
5587;356;18;23;31;38;41;48;0;0;0,150061;0,4211;36;3;0;-1,625239;0,546761;1,336720;-1,623567;13
5588;251;14;29;37;38;41;48;0;0;-0,829735;-0,5587;36;3;0;-0,130638;-0,987464;0,272421;-0,722101;13
5589;357;18;23;37;38;41;48;0;0;-0,265307;0,0057;36;3;0;-0,846363;-0,960841;0,469926;0,031390;13
5590;59;14;18;23;27;29;38;0;0;0,143985;0,4150;36;3;0;-0,825931;-0,091571;-1,707584;2,048544;13
5591;170;14;21;27;29;38;48;0;0;-0,855473;-0,5844;36;3;0;-0,166548;-0,682229;-1,363343;0,563850;13
5592;48;14;18;21;31;37;41;0;0;0,776689;1,0477;36;3;0;-0,104634;-0,303316;0,741109;0,907472;13
5593;177;14;21;27;31;41;48;0;0;-0,225271;0,0458;36;3;0;0,575799;0,857569;-1,881562;0,633812;13
5594;129;14;21;23;27;29;38;0;0;-0,321786;-0,0507;36;3;0;-0,768970;-0,756526;0,544842;-0,345665;13
5595;171;14;21;27;29;41;48;0;0;-2,450817;-2,1798;36;3;0;-0,491596;-0,663655;-2,139124;-1,442160;13
5596;448;23;27;31;38;41;48;0;0;1,258545;1,5296;36;3;0;-1,205463;1,096557;0,887845;0,195462;13
5597;9;14;18;21;23;29;38;0;0;0,419586;0,6906;36;3;0;-1,342293;0,520758;0,371483;-0,165496;13
5598;320;18;21;31;37;41;48;0;0;0,253367;0,5244;36;3;0;-0,778876;-0,017274;1,765783;-1,309664;13
5599;219;14;23;29;31;37;48;0;0;1,032630;1,3037;36;3;0;-0,284185;0,950440;1,233943;-0,395815;13
5600;342;18;23;27;38;41;48;0;0;-0,477996;-0,2070;36;3;0;1,180078;-0,823393;-1,427115;1,422595;13
5601;20;14;18;21;23;38;48;0;0;-0,805071;-0,5340;36;3;0;-1,877228;-0,820916;-0,365292;-0,208216;13
5602;77;14;18;23;29;37;41;0;0;0,122179;0,3932;36;3;0;-1,332386;-0,589358;0,140544;0,660435;13
5603;296;18;21;27;29;38;48;0;0;0,211187;0,4822;36;3;0;1,014149;0,396311;-1,320623;1,290099;13
5604;268;18;21;23;29;31;37;0;0;0,049616;0,3207;36;3;0;1,097114;1,217289;0,473022;-1,604374;13
5605;274;18;21;23;29;37;48;0;0;-1,169323;-0,8983;36;3;0;-0,962142;-0,525587;-0,048912;-1,450828;13
5606;22;14;18;21;27;29;31;0;0;-1,463870;-1,1928;36;3;0;-2,045634;-0,590596;-1,395539;-0,549362;13
5607;126;14;18;37;38;41;48;0;0;-1,325175;-1,0541;36;3;0;-0,642047;-0,807295;0,621615;-2,109591;13
5608;8;14;18;21;23;29;37;0;0;-1,065659;-0,7946;36;3;0;-0,394391;-0,983130;-0,922517;0,059871;13
5609;26;14;18;21;27;29;48;0;0;1,458007;1,7290;36;3;0;-0,471165;-0,223447;1,142311;1,606479;13
5610;411;21;23;31;37;41;48;0;0;0,908591;1,1796;36;3;0;0,529364;0,345541;2,020249;-0,792064;13
5611;271;18;21;23;29;31;48;0;0;-0,365753;-0,0947;36;3;0;-1,823982;-2,608988;1,968242;0,007244;13
5612;83;14;18;23;31;37;41;0;0;-0,270311;0,0007;36;3;0;-0,178931;-0,016036;0,515123;-0,967280;13
5613;375;18;29;31;37;41;48;0;0;-0,015442;0,2556;36;3;0;1,040153;0,045259;0,600565;-0,672570;13
5614;303;18;21;27;31;41;48;0;0;-0,566288;-0,2953;36;3;0;-1,396158;-0,940410;-0,731822;0,691392;13
5615;241;14;27;29;38;41;48;0;0;0,614045;0,8851;36;3;0;-1,137977;0,818563;-0,296567;0,541561;13
5616;370;18;27;31;37;41;48;0;0;-0,957706;-0,6867;36;3;0;-0,727488;0,102839;-1,223418;-0,538217;13
5617;17;14;18;21;23;37;41;0;0;-1,001674;-0,7306;36;3;0;-0,814786;-1,765102;0,822216;-0,792064;13
5618;414;21;27;29;31;37;38;0;0;0,392777;0,6638;36;3;0;-0,806119;1,060646;-0,194410;-0,185927;13
5619;150;14;21;23;29;38;48;0;0;-0,806143;-0,5351;36;3;0;1,673532;-1,729192;1,201129;-0,868218;13
5620;258;18;21;23;27;31;37;0;0;0,676243;0,9473;36;3;0;-0,182027;0,776462;0,549795;-0,154970;13
5621;95;14;18;27;29;31;48;0;0;0,544698;0,8157;36;3;0;0,614186;-1,285270;0,218556;2,010158;13
5622;132;14;21;23;27;31;37;0;0;-1,173612;-0,9026;36;3;0;-0,388200;-0,770766;-2,063589;0,801599;13
5623;90;14;18;23;37;41;48;0;0;-1,980399;-1,7094;36;3;0;0,603660;-0,121908;-2,247473;-1,060770;13
5624;359;18;27;29;31;37;41;0;0;-0,812578;-0,5415;36;3;0;-0,325667;-0,602979;-0,065010;-0,739437;13
5625;366;18;27;29;37;41;48;0;0;-1,445997;-1,1750;36;3;0;-0,676719;-1,434482;-0,619758;-0,450300;13
5626;131;14;21;23;27;29;48;0;0;-1,823832;-1,5528;36;3;0;-1,891469;-0,697707;-1,155932;-1,305330;13
5627;224;14;23;29;37;38;48;0;0;-1,593628;-1,3226;36;3;0;0,527506;-1,649324;0,541746;-1,652667;13
5628;237;14;27;29;31;41;48;0;0;-1,132862;-0,8618;36;3;0;-0,329382;-0,911929;-1,045106;-0,005139;13
5629;32;14;18;21;27;37;41;0;0;-0,238855;0,0322;36;3;0;0,419776;-0,843205;1,506364;-1,076868;13
5630;7;14;18;21;23;29;31;0;0;-0,158426;0,1126;36;3;0;-2,318674;1,708885;-0,837695;-1,145592;13
5631;450;23;29;31;37;38;41;0;0;-0,407218;-0,1362;36;3;0;-0,764636;-1,398572;0,107111;0,586139;13
5632;169;14;21;27;29;38;41;0;0;-0,507307;-0,2363;36;3;0;-1,498935;0,344303;-1,287808;0,064824;13
5633;227;14;23;31;37;38;41;0;0;-1,224729;-0,9537;36;3;0;1,668579;-1,397334;-2,015916;1,291957;13
5634;417;21;27;29;31;38;41;0;0;0,262662;0,5337;36;3;0;-0,164691;0,882335;-0,040244;-0,387147;13
5635;418;21;27;29;31;38;48;0;0;0,736295;1,0073;36;3;0;1,350341;-1,816491;1,149121;1,942671;13
5636;104;14;18;27;31;37;48;0;0;1,043712;1,3147;36;3;0;-2,631958;-0,050088;1,686534;0,171316;13
5637;108;14;18;27;37;38;41;0;0;1,877308;2,1483;36;3;0;-0,478594;0,542427;0,106492;2,602673;13
5638;158;14;21;23;37;38;41;0;0;0,531471;0,8025;36;3;0;0,138068;0,772747;1,036438;-0,888650;13
5639;12;14;18;21;23;31;37;0;0;0,303769;0,5748;36;3;0;0,028480;0,127604;0,310808;0,087732;13
5640;1;14;18;21;23;27;29;0;0;0,384556;0,6556;36;3;0;0,334335;1,497139;-0,836456;0,005387;13
5641;138;14;21;23;27;37;48;0;0;-2,405061;-2,1340;36;3;0;-0,046435;-1,919887;-0,197505;-2,048296;13
5642;389;21;23;27;31;37;38;0;0;-0,728932;-0,4579;36;3;0;-1,098352;-1,357709;-0,045816;0,140978;13
5643;323;18;23;27;29;31;37;0;0;-2,834371;-2,5633;36;3;0;0,587563;-1,417766;-1,774451;-1,717057;13
5644;364;18;27;29;37;38;41;0;0;-0,176656;0,0944;36;3;0;-0,003096;-1,001085;1,194938;-0,499831;13
5645;382;21;23;27;29;31;48;0;0;-0,516244;-0,2452;36;3;0;-2,041300;-0,994275;1,328672;-1,228557;13
5646;159;14;21;23;37;38;48;0;0;0,492866;0,7639;36;3;0;-1,380060;-0,061233;1,078540;-0,163638;13
5647;64;14;18;23;27;31;41;0;0;0,798137;1,0692;36;3;0;0,522553;1,681643;1,024055;-1,323285;13
5648;338;18;23;27;31;41;48;0;0;-0,973792;-0,7028;36;3;0;0,412966;-1,627035;0,327524;-0,387147;13
5649;11;14;18;21;23;29;48;0;0;0,260159;0,5312;36;3;0;-2,062351;0,179612;0,777019;-0,506022;13
5650;207;14;23;27;31;37;38;0;0;-0,019017;0,2520;36;3;0;0,124447;-1,107577;0,472403;0,602236;13
5651;173;14;21;27;31;37;41;0;0;0,106094;0,3771;36;3;0;0,578895;-0,695231;-0,850077;1,729069;13
5652;379;21;23;27;29;31;37;0;0;-1,755914;-1,4849;36;3;0;0,438969;-0,210445;-0,669908;-2,160980;13
5653;236;14;27;29;31;38;48;0;0;0,289828;0,5609;36;3;0;-0,326286;-1,457391;1,670436;0,288952;13
5654;62;14;18;23;27;31;37;0;0;-0,314994;-0,0440;36;3;0;-0,590039;0,202520;-0,166548;-0,581557;13
5655;403;21;23;29;31;38;48;0;0;0,960066;1,2311;36;3;0;0,222890;0,967776;1,933570;-1,238463;13
5656;438;23;27;29;31;38;41;0;0;0,964713;1,2357;36;3;0;-1,180697;-0,205492;1,267377;0,609047;13
5657;154;14;21;23;31;37;48;0;0;0,280177;0,5512;36;3;0;-1,155932;1,138658;-0,583848;-0,069529;13
5658;437;23;27;29;31;37;48;0;0;0,043181;0,3142;36;3;0;0,183265;-1,102624;0,814786;0,362630;13
5659;107;14;18;27;31;41;48;0;0;-0,046184;0,2249;36;3;0;0,724392;-0,039563;0,330001;-0,370431;13
5660;122;14;18;31;37;38;41;0;0;-1,761991;-1,4910;36;3;0;-0,661859;-1,205401;-0,352909;-1,493548;13
5661;168;14;21;27;29;37;48;0;0;0,252653;0,5237;36;3;0;-1,090922;-0,699565;1,490886;-0,353714;13
5662;24;14;18;21;27;29;38;0;0;0,807073;1,0781;36;3;0;-0,148593;1,243292;-0,457543;0,612142;13
5663;141;14;21;23;27;41;48;0;0;-1,278706;-1,0077;36;3;0;-0,085441;-1,567597;-0,851316;0,204130;13
5664;239;14;27;29;37;38;48;0;0;0,090008;0,3610;36;3;0;1,710061;-0,806057;1,187508;-0,225552;13
5665;209;14;23;27;31;37;48;0;0;-1,408106;-1,1371;36;3;0;-0,253847;-1,479060;-0,610471;-0,349380;13
5666;433;21;29;37;38;41;48;0;0;-0,360749;-0,0897;36;3;0;0,727488;-1,578742;0,651953;0,301954;13
5667;399;21;23;29;31;37;38;0;0;0,444966;0,7160;36;3;0;-0,120732;-0,958984;0,080488;1,649200;13
5668;371;18;27;31;38;41;48;0;0;-0,419372;-0,1483;36;3;0;-1,006719;0,952297;-0,838314;-0,840357;13
5669;70;14;18;23;27;38;48;0;0;1,454790;1,7258;36;3;0;0,006191;0,671827;1,054393;0,793550;13
5670;406;21;23;29;37;38;48;0;0;1,371859;1,6429;36;3;0;-2,394828;-0,209207;1,988673;0,596664;13
5671;355;18;23;31;37;41;48;0;0;1,682492;1,9535;36;3;0;-0,435254;0,471226;1,079159;1,363777;13
5672;140;14;21;23;27;38;48;0;0;-1,320528;-1,0495;36;3;0;-1,762688;-1,093956;-0,474260;-0,719006;13
5673;358;18;27;29;31;37;38;0;0;-1,205427;-0,9344;36;3;0;0,526268;-0,583786;-1,221561;-0,282513;13
5674;165;14;21;27;29;31;48;0;0;-0,924820;-0,6538;36;3;0;-0,458782;-1,096433;-1,817172;1,311769;13
5675;120;14;18;29;37;41;48;0;0;2,126457;2,3975;36;3;0;-1,347865;1,175187;2,366348;0,141597;13
5676;78;14;18;23;29;37;48;0;0;-1,788443;-1,5174;36;3;0;-0,057580;-0,656225;-1,690868;-0,750582;13
5677;440;23;27;29;31;41;48;0;0;0,054263;0,3253;36;3;0;1,003005;-0,242021;0,448876;-0,112869;13
5678;19;14;18;21;23;38;41;0;0;-1,794877;-1,5238;36;3;0;-0,465592;-1,284651;-1,232086;-0,592082;13
5679;134;14;21;23;27;31;41;0;0;-0,871201;-0,6002;36;3;0;0,457543;-1,090241;0,063152;-0,481876;13
5680;21;14;18;21;23;41;48;0;0;-0,065487;0,2056;36;3;0;-0,596231;0,320157;-0,294710;-0,138873;13
5681;42;14;18;21;29;37;41;0;0;-2,077628;-1,8066;36;3;0;-0,871128;-1,079716;-0,852554;-1,666288;13
5682;395;21;23;27;37;38;41;0;0;0,123967;0,3950;36;3;0;-0,201220;1,146707;-0,674242;-0,257747;13
5683;300;18;21;27;31;37;48;0;0;0,567217;0,8383;36;3;0;0,276755;0,466892;-0,151689;0,667246;13
5684;400;21;23;29;31;37;41;0;0;1,202423;1,4735;36;3;0;-1,291523;-0,251928;-0,200601;2,535187;13
5685;298;18;21;27;31;37;38;0;0;0,953989;1,2250;36;3;0;1,016626;-0,033991;0,458782;1,227566;13
5686;156;14;21;23;31;38;48;0;0;-0,227059;0,0440;36;3;0;0,412966;-0,451290;0,928708;-0,870695;13
5687;289;18;21;27;29;31;38;0;0;-0,672454;-0,4014;36;3;0;0,339288;-0,984988;0,122589;-0,302325;13
5688;277;18;21;23;29;41;48;0;0;0,728789;0,9998;36;3;0;0,555367;-0,976939;0,438350;1,800889;13
5689;329;18;23;27;29;37;48;0;0;-0,613473;-0,3424;36;3;0;0,000000;-0,811629;0,792497;-1,043434;13
5690;462;29;31;37;38;41;48;0;0;-1,162174;-0,8911;36;3;0;-0,502121;-2,475874;-0,552272;1,015202;13
5691;232;14;27;29;31;37;38;0;0;-0,050830;0,2202;36;3;0;-0,581990;-0,018512;1,279760;-1,349289;13
5692;333;18;23;27;31;37;38;0;0;0,730219;1,0013;36;3;0;0,265610;-0,454386;0,887845;0,831317;13
5693;212;14;23;27;31;41;48;0;0;0,640497;0,9115;36;3;0;-1,610999;0,158561;1,016007;-0,065195;13
5694;179;14;21;27;37;38;48;0;0;-0,017944;0,2531;36;3;0;-1,287189;-0,320652;0,020432;0,269140;13
5695;398;21;23;27;38;41;48;0;0;1,366497;1,6375;36;3;0;-0,349194;1,095937;0,388200;0,882706;13
5696;250;14;29;31;38;41;48;0;0;-2,820787;-2,5498;36;3;0;-0,629664;-2,878933;-1,644432;-0,362382;13
5697;87;14;18;23;31;41;48;0;0;-0,233850;0,0372;36;3;0;0,534317;0,034115;0,554748;-0,993903;13
5698;332;18;23;27;29;41;48;0;0;1,599561;1,8706;36;3;0;-0,815406;0,877381;2,517418;-0,624278;13
5699;260;18;21;23;27;31;41;0;0;-0,212403;0,0586;36;3;0;-1,072967;-1,487728;1,858035;-0,738199;13
5700;321;18;21;31;38;41;48;0;0;-1,646532;-1,3755;36;3;0;-1,724920;-0,798008;-0,875462;-1,178407;13
5701;278;18;21;23;31;37;38;0;0;-0,341803;-0,0708;36;3;0;-0,404298;-0,644461;-0,267468;0,319909;13
5702;181;14;21;27;38;41;48;0;0;-0,975223;-0,7042;36;3;0;-0,045197;-0,597407;0,568369;-1,660097;13
5703;325;18;23;27;29;31;41;0;0;-0,595242;-0,3242;36;3;0;0,264372;-1,364520;0,735537;-0,402007;13
5704;196;14;21;37;38;41;48;0;0;0,259444;0,5305;36;3;0;0,064390;0,188899;0,889702;-0,629231;13
5705;299;18;21;27;31;37;41;0;0;0,197247;0,4683;36;3;0;-0,619758;-0,142340;-0,169644;0,653625;13
5706;286;18;21;23;37;41;48;0;0;0,372044;0,6431;36;3;0;-0,874224;0,283627;0,406774;-0,046002;13
5707;226;14;23;29;38;41;48;0;0;1,445854;1,7169;36;3;0;-0,651334;-0,566450;2,166366;0,904376;13
5708;393;21;23;27;31;38;48;0;0;-1,260118;-0,9891;36;3;0;-0,440208;-2,356380;0,086679;0,087113;13
5709;380;21;23;27;29;31;38;0;0;-0,519103;-0,2481;36;3;0;0,310188;-0,590596;-0,655049;0,346532;13
5710;257;18;21;23;27;29;48;0;0;-2,341791;-2,0708;36;3;0;-2,327342;-1,420242;-0,802404;-1,833455;13
5711;243;14;27;31;37;38;48;0;0;0,188667;0,4597;36;3;0;-1,479122;0,812372;-0,106492;-0,379099;13
5712;408;21;23;29;38;41;48;0;0;-0,277460;-0,0064;36;3;0;-0,307093;1,193142;-0,960284;-0,713433;13
5713;266;18;21;23;27;38;48;0;0;0,182948;0,4540;36;3;0;0,466211;0,417361;-0,032814;-0,067672;13
5714;203;14;23;27;29;37;48;0;0;-0,918028;-0,6470;36;3;0;0,188837;0,091075;-0,112683;-1,568464;13
5715;128;14;21;23;27;29;37;0;0;0,801353;1,0724;36;3;0;-1,769498;0,555429;1,180697;-0,348142;13
5716;432;21;29;31;38;41;48;0;0;-1,496398;-1,2254;36;3;0;0,801785;-0,768908;0,534936;-2,357866;13
5717;100;14;18;27;29;38;48;0;0;-1,375577;-1,1045;36;3;0;2,672822;-0,659940;0,226605;-1,949234;13
5718;412;21;23;31;38;41;48;0;0;0,800281;1,0713;36;3;0;-0,081726;-0,377613;1,612237;0,151503;13
5719;43;14;18;21;29;37;48;0;0;0,634420;0,9055;36;3;0;0,637094;0,380832;1,465501;-0,747486;13
5720;245;14;27;31;38;41;48;0;0;0,157926;0,4290;36;3;0;-1,244469;-0,196205;0,377055;0,092685;13
5721;153;14;21;23;31;37;41;0;0;1,374362;1,6454;36;3;0;-0,331239;0,080550;0,918802;1,381113;13
5722;291;18;21;27;29;31;48;0;0;-0,220267;0,0508;36;3;0;0,947901;-1,394238;1,725539;-0,712814;13
5723;285;18;21;23;37;38;48;0;0;-0,220624;0,0504;36;3;0;0,727488;-0,208588;0,315761;-0,489305;13
5724;354;18;23;31;37;38;48;0;0;-0,032243;0,2388;36;3;0;1,090922;-1,378141;-0,016717;1,339011;13
5725;214;14;23;27;37;38;48;0;0;-1,187196;-0,9162;36;3;0;0,468688;-1,117483;-0,640189;-0,298611;13
5726;103;14;18;27;31;37;41;0;0;-1,511769;-1,2407;36;3;0;1,055012;-1,915553;-0,040863;-0,662045;13
5727;288;18;21;27;29;31;37;0;0;-2,008996;-1,7380;36;3;0;-1,174506;-2,243697;-0,417919;-0,818068;13
5728;123;14;18;31;37;38;48;0;0;0,475708;0,7467;36;3;0;0,512028;0,614867;-0,310808;0,519891;13
5729;194;14;21;31;37;41;48;0;0;-0,549487;-0,2785;36;3;0;1,401111;-0,760240;-0,483547;0,292048;13
5730;322;18;21;37;38;41;48;0;0;-1,030629;-0,7596;36;3;0;-0,890941;-0,840109;0,144878;-1,089870;13
5731;38;14;18;21;29;31;38;0;0;-0,238854;0,0322;36;3;0;0,399964;0,521377;-0,762779;-0,172306;13
5732;192;14;21;31;37;38;41;0;0;0,119320;0,3904;36;3;0;1,294000;-0,317556;-0,739252;1,263476;13
5733;435;23;27;29;31;37;38;0;0;-0,549845;-0,2788;36;3;0;-0,108968;-1,015326;-0,073678;0,136644;13
5734;331;18;23;27;29;38;48;0;0;0,141483;0,4125;36;3;0;0,441446;0,294772;-0,118255;0,068539;13
5735;164;14;21;27;29;31;41;0;0;-0,055835;0,2152;36;3;0;-0,899608;-0,713186;-0,290995;0,907472;13
5736;136;14;21;23;27;37;38;0;0;-2,148048;-1,8770;36;3;0;-0,459401;-1,381856;-1,354056;-0,984616;13
5737;363;18;27;29;31;41;48;0;0;0,008150;0,2792;36;3;0;-1,584995;0,355448;-1,090922;0,749591;13
5738;373;18;29;31;37;38;41;0;0;-1,752697;-1,4817;36;3;0;1,333625;-1,105720;0,125685;-2,055726;13
5739;454;23;29;37;38;41;48;0;0;0,401356;0,6724;36;3;0;-0,488500;-0,693373;1,179459;0,209083;13
5740;247;14;29;31;37;38;41;0;0;-0,546270;-0,2752;36;3;0;0,105254;-1,991707;1,907566;-0,862027;13
5741;242;14;27;31;37;38;41;0;0;-1,908550;-1,6375;36;3;0;-0,347337;-2,449870;-0,144259;-0,711576;13
5742;188;14;21;29;37;38;41;0;0;0,431025;0,7021;36;3;0;-1,637622;-1,288366;0,702722;1,332201;13
5743;372;18;27;37;38;41;48;0;0;0,620837;0,8919;36;3;0;2,077829;0,275579;0,704580;0,095162;13
5744;193;14;21;31;37;38;48;0;0;-1,172897;-0,9019;36;3;0;-1,053774;-0,872924;-0,275517;-0,883077;13
5745;422;21;27;29;37;41;48;0;0;-0,669236;-0,3982;36;3;0;1,986816;-0,396187;0,520696;-1,283660;13
5746;220;14;23;29;31;38;41;0;0;-0,145558;0,1255;36;3;0;-0,445161;0,240907;-0,489120;-0,003901;13
5747;84;14;18;23;31;37;48;0;0;0,416369;0,6874;36;3;0;0,001238;-0,095905;0,518838;0,298239;13
5748;37;14;18;21;29;31;37;0;0;0,037998;0,0909;37;3;0;-0,963380;-0,540075;0,417176;0,188713;13
5749;287;18;21;23;38;41;48;0;0;-0,254405;-0,2015;37;3;0;-0,161595;-1,513361;0,419652;0,653067;13
5750;210;14;23;27;31;38;41;0;0;2,106260;2,1592;37;3;0;0,696531;2,110458;1,983596;-0,445904;13
5751;318;18;21;31;37;38;41;0;0;-0,563964;-0,5111;37;3;0;-1,186270;0,199796;-1,795626;0,619015;13
5752;447;23;27;31;37;41;48;0;0;0,189203;0,2421;37;3;0;-0,855650;1,182369;-0,052131;-0,802528;13
5753;197;14;23;27;29;31;37;0;0;-0,613651;-0,5607;37;3;0;0,523172;0,901899;-1,497820;-0,466954;13
5754;280;18;21;23;31;37;48;0;0;-1,180225;-1,1273;37;3;0;0,830884;-1,851410;-0,554872;0,362072;13
5755;368;18;27;31;37;38;41;0;0;1,428160;1,4811;37;3;0;-0,783210;0,493887;0,584962;1,394796;13
5756;421;21;27;29;37;38;48;0;0;-3,247416;-3,1945;37;3;0;0,233415;-1,491691;-2,702045;-1,430953;13
5757;99;14;18;27;29;38;41;0;0;1,591161;1,6441;37;3;0;1,458072;2,194042;-0,347461;0,909391;13
5758;57;14;18;23;27;29;31;0;0;0,011546;0,0645;37;3;0;-0,451352;-1,717676;0,684024;1,053650;13
5759;308;18;21;29;31;37;38;0;0;1,237276;1,2902;37;3;0;-1,309478;1,169986;1,198529;-0,225490;13
5760;453;23;29;31;38;41;48;0;0;-0,234744;-0,1818;37;3;0;-0,300901;0,476551;-0,799432;-0,083708;13
5761;114;14;18;29;31;37;48;0;0;-0,984695;-0,9318;37;3;0;-2,275335;0,087113;-2,741051;0,948397;13
5762;362;18;27;29;31;38;48;0;0;2,115555;2,1685;37;3;0;-1,102067;0,779929;0,700122;2,184197;13
5763;216;14;23;27;38;41;48;0;0;-0,249042;-0,1961;37;3;0;-1,216607;-0,644090;-0,162957;0,375693;13
5764;455;23;31;37;38;41;48;0;0;-1,604172;-1,5513;37;3;0;-0,601803;-2,198747;-1,036562;0,456801;13
5765;284;18;21;23;37;38;41;0;0;0,790808;0,8437;37;3;0;-0,045197;1,924716;-1,513918;0,958922;13
5766;434;21;31;37;38;41;48;0;0;1,804207;1,8571;37;3;0;-0,380151;0,929761;-0,123952;2,319170;13
5767;202;14;23;27;29;37;41;0;0;-1,956628;-1,9037;37;3;0;-0,079869;-0,779681;-1,208063;-1,401235;13
5768;436;23;27;29;31;37;41;0;0;-0,751989;-0,6991;37;3;0;-1,806028;2,057831;-1,106525;-2,253789;13
5769;183;14;21;29;31;37;41;0;0;0,335404;0,3883;37;3;0;-0,435254;-0,812496;-0,991984;2,385417;13
5770;402;21;23;29;31;38;41;0;0;0,262482;0,3154;37;3;0;0,299044;-0,827355;0,433273;0,848715;13
5771;98;14;18;27;29;37;48;0;0;0,025845;0,0788;37;3;0;-1,393681;0,428877;0,118132;-0,502245;13
5772;228;14;23;31;37;38;48;0;0;1,011004;1,0639;37;3;0;-0,681053;1,483271;-0,112807;0,380646;13
5773;157;14;21;23;31;41;48;0;0;-0,335191;-0,2823;37;3;0;-0,515123;1,147078;-1,571498;-0,156147;13
5774;410;21;23;31;37;38;48;0;0;0,939154;0,9921;37;3;0;-0,342384;-0,966042;0,510046;2,082659;13
5775;28;14;18;21;27;31;38;0;0;1,107161;1,1601;37;3;0;0,981954;0,934714;0,462373;0,520572;13
5776;97;14;18;27;29;37;41;0;0;0,904838;0,9577;37;3;0;0,115779;1,085783;-0,944929;1,426372;13
5777;248;14;29;31;37;38;48;0;0;-1,189519;-1,1366;37;3;0;-1,464882;0,218989;-1,970842;-0,308455;13
5778;424;21;27;31;37;38;41;0;0;0,345770;0,3987;37;3;0;0,128781;0,357676;0,799184;-0,557968;13
5779;91;14;18;23;38;41;48;0;0;-0,505341;-0,4524;37;3;0;-0,104634;0,673437;-0,998175;-0,550538;13
5780;109;14;18;27;37;38;48;0;0;-0,254762;-0,2019;37;3;0;-1,383156;-1,595706;-0,503484;1,657930;13
5781;348;18;23;29;31;41;48;0;0;-1,608820;-1,5559;37;3;0;-0,409870;-1,696007;-0,712133;-0,378418;13
5782;429;21;29;31;37;38;41;0;0;1,018153;1,0711;37;3;0;-0,000619;-0,143207;0,926727;0,979973;13
5783;443;23;27;29;37;41;48;0;0;0,648539;0,7014;37;3;0;0,970190;0,775595;-0,025509;0,373217;13
5784;47;14;18;21;31;37;38;0;0;0,214225;0,2671;37;3;0;-0,277993;1,428167;-1,248927;0,191809;13
5785;85;14;18;23;31;38;41;0;0;0,142376;0,1953;37;3;0;-1,687153;-0,610037;0,481566;0,375074;13
5786;111;14;18;27;38;41;48;0;0;0,074817;0,1277;37;3;0;0,604279;-0,078816;-0,005696;0,214098;13
5787;456;27;29;31;37;38;41;0;0;0,391526;0,4444;37;3;0;-2,398543;1,347679;-0,528868;-0,140668;13
5788;213;14;23;27;37;38;41;0;0;0,285003;0,3379;37;3;0;-1,142930;0,594187;-0,551157;0,450609;13
5789;23;14;18;21;27;29;37;0;0;-1,815074;-1,7622;37;3;0;-2,963817;-0,534502;-2,447579;-0,161719;13
5790;326;18;23;27;29;31;48;0;0;0,532722;0,5856;37;3;0;1,081635;0,158314;-1,245831;2,010219;13
5791;65;14;18;23;27;31;48;0;0;0,168113;0,2210;37;3;0;-0,939852;-0,501688;1,759468;-0,966599;13
5792;353;18;23;31;37;38;41;0;0;-1,781116;-1,7282;37;3;0;0,570846;-2,303382;-0,621120;-0,160481;13
5793;152;14;21;23;31;37;38;0;0;-0,181839;-0,1289;37;3;0;-0,695293;0,197939;-0,711514;0,198620;13
5794;415;21;27;29;31;37;41;0;0;-0,461016;-0,4081;37;3;0;0,379532;-0,418723;-0,946787;0,567007;13
5795;252;14;31;37;38;41;48;0;0;-0,963605;-0,9107;37;3;0;-0,726869;-2,067490;-0,348080;0,746557;13
5796;387;21;23;27;29;38;48;0;0;0,452294;0,5052;37;3;0;-1,484694;0,355200;-0,896637;1,324833;13
5797;3;14;18;21;23;27;37;0;0;-0,612222;-0,5593;37;3;0;-0,064390;-0,744390;-0,062038;-0,253971;13
5798;234;14;27;29;31;37;48;0;0;2,199558;2,2525;37;3;0;0,144259;0,852368;1,080273;1,877105;13
5799;53;14;18;21;37;38;41;0;0;0,538084;0,5910;37;3;0;0,221652;-0,763584;0,412842;1,282731;13
5800;189;14;21;29;37;38;48;0;0;-0,820263;-0,7674;37;3;0;0,369007;-1,016811;0,059933;-0,463859;13
5801;186;14;21;29;31;38;48;0;0;-1,084069;-1,0312;37;3;0;-1,313193;0,354581;-2,251312;0,019069;13
5802;302;18;21;27;31;38;48;0;0;0,009758;0,0627;37;3;0;-0,364673;-0,901652;-0,127047;1,045601;13
5803;76;14;18;23;29;37;38;0;0;-0,561105;-0,5082;37;3;0;-1,725539;-0,597655;-0,383371;0,009163;13
5804;50;14;18;21;31;38;41;0;0;1,218330;1,2712;37;3;0;-1,152217;0,767546;0,378170;0,964494;13
5805;174;14;21;27;31;37;48;0;0;0,548093;0,6010;37;3;0;-0,633379;0,718015;-1,118288;1,349598;13
5806;201;14;23;27;29;37;38;0;0;2,320737;2,3736;37;3;0;-0,420395;2,398977;0,325543;1,295114;13
5807;314;18;21;29;37;38;41;0;0;0,579549;0,6325;37;3;0;-0,605518;-0,044764;0,331115;0,717458;13
5808;30;14;18;21;27;31;48;0;0;-1,651357;-1,5984;37;3;0;-0,972048;-0,533883;-2,038947;-0,287404;13
5809;281;18;21;23;31;38;41;0;0;1,192593;1,2455;37;3;0;-1,828936;-1,973381;2,039938;1,999075;13
5810;200;14;23;27;29;31;48;0;0;0,058016;0,1109;37;3;0;0,819120;-0,124633;-2,453151;2,678270;13
5811;176;14;21;27;31;38;48;0;0;0,210651;0,2636;37;3;0;-0,482928;0,318671;-0,129524;0,175712;13
5812;385;21;23;27;29;37;48;0;0;-0,361642;-0,3087;37;3;0;-0,772685;0,015912;-0,623596;-0,018698;13
5813;369;18;27;31;37;38;48;0;0;-0,106773;-0,0539;37;3;0;-2,181226;-0,819306;0,535431;0,098938;13
5814;312;18;21;29;31;38;48;0;0;1,479991;1,5329;37;3;0;-0,725011;0,228276;0,301397;2,033747;13
5815;49;14;18;21;31;37;48;0;0;-2,082454;-2,0295;37;3;0;-1,486552;-1,521409;-0,941834;-1,143673;13
5816;88;14;18;23;37;38;41;0;0;0,526288;0,5792;37;3;0;-2,727925;0,912425;-0,501007;0,500140;13
5817;273;18;21;23;29;37;41;0;0;0,315029;0,3679;37;3;0;-1,555276;0,337245;-0,064514;0,272916;13
5818;223;14;23;29;37;38;41;0;0;-1,455112;-1,4022;37;3;0;-1,408540;-1,926326;-0,528249;-0,065753;13
5819;254;18;21;23;27;29;37;0;0;-0,921782;-0,8689;37;3;0;-0,641428;-0,057766;-0,811195;-0,727612;13
5820;351;18;23;29;37;41;48;0;0;-0,788092;-0,7352;37;3;0;-0,863079;0,589853;-1,165343;-0,789526;13
5821;361;18;27;29;31;38;41;0;0;-0,103556;-0,0506;37;3;0;-1,375726;0,838128;0,030214;-1,047706;13
5822;96;14;18;27;29;37;38;0;0;0,369005;0,4219;37;3;0;-2,477793;0,478408;-0,302883;0,463611;13
5823;282;18;21;23;31;38;48;0;0;-0,099267;-0,0464;37;3;0;-0,419157;-0,847787;-0,489863;1,165714;13
5824;16;14;18;21;23;37;38;0;0;-1,269590;-1,2167;37;3;0;0,789402;-0,876267;-0,639694;-0,683034;13
5825;311;18;21;29;31;38;41;0;0;1,122173;1,1751;37;3;0;-1,563325;1,643627;-0,182151;0,482185;13
5826;160;14;21;23;37;41;48;0;0;0,043003;0,0959;37;3;0;-0,319476;0,506270;0,106368;-0,538155;13
5827;419;21;27;29;31;41;48;0;0;-0,222233;-0,1693;37;3;0;-0,573942;-0,302325;1,803427;-1,886020;13
5828;313;18;21;29;31;41;48;0;0;-0,252617;-0,1997;37;3;0;0,482309;-1,281803;-0,406279;1,250536;13
5829;31;14;18;21;27;37;38;0;0;-1,414719;-1,3618;37;3;0;-1,980625;-0,307898;-0,837199;-1,305268;13
5830;328;18;23;27;29;37;41;0;0;0,145593;0,1985;37;3;0;-0,734918;-0,475065;-0,009411;0,736651;13
5831;13;14;18;21;23;31;38;0;0;-0,735903;-0,6830;37;3;0;-0,305854;0,205368;-0,558587;-0,921402;13
5832;263;18;21;23;27;37;41;0;0;1,162210;1,2151;37;3;0;0,460020;1,810795;-0,335697;0,537908;13
5833;198;14;23;27;29;31;38;0;0;-0,345556;-0,2926;37;3;0;-0,132496;0,736589;-0,730707;-0,604403;13
5834;118;14;18;29;37;38;41;0;0;-0,536440;-0,4835;37;3;0;-0,993718;-2,638336;1,067890;0,641304;13
5835;40;14;18;21;29;31;48;0;0;0,849790;0,9027;37;3;0;1,222180;0,132310;0,413461;0,926108;13
5836;430;21;29;31;37;38;48;0;0;-0,350203;-0,2973;37;3;0;-1,203606;-0,463301;-0,122094;-0,021175;13
5837;208;14;23;27;31;37;41;0;0;-0,160749;-0,1078;37;3;0;-1,137358;-0,408198;-1,994369;2,124141;13
5838;231;14;23;37;38;41;48;0;0;1,895002;1,9479;37;3;0;0,130019;0,729160;0,102653;2,450427;13
5839;167;14;21;27;29;37;41;0;0;-0,941800;-0,8889;37;3;0;-0,651953;-1,377769;-0,692321;0,438845;13
5840;229;14;23;31;37;41;48;0;0;-1,464049;-1,4111;37;3;0;-0,417919;0,476551;-1,249546;-1,762812;13
5841;449;23;27;37;38;41;48;0;0;0,117355;0,1703;37;3;0;-0,723154;1,291338;-1,661892;0,573818;13
5842;125;14;18;31;38;41;48;0;0;-1,849032;-1,7961;37;3;0;-1,331148;0,245612;-2,257503;-1,190727;13
5843;294;18;21;27;29;37;48;0;0;-0,383448;-0,3305;37;3;0;0,721916;-0,740676;-1,196919;1,273444;13
5844;204;14;23;27;29;38;41;0;0;-1,206677;-1,1538;37;3;0;0,024146;-1,800022;0,131134;-0,421138;13
5845;407;21;23;29;37;41;48;0;0;-0,414904;-0,3620;37;3;0;-0,607375;-1,385199;-0,020555;0,687120;13
5846;161;14;21;23;38;41;48;0;0;-0,121787;-0,0689;37;3;0;-1,271711;-0,622420;-1,455719;1,867198;13
5847;365;18;27;29;37;38;48;0;0;0,124146;0,1771;37;3;0;-2,168843;-0,181593;1,105658;-0,709038;13
5848;14;14;18;21;23;31;41;0;0;-0,010974;0,0419;37;3;0;-1,715633;-0,939419;0,515000;0,405412;13
5849;230;14;23;31;38;41;48;0;0;1,836736;1,8896;37;3;0;-0,223509;1,562520;-0,575923;2,194723;13
5850;55;14;18;21;37;41;48;0;0;1,826012;1,8789;37;3;0;-2,069781;1,009010;2,004647;0,149089;13
5851;264;18;21;23;27;37;48;0;0;-1,221333;-1,1684;37;3;0;0,682291;-2,265614;-0,374084;0,524287;13
5852;135;14;21;23;27;31;48;0;0;-0,436708;-0,3838;37;3;0;-0,092252;-0,310374;0,284680;-0,730707;13
5853;29;14;18;21;27;31;41;0;0;-0,777011;-0,7241;37;3;0;0,690959;1,847943;-2,593696;-0,600069;13
5854;74;14;18;23;29;31;41;0;0;1,271950;1,3249;37;3;0;0,097205;1,065352;0,680310;0,457420;13
5855;218;14;23;29;31;37;41;0;0;-0,947161;-0,8943;37;3;0;-1,359009;-0,257128;-1,242735;-0,140668;13
5856;175;14;21;27;31;38;41;0;0;-0,986125;-0,9332;37;3;0;-3,241810;0,771261;-2,734240;0,254961;13
5857;349;18;23;29;37;38;41;0;0;-0,332688;-0,2798;37;3;0;-1,022817;-0,341331;0,785563;-1,020464;13
5858;33;14;18;21;27;37;48;0;0;-0,180767;-0,1279;37;3;0;0,051389;0,066062;-0,536917;0,157757;13
5859;309;18;21;29;31;37;41;0;0;-1,295327;-1,2424;37;3;0;-1,286570;0,238802;-2,258123;-0,224252;13
5860;144;14;21;23;29;31;41;0;0;-1,835092;-1,7822;37;3;0;-1,001147;-1,664430;-2,119436;0,605394;13
5861;345;18;23;29;31;37;48;0;0;0,427986;0,4809;37;3;0;-0,430921;-0,504165;0,574437;0,671022;13
5862;184;14;21;29;31;37;48;0;0;-1,374684;-1,3218;37;3;0;-1,868561;-0,179736;-0,790764;-1,410522;13
5863;137;14;21;23;27;37;41;0;0;0,401535;0,4544;37;3;0;-2,044396;0,488315;-1,409283;1,616447;13
5864;344;18;23;29;31;37;41;0;0;-0,281571;-0,2287;37;3;0;-0,902085;-0,822402;-0,435378;0,770085;13
5865;205;14;23;27;29;38;48;0;0;-1,186302;-1,1334;37;3;0;-1,389347;-1,575894;0,144135;-0,622977;13
5866;376;18;29;31;38;41;48;0;0;-1,461188;-1,4083;37;3;0;-0,491596;0,675295;-0,154289;-3,051858;13
5867;133;14;21;23;27;31;38;0;0;1,961847;2,0148;37;3;0;-2,329200;1,979820;-0,151813;1,570012;13
5868;390;21;23;27;31;37;41;0;0;-0,302303;-0,2494;37;3;0;-2,301958;0,077826;-1,121384;0,519953;13
5869;6;14;18;21;23;27;48;0;0;0,026917;0,0798;37;3;0;0,512647;-0,527073;-0,717086;1,290780;13
5870;301;18;21;27;31;38;41;0;0;0,099838;0,1527;37;3;0;-0,432159;-1,121446;0,771323;0,523048;13
5871;25;14;18;21;27;29;41;0;0;-0,625448;-0,5725;37;3;0;0,655049;1,582952;-3,095817;0,429558;13
5872;445;23;27;31;37;38;41;0;0;0,199570;0,2525;37;3;0;-0,093490;0,962575;-0,666317;0,049407;13
5873;441;23;27;29;37;38;41;0;0;1,448177;1,5011;37;3;0;0,459401;1,237472;-0,010649;1,281493;13
5874;276;18;21;23;29;38;48;0;0;2,027977;2,0809;37;3;0;-0,834599;0,581805;2,371796;0,558958;13
5875;148;14;21;23;29;37;48;0;0;0,346129;0,3990;37;3;0;-0,107111;0,327339;0,305731;-0,033557;13
5876;149;14;21;23;29;38;41;0;0;-0,270848;-0,2179;37;3;0;0,450733;1,107453;-1,334987;-0,241588;13
5877;182;14;21;29;31;37;38;0;0;-1,327142;-1,2742;37;3;0;-1,554038;-1,445875;-1,135005;0,282203;13
5878;124;14;18;31;37;41;48;0;0;0,921639;0,9745;37;3;0;-1,941000;1,347679;-0,548681;0,797327;13
5879;58;14;18;23;27;29;37;0;0;1,304478;1,3574;37;3;0;-0,594992;1,443646;0,907533;-0,091756;13
5880;405;21;23;29;37;38;41;0;0;0,419765;0,4727;37;3;0;-0,378913;-0,278798;0,625825;0,380027;13
5881;347;18;23;29;31;38;48;0;0;-0,802390;-0,7495;37;3;0;-2,192989;-0,127728;-0,404421;-0,857631;13
5882;2;14;18;21;23;27;31;0;0;-0,798815;-0,7459;37;3;0;-1,882182;-0,863265;-0,642790;0,122466;13
5883;461;27;31;37;38;41;48;0;0;-0,281214;-0,2283;37;3;0;-1,204225;-0,569793;0,568245;-0,485529;13
5884;147;14;21;23;29;37;41;0;0;0,334332;0,3872;37;3;0;-0,131877;1,439931;-0,442189;-0,418662;13
5885;66;14;18;23;27;37;38;0;0;0,615653;0,6686;37;3;0;0,172740;0,217751;-0,444046;1,292638;13
5886;444;23;27;29;38;41;48;0;0;0,138087;0,1910;37;3;0;-1,986816;0,999104;-0,514009;-0,245922;13
5887;316;18;21;29;37;41;48;0;0;-0,185772;-0,1329;37;3;0;-1,150360;-0,575366;-0,388943;0,642542;13
5888;217;14;23;29;31;37;38;0;0;0,772578;0,8255;37;3;0;-1,127452;1,052969;0,239483;0,045692;13
5889;73;14;18;23;29;31;38;0;0;0,355065;0,4080;37;3;0;-1,971338;0,101972;-0,019936;0,532955;13
5890;52;14;18;21;31;41;48;0;0;0,815831;0,8687;37;3;0;-1,833889;0,569422;0,180665;0,662974;13
5891;340;18;23;27;37;38;48;0;0;-0,240106;-0,1872;37;3;0;-1,421542;0,122404;-0,441570;-0,096709;13
5892;270;18;21;23;29;31;41;0;0;-0,688718;-0,6358;37;3;0;0,037148;-0,269511;-0,930070;0,006687;13
5893;4;14;18;21;23;27;38;0;0;0,336834;0,3897;37;3;0;0,545461;1,561282;-1,222923;0,245055;13
5894;392;21;23;27;31;38;41;0;0;0,516280;0,5692;37;3;0;-0,369007;0,559516;0,524287;-0,189580;13
5895;110;14;18;27;37;41;48;0;0;0,782587;0,8355;37;3;0;-0,127543;-0,242888;1,138472;0,459896;13
5896;307;18;21;27;38;41;48;0;0;-0,313028;-0,2601;37;3;0;-2,040062;0,376870;-0,746186;-0,172864;13
5897;63;14;18;23;27;31;38;0;0;-0,374510;-0,3216;37;3;0;-0,846363;-0,349999;-0,900351;0,601679;13
5898;79;14;18;23;29;38;41;0;0;1,924314;1,9772;37;3;0;0,564035;1,955054;0,996689;0,381266;13
5899;327;18;23;27;29;37;38;0;0;0,953452;1,0064;37;3;0;-1,233943;0,825745;-0,135096;0,960779;13
5900;61;14;18;23;27;29;48;0;0;1,078922;1,1318;37;3;0;-0,467450;2,052878;-0,596354;0,412223;13
5901;253;18;21;23;27;29;31;0;0;-1,381832;-1,3289;37;3;0;-0,922517;-0,662664;-0,161100;-1,569640;13
5902;244;14;27;31;37;41;48;0;0;0,545591;0,5985;37;3;0;0,360339;0,577471;-0,948025;1,315546;13
5903;255;18;21;23;27;29;38;0;0;-0,839923;-0,7870;37;3;0;-2,472840;-1,397582;0,869766;-0,926974;13
5904;292;18;21;27;29;37;38;0;0;-0,576834;-0,5239;37;3;0;-1,303287;0,375631;-0,297930;-1,076806;13
5905;336;18;23;27;31;38;41;0;0;0,286433;0,3393;37;3;0;-1,511317;1,947625;-0,839057;-0,612452;13
5906;130;14;21;23;27;29;41;0;0;1,357740;1,4106;37;3;0;-1,150360;1,470888;1,887630;-1,006843;13
5907;81;14;18;23;29;41;48;0;0;-0,662266;-0,6094;37;3;0;-0,328144;1,805842;-1,750429;-1,202491;13
5908;404;21;23;29;31;41;48;0;0;-0,466020;-0,4131;37;3;0;-0,778876;-1,230414;-1,104048;1,527291;13
5909;457;27;29;31;37;38;48;0;0;-0,170401;-0,1175;37;3;0;1,464882;0,138501;-0,049036;-0,384609;13
5910;155;14;21;23;31;38;41;0;0;0,931648;0,9846;37;3;0;0,028480;0,474074;0,355262;0,784325;13
5911;151;14;21;23;29;41;48;0;0;0,979904;1,0328;37;3;0;-1,058108;1,447360;-0,383371;0,633255;13
5912;279;18;21;23;31;37;41;0;0;-0,815616;-0,7627;37;3;0;-0,783830;-0,958612;-1,131909;0,677833;13
5913;306;18;21;27;37;41;48;0;0;1,000638;1,0535;37;3;0;-1,392443;0,836890;-0,106616;1,002881;13
5914;54;14;18;21;37;38;48;0;0;0,480891;0,5338;37;3;0;-2,055540;1,478937;-0,314646;-0,331363;13
5915;163;14;21;27;29;31;38;0;0;-0,772006;-0,7191;37;3;0;-0,362815;-1,115874;0,530478;-0,751758;13
5916;190;14;21;29;37;41;48;0;0;0,532722;0,5856;37;3;0;0,001857;-1,231653;1,097609;1,056746;13
5917;27;14;18;21;27;31;37;0;0;0,024057;0,0770;37;3;0;0,164691;0,504412;-0,786430;0,323686;13
5918;246;14;27;37;38;41;48;0;0;-1,993804;-1,9409;37;3;0;-0,073678;-0,653377;-0,268211;-2,531782;13
5919;222;14;23;29;31;41;48;0;0;0,207791;0,2607;37;3;0;-0,963999;1,848562;-1,570879;0,082222;13
5920;34;14;18;21;27;38;41;0;0;0,232099;0,2850;37;3;0;-1,957716;0,571279;0,265487;-0,434759;13
5921;396;21;23;27;37;38;48;0;0;0,538442;0,5913;37;3;0;0,954093;1,692539;-0,346841;-0,413089;13
5922;86;14;18;23;31;38;48;0;0;-1,055829;-1,0029;37;3;0;0,498407;-0,181593;-0,379656;-1,267501;13
5923;5;14;18;21;23;27;41;0;0;-0,109990;-0,0571;37;3;0;-0,125066;0,771880;0,665450;-1,627839;13
5924;249;14;29;31;37;41;48;0;0;0,295369;0,3483;37;3;0;-2,129837;1,070305;-0,016841;-0,541870;13
5925;117;14;18;29;31;41;48;0;0;2,055858;2,1088;37;3;0;-2,385541;2,764268;0,697645;0,098938;13
5926;15;14;18;21;23;31;48;0;0;-0,073529;-0,0206;37;3;0;-0,248894;-0,213169;-0,662602;0,748415;13
5927;51;14;18;21;31;38;48;0;0;-0,529649;-0,4767;37;3;0;0,176455;-0,687430;-0,784573;0,554624;13
5928;102;14;18;27;31;37;38;0;0;-1,414005;-1,3611;37;3;0;-1,394300;-1,879272;-0,325172;-0,244684;13
5929;191;14;21;29;38;41;48;0;0;-1,885851;-1,8329;37;3;0;-1,267996;-1,061389;-0,837818;-1,367182;13
5930;397;21;23;27;37;41;48;0;0;-0,349489;-0,2966;37;3;0;-0,438350;0,132929;-0,015602;-0,722659;13
5931;305;18;21;27;37;38;48;0;0;-1,399348;-1,3464;37;3;0;-0,849458;-1,270039;0,412223;-1,565926;13
5932;343;18;23;29;31;37;38;0;0;-0,335548;-0,2826;37;3;0;-1,103305;-0,375384;0,119989;-0,325791;13
5933;44;14;18;21;29;38;41;0;0;-0,803105;-0,7502;37;3;0;-0,481071;-1,528220;-0,168530;0,305731;13
5934;71;14;18;23;27;41;48;0;0;-0,363787;-0,3109;37;3;0;-1,726778;-0,111631;-0,150575;-0,367892;13
5935;259;18;21;23;27;31;38;0;0;0,203859;0,2568;37;3;0;-0,062533;1,934623;-0,772190;-0,809338;13
5936;56;14;18;21;38;41;48;0;0;-1,923384;-1,8705;37;3;0;-1,398634;-0,172925;-1,765288;-1,393186;13
5937;352;18;23;29;38;41;48;0;0;0,564537;0,6174;37;3;0;-1,310097;0,589853;-0,399468;0,787421;13
5938;39;14;18;21;29;31;41;0;0;-0,103914;-0,0510;37;3;0;-0,988764;1,368730;-1,360991;-0,187723;13
5939;324;18;23;27;29;31;38;0;0;-0,256548;-0,2036;37;3;0;-3,213949;-0,775966;0,801661;-0,470050;13
5940;93;14;18;27;29;31;38;0;0;0,829771;0,8827;37;3;0;-2,106310;-0,149398;2,081420;-0,494816;13
5941;330;18;23;27;29;38;41;0;0;1,122889;1,1758;37;3;0;-1,732350;1,218279;-0,554253;1,280874;13
5942;106;14;18;27;31;38;48;0;0;-0,561820;-0,5089;37;3;0;0,601184;-1,723868;0,005448;0,745319;13
5943;115;14;18;29;31;38;41;0;0;-1,852965;-1,8001;37;3;0;-1,274806;-1,270039;-1,011796;-0,927594;13
5944;319;18;21;31;37;38;48;0;0;2,059791;2,1127;37;3;0;-0,477356;-0,296753;2,123522;1,740894;13
5945;310;18;21;29;31;37;48;0;0;0,655689;0,7086;37;3;0;-0,669289;1,023250;-0,154908;0,267344;13
5946;334;18;23;27;31;37;41;0;0;-0,644035;-0,5911;37;3;0;-0,365292;-0,933228;-1,596263;1,413989;13
5947;416;21;27;29;31;37;48;0;0;-1,215614;-1,1627;37;3;0;-0,974524;-1,213078;-0,915211;0,022784;13
5948;428;21;27;37;38;41;48;0;0;-0,481749;-0,4288;37;3;0;-0,772685;-0,526454;-0,572827;0,264868;13
5949;146;14;21;23;29;37;38;0;0;-1,227768;-1,1749;37;3;0;-0,897751;-1,251465;-1,429715;0,554624;13
5950;166;14;21;27;29;37;38;0;0;-0,128578;-0,0757;37;3;0;0,253228;-1,840885;0,308207;1,309974;13
5951;388;21;23;27;29;41;48;0;0;-1,021942;-0,8423;38;3;0;-0,051389;-1,542708;-0,674985;0,447637;13
5952;460;27;29;37;38;41;48;0;0;0,001823;0,1815;38;3;0;-0,807976;0,024951;-0,775285;0,753492;13
5953;92;14;18;27;29;31;37;0;0;0,452580;0,6322;38;3;0;-2,728544;0,798875;-0,006315;-0,008668;13
5954;409;21;23;31;37;38;41;0;0;-1,861973;-1,6823;38;3;0;-1,624001;-1,595335;-1,142435;-0,487262;13
5955;143;14;21;23;29;31;38;0;0;-1,928460;-1,7488;38;3;0;-0,872366;-0,772499;-0,880539;-1,687153;13
5956;425;21;27;31;37;38;48;0;0;-0,731327;-0,5517;38;3;0;-1,486552;-0,690154;-0,693559;0,117017;13
5957;413;21;23;37;38;41;48;0;0;-0,219087;-0,0394;38;3;0;-1,451261;0,041049;-0,626692;0,206173;13
5958;116;14;18;29;31;38;48;0;0;-0,227309;-0,0476;38;3;0;-1,541036;0,997618;-0,524534;-0,866794;13
5959;423;21;27;29;38;41;48;0;0;-0,555815;-0,3762;38;3;0;-0,783830;-0,675295;-0,465716;0,178312;13
5960;426;21;27;31;37;41;48;0;0;-0,567253;-0,3876;38;3;0;-0,795593;0,997618;-0,734422;-1,245707;13
5961;185;14;21;29;31;38;41;0;0;-0,111492;0,0682;38;3;0;-0,819120;0,354333;-0,965361;0,417919;13
5962;18;14;18;21;23;37;48;0;0;0,875813;1,0555;38;3;0;-0,200601;0,169211;0,088413;1,259328;13
5963;199;14;23;27;29;31;41;0;0;-0,105772;0,0739;38;3;0;-2,055540;-0,654244;1,324214;-0,853173;13
5964;272;18;21;23;29;37;38;0;0;0,028990;0,2087;38;3;0;-1,328052;0,187785;0,099557;-0,237130;13
5965;119;14;18;29;37;38;48;0;0;-1,058403;-0,8787;38;3;0;-0,720058;-0,727921;-1,910786;0,805499;13
5966;101;14;18;27;29;41;48;0;0;-0,007114;0,1726;38;3;0;-1,501411;1,164166;-0,340650;-0,835837;13
5967;35;14;18;21;27;38;48;0;0;-0,235173;-0,0555;38;3;0;0,269944;0,735722;0,177569;-1,320623;13
5968;295;18;21;27;29;38;41;0;0;-1,045177;-0,8655;38;3;0;-0,547938;0,286228;-1,450766;-0,645762;13
5969;233;14;27;29;31;37;41;0;0;0,901907;1,0816;38;3;0;0,057580;1,365387;-0,580257;0,777019;13
5970;459;27;29;31;38;41;48;0;0;-1,683600;-1,5039;38;3;0;-0,251370;-2,615056;0,480947;-0,781972;13
5971;206;14;23;27;29;41;48;0;0;0,695652;0,8753;38;3;0;-0,931185;0,493020;-0,272545;0,984430;13
5972;113;14;18;29;31;37;41;0;0;1,056687;1,2364;38;3;0;-0,700246;0,610656;1,106277;0,113302;13
5973;139;14;21;23;27;38;41;0;0;-2,097182;-1,9175;38;3;0;-0,336811;-1,725354;-2,549118;0,642047;13
5974;235;14;27;29;31;38;41;0;0;0,731398;0,9111;38;3;0;0,377055;0,690525;0,017831;0,558463;13
5975;346;18;23;29;31;38;41;0;0;-0,447504;-0,2678;38;3;0;-1,001147;-0,205987;0,238245;-0,807357;13
5976;394;21;23;27;31;41;48;0;0;0,755706;0,9354;38;3;0;0,190695;0,077578;0,743462;0,487881;13
5977;82;14;18;23;31;37;38;0;0;2,009675;2,1893;38;3;0;1,261805;1,473117;1,563820;0,443922;13
5978;386;21;23;27;29;38;41;0;0;0,583410;0,7631;38;3;0;0,100920;0,993284;-0,331363;0,348575;13
5979;377;18;29;37;38;41;48;0;0;-0,969395;-0,7897;38;3;0;-1,718110;-0,679009;-0,063895;-0,936138;13
5980;297;18;21;27;29;41;48;0;0;-0,070027;0,1096;38;3;0;-1,148502;0,262081;0,745319;-1,128690;13
5981;384;21;23;27;29;37;41;0;0;0,938011;1,1177;38;3;0;-0,836456;0,649043;0,434512;0,541127;13
5982;105;14;18;27;31;38;41;0;0;-0,014978;0,1647;38;3;0;-1,794883;0,684953;-1,082378;0,371483;13
5983;238;14;27;29;37;38;41;0;0;0,494760;0,6744;38;3;0;-0,204316;1,075010;-1,149245;0,931185;13
5984;225;14;23;29;37;41;48;0;0;0,099052;0,2787;38;3;0;-1,545370;0,532645;1,165714;-1,526796;13
5985;427;21;27;31;38;41;48;0;0;0,999851;1,1795;38;3;0;0,547938;1,019907;0,302016;0,409870;13
5986;80;14;18;23;29;38;48;0;0;-0,353849;-0,1742;38;3;0;-0,690340;-0,290809;0,058075;-0,380151;13
5987;269;18;21;23;29;31;38;0;0;-0,857867;-0,6782;38;3;0;-1,534226;-0,027675;-1,253260;-0,204935;13
5988;112;14;18;29;31;37;38;0;0;-0,653043;-0,4734;38;3;0;-0,063152;1,427920;-0,690463;-1,868561;13
5989;172;14;21;27;31;37;38;0;0;0,433635;0,6133;38;3;0;-0,681672;0,605703;-0,322076;0,467450;13
5990;256;18;21;23;27;29;41;0;0;-0,189418;-0,0098;38;3;0;-1,610380;-0,336007;0,024642;-0,016717;13
5991;221;14;23;29;31;38;48;0;0;-1,001924;-0,8223;38;3;0;-1,717491;-1,231900;-1,777052;1,273568;13
5992;45;14;18;21;29;38;48;0;0;-1,347231;-1,1676;38;3;0;-0,686006;-0,399778;-0,917687;-1,016007;13
5993;180;14;21;27;37;41;48;0;0;-2,027834;-1,8482;38;3;0;-1,967623;-1,820082;-0,819244;-0,872986;13
5994;290;18;21;27;29;31;41;0;0;-0,789951;-0,6103;38;3;0;0,452590;0,585891;-1,271216;-0,682910;13
5995;401;21;23;29;31;37;48;0;0;0,403250;0,5829;38;3;0;0,013002;-1,581714;1,282112;0,998052;13
5996;240;14;27;29;37;41;48;0;0;0,515851;0,6955;38;3;0;-0,524410;-0,414637;1,658549;-0,350432;13
5997;261;18;21;23;27;31;48;0;0;1,522814;1,7025;38;3;0;-1,145406;2,289141;0,757083;-0,408632;13
5998;67;14;18;23;27;37;41;0;0;-0,479317;-0,2997;38;3;0;-0,648238;0,740676;-1,520109;-0,050769;13
5999;420;21;27;29;37;38;41;0;0;0,899405;1,0791;38;3;0;0,329382;1,173454;0,742843;-0,358481;13
6000;68;14;18;23;27;37;48;0;0;-0,989056;-0,8094;38;3;0;-0,547938;0,252175;-1,126337;-0,838933;13
6001;381;21;23;27;29;31;41;0;0;0,693150;0,8728;38;3;0;-1,178221;0,042287;1,045601;0,112683;13
6002;451;23;29;31;37;38;48;0;0;1,396990;1,5767;38;3;0;-0,643285;1,000095;-0,092375;1,511937;13
6003;341;18;23;27;37;41;48;0;0;-1,798345;-1,6187;38;3;0;-1,290285;-3,068885;0,774419;-0,820359;13
6004;69;14;18;23;27;38;41;0;0;0,168399;0,3481;38;3;0;-0,045816;0,585272;-1,089808;0,796212;13
6005;335;18;23;27;31;37;48;0;0;0,218443;0,3981;38;3;0;-0,028480;-0,147169;1,077177;-0,551653;13
6006;265;18;21;23;27;38;41;0;0;-1,491644;-1,3120;38;3;0;-1,271092;-1,292576;-1,036562;-0,254466;13
6007;177;2;16;24;29;42;43;0;0;-0,039714;-0,0561;39;3;0;-1,816553;0,352909;-0,316504;-0,105192;14
6008;366;4;24;26;32;42;43;0;0;0,380302;0,3639;39;3;0;-2,066685;1,079778;-0,631026;0,209950;14
6009;202;2;23;24;26;32;42;0;0;-1,721562;-1,7380;39;3;0;-0,557225;-1,116926;0,135468;-2,000375;14
6010;415;16;24;26;29;32;42;0;0;-2,830761;-2,8472;39;3;0;-1,087827;-1,927379;-1,999942;-0,975701;14
6011;432;16;26;29;36;42;43;0;0;0,061089;0,0447;39;3;0;0,369626;0,482309;-1,123861;0,747362;14
6012;345;4;23;26;29;32;43;0;0;-0,493330;-0,5097;39;3;0;-0,190076;-0,237749;0,237625;-0,854349;14
6013;108;2;4;24;32;36;42;0;0;1,065195;1,0488;39;3;0;-0,615424;0,383866;0,113798;1,347308;14
6014;45;2;4;16;26;36;43;0;0;0,448219;0,4318;39;3;0;-0,178931;1,401111;0,007925;-0,632698;14
6015;85;2;4;23;29;36;42;0;0;0,790309;0,7739;39;3;0;0,215460;0,658764;-0,886730;1,596821;14
6016;446;23;24;29;32;36;43;0;0;-0,958028;-0,9744;39;3;0;-1,740399;-0,559701;-0,616786;-0,482866;14
6017;68;2;4;23;24;32;43;0;0;-1,618972;-1,6354;39;3;0;-0,040863;-0,228462;-2,303320;-0,272359;14
6018;399;16;23;26;29;32;36;0;0;-0,133726;-0,1501;39;3;0;-1,292142;0,434016;0,259914;-0,925550;14
6019;50;2;4;16;29;36;42;0;0;-0,310311;-0,3267;39;3;0;-0,698388;1,083493;-0,582114;-1,038853;14
6020;455;23;29;32;36;42;43;0;0;0,771006;0,7546;39;3;0;-1,367058;-0,042101;0,350928;1,026594;14
6021;435;23;24;26;29;32;36;0;0;0,983337;0,9669;39;3;0;-0,875462;0,045816;0,033929;1,623444;14
6022;232;2;24;26;29;32;36;0;0;0,367791;0,3514;39;3;0;-0,893417;-0,605518;-0,175959;1,418509;14
6023;272;4;16;23;26;32;36;0;0;-0,416119;-0,4325;39;3;0;-2,015296;-0,440208;-0,114045;-0,166486;14
6024;181;2;16;24;36;42;43;0;0;-0,457585;-0,4740;39;3;0;-0,443922;0,265610;-0,577780;-0,480390;14
6025;253;4;16;23;24;26;29;0;0;0,888966;0,8726;39;3;0;-1,534226;2,064827;-1,503393;0,978301;14
6026;233;2;24;26;29;32;42;0;0;-0,495118;-0,5115;39;3;0;-1,108877;-1,687153;0,133610;0,695974;14
6027;342;4;23;24;36;42;43;0;0;-0,592347;-0,6088;39;3;0;-1,710680;0,705199;-1,724425;-0,006749;14
6028;220;2;23;26;29;36;42;0;0;0,327755;0,3113;39;3;0;-2,672822;-0,812929;0,266106;1,114512;14
6029;163;2;16;24;26;29;36;0;0;-1,567141;-1,5835;39;3;0;-0,068724;-0,775162;-1,477389;-0,461816;14
6030;400;16;23;26;29;32;42;0;0;0,262340;0,2459;39;3;0;-1,834508;0,869271;-0,991984;0,577099;14
6031;302;4;16;24;29;36;43;0;0;0,831058;0,8146;39;3;0;-1,762688;2,232614;-0,219299;-0,573880;14
6032;179;2;16;24;32;36;43;0;0;0,470739;0,4543;39;3;0;-1,409160;1,653719;-1,020464;0,182089;14
6033;245;2;24;29;36;42;43;0;0;-1,302619;-1,3190;39;3;0;-1,938523;1,250660;-2,983753;-0,523110;14
6034;244;2;24;29;32;42;43;0;0;-0,352134;-0,3685;39;3;0;-1,636384;0,100920;-0,485529;-0,225305;14
6035;254;4;16;23;24;26;32;0;0;-0,343197;-0,3596;39;3;0;-1,574470;1,284713;-1,525682;-0,353466;14
6036;310;4;16;26;29;32;43;0;0;-1,214684;-1,2311;39;3;0;-0,199363;-0,417919;-0,837199;-0,848777;14
6037;301;4;16;24;29;36;42;0;0;-0,174476;-0,1909;39;3;0;-1,359009;0,074916;-1,382041;1,004924;14
6038;182;2;16;26;29;32;36;0;0;1,649999;1,6336;39;3;0;-0,300901;1,106401;-0,299787;2,051268;14
6039;14;2;4;16;23;29;42;0;0;-1,136043;-1,1525;39;3;0;0,379532;-1,117545;-0,182770;-0,667370;14
6040;457;24;26;29;32;36;43;0;0;0,200142;0,1837;39;3;0;0,065010;2,238805;-0,573446;-1,318703;14
6041;11;2;4;16;23;26;43;0;0;-0,747484;-0,7639;39;3;0;-1,053774;-0,671765;0,167663;-0,790578;14
6042;76;2;4;23;26;32;36;0;0;0,340623;0,3242;39;3;0;-0,802404;-0,789402;1,003500;0,375879;14
6043;351;4;23;26;32;42;43;0;0;0,230884;0,2145;39;3;0;0,390676;1,684676;-0,904066;-0,380708;14
6044;4;2;4;16;23;24;36;0;0;-0,280641;-0,2971;39;3;0;-2,433215;0,115779;0,056218;-0,658082;14
6045;208;2;23;24;29;32;42;0;0;0,033566;0,0172;39;3;0;-1,921806;0,365911;0,229577;-0,537350;14
6046;460;24;26;32;36;42;43;0;0;-0,813257;-0,8297;39;3;0;-1,955859;-0,047674;-0,076278;-1,284651;14
6047;159;2;16;23;32;36;43;0;0;0,437853;0,4214;39;3;0;-0,438350;-0,987526;1,276540;0,469369;14
6048;398;16;23;24;36;42;43;0;0;0,585483;0,5691;39;3;0;-1,871037;0,401821;0,580628;0,031638;14
6049;42;2;4;16;26;32;42;0;0;1,779400;1,7630;39;3;0;-1,575708;2,618957;0,167663;0,295391;14
6050;320;4;16;29;32;42;43;0;0;0,920066;0,9037;39;3;0;1,768879;0,864937;-0,401945;1,130609;14
6051;84;2;4;23;29;32;43;0;0;0,128650;0,1122;39;3;0;-0,458163;1,042630;0,096462;-0,916263;14
6052;327;4;23;24;26;32;36;0;0;-1,318706;-1,3351;39;3;0;1,961431;-1,393681;-0,267592;-0,622792;14
6053;49;2;4;16;29;32;43;0;0;-1,035240;-1,0516;39;3;0;-0,335573;0,839552;-2,464296;-0,168344;14
6054;31;2;4;16;24;32;36;0;0;1,006928;0,9905;39;3;0;0,848839;0,773304;0,143516;0,827231;14
6055;347;4;23;26;29;36;43;0;0;-1,085284;-1,1017;39;3;0;-0,677957;0,161595;-0,310312;-1,731050;14
6056;341;4;23;24;32;42;43;0;0;-0,816831;-0,8332;39;3;0;0,426587;1,097114;-0,809338;-1,702569;14
6057;178;2;16;24;32;36;42;0;0;-1,185015;-1,2014;39;3;0;-1,518747;-0,835837;0,625206;-1,841876;14
6058;461;24;29;32;36;42;43;0;0;-0,809325;-0,8257;39;3;0;-1,500173;-1,360248;0,296444;-0,337988;14
6059;164;2;16;24;26;29;42;0;0;-1,049181;-1,0656;39;3;0;-0,476118;0,430921;-1,074949;-1,173206;14
6060;361;4;24;26;29;36;42;0;0;-0,800746;-0,8172;39;3;0;0,206792;-0,791259;0,077269;-0,672942;14
6061;419;16;24;26;29;42;43;0;0;0,200499;0,1841;39;3;0;-0,354147;-0,027242;1,589824;-1,215307;14
6062;255;4;16;23;24;26;36;0;0;0,119714;0,1033;39;3;0;-2,309387;-0,095966;-0,579018;0,882335;14
6063;97;2;4;24;26;32;42;0;0;-0,705662;-0,7221;39;3;0;-0,390057;1,548466;-2,058141;-0,712567;14
6064;458;24;26;29;32;42;43;0;0;-0,729969;-0,7464;39;3;0;-0,302759;-0,081107;0,186856;-1,370092;14
6065;269;4;16;23;26;29;36;0;0;-0,545519;-0,5619;39;3;0;-0,773923;-0,392534;-0,391419;-0,160914;14
6066;408;16;23;26;36;42;43;0;0;-0,573759;-0,5902;39;3;0;-1,892707;0,033433;-0,596354;-0,430859;14
6067;199;2;23;24;26;29;42;0;0;-1,089931;-1,1063;39;3;0;0,328144;-0,195029;-0,564159;-1,128628;14
6068;275;4;16;23;26;36;42;0;0;0,619442;0,6030;39;3;0;-0,373341;1,874133;-1,878591;1,077363;14
6069;129;2;16;23;24;26;36;0;0;-1,848461;-1,8649;39;3;0;0,698388;-0,399964;-1,173392;-1,628273;14
6070;25;2;4;16;24;26;42;0;0;-1,720490;-1,7369;39;3;0;-0,793736;-1,068633;-1,375850;-0,535493;14
6071;444;23;24;26;36;42;43;0;0;1,956342;1,9399;39;3;0;0,276755;1,615952;1,672789;0,099743;14
6072;462;26;29;32;36;42;43;0;0;-1,181798;-1,1982;39;3;0;-0,247655;0,190695;-1,235925;-1,001704;14
6073;154;2;16;23;29;32;43;0;0;-0,650971;-0,6674;39;3;0;0,401202;-0,989384;0,136087;-0,274217;14
6074;364;4;24;26;32;36;42;0;0;1,375113;1,3587;39;3;0;0,071820;1,867322;0,805995;-0,291552;14
6075;145;2;16;23;26;29;43;0;0;2,826042;2,8096;39;3;0;-2,950815;1,846891;0,913106;2,134852;14
6076;340;4;23;24;32;36;43;0;0;0,814973;0,7986;39;3;0;-0,133115;1,981244;-1,079283;0,509613;14
6077;112;2;4;26;29;32;36;0;0;0,174762;0,1584;39;3;0;0,486024;0,843886;-1,178964;0,637775;14
6078;24;2;4;16;24;26;36;0;0;-0,321749;-0,3382;39;3;0;0,193171;0,717582;0,118132;-1,393000;14
6079;174;2;16;24;29;32;43;0;0;-0,537655;-0,5541;39;3;0;1,271711;0,274898;-0,934404;-0,271740;14
6080;126;2;4;32;36;42;43;0;0;0,364931;0,3485;39;3;0;-0,635855;0,887845;1,160142;-1,415908;14
6081;337;4;23;24;29;36;43;0;0;0,941513;0,9251;39;3;0;-1,228990;-0,452590;0,411603;1,671736;14
6082;188;2;16;26;32;36;42;0;0;0,208006;0,1916;39;3;0;0,866175;1,217227;0,078507;-0,935457;14
6083;338;4;23;24;29;42;43;0;0;0,059660;0,0433;39;3;0;-1,656815;0,529983;0,291490;-0,718139;14
6084;316;4;16;26;32;42;43;0;0;0,193350;0,1769;39;3;0;-0,152308;0,574561;-0,523296;0,283627;14
6085;311;4;16;26;29;36;42;0;0;-0,015407;-0,0318;39;3;0;-1,583757;1,586852;-0,324552;-1,288985;14
6086;132;2;16;23;24;29;32;0;0;-0,579478;-0,5959;39;3;0;-1,097733;0,573942;-0,902209;-0,675418;14
6087;191;2;16;26;36;42;43;0;0;-0,086184;-0,1026;39;3;0;-0,235892;-1,243850;-0,013126;1,107701;14
6088;56;2;4;16;36;42;43;0;0;-0,731756;-0,7482;39;3;0;-0,983192;0,488500;-0,568493;-1,187446;14
6089;380;16;23;24;26;29;36;0;0;-0,513348;-0,5298;39;3;0;-0,701484;0,136830;-1,362229;0,336254;14
6090;189;2;16;26;32;36;43;0;0;-0,956598;-0,9730;39;3;0;-1,267996;-1,096495;-0,640932;0,080550;14
6091;150;2;16;23;26;36;43;0;0;0,321678;0,3053;39;3;0;-0,941710;0,526268;1,074082;-1,043187;14
6092;157;2;16;23;29;42;43;0;0;-1,019154;-1,0356;39;3;0;-2,271001;-0,056342;-0,634122;-1,074763;14
6093;313;4;16;26;29;42;43;0;0;-1,089930;-1,1063;39;3;0;0,215460;-0,201839;-0,528868;-1,157108;14
6094;34;2;4;16;24;36;42;0;0;-0,014692;-0,0311;39;3;0;-2,098261;-0,094109;0,794850;-0,726188;14
6095;102;2;4;24;29;32;36;0;0;0,270561;0,2542;39;3;0;0,095347;-0,890321;-0,965361;2,324308;14
6096;44;2;4;16;26;36;42;0;0;-0,636672;-0,6531;39;3;0;-1,791168;0,373341;-1,768384;0,292295;14
6097;99;2;4;24;26;36;42;0;0;-0,153743;-0,1702;39;3;0;-1,315050;-0,100300;-0,359843;0,193852;14
6098;197;2;23;24;26;29;32;0;0;-1,409143;-1,4256;39;3;0;-1,435163;0,093490;-2,825873;0,291676;14
6099;297;4;16;24;26;42;43;0;0;0,680210;0,6638;39;3;0;0,401202;1,290904;-1,233448;1,120703;14
6100;348;4;23;26;29;42;43;0;0;-1,467051;-1,4835;39;3;0;-1,360248;0,486643;-1,259452;-1,768198;14
6101;242;2;24;29;32;36;42;0;0;0,982621;0,9662;39;3;0;0,052627;0,725011;0,295824;0,681114;14
6102;359;4;24;26;29;32;42;0;0;1,598882;1,5825;39;3;0;-1,663006;0,811691;0,906914;1,050740;14
6103;106;2;4;24;29;36;43;0;0;0,215512;0,1991;39;3;0;-1,342912;-0,225986;-0,161719;0,760983;14
6104;211;2;23;24;29;36;43;0;0;1,651429;1,6350;39;3;0;0,716343;2,342202;-0,600069;1,118226;14
6105;8;2;4;16;23;26;32;0;0;3,438013;3,4216;39;3;0;-1,453738;1,864227;1,866579;2,224008;14
6106;382;16;23;24;26;29;43;0;0;0,841068;0,8247;39;3;0;0,964618;-0,219794;0,658640;1,017926;14
6107;358;4;24;26;29;32;36;0;0;-0,498335;-0,5147;39;3;0;-2,139743;-0,068105;0,443799;-1,238835;14
6108;263;4;16;23;24;32;42;0;0;-0,263126;-0,2795;39;3;0;-1,118784;-0,775781;0,536050;-0,216017;14
6109;58;2;4;23;24;26;32;0;0;-0,008615;-0,0250;39;3;0;-0,391296;-2,103833;1,537817;0,551095;14
6110;292;4;16;24;26;32;36;0;0;-1,032738;-1,0491;39;3;0;0,353528;-0,722535;-1,603074;0,536855;14
6111;61;2;4;23;24;26;43;0;0;0,691291;0,6749;39;3;0;-0,004953;-0,275517;0,985545;0,487324;14
6112;196;2;16;32;36;42;43;0;0;-0,846859;-0,8633;39;3;0;-0,037148;1,097733;-1,616076;-0,948459;14
6113;225;2;23;26;32;42;43;0;0;-0,351419;-0,3678;39;3;0;-1,880324;0,277374;-0,765379;-0,120670;14
6114;218;2;23;26;29;32;42;0;0;0,144021;0,1276;39;3;0;0,810453;-0,315761;-0,120856;0,686068;14
6115;207;2;23;24;29;32;36;0;0;1,107733;1,0913;39;3;0;-3,776127;0,320714;1,141568;0,456367;14
6116;388;16;23;24;26;42;43;0;0;-0,865446;-0,8819;39;3;0;-0,687863;-1,425876;-0,020555;-0,052565;14
6117;29;2;4;16;24;29;42;0;0;0,055728;0,0393;39;3;0;-0,347337;0,199982;1,202863;-1,306321;14
6118;424;16;24;29;32;36;42;0;0;-0,441499;-0,4579;39;3;0;-1,445070;-0,548557;0,448752;-0,664893;14
6119;314;4;16;26;32;36;42;0;0;1,521313;1,5049;39;3;0;-1,813457;0,053865;0,840047;1,741080;14
6120;344;4;23;26;29;32;42;0;0;0,662695;0,6463;39;3;0;-2,312483;0,716963;1,630687;-1,199829;14
6121;90;2;4;23;32;42;43;0;0;1,321136;1,3047;39;3;0;-1,747209;0,727488;1,062318;0,498469;14
6122;426;16;24;29;32;42;43;0;0;1,740079;1,7237;39;3;0;-1,862988;2,005390;1,329786;-0,321271;14
6123;307;4;16;24;36;42;43;0;0;-0,594492;-0,6109;39;3;0;0,588801;0,005572;0,325543;-1,360805;14
6124;384;16;23;24;26;32;42;0;0;0,566896;0,5505;39;3;0;-0,227843;1,067395;-0,604403;0,518900;14
6125;128;2;16;23;24;26;32;0;0;0,075745;0,0593;39;3;0;-0,754111;-0,170882;0,357738;-0,055661;14
6126;239;2;24;26;32;36;43;0;0;-0,873310;-0,8897;39;3;0;-0,115779;-0,522553;-0,813672;-0,176393;14
6127;236;2;24;26;29;36;43;0;0;0,562249;0,5458;39;3;0;-0,960903;0,178931;0,723649;0,071263;14
6128;442;23;24;26;32;36;43;0;0;-1,328357;-1,3448;39;3;0;-2,610908;0,585086;-1,027894;-1,857973;14
6129;69;2;4;23;24;36;42;0;0;-0,664554;-0,6810;39;3;0;-0,006811;1,517509;-1,293505;-1,375045;14
6130;354;4;23;29;32;36;43;0;0;-0,354994;-0,3714;39;3;0;0,698388;-0,920659;-0,320838;0,626630;14
6131;139;2;16;23;24;36;42;0;0;-0,036854;-0,0533;39;3;0;-0,629045;-0,630283;-0,840914;1,407364;14
6132;405;16;23;26;32;36;42;0;0;-0,727109;-0,7435;39;3;0;0,618520;0,293472;-1,292885;-0,259976;14
6133;65;2;4;23;24;29;43;0;0;1,641063;1,6247;39;3;0;-1,224656;0,047055;1,501907;1,293443;14
6134;278;4;16;23;29;32;36;0;0;0,827841;0,8114;39;3;0;-0,356624;2,233233;0,316875;-1,116245;14
6135;46;2;4;16;26;42;43;0;0;-0,121930;-0,1383;39;3;0;-1,604188;-0,793117;0,820854;-0,238926;14
6136;119;2;4;26;32;36;43;0;0;-0,933721;-0,9501;39;3;0;-1,037676;0,254466;-0,954836;-0,916882;14
6137;109;2;4;24;32;36;43;0;0;1,118814;1,1024;39;3;0;-0,650715;1,566421;0,428939;-0,057518;14
6138;243;2;24;29;32;36;43;0;0;-0,093333;-0,1097;39;3;0;-1,582518;0,345479;0,315018;-0,822154;14
6139;83;2;4;23;29;32;42;0;0;0,324538;0,3081;39;3;0;0,721297;-0,063152;-0,003220;0,628488;14
6140;47;2;4;16;29;32;36;0;0;1,009431;0,9930;39;3;0;-0,645762;1,121879;0,726126;-0,099619;14
6141;291;4;16;24;26;29;43;0;0;1,133826;1,1174;39;3;0;-1,074206;0,439588;-0,102282;1,626539;14
6142;62;2;4;23;24;29;32;0;0;-0,306022;-0,3224;39;3;0;0,601803;-0,360958;-0,570351;0,401264;14
6143;322;4;16;32;36;42;43;0;0;1,250717;1,2343;39;3;0;0,209888;1,370154;0,168282;0,627869;14
6144;213;2;23;24;32;36;42;0;0;-1,650428;-1,6668;39;3;0;0,175835;-0,063771;-0,613690;-2,181164;14
6145;375;4;26;29;32;42;43;0;0;0,688432;0,6720;39;3;0;-1,556515;1,098971;-0,652077;0,745505;14
6146;324;4;23;24;26;29;36;0;0;0,261982;0,2456;39;3;0;1,793026;1,723682;-0,576542;-0,693373;14
6147;137;2;16;23;24;32;42;0;0;0,270204;0,2538;39;3;0;-0,511409;1,819649;-0,713372;-0,638270;14
6148;329;4;23;24;26;32;43;0;0;1,585656;1,5692;39;3;0;-0,037148;1,066776;1,594158;0,085503;14
6149;186;2;16;26;29;36;43;0;0;0,848216;0,8318;39;3;0;-1,038296;1,441974;0,001114;0,026066;14
6150;234;2;24;26;29;32;43;0;0;0,855009;0,8386;39;3;0;-0,300901;1,002386;-0,510913;0,989446;14
6151;86;2;4;23;29;36;43;0;0;-0,726036;-0,7424;39;3;0;0,403059;-0,406155;-0,949263;0,097886;14
6152;203;2;23;24;26;32;43;0;0;0,095049;0,0786;39;3;0;0,955331;-0,059437;-0,289262;0,513328;14
6153;158;2;16;23;32;36;42;0;0;1,113094;1,0967;39;3;0;-1,589948;0,889083;0,196762;0,842091;14
6154;39;2;4;16;26;29;42;0;0;0,373152;0,3567;39;3;0;-0,387581;-0,684767;0,141659;1,189427;14
6155;293;4;16;24;26;32;42;0;0;-0,477245;-0,4937;39;3;0;0,125066;0,105873;1,306878;-2,239363;14
6156;121;2;4;26;36;42;43;0;0;0,582266;0,5659;39;3;0;0,396868;0,006191;0,128038;0,874286;14
6157;332;4;23;24;26;42;43;0;0;0,801389;0,7850;39;3;0;-1,113211;-0,334954;0,816520;0,906481;14
6158;95;2;4;24;26;29;43;0;0;-1,028806;-1,0452;39;3;0;1,063680;-0,225986;-0,297930;-1,258028;14
6159;161;2;16;23;36;42;43;0;0;-0,414331;-0,4307;39;3;0;-0,011764;-0,238368;-0,991984;0,512709;14
6160;187;2;16;26;29;42;43;0;0;1,121673;1,1053;39;3;0;-0,549795;3,262861;0,741604;-2,061670;14
6161;122;2;4;29;32;36;42;0;0;1,011933;0,9955;39;3;0;0,256943;1,170791;1,132900;-0,550972;14
6162;148;2;16;23;26;32;43;0;0;-0,691363;-0,7078;39;3;0;0,383247;0,646381;-0,223014;-1,620843;14
6163;295;4;16;24;26;36;42;0;0;0,248757;0,2323;39;3;0;-0,843267;0,924993;0,354643;-0,848777;14
6164;309;4;16;26;29;32;42;0;0;-0,231670;-0,2481;39;3;0;-1,277283;-0,212984;0,554005;-0,742285;14
6165;59;2;4;23;24;26;36;0;0;-0,072957;-0,0894;39;3;0;-2,082783;-0,408012;-0,107854;0,389500;14
6166;16;2;4;16;23;32;36;0;0;0,404967;0,3886;39;3;0;-1,194319;-1,421542;1,448661;0,674304;14
6167;200;2;23;24;26;29;43;0;0;-1,148912;-1,1653;39;3;0;0,734918;-0,555987;0,020308;-1,454295;14
6168;427;16;24;29;36;42;43;0;0;0,901478;0,8851;39;3;0;0,300901;0,358481;1,211531;-0,008606;14
6169;116;2;4;26;29;36;43;0;0;-0,942300;-0,9587;39;3;0;-0,851316;0,382628;-1,375850;-0,638889;14
6170;127;2;16;23;24;26;29;0;0;1,839452;1,8230;39;3;0;-0,970190;2,082163;0,674118;0,429744;14
6171;325;4;23;24;26;29;42;0;0;0,598352;0,5819;39;3;0;0,271183;1,090922;0,824569;-0,879115;14
6172;28;2;4;16;24;29;36;0;0;-0,291723;-0,3081;39;3;0;-1,396158;-0,099062;0,076649;-0,482866;14
6173;418;16;24;26;29;36;43;0;0;-1,491359;-1,5078;39;3;0;-0,324429;-1,248803;1,066033;-2,400339;14
6174;41;2;4;16;26;32;36;0;0;0,532937;0,5165;39;3;0;-1,270473;0,716963;0,084079;0,122032;14
6175;315;4;16;26;32;36;43;0;0;0,156889;0,1405;39;3;0;0,900228;0,375198;-0,191438;0,087980;14
6176;450;23;26;29;32;36;42;0;0;0,055728;0,0393;39;3;0;-1,986816;0,933661;-0,777762;-0,059375;14
6177;248;2;26;29;32;36;43;0;0;-1,213970;-1,2304;39;3;0;-1,138596;1,049440;-0,438474;-2,713623;14
6178;130;2;16;23;24;26;42;0;0;-0,932648;-0,9491;39;3;0;-3,018301;0,798689;-2,235214;-0,178869;14
6179;411;16;23;29;32;42;43;0;0;0,429631;0,4132;39;3;0;0,694674;0,130019;1,365077;-0,750953;14
6180;229;2;23;29;32;42;43;0;0;0,378157;0,3617;39;3;0;-0,237130;0,785068;0,076649;-0,206730;14
6181;96;2;4;24;26;32;36;0;0;-1,464906;-1,4813;39;3;0;-0,960284;-0,242083;-1,629078;-0,666131;14
6182;270;4;16;23;26;29;42;0;0;-0,027917;-0,0443;39;3;0;-0,508932;-0,345479;0,654306;-0,357181;14
6183;377;4;26;32;36;42;43;0;0;1,075918;1,0595;39;3;0;-0,967714;0,648857;-1,066900;2,281588;14
6184;285;4;16;23;32;36;43;0;0;0,959386;0,9430;39;3;0;0,090394;-0,164072;1,807761;0,018017;14
6185;175;2;16;24;29;36;42;0;0;1,907013;1,8906;39;3;0;-0,370245;0,390677;0,819616;2,092751;14
6186;362;4;24;26;29;36;43;0;0;0,032493;0,0161;39;3;0;-0,333097;1,268615;-0,300406;-0,911929;14
6187;23;2;4;16;24;26;32;0;0;0,593347;0,5769;39;3;0;-1,555895;0,716963;0,406650;-0,095905;14
6188;104;2;4;24;29;32;43;0;0;-2,692423;-2,7088;39;3;0;-0,368388;-1,987435;-1,317651;-1,358328;14
6189;296;4;16;24;26;36;43;0;0;-0,626305;-0,6427;39;3;0;-0,561559;0,770209;-2,425909;0,570908;14
6190;146;2;16;23;26;32;36;0;0;-1,083139;-1,0995;39;3;0;-0,807976;-0,586324;-1,219827;-0,069901;14
6191;82;2;4;23;29;32;36;0;0;0,445717;0,4293;39;3;0;-0,489739;-0,251989;1,048697;-0,024704;14
6192;134;2;16;23;24;29;42;0;0;0,077176;0,0608;39;3;0;1,180078;0,393772;0,241340;-0,501440;14
6193;241;2;24;26;36;42;43;0;0;0,403537;0,3871;39;3;0;-0,877939;1,913758;-1,193204;-0,021608;14
6194;363;4;24;26;29;42;43;0;0;1,424442;1,4080;39;3;0;-0,699627;0,977001;0,306350;1,183855;14
6195;27;2;4;16;24;29;32;0;0;0,137229;0,1208;39;3;0;-1,437021;0,710152;0,827045;-1,299510;14
6196;117;2;4;26;29;42;43;0;0;0,682713;0,6663;39;3;0;-0,525030;2,204134;-0,323314;-0,698327;14
6197;376;4;26;29;36;42;43;0;0;-1,372682;-1,3891;39;3;0;-0,913230;0,729964;-2,290937;-0,816582;14
6198;381;16;23;24;26;29;42;0;0;-1,418079;-1,4345;39;3;0;-1,118784;-0,052627;-1,207444;-1,196114;14
6199;212;2;23;24;29;42;43;0;0;0,212296;0,1959;39;3;0;-2,166985;0,609852;-0,164815;-0,077330;14
6200;66;2;4;23;24;32;36;0;0;-2,703862;-2,7203;39;3;0;1,187508;-1,297715;-2,453151;-0,932361;14
6201;305;4;16;24;32;36;43;0;0;-0,012547;-0,0290;39;3;0;-0,981335;1,260566;-0,975886;-0,306412;14
6202;264;4;16;23;24;32;43;0;0;-0,366074;-0,3825;39;3;0;0,463735;0,226605;-0,180912;-0,679752;14
6203;383;16;23;24;26;32;36;0;0;2,585472;2,5691;39;3;0;-3,323536;1,831412;1,244345;1,402411;14
6204;423;16;24;26;36;42;43;0;0;0,753490;0,7371;39;3;0;0,631521;0,843267;0,246913;0,214903;14
6205;274;4;16;23;26;32;43;0;0;0,233386;0,2170;39;3;0;-0,194410;1,350341;-0,735041;-0,211064;14
6206;162;2;16;24;26;29;32;0;0;-0,742123;-0,7585;39;3;0;-1,651243;0,015478;-0,977125;-0,323748;14
6207;369;4;24;29;32;36;43;0;0;1,049109;1,0327;39;3;0;0,212365;1,682819;0,187475;-0,053184;14
6208;250;2;26;29;36;42;43;0;0;1,782259;1,7659;39;3;0;-0,531840;0,060676;2,969265;0,057023;14
6209;246;2;24;32;36;42;43;0;0;0,865017;0,8486;39;3;0;-2,882710;1,043868;1,087084;-0,632698;14
6210;101;2;4;24;26;42;43;0;0;1,247142;1,2307;39;3;0;0,127543;0,807976;0,745938;0,606199;14
6211;12;2;4;16;23;29;32;0;0;-1,409858;-0,9216;40;3;0;-0,932423;-1,913077;0,134972;-0,663840;14
6212;215;2;23;24;32;42;43;0;0;-0,669558;-0,1813;40;3;0;-0,981954;-0,908834;-0,290376;0,039501;14
6213;449;23;24;32;36;42;43;0;0;-0,059732;0,4285;40;3;0;0,913230;-1,650562;-0,111445;1,658549;14
6214;404;16;23;26;29;42;43;0;0;-3,299748;-2,8115;40;3;0;-0,461877;-2,659139;-1,140453;-1,915739;14
6215;171;2;16;24;26;42;43;0;0;0,665197;1,1534;40;3;0;-1,208559;0,956631;0,128781;0,066743;14
6216;217;2;23;26;29;32;36;0;0;-1,562493;-1,0743;40;3;0;-0,008668;-1,388047;-0,649476;-0,668794;14
6217;440;23;24;26;29;42;43;0;0;-1,196454;-0,7082;40;3;0;0,601184;-0,358419;0,378913;-2,092813;14
6218;100;2;4;24;26;36;43;0;0;-0,361428;0,1268;40;3;0;-1,898898;-0,962699;-0,705818;1,042506;14
6219;371;4;24;29;36;42;43;0;0;-0,437924;0,0503;40;3;0;-1,829555;-2,121726;-0,554129;1,917349;14
6220;77;2;4;23;26;32;42;0;0;-1,707264;-1,2191;40;3;0;-1,367677;-1,115007;-1,045725;-0,796336;14
6221;422;16;24;26;32;42;43;0;0;-0,396816;0,0914;40;3;0;0,056342;-0,681610;0,370864;-0,376560;14
6222;258;4;16;23;24;29;32;0;0;-1,483137;-0,9949;40;3;0;-0,295948;0,209331;-1,619667;-1,158532;14
6223;156;2;16;23;29;36;43;0;0;-1,286892;-0,7987;40;3;0;-0,235892;-0,560878;-1,524939;-0,143145;14
6224;416;16;24;26;29;32;43;0;0;-0,831845;-0,3436;40;3;0;0,323810;-1,076001;0,547938;-0,912734;14
6225;448;23;24;29;36;42;43;0;0;0,024629;0,5128;40;3;0;0,754111;-0,079807;0,599326;-0,476861;14
6226;373;4;26;29;32;36;42;0;0;-0,528004;-0,0398;40;3;0;0,362196;1,305825;-0,388819;-1,831536;14
6227;390;16;23;24;29;32;42;0;0;0,330256;0,8185;40;3;0;-1,357152;0,011206;0,099681;0,461134;14
6228;413;16;23;32;36;42;43;0;0;-0,490829;-0,0026;40;3;0;-0,347956;0,399406;-1,518747;0,269201;14
6229;183;2;16;26;29;32;42;0;0;-0,253117;0,2351;40;3;0;1,612237;0,557287;-1,958336;0,962637;14
6230;288;4;16;24;26;29;32;0;0;-0,805750;-0,3175;40;3;0;-0,806119;-0,958365;0,462497;-0,899732;14
6231;67;2;4;23;24;32;42;0;0;-0,620943;-0,1327;40;3;0;0,692816;0,288581;-1,738541;0,374455;14
6232;350;4;23;26;32;36;43;0;0;-1,452395;-0,9642;40;3;0;-1,178221;-1,378141;-0,193790;-0,943691;14
6233;445;23;24;29;32;36;42;0;0;-0,401463;0,0868;40;3;0;-2,353346;-0,725569;-0,911372;0,941586;14
6234;88;2;4;23;32;36;42;0;0;1,390126;1,8783;40;3;0;1,186270;1,598059;0,440208;0,369502;14
6235;52;2;4;16;29;42;43;0;0;-1,133183;-0,6450;40;3;0;-0,682910;0,213046;-1,477884;-0,697893;14
6236;433;16;26;32;36;42;43;0;0;-1,503869;-1,0157;40;3;0;-0,946663;-0,134291;-1,487790;-0,982697;14
6237;110;2;4;24;32;42;43;0;0;-0,924070;-0,4359;40;3;0;0,585705;-0,524968;-0,225986;-0,849582;14
6238;91;2;4;23;36;42;43;0;0;0,216585;0,7048;40;3;0;0,435874;0,663779;0,304616;-0,593259;14
6239;330;4;23;24;26;36;42;0;0;-1,908871;-1,4207;40;3;0;-0,013621;-2,327280;0,365292;-1,344274;14
6240;403;16;23;26;29;36;43;0;0;1,026947;1,5152;40;3;0;-0,526887;1,420366;0,298425;0,059933;14
6241;394;16;23;24;29;42;43;0;0;-3,403054;-2,9148;40;3;0;-1,259328;-2,962517;-1,611618;-1,320127;14
6242;198;2;23;24;26;29;36;0;0;0,529005;1,0172;40;3;0;-1,105163;-0,300220;0,757826;0,458658;14
6243;40;2;4;16;26;29;43;0;0;-0,683856;-0,1956;40;3;0;-0,865556;-0,942886;-0,437731;0,196143;14
6244;1;2;4;16;23;24;26;0;0;-1,272235;-0,7840;40;3;0;2,247473;-1,519304;-0,180169;-0,504103;14
6245;357;4;23;32;36;42;43;0;0;-0,672775;-0,1846;40;3;0;-0,063152;-0,895213;-0,697150;0,427082;14
6246;387;16;23;24;26;36;43;0;0;-1,083854;-0,5956;40;3;0;0,058199;-1,388047;-0,405536;-0,083708;14
6247;80;2;4;23;26;36;43;0;0;-0,917277;-0,4291;40;3;0;0,261896;1,199334;-2,462314;-0,325791;14
6248;421;16;24;26;32;36;43;0;0;-0,933363;-0,4451;40;3;0;0,364054;-0,521253;-0,132496;-0,962884;14
6249;165;2;16;24;26;29;43;0;0;0,577263;1,0655;40;3;0;-1,281617;0,324491;-0,429063;1,104420;14
6250;221;2;23;26;29;36;43;0;0;0,282358;0,7706;40;3;0;-1,467978;0,561621;-0,038387;-0,034176;14
6251;319;4;16;29;32;36;43;0;0;0,404966;0,8932;40;3;0;0,653191;1,251960;0,042721;-0,593259;14
6252;339;4;23;24;32;36;42;0;0;1,039458;1,5277;40;3;0;-0,616662;1,538622;-0,113302;0,375074;14
6253;143;2;16;23;26;29;36;0;0;-1,195024;-0,7068;40;3;0;0,388200;-0,147912;-0,898370;-1,023560;14
6254;401;16;23;26;29;32;43;0;0;-0,340696;0,1475;40;3;0;-0,125066;-0,314461;0,857507;-1,133148;14
6255;17;2;4;16;23;32;42;0;0;-1,504584;-1,0164;40;3;0;-0,338050;-0,619696;-0,505836;-1,480484;14
6256;113;2;4;26;29;32;42;0;0;-0,116568;0,3716;40;3;0;-1,747209;-0,372040;0,425348;-0,255209;14
6257;172;2;16;24;29;32;36;0;0;-0,468308;0,0199;40;3;0;-0,791259;-0,043278;-0,694674;-0,073182;14
6258;37;2;4;16;26;29;32;0;0;-0,634885;-0,1467;40;3;0;-0,131877;-0,888402;-1,355295;1,144044;14
6259;391;16;23;24;29;32;43;0;0;-1,870981;-1,3828;40;3;0;0,473022;-1,080335;-2,021488;-0,138811;14
6260;70;2;4;23;24;36;43;0;0;0,400676;0,8889;40;3;0;-0,474260;-0,996751;0,292233;1,398510;14
6261;94;2;4;24;26;29;42;0;0;-1,206105;-0,7179;40;3;0;-0,326286;-1,226452;1,136739;-1,999323;14
6262;417;16;24;26;29;36;42;0;0;-1,190377;-0,7022;40;3;0;-1,947191;-1,513113;0,026004;-0,574685;14
6263;141;2;16;23;24;42;43;0;0;0,631596;1,1198;40;3;0;0,685387;1,476089;-1,225275;0,843143;14
6264;262;4;16;23;24;32;36;0;0;-0,798959;-0,3107;40;3;0;-1,401111;-0,539827;-0,312665;-0,531345;14
6265;370;4;24;29;32;42;43;0;0;-0,717816;-0,2296;40;3;0;-0,936757;0,870571;-1,783739;-0,330125;14
6266;105;2;4;24;29;36;42;0;0;-1,400921;-0,9127;40;3;0;-1,479122;-1,349041;-0,755968;-0,321457;14
6267;195;2;16;29;36;42;43;0;0;-0,327111;0,1611;40;3;0;0,260657;0,087980;-1,375726;0,721173;14
6268;231;2;23;32;36;42;43;0;0;-1,350519;-0,8623;40;3;0;-0,129400;-0,735475;-0,532459;-1,071234;14
6269;149;2;16;23;26;36;42;0;0;1,184229;1,6724;40;3;0;1,523081;-0,013559;2,272858;-0,208154;14
6270;447;23;24;29;32;42;43;0;0;-2,196984;-1,7088;40;3;0;-0,901466;-1,179397;-0,917564;-1,708327;14
6271;281;4;16;23;29;36;42;0;0;-0,989127;-0,5009;40;3;0;-0,864318;0,837757;-1,710061;-0,840914;14
6272;2;2;4;16;23;24;29;0;0;0,705590;1,1938;40;3;0;-0,242702;-0,300220;0,870509;0,651829;14
6273;277;4;16;23;26;42;43;0;0;1,764386;2,2526;40;3;0;0,403059;-0,497726;2,257999;1,295733;14
6274;124;2;4;29;32;42;43;0;0;-0,717100;-0,2289;40;3;0;1,430210;-0,334273;-1,750924;0,843143;14
6275;51;2;4;16;29;36;43;0;0;-1,427373;-0,9392;40;3;0;-0,013002;-0,463054;-1,135500;-0,873728;14
6276;402;16;23;26;29;36;42;0;0;1,162781;1,6510;40;3;0;0,102158;1,428415;1,167076;-0,581495;14
6277;15;2;4;16;23;29;43;0;0;-1,617184;-1,1290;40;3;0;0,887226;-0,598026;-2,487080;0,284061;14
6278;451;23;26;29;32;36;43;0;0;1,253218;1,7414;40;3;0;1,108258;0,920721;0,477356;0,772561;14
6279;410;16;23;29;32;36;43;0;0;-1,887782;-1,3996;40;3;0;-1,297715;-2,493829;0,564035;-1,339940;14
6280;222;2;23;26;29;42;43;0;0;-0,243824;0,2444;40;3;0;-0,827788;-0,554686;-0,243941;0,376312;14
6281;147;2;16;23;26;32;42;0;0;0,339552;0,8278;40;3;0;2,324247;1,414175;-1,131785;0,305731;14
6282;290;4;16;24;26;29;42;0;0;0,965463;1,4537;40;3;0;1,452499;1,225956;1,540417;-1,094142;14
6283;431;16;26;29;32;42;43;0;0;-0,081537;0,4067;40;3;0;-1,090303;-0,811629;1,042010;-0,371607;14
6284;92;2;4;24;26;29;32;0;0;0,275923;0,7641;40;3;0;0,506455;0,235954;0,812310;-0,570351;14
6285;299;4;16;24;29;32;42;0;0;-0,525144;-0,0369;40;3;0;1,828936;0,687925;-0,938614;-0,658887;14
6286;252;2;29;32;36;42;43;0;0;1,158134;1,6463;40;3;0;0,742347;0,622915;1,072348;0,310684;14
6287;355;4;23;29;32;42;43;0;0;0,411043;0,8993;40;3;0;0,616662;-0,959603;1,976910;-0,305359;14
6288;343;4;23;26;29;32;36;0;0;-1,202888;-0,7147;40;3;0;-1,575089;-1,068571;-0,256323;-0,758569;14
6289;318;4;16;29;32;36;42;0;0;0,483965;0,9722;40;3;0;1,033962;-0,707614;0,383247;1,162619;14
6290;349;4;23;26;32;36;42;0;0;-0,492973;-0,0048;40;3;0;-1,619048;-2,216455;0,393772;0,968828;14
6291;60;2;4;23;24;26;42;0;0;0,377442;0,8657;40;3;0;-0,855650;0,894098;0,790021;-1,030371;14
6292;386;16;23;24;26;36;42;0;0;-0,997706;-0,5095;40;3;0;-1,511317;-1,120579;-1,199272;0,591773;14
6293;103;2;4;24;29;32;42;0;0;0,199427;0,6876;40;3;0;0,957188;-0,420952;0,496549;0,269821;14
6294;412;16;23;29;36;42;43;0;0;-0,159106;0,3291;40;3;0;-1,027151;0,131938;-1,246945;0,839428;14
6295;304;4;16;24;32;36;42;0;0;-0,405753;0,0825;40;3;0;2,168843;-0,671704;-0,178931;0,147850;14
6296;176;2;16;24;29;36;43;0;0;-0,724964;-0,2368;40;3;0;-1,506984;-1,080954;0,653191;-0,827912;14
6297;205;2;23;24;26;36;43;0;0;-1,498508;-1,0103;40;3;0;0,040244;-0,908215;-1,120022;-0,567255;14
6298;123;2;4;29;32;36;43;0;0;-0,936223;-0,4480;40;3;0;0,902704;-0,339845;-1,043249;-0,238492;14
6299;87;2;4;23;29;42;43;0;0;0,707378;1,1956;40;3;0;0,734298;1,036500;0,659383;-0,470669;14
6300;240;2;24;26;32;42;43;0;0;0,073958;0,5622;40;3;0;1,706965;0,265053;-0,767732;0,630778;14
6301;389;16;23;24;29;32;36;0;0;0,264842;0,7531;40;3;0;0,590658;0,592578;-0,167787;0,033929;14
6302;356;4;23;29;36;42;43;0;0;-0,552312;-0,0641;40;3;0;0,888464;0,154227;-2,306292;1,195433;14
6303;414;16;24;26;29;32;36;0;0;-0,465091;0,0231;40;3;0;-0,573322;0,988826;0,407393;-2,201781;14
6304;173;2;16;24;29;32;42;0;0;-0,959457;-0,4712;40;3;0;0,697769;-0,952173;-1,372630;0,662974;14
6305;439;23;24;26;29;36;43;0;0;-0,007900;0,4803;40;3;0;2,242520;-0,194967;-0,139925;0,321209;14
6306;33;2;4;16;24;32;43;0;0;-1,363745;-0,8755;40;3;0;-0,494692;-1,068571;-0,549176;-0,744329;14
6307;321;4;16;29;36;42;43;0;0;1,113095;1,6013;40;3;0;-0,521934;0,512709;0,538651;0,876577;14
6308;333;4;23;24;29;32;36;0;0;-0,355351;0,1329;40;3;0;0,294091;0,042782;0,880415;-1,538683;14
6309;3;2;4;16;23;24;32;0;0;0,236245;0,7245;40;3;0;0,736775;1,917534;-0,786306;-0,722040;14
6310;230;2;23;29;36;42;43;0;0;-0,684929;-0,1967;40;3;0;-0,655049;-0,240783;-0,890941;-0,054608;14
6311;138;2;16;23;24;32;43;0;0;-0,731756;-0,2435;40;3;0;-0,781972;-0,991798;-0,046435;-0,229205;14
6312;251;2;26;32;36;42;43;0;0;-0,443643;0,0446;40;3;0;-0,630283;0,767794;-0,662478;-0,873728;14
6313;142;2;16;23;26;29;32;0;0;0,891111;1,3793;40;3;0;1,123118;0,546761;0,859364;0,137325;14
6314;228;2;23;29;32;36;43;0;0;-2,300290;-1,8121;40;3;0;0,269944;-2,366905;-1,498316;-0,118998;14
6315;98;2;4;24;26;32;43;0;0;-0,986983;-0,4988;40;3;0;0,952854;-0,859303;-1,061823;0,211622;14
6316;38;2;4;16;26;29;36;0;0;-1,154274;-0,6661;40;3;0;0,674861;-0,288457;-1,686534;-0,024270;14
6317;204;2;23;24;26;36;42;0;0;-1,801634;-1,3134;40;3;0;0,207411;-1,938461;-1,373250;0,191190;14
6318;331;4;23;24;26;36;43;0;0;-0,974829;-0,4866;40;3;0;2,634435;0,624154;-0,422253;-1,890354;14
6319;428;16;24;32;36;42;43;0;0;-1,259367;-0,7712;40;3;0;0,162833;1,145468;-1,407302;-1,919454;14
6320;21;2;4;16;23;42;43;0;0;0,187988;0,6762;40;3;0;-2,825130;-0,177012;-0,075535;0,578152;14
6321;425;16;24;29;32;36;43;0;0;-0,474027;0,0142;40;3;0;-1,436402;-0,117574;-0,759683;0,056218;14
6322;114;2;4;26;29;32;43;0;0;0,723106;1,2113;40;3;0;0,580133;-0,680371;-0,463116;2,395943;14
6323;352;4;23;26;36;42;43;0;0;0,943658;1,4319;40;3;0;0,822216;0,740552;0,294710;0,599202;14
6324;326;4;23;24;26;29;43;0;0;-0,878314;-0,3901;40;3;0;0,016717;-0,921216;-0,401821;-0,198248;14
6325;75;2;4;23;26;29;43;0;0;-1,422726;-0,9345;40;3;0;-1,346007;-0,705137;-1,063680;-0,695417;14
6326;393;16;23;24;29;36;43;0;0;0,956169;1,4444;40;3;0;0,125685;0,303440;1,440736;-0,088042;14
6327;407;16;23;26;32;42;43;0;0;0,146881;0,6351;40;3;0;1,266139;-0,113240;1,034581;-0,666936;14
6328;9;2;4;16;23;26;36;0;0;-2,107262;-1,6190;40;3;0;-0,866175;-1,518066;-2,094546;-0,037272;14
6329;131;2;16;23;24;26;43;0;0;-1,347660;-0,8594;40;3;0;-0,155404;-1,113769;-0,455067;-0,765379;14
6330;63;2;4;23;24;29;36;0;0;-0,612007;-0,1238;40;3;0;0,091633;-0,453148;-0,599326;-0,007553;14
6331;152;2;16;23;29;32;36;0;0;-1,007000;-0,5188;40;3;0;-0,929327;-0,334892;-2,132933;0,723649;14
6332;372;4;24;32;36;42;43;0;0;-2,055787;-1,5676;40;3;0;-1,105782;-1,072286;-1,852463;-0,635979;14
6333;395;16;23;24;32;36;42;0;0;0,507915;0,9961;40;3;0;-0,123828;1,105844;0,003715;-0,229824;14
6334;396;16;23;24;32;36;43;0;0;-0,543732;-0,0555;40;3;0;-0,006191;-0,539827;1,104543;-1,506488;14
6335;335;4;23;24;29;32;43;0;0;-1,292611;-0,8044;40;3;0;-0,804880;-1,548404;-1,459310;0,768846;14
6336;294;4;16;24;26;32;43;0;0;-0,623089;-0,1349;40;3;0;0,507694;-0,422810;-0,011764;-0,644647;14
6337;26;2;4;16;24;26;43;0;0;-1,652573;-1,1644;40;3;0;0,711390;-0,843205;-0,650096;-1,369039;14
6338;406;16;23;26;32;36;43;0;0;0,382446;0,8707;40;3;0;-2,322389;-0,074854;0,356624;0,380646;14
6339;166;2;16;24;26;32;36;0;0;1,435881;1,9241;40;3;0;-0,000619;1,396220;0,629664;0,461134;14
6340;79;2;4;23;26;36;42;0;0;-0,667413;-0,1792;40;3;0;-0,013621;-0,736094;-0,458163;0,038263;14
6341;273;4;16;23;26;32;42;0;0;-1,532466;-1,0443;40;3;0;-0,659383;0,365354;-2,163890;-0,855773;14
6342;64;2;4;23;24;29;42;0;0;-1,032738;-0,5445;40;3;0;0,851935;0,211188;-2,759501;0,759559;14
6343;107;2;4;24;29;42;43;0;0;0,613723;1,1019;40;3;0;0,099681;-0,252547;0,126304;1,189242;14
6344;160;2;16;23;32;42;43;0;0;0,433921;0,9221;40;3;0;0,970809;0,924436;-0,363434;0,190571;14
6345;227;2;23;29;32;36;42;0;0;-0,330329;0,1579;40;3;0;-0,436493;-0,546018;0,173978;-0,200106;14
6346;180;2;16;24;32;42;43;0;0;-0,215942;0,2723;40;3;0;-1,796121;-1,361424;0,523172;0,464230;14
6347;48;2;4;16;29;32;42;0;0;-2,060434;-1,5722;40;3;0;-1,175125;0,671827;-2,055540;-2,185064;14
6348;266;4;16;23;24;36;43;0;0;0,289149;0,7774;40;3;0;0,141164;0,578337;0,385104;-0,462620;14
6349;289;4;16;24;26;29;36;0;0;-0,048650;0,4396;40;3;0;-0,297187;1,399315;-0,879177;-0,604403;14
6350;429;16;26;29;32;36;42;0;0;-1,810928;-1,3227;40;3;0;-0,321952;-1,279698;-2,015916;0,158995;14
6351;287;4;16;23;36;42;43;0;0;-1,185373;-0,6972;40;3;0;0,916325;-0,963937;0,231558;-1,320747;14
6352;53;2;4;16;32;36;42;0;0;-0,941585;-0,4534;40;3;0;-0,985669;-0,546638;0,248275;-1,332510;14
6353;284;4;16;23;32;36;42;0;0;0,762784;1,2510;40;3;0;-1,082254;-1,594839;2,654247;0,261772;14
6354;219;2;23;26;29;32;43;0;0;0,940441;1,4287;40;3;0;-0,400583;1,581961;-0,039625;0,086556;14
6355;459;24;26;29;36;42;43;0;0;-1,220046;-0,7318;40;3;0;-0,686006;-0,769527;-0,874843;-0,468812;14
6356;328;4;23;24;26;32;42;0;0;-0,743553;-0,2553;40;3;0;-0,581371;-0,116336;-0,748539;-0,422996;14
6357;115;2;4;26;29;36;42;0;0;-1,108161;-0,6199;40;3;0;1,570136;-1,011611;-0,649476;-0,258305;14
6358;43;2;4;16;26;32;43;0;0;0,913989;1,4022;40;3;0;1,092161;0,544285;1,774451;-0,735661;14
6359;257;4;16;23;24;26;43;0;0;0,010331;0,4985;40;3;0;-2,569426;1,250103;-0,032814;-1,199395;14
6360;437;23;24;26;29;32;43;0;0;1,113809;1,6020;40;3;0;0,357862;1,347308;0,510170;0,071696;14
6361;18;2;4;16;23;32;43;0;0;-2,311014;-1,8228;40;3;0;0,603041;-1,203544;-2,071638;-0,727612;14
6362;397;16;23;24;32;42;43;0;0;-0,517638;-0,0294;40;3;0;0,227843;-0,866113;-0,003715;-0,026747;14
6363;170;2;16;24;26;36;43;0;0;-0,279927;0,2083;40;3;0;1,536702;-0,643223;0,364054;-0,205678;14
6364;120;2;4;26;32;42;43;0;0;0,046077;0,5343;40;3;0;0,035910;-0,553448;-0,144878;0,778133;14
6365;346;4;23;26;29;36;42;0;0;-1,743725;-1,2555;40;3;0;1,962670;-1,252456;-1,607284;-0,160481;14
6366;89;2;4;23;32;36;43;0;0;-1,564280;-1,0761;40;3;0;-0,045197;-1,480918;0,188218;-1,416713;14
6367;55;2;4;16;32;42;43;0;0;-1,008430;-0,5202;40;3;0;-1,461786;0,503422;-1,321242;-0,928832;14
6368;210;2;23;24;29;36;42;0;0;-0,544447;-0,0562;40;3;0;-0,742347;-0,873543;0,297806;-0,367273;14
6369;153;2;16;23;29;32;42;0;0;-0,878314;-0,3901;40;3;0;0,316380;-0,442003;0,065010;-1,144292;14
6370;224;2;23;26;32;36;43;0;0;0,059303;0,5475;40;3;0;1,056870;0,702165;0,040244;-0,639694;14
6371;260;4;16;23;24;29;42;0;0;0,083252;0,5715;40;3;0;-0,411108;0,562240;0,009287;-0,427330;14
6372;223;2;23;26;32;36;42;0;0;0,603714;1,0919;40;3;0;1,345388;0,366592;-0,001857;0,680929;14
6373;378;4;29;32;36;42;43;0;0;-0,083324;0,4049;40;3;0;-1,012911;-0,827107;0,035910;0,646876;14
6374;10;2;4;16;23;26;42;0;0;-1,351591;-0,8634;40;3;0;0,101539;-0,845062;-0,237130;-1,258833;14
6375;13;2;4;16;23;29;36;0;0;-1,098867;-0,6107;40;3;0;1,867941;-0,431478;-1,443212;-0,028604;14
6376;216;2;23;24;36;42;43;0;0;-1,538901;-1,0507;40;3;0;0,630283;-1,124294;-0,130019;-1,411141;14
6377;73;2;4;23;26;29;36;0;0;-2,237735;-1,7495;40;3;0;1,528653;-2,358237;-0,441446;-1,076187;14
6378;7;2;4;16;23;26;29;0;0;0,330257;0,8185;40;3;0;-1,503269;0,773366;0,734298;-0,935642;14
6379;144;2;16;23;26;29;42;0;0;-1,173934;-0,6857;40;3;0;0,185122;-1,386809;-0,230939;-0,415566;14
6380;249;2;26;29;32;42;43;0;0;2,025689;2,5139;40;3;0;-1,511937;1,326876;-0,160976;2,342697;14
6381;201;2;23;24;26;32;36;0;0;0,350632;0,8388;40;3;0;1,669817;0,452652;0,814167;-0,659507;14
6382;438;23;24;26;29;36;42;0;0;-0,830415;-0,3422;40;3;0;-1,201748;-1,384332;0,324429;-0,378418;14
6383;238;2;24;26;32;36;42;0;0;1,193165;1,6814;40;3;0;-0,298425;1,454419;0,929327;-0,317123;14
6384;267;4;16;23;24;42;43;0;0;0,827484;1,3157;40;3;0;0,635236;1,437702;0,647619;-0,652077;14
6385;135;2;16;23;24;29;43;0;0;-0,728182;-0,2400;40;3;0;-1,204225;-1,138534;-0,471784;0,349070;14
6386;312;4;16;26;29;36;43;0;0;-1,572860;-1,0846;40;3;0;1,161504;0,042782;-0,334954;-2,432101;14
6387;20;2;4;16;23;36;43;0;0;-1,296185;-0,8080;40;3;0;-0,791878;-0,976320;-2,196085;0,927346;14
6388;54;2;4;16;32;36;43;0;0;-0,740692;-0,2525;40;3;0;1,189365;-0,934218;-0,288519;-0,060180;14
6389;317;4;16;26;36;42;43;0;0;0,516851;1,0051;40;3;0;0,766494;1,826521;-0,182027;-0,749282;14
6390;443;23;24;26;32;42;43;0;0;-0,367862;0,1204;40;3;0;0,281089;0,619201;1,157789;-2,414146;14
6391;74;2;4;23;26;29;42;0;0;-3,042735;-2,5545;40;3;0;-0,563416;-1,722382;-1,757116;-1,790673;14
6392;452;23;26;29;32;42;43;0;0;-0,901907;-0,4137;40;3;0;0,700865;0,144321;-0,060056;-1,646414;14
6393;259;4;16;23;24;29;36;0;0;1,695754;2,1840;40;3;0;-0,972048;1,908247;0,066867;0,962018;14
6394;441;23;24;26;32;36;42;0;0;1,234631;1,7228;40;3;0;-0,375817;-0,353466;-0,260038;2,751948;14
6395;5;2;4;16;23;24;42;0;0;-2,111909;-1,6237;40;3;0;-0,288519;-0,755287;-0,358481;-2,544165;14
6396;93;2;4;24;26;29;36;0;0;-2,475088;-1,9869;40;3;0;1,198653;-1,672232;-0,367768;-2,246978;14
6397;57;2;4;23;24;26;29;0;0;0,052511;0,5407;40;3;0;-0,717582;0,297868;-0,350432;0,143516;14
6398;190;2;16;26;32;42;43;0;0;-0,352491;0,1357;40;3;0;-1,628335;-0,365849;-0,348575;0,103891;14
6399;306;4;16;24;32;42;43;0;0;-0,529077;-0,0409;40;3;0;0,014240;0,837137;-0,843886;-0,909639;14
6400;276;4;16;23;26;36;43;0;0;-0,974472;-0,4863;40;3;0;-0,751634;-1,207878;0,850077;-1,330034;14
6401;271;4;16;23;26;29;43;0;0;-0,396102;0,0921;40;3;0;0,253847;-0,414761;-1,245088;0,973781;14
6402;430;16;26;29;32;36;43;0;0;-1,331931;-0,8437;40;3;0;-0,928089;-2,687619;-0,642666;1,023312;14
6403;155;2;16;23;29;36;42;0;0;0,713097;1,2013;40;3;0;-0,764636;0,411789;0,753492;0,069839;14
6404;286;4;16;23;32;42;43;0;0;-0,034352;0,4539;40;3;0;-0,995575;-0,324367;0,331858;-0,066991;14
6405;235;2;24;26;29;36;42;0;0;-0,142663;0,3456;40;3;0;0,022289;-0,709471;0,380770;0,081602;14
6406;265;4;16;23;24;36;42;0;0;-0,500480;-0,0123;40;3;0;-0,568369;0,475560;-0,441446;-0,900971;14
6407;374;4;26;29;32;36;43;0;0;0,530435;1,0186;40;3;0;0,377055;0,281770;0,450114;0,186856;14
6408;125;2;4;29;36;42;43;0;0;-0,243466;0,2447;40;3;0;0,957188;0,199425;-1,138596;0,517476;14
6409;169;2;16;24;26;36;42;0;0;-2,079737;-1,5915;40;3;0;-0,678576;-2,185498;-1,482218;0,065505;14
6410;268;4;16;23;26;29;32;0;0;-1,739794;-1,2516;40;3;0;-1,858035;-1,275364;-0,087299;-1,650748;14
6411;22;2;4;16;24;26;29;0;0;0,714527;1,2027;40;3;0;1,059346;0,704023;0,273040;0,260534;14
6412;303;4;16;24;29;42;43;0;0;-0,296013;0,1922;40;3;0;1,061204;-0,436431;-0,766494;0,690216;14
6413;214;2;23;24;32;36;43;0;0;1,356167;1,8444;40;3;0;-0,285423;1,660592;0,728726;-0,040368;14
6414;282;4;16;23;29;36;43;0;0;-0,482607;0,0056;40;3;0;0,445161;0,484228;-0,648238;-0,671889;14
6415;453;23;26;29;36;42;43;0;0;0,619192;0,4778;41;3;0;-0,064390;1,928122;-1,255799;0,400149;14
6416;409;16;23;29;32;36;42;0;0;0,293546;0,1522;41;3;0;-0,194410;1,334368;0,056156;-0,882087;14
6417;19;2;4;16;23;36;42;0;0;0,461910;0,3205;41;3;0;0,193171;0,434140;0,797884;-0,431973;14
6418;434;16;29;32;36;42;43;0;0;-0,159713;-0,3011;41;3;0;0,699627;0,990127;-1,540603;0,273845;14
6419;30;2;4;16;24;29;43;0;0;-1,759704;-1,9011;41;3;0;-0,125685;-1,197910;-1,437207;-0,412780;14
6420;185;2;16;26;29;36;42;0;0;-1,130931;-1,2723;41;3;0;-0,903323;-0,585581;-0,297991;-1,075258;14
6421;420;16;24;26;32;36;42;0;0;-0,170079;-0,3115;41;3;0;-1,180078;-0,905057;-0,146302;0,756773;14
6422;385;16;23;24;26;32;43;0;0;-0,700907;-0,8423;41;3;0;-0,725011;-0,319971;-1,364148;0,470112;14
6423;353;4;23;29;32;36;42;0;0;-1,354344;-1,4957;41;3;0;-1,369535;0,436617;-1,344955;-1,437454;14
6424;35;2;4;16;24;36;43;0;0;0,267809;0,1264;41;3;0;-1,067395;0,536298;-1,803118;1,730678;14
6425;392;16;23;24;29;36;42;0;0;0,700693;0,5593;41;3;0;0,400583;1,253880;-0,075102;0,034858;14
6426;298;4;16;24;29;32;36;0;0;0,253868;0,1125;41;3;0;0,861841;1,282979;-0,163638;-0,679629;14
6427;334;4;23;24;29;32;42;0;0;0,325717;0,1843;41;3;0;-0,544223;-0,012259;-0,408817;0,985235;14
6428;184;2;16;26;29;32;43;0;0;0,979869;0,8385;41;3;0;1,478503;1,321985;-0,511594;0,886792;14
6429;36;2;4;16;24;42;43;0;0;1,559669;1,4183;41;3;0;-0,866794;0,906543;-0,019998;1,814881;14
6430;136;2;16;23;24;32;36;0;0;0,564501;0,4231;41;3;0;1,320004;-0,792993;1,382351;0,388386;14
6431;360;4;24;26;29;32;43;0;0;0,680675;0,5393;41;3;0;-0,131877;0,798813;-0,645328;1,025479;14
6432;140;2;16;23;24;36;43;0;0;0,064414;-0,0770;41;3;0;-0,282327;-0,209145;-0,309136;0,629850;14
6433;32;2;4;16;24;32;42;0;0;-0,300909;-0,4423;41;3;0;-0,053246;-0,460515;-0,927036;0,866361;14
6434;261;4;16;23;24;29;43;0;0;-0,469273;-0,6107;41;3;0;-0,790640;0,370988;-1,826026;0,642233;14
6435;151;2;16;23;26;42;43;0;0;0,697118;0,5557;41;3;0;-0,374579;1,310221;0,567564;-0,670341;14
6436;6;2;4;16;23;24;43;0;0;-0,716636;-0,8580;41;3;0;0,583229;0,621739;-1,143116;-0,719873;14
6437;367;4;24;26;36;42;43;0;0;0,451186;0,3098;41;3;0;0,741728;-0,375074;0,279046;0,877505;14
6438;368;4;24;29;32;36;42;0;0;-0,278390;-0,4198;41;3;0;1,487171;1,430334;-0,788968;-1,123551;14
6439;436;23;24;26;29;32;42;0;0;0,672096;0,5307;41;3;0;0,061914;1,312079;0,557658;-0,705632;14
6440;237;2;24;26;29;42;43;0;0;0,809718;0,6683;41;3;0;-0,193790;-0,041358;0,312479;1,131352;14
6441;280;4;16;23;29;32;43;0;0;0,567718;0,4263;41;3;0;0,493454;0,323314;0,386157;0,273845;14
6442;247;2;26;29;32;36;42;0;0;0,559139;0,4178;41;3;0;-0,686625;0,186485;0,666627;0,115346;14
6443;71;2;4;23;24;42;43;0;0;0,644929;0,5035;41;3;0;-0,437112;1,187632;-0,606323;0,535741;14
6444;379;16;23;24;26;29;32;0;0;-1,175257;-1,3166;41;3;0;-1,435783;-3,006414;0,235706;0,735103;14
6445;111;2;4;24;36;42;43;0;0;-0,736654;-0,8780;41;3;0;0,409251;0,854535;-2,539893;0,409436;14
6446;226;2;23;26;36;42;43;0;0;0,875490;0,7341;41;3;0;-0,251370;1,117669;0,084636;0,314089;14
6447;300;4;16;24;29;32;43;0;0;-0,405646;-0,5470;41;3;0;-0,458782;-0,374455;0,486457;-0,814601;14
6448;133;2;16;23;24;29;36;0;0;2,245992;2,1046;41;3;0;0,243321;0,893541;2,146987;0,849644;14
6449;456;24;26;29;32;36;42;0;0;0,238140;0,0968;41;3;0;0,424729;0,479337;-1,102872;1,036005;14
6450;72;2;4;23;26;29;32;0;0;0,327147;0,1858;41;3;0;0,641428;0,720801;-0,282513;0,128347;14
6451;192;2;16;29;32;36;42;0;0;0,120536;-0,0208;41;3;0;0,844505;0,624835;-0,693621;0,277560;14
6452;365;4;24;26;32;36;43;0;0;0,948413;0,8070;41;3;0;-0,421014;0,687987;-0,831070;1,785782;14
6453;194;2;16;29;32;42;43;0;0;-1,024408;-1,1658;41;3;0;-0,591277;-0,110083;-1,159832;-0,504412;14
6454;454;23;26;32;36;42;43;0;0;-1,784725;-1,9261;41;3;0;0,552272;-2,596544;-0,712814;0,218123;14
6455;256;4;16;23;24;26;42;0;0;0,803284;0,6619;41;3;0;-0,311427;1,011796;0,518033;-0,138501;14
6456;193;2;16;29;32;36;43;0;0;0,088007;-0,0534;41;3;0;-0,287280;-0,151565;0,330434;-0,026437;14
6457;167;2;16;24;26;32;42;0;0;0,001502;-0,1399;41;3;0;-1,558372;-0,038882;0,354581;-0,313098;14
6458;209;2;23;24;29;32;43;0;0;-0,653723;-0,7951;41;3;0;-0,875462;-1,620781;0,190509;0,297991;14
6459;283;4;16;23;29;42;43;0;0;0,099088;-0,0423;41;3;0;-1,842557;0,214346;0,981149;-1,023870;14
6460;168;2;16;24;26;32;43;0;0;0,187023;0,0456;41;3;0;-0,236511;-0,329258;1,083926;-0,430735;14
6461;279;4;16;23;29;32;42;0;0;0,071564;-0,0698;41;3;0;1,154694;1,429096;-1,806832;0,501688;14
6462;78;2;4;23;26;32;43;0;0;-0,009580;-0,1510;41;3;0;-0,373960;0,349937;-0,703527;0,336997;14
6463;81;2;4;23;26;42;43;0;0;-1,151307;-1,2927;41;3;0;-0,630283;-1,796617;-0,876267;0,678762;14
6464;118;2;4;26;32;36;42;0;0;1,603995;1,4626;41;3;0;0,549795;0,870014;-0,109773;2,017959;14
6465;323;4;23;24;26;29;32;0;0;1,689427;1,5480;41;3;0;1,139834;0,650839;0,365725;1,909609;14
6466;336;4;23;24;29;36;42;0;0;1,290859;1,1495;41;3;0;-0,286661;0,075659;1,103739;1,056436;14
6467;308;4;16;26;29;32;36;0;0;-1,341832;-1,4832;41;3;0;-0,330001;-0,233291;-1,525743;-0,565088;14
6468;206;2;23;24;26;42;43;0;0;1,194345;1,0530;41;3;0;1,074825;1,285456;0,523606;0,259605;14
6469;448;13;15;26;28;38;40;0;0;0,004039;-0,0834;42;3;0;-0,125685;0,109154;0,481566;-0,583724;15
6470;263;4;7;13;15;27;38;0;0;0,151313;0,0639;42;3;0;-1,738541;-0,561992;-0,488005;1,312079;15
6471;344;4;13;20;26;27;38;0;0;0,833704;0,7463;42;3;0;-0,402440;-0,204749;2,910447;-1,261681;15
6472;345;4;13;20;26;27;40;0;0;1,327355;1,2399;42;3;0;-0,846363;2,026007;1,172525;-0,899485;15
6473;273;4;7;13;20;27;38;0;0;1,883206;1,7958;42;3;0;-0,628426;-0,090828;2,160670;1,191966;15
6474;215;1;13;15;27;38;40;0;0;0,369721;0,2823;42;3;0;0,887226;0,190880;2,034366;-1,584871;15
6475;150;1;7;13;20;28;40;0;0;-1,085498;-1,1729;42;3;0;-0,803023;-1,951339;-0,403802;0,475003;15
6476;236;1;15;20;26;28;40;0;0;1,877844;1,7904;42;3;0;-0,494073;0,664522;1,778662;0,809338;15
6477;7;1;4;7;13;20;26;0;0;-1,496935;-1,5844;42;3;0;-1,135500;-1,441169;-0,174102;-0,977496;15
6478;287;4;7;13;28;38;40;0;0;0,637458;0,5500;42;3;0;1,225275;1,112778;0,110702;-0,119370;15
6479;162;1;7;15;20;26;27;0;0;0,334332;0,2469;42;3;0;-0,286661;-1,215803;2,184197;-0,389314;15
6480;315;4;7;20;27;28;40;0;0;-0,586127;-0,6736;42;3;0;-1,523700;-1,944529;0,855526;0,073801;15
6481;394;7;13;15;26;38;40;0;0;1,883920;1,7965;42;3;0;0,329382;1,814262;-0,522677;1,971461;15
6482;171;1;7;15;20;38;40;0;0;-1,469768;-1,5572;42;3;0;1,752162;-1,572426;-0,084327;-0,888959;15
6483;68;1;4;13;15;27;40;0;0;0,061948;-0,0255;42;3;0;1,346627;-0,766308;0,158376;0,715229;15
6484;362;4;15;20;26;28;40;0;0;-0,306236;-0,3937;42;3;0;1,184412;1,042196;-0,897875;-0,674737;15
6485;82;1;4;13;26;27;28;0;0;-1,210251;-1,2977;42;3;0;0,186980;-0,938428;-1,469340;0,311551;15
6486;18;1;4;7;13;27;40;0;0;0,904124;0,8167;42;3;0;-0,651953;0,379718;0,653687;0,532583;15
6487;66;1;4;13;15;27;28;0;0;1,248000;1,1606;42;3;0;0,856888;-0,061109;0,108845;2,113863;15
6488;240;1;15;20;27;38;40;0;0;1,183300;1,0959;42;3;0;-0,212365;0,107297;-0,137573;2,079811;15
6489;59;1;4;13;15;20;28;0;0;1,109305;1,0219;42;3;0;-0,873605;-0,246851;0,937252;1,230972;15
6490;320;4;7;26;27;38;40;0;0;0,772220;0,6848;42;3;0;1,393681;-0,262948;0,839428;0,761045;15
6491;104;1;4;15;26;27;40;0;0;-1,083353;-1,1708;42;3;0;1,345388;-1,449218;1,175621;-1,602826;15
6492;160;1;7;13;27;38;40;0;0;1,151128;1,0637;42;3;0;-0,848839;-0,771880;2,635549;0,130143;15
6493;125;1;4;26;28;38;40;0;0;-0,553241;-0,6407;42;3;0;-1,633288;-0,966909;-0,614309;0,622977;15
6494;196;1;7;27;28;38;40;0;0;-0,645823;-0,7332;42;3;0;-0,160976;-0,677152;1,063556;-1,505002;15
6495;153;1;7;13;26;27;38;0;0;-0,036711;-0,1241;42;3;0;-0,790021;0,174783;0,007925;-0,246293;15
6496;32;1;4;7;15;27;38;0;0;0,940226;0,8528;42;3;0;-0,677338;1,195123;0,131134;0,302263;15
6497;283;4;7;13;26;38;40;0;0;0,768288;0,6809;42;3;0;0,360339;-0,011578;1,121136;0,221156;15
6498;54;1;4;7;27;28;40;0;0;-0,039571;-0,1270;42;3;0;0,893417;-0,357057;-0,330744;0,619262;15
6499;248;1;20;26;27;28;40;0;0;1,742366;1,6549;42;3;0;-0,820359;0,609418;0,277250;2,131199;15
6500;194;1;7;26;27;38;40;0;0;0,473027;0,3856;42;3;0;-0,055722;-0,150884;-0,616786;1,586976;15
6501;124;1;4;26;27;38;40;0;0;0,867662;0,7802;42;3;0;-1,069252;0,529549;0,011640;0,961646;15
6502;425;7;15;26;27;28;40;0;0;0,449792;0,3624;42;3;0;0,508313;0,346284;0,875957;-0,443179;15
6503;183;1;7;20;26;27;38;0;0;0,679281;0,5919;42;3;0;0,085441;-0,110021;-0,335078;1,621648;15
6504;44;1;4;7;20;28;38;0;0;-0,458156;-0,5456;42;3;0;-1,348484;-1,284527;0,215336;0,275641;15
6505;272;4;7;13;20;27;28;0;0;0,117712;0,0303;42;3;0;0,855030;1,554224;-0,068229;-1,282112;15
6506;37;1;4;7;20;26;27;0;0;0,053726;-0,0337;42;3;0;0,520077;1,234748;-0,738756;-0,402935;15
6507;209;1;13;15;26;27;40;0;0;1,065695;0,9783;42;3;0;-0,309569;1,616757;0,154661;0,074420;15
6508;276;4;7;13;20;28;40;0;0;0,342911;0,2555;42;3;0;0,226605;-0,384919;1,789806;-0,810948;15
6509;145;1;7;13;20;26;40;0;0;-0,256192;-0,3436;42;3;0;0,137449;-0,397301;0,638208;-0,684644;15
6510;457;15;20;26;27;28;40;0;0;0,582052;0,4946;42;3;0;-1,076063;-0,006625;-0,087422;1,102191;15
6511;342;4;13;15;28;38;40;0;0;0,109847;0,0224;42;3;0;0,775781;0,796398;-0,348699;-0,257438;15
6512;176;1;7;15;26;28;40;0;0;-2,779858;-2,8673;42;3;0;-0,717582;-1,817605;-0,995080;-2,002171;15
6513;365;4;15;20;27;28;40;0;0;-0,283716;-0,3711;42;3;0;-0,440208;-1,278336;-0,339412;1,126337;15
6514;43;1;4;7;20;27;40;0;0;0,669630;0,5822;42;3;0;0,803023;0,624897;-1,285456;1,820392;15
6515;278;4;7;13;26;27;28;0;0;-0,034923;-0,1223;42;3;0;-0,362815;0,459587;-0,018698;-0,501378;15
6516;319;4;7;26;27;28;40;0;0;0,840138;0,7527;42;3;0;0,650096;-0,038820;-0,161719;1,655701;15
6517;217;1;13;20;26;27;28;0;0;-0,443143;-0,5306;42;3;0;0,614805;-1,547661;1,389223;-0,609109;15
6518;447;13;15;26;27;38;40;0;0;-0,521784;-0,6092;42;3;0;1,316289;-0,990436;-0,219299;0,305978;15
6519;186;1;7;20;26;28;40;0;0;-0,514993;-0,6024;42;3;0;-0,898989;-0,594807;-0,200725;-0,096462;15
6520;426;7;15;26;27;38;40;0;0;-0,676922;-0,7643;42;3;0;1,515651;-1,280812;-0,023032;0,131381;15
6521;177;1;7;15;26;38;40;0;0;0,783659;0,6962;42;3;0;1,346627;0,057766;1,413989;-0,114417;15
6522;423;7;15;20;28;38;40;0;0;-1,273523;-1,3609;42;3;0;0,021670;-2,636107;-0,384609;0,814910;15
6523;78;1;4;13;20;27;40;0;0;1,655146;1,5677;42;3;0;-0,405536;0,583414;1,496953;0,786430;15
6524;132;1;7;13;15;26;27;0;0;0,655689;0,5683;42;3;0;-0,534317;0,933847;-1,313936;1,515775;15
6525;152;1;7;13;26;27;28;0;0;0,238533;0,1511;42;3;0;2,442502;-0,732255;0,571960;0,573446;15
6526;333;4;13;15;26;27;28;0;0;1,488571;1,4011;42;3;0;-0,436493;0,660807;0,738509;1,178964;15
6527;228;1;13;26;27;28;40;0;0;-0,072100;-0,1595;42;3;0;0,703961;0,658330;0,190571;-0,973781;15
6528;403;7;13;20;26;28;40;0;0;1,022085;0,9347;42;3;0;0,130019;2,107115;0,097700;-0,434512;15
6529;314;4;7;20;27;28;38;0;0;0,534152;0,4467;42;3;0;0,720058;-0,761355;-0,021175;1,707708;15
6530;106;1;4;15;26;28;40;0;0;-0,285503;-0,3729;42;3;0;0,409870;-1,104358;-0,720801;1,330653;15
6531;292;4;7;15;20;27;28;0;0;0,408684;0,3213;42;3;0;-1,825840;-0,631336;0,349070;0,990127;15
6532;261;4;7;13;15;26;40;0;0;-0,833847;-0,9213;42;3;0;-0,359720;-0,328577;-0,665698;-0,449990;15
6533;207;1;13;15;26;27;28;0;0;-1,840811;-1,9282;42;3;0;0,647619;-0,952050;0,188713;-2,425042;15
6534;462;20;26;27;28;38;40;0;0;0,045862;-0,0416;42;3;0;1,372011;-1,013963;0,086556;1,006843;15
6535;159;1;7;13;27;28;40;0;0;-0,451722;-0,5391;42;3;0;0,076773;-0,020865;-0,216822;-0,544718;15
6536;28;1;4;7;15;26;28;0;0;1,074989;0,9876;42;3;0;0,599945;0,763584;0,435750;0,662602;15
6537;216;1;13;15;28;38;40;0;0;-0,028847;-0,1163;42;3;0;0,086060;0,598893;0,705694;-1,354552;15
6538;41;1;4;7;20;27;28;0;0;1,197956;1,1105;42;3;0;-0,323810;-1,938337;2,151383;1,861874;15
6539;178;1;7;15;27;28;38;0;0;0,931290;0,8439;42;3;0;-1,916234;0,393339;0,495806;0,723897;15
6540;398;7;13;15;28;38;40;0;0;1,597595;1,5102;42;3;0;-0,286661;0,675666;2,523485;-0,432035;15
6541;356;4;13;26;28;38;40;0;0;2,836194;2,7488;42;3;0;0,183265;1,301615;2,587876;1,022941;15
6542;47;1;4;7;26;27;28;0;0;-0,835634;-0,9231;42;3;0;-1,206701;-0,381204;-1,993750;0,927594;15
6543;329;4;13;15;20;27;40;0;0;0,222805;0,1354;42;3;0;0,607994;0,376003;1,040029;-1,030123;15
6544;378;4;26;27;28;38;40;0;0;-1,233487;-1,3209;42;3;0;-0,238368;-2,659634;2,732754;-2,209582;15
6545;58;1;4;13;15;20;27;0;0;0,599925;0,5125;42;3;0;-1,927998;0,715291;0,646257;-0,322447;15
6546;73;1;4;13;20;26;28;0;0;-0,442786;-0,5302;42;3;0;-0,352290;-1,163795;1,025789;-0,628921;15
6547;357;4;13;27;28;38;40;0;0;1,353450;1,2660;42;3;0;0,050769;0,455872;0,968828;0,919545;15
6548;35;1;4;7;15;28;40;0;0;-1,033310;-1,1207;42;3;0;0,269944;-1,693159;0,937252;-1,033838;15
6549;233;1;15;20;26;27;38;0;0;0,037998;-0,0494;42;3;0;0,003096;0,710338;0,005448;-0,649972;15
6550;156;1;7;13;26;28;40;0;0;-0,074602;-0,1620;42;3;0;1,573231;0,716529;-1,112097;0,266353;15
6551;147;1;7;13;20;27;38;0;0;0,792953;0,7055;42;3;0;-0,330001;0,145064;1,981739;-0,753368;15
6552;232;1;15;20;26;27;28;0;0;0,936295;0,8489;42;3;0;1,191223;1,247750;-0,448380;0,822340;15
6553;444;13;15;20;28;38;40;0;0;0,531650;0,4442;42;3;0;-0,627807;1,099776;0,692073;-0,871004;15
6554;238;1;15;20;27;28;38;0;0;-0,887108;-0,9745;42;3;0;-0,162214;-0,496363;-0,948025;-0,092128;15
6555;323;4;13;15;20;26;27;0;0;1,068912;0,9815;42;3;0;-0,021670;0,028047;0,714981;1,108382;15
6556;33;1;4;7;15;27;40;0;0;-0,102842;-0,1903;42;3;0;-2,568187;0,274464;-1,308364;0,855773;15
6557;99;1;4;15;20;28;38;0;0;-0,721247;-0,8087;42;3;0;-1,051917;-0,878991;-0,751139;0,380894;15
6558;97;1;4;15;20;27;38;0;0;-0,136442;-0,2239;42;3;0;-0,294710;-0,436307;-0,005696;0,205678;15
6559;352;4;13;20;28;38;40;0;0;-0,399891;-0,4873;42;3;0;-0,803023;-0,949573;2,080801;-1,823859;15
6560;224;1;13;20;27;28;40;0;0;-0,533223;-0,6206;42;3;0;-0,341145;-0,613381;0,688358;-0,998547;15
6561;213;1;13;15;27;28;38;0;0;2,011534;1,9241;42;3;0;0,585705;-1,233758;2,725944;1,991893;15
6562;317;4;7;20;28;38;40;0;0;0,728610;0,6412;42;3;0;0,009906;0,813734;0,407269;0,040987;15
6563;316;4;7;20;27;38;40;0;0;-0,549666;-0,6371;42;3;0;-0,534936;-1,104977;0,004829;0,148098;15
6564;234;1;15;20;26;27;40;0;0;0,454796;0,3674;42;3;0;0,746681;0,415009;-0,018079;0,390800;15
6565;148;1;7;13;20;27;40;0;0;-0,814902;-0,9023;42;3;0;-2,022726;-1,185465;-0,943072;0,717086;15
6566;81;1;4;13;20;38;40;0;0;-2,221863;-2,3093;42;3;0;-0,340526;-0,788597;-1,787577;-1,272206;15
6567;306;4;7;15;27;38;40;0;0;-0,102842;-0,1903;42;3;0;0,723773;0,801970;0,121846;-1,101943;15
6568;433;7;20;27;28;38;40;0;0;-0,609362;-0,6968;42;3;0;-1,451880;-0,818316;-0,030462;-0,206668;15
6569;265;4;7;13;15;28;38;0;0;0,055871;-0,0316;42;3;0;1,702012;0,073244;1,069748;-1,046221;15
6570;371;4;15;26;28;38;40;0;0;-0,283358;-0,3708;42;3;0;-1,143549;1,169739;0,640066;-2,300595;15
6571;269;4;7;13;20;26;28;0;0;0,311454;0,2240;42;3;0;1,023436;-1,082069;0,852430;0,769094;15
6572;451;13;20;26;27;28;40;0;0;0,807609;0,7202;42;3;0;-0,944186;0,180974;-0,296072;1,513918;15
6573;144;1;7;13;20;26;38;0;0;-2,073518;-2,1609;42;3;0;-1,431449;-2,180421;-0,149955;-1,261062;15
6574;354;4;13;26;27;28;40;0;0;-0,605430;-0,6929;42;3;0;-0,920659;-0,561373;-0,842152;0,354890;15
6575;281;4;7;13;26;28;38;0;0;0,533438;0,4460;42;3;0;-0,791878;0,206978;0,316256;0,400707;15
6576;399;7;13;20;26;27;28;0;0;0,332187;0,2448;42;3;0;0,494692;0,533883;-0,425472;0,466954;15
6577;303;4;7;15;26;38;40;0;0;0,493402;0,4060;42;3;0;-0,557225;-0,188032;0,631398;0,411232;15
6578;69;1;4;13;15;28;38;0;0;1,089645;1,0022;42;3;0;-1,695821;0,712814;1,625734;-0,451228;15
6579;158;1;7;13;27;28;38;0;0;1,229769;1,1423;42;3;0;-1,393062;-0,019008;1,206577;0,942453;15
6580;338;4;13;15;26;38;40;0;0;-1,021513;-1,1089;42;3;0;1,693344;0,014426;-0,198867;-1,584871;15
6581;57;1;4;13;15;20;26;0;0;0,382590;0,2952;42;3;0;-0,910134;1,000714;-0,591401;0,253352;15
6582;335;4;13;15;26;27;40;0;0;-1,063693;-1,1511;42;3;0;-1,125594;-1,532182;0,252485;-0,562673;15
6583;188;1;7;20;27;28;38;0;0;1,090359;1,0029;42;3;0;0,162833;0,010711;2,853486;-0,975639;15
6584;212;1;13;15;26;38;40;0;0;-0,295154;-0,3826;42;3;0;-0,924374;-0,646814;1,363220;-1,227628;15
6585;202;1;13;15;20;27;38;0;0;1,539687;1,4523;42;3;0;-1,867941;1,313379;1,132281;0,221156;15
6586;413;7;13;27;28;38;40;0;0;-0,996133;-1,0836;42;3;0;0,268087;-1,482032;0,020308;-0,263629;15
6587;225;1;13;20;27;38;40;0;0;1,264801;1,1774;42;3;0;0,168406;0,385290;0,734175;1,071234;15
6588;173;1;7;15;26;27;38;0;0;-0,191849;-0,2793;42;3;0;0,282327;0,003281;-0,620501;0,284928;15
6589;46;1;4;7;20;38;40;0;0;-0,256549;-0,3440;42;3;0;0,804261;-0,757640;0,320590;-0,007306;15
6590;39;1;4;7;20;26;38;0;0;1,389554;1,3021;42;3;0;0,521934;0,098010;0,141659;2,167109;15
6591;332;4;13;15;20;38;40;0;0;-1,551269;-1,6387;42;3;0;2,636292;-0,207845;-1,783862;-0,695169;15
6592;254;4;7;13;15;20;27;0;0;-1,563780;-1,6512;42;3;0;0,648238;-2,655919;-0,876824;0,824197;15
6593;187;1;7;20;26;38;40;0;0;-2,369494;-2,4569;42;3;0;0,451971;-1,661582;-0,385847;-2,056655;15
6594;279;4;7;13;26;27;38;0;0;3,423857;3,3364;42;3;0;-1,515651;2,935522;2,054178;0,940595;15
6595;334;4;13;15;26;27;38;0;0;-2,072802;-2,1602;42;3;0;0,281708;-1,794078;-1,297838;-0,498283;15
6596;11;1;4;7;13;20;40;0;0;-0,076389;-0,1638;42;3;0;0,260038;-1,951339;1,784853;0,034176;15
6597;220;1;13;20;26;28;38;0;0;0,667484;0,5801;42;3;0;-2,395447;1,096680;-0,389562;0,448999;15
6598;387;7;13;15;20;28;40;0;0;0,712167;0,6247;42;3;0;0,404298;-0,101353;0,760798;0,574065;15
6599;157;1;7;13;26;38;40;0;0;0,173833;0,0864;42;3;0;-1,180697;-0,784263;0,854288;0,231063;15
6600;109;1;4;15;27;28;40;0;0;0,697869;0,6104;42;3;0;0,605518;0,439155;0,746557;0,023032;15
6601;226;1;13;20;28;38;40;0;0;0,233172;0,1457;42;3;0;-0,164691;-0,910567;1,253013;0,061419;15
6602;461;15;26;27;28;38;40;0;0;-0,813472;-0,9009;42;3;0;-0,633998;-0,459834;-1,125718;0,176578;15
6603;432;7;20;26;28;38;40;0;0;-0,840281;-0,9277;42;3;0;1,295857;-0,446213;-0,742471;-0,266725;15
6604;391;7;13;15;26;27;40;0;0;-2,484238;-2,5717;42;3;0;-0,824693;-0,973100;-0,712752;-2,616975;15
6605;237;1;15;20;26;38;40;0;0;1,449606;1,3622;42;3;0;-0,327524;1,347431;0,152803;1,010558;15
6606;421;7;15;20;27;28;40;0;0;-1,275667;-1,3631;42;3;0;0,227224;0,045383;-0,660126;-1,594777;15
6607;116;1;4;20;26;28;40;0;0;-0,263340;-0,3508;42;3;0;-0,507694;0,214408;1,300687;-1,971214;15
6608;20;1;4;7;13;28;40;0;0;-0,357710;-0,4451;42;3;0;-0,529983;-0,281522;0,148469;-0,486519;15
6609;395;7;13;15;27;28;38;0;0;0,237818;0,1504;42;3;0;-0,393153;-1,421357;1,092656;0,740614;15
6610;103;1;4;15;26;27;38;0;0;0,785804;0,6984;42;3;0;-1,461786;0,343808;1,056746;-0,039501;15
6611;405;7;13;20;27;28;38;0;0;0,141662;0,0542;42;3;0;1,039534;-0,638146;0,726126;0,157385;15
6612;415;7;15;20;26;27;38;0;0;-0,495332;-0,5828;42;3;0;1,139834;-1,017678;-0,082469;0,242207;15
6613;94;1;4;15;20;26;38;0;0;0,091259;0,0038;42;3;0;0,232796;-0,109402;-0,087422;0,354890;15
6614;296;4;7;15;20;28;40;0;0;-0,380588;-0,4680;42;3;0;0,412966;0,081293;0,849334;-1,589824;15
6615;297;4;7;15;20;38;40;0;0;-0,707306;-0,7947;42;3;0;-0,554748;-1,880758;0,866670;-0,211002;15
6616;259;4;7;13;15;26;28;0;0;0,005111;-0,0823;42;3;0;-0,274278;-0,327958;-0,070706;0,407517;15
6617;85;1;4;13;26;28;38;0;0;-0,636529;-0,7240;42;3;0;-1,674770;-1,091356;-0,264496;0,253352;15
6618;29;1;4;7;15;26;38;0;0;-0,597208;-0,6846;42;3;0;0,017955;-0,232610;-1,446432;0,644647;15
6619;34;1;4;7;15;28;38;0;0;-0,203645;-0,2911;42;3;0;-0,065010;0,041668;-0,398230;0,003839;15
6620;327;4;13;15;20;27;28;0;0;-0,370221;-0,4576;42;3;0;1,056251;-0,615238;-0,096709;0,070706;15
6621;93;1;4;15;20;26;28;0;0;-2,387010;-2,4744;42;3;0;0,359720;-2,547570;-0,572827;-1,014025;15
6622;214;1;13;15;27;28;40;0;0;0,335763;0,2483;42;3;0;0,690340;-0,737208;-0,507198;1,825964;15
6623;3;1;4;7;13;15;27;0;0;-0,049580;-0,1370;42;3;0;-0,632141;1,159832;-1,165343;-0,080364;15
6624;161;1;7;13;28;38;40;0;0;1,166141;1,0787;42;3;0;1,651243;0,234220;-0,081850;1,867446;15
6625;90;1;4;13;27;38;40;0;0;0,103771;0,0163;42;3;0;-0,970809;0,588987;-0,023651;-0,385600;15
6626;210;1;13;15;26;28;38;0;0;-0,213296;-0,3007;42;3;0;-1,690249;-0,900661;-0,184627;0,715848;15
6627;245;1;15;26;28;38;40;0;0;0,839066;0,7516;42;3;0;1,791787;0,008235;0,127419;1,317651;15
6628;341;4;13;15;27;38;40;0;0;0,313957;0,2265;42;3;0;-0,902704;1,756682;0,848096;-2,060989;15
6629;49;1;4;7;26;27;40;0;0;-0,490685;-0,5781;42;3;0;0,271183;-0,136644;0,402935;-1,116183;15
6630;340;4;13;15;27;28;40;0;0;0,773651;0,6862;42;3;0;-1,948429;-0,293286;0,933537;0,699751;15
6631;229;1;13;26;27;38;40;0;0;-0,843141;-0,9306;42;3;0;1,213512;-1,654153;0,838190;-0,644400;15
6632;446;13;15;26;27;28;40;0;0;1,263727;1,1763;42;3;0;0,414204;0,712195;0,947158;0,529487;15
6633;383;7;13;15;20;27;28;0;0;0,047649;-0,0398;42;3;0;-1,693963;0,096152;0,534812;-0,548433;15
6634;293;4;7;15;20;27;38;0;0;-0,060660;-0,1481;42;3;0;-0,934899;0,173545;1,311212;-1,589824;15
6635;102;1;4;15;26;27;28;0;0;1,079994;0,9926;42;3;0;0,312046;0,095533;0,506332;1,268739;15
6636;291;4;7;15;20;26;40;0;0;-3,142323;-3,2297;42;3;0;0,960903;-1,238711;-0,356748;-3,847204;15
6637;138;1;7;13;15;27;40;0;0;-0,304449;-0,3919;42;3;0;0,704580;-1,350156;2,005885;-1,183050;15
6638;249;1;20;26;27;38;40;0;0;0,455154;0,3677;42;3;0;-0,490977;-0,149027;0,186237;0,751139;15
6639;134;1;7;13;15;26;38;0;0;0,764356;0,6769;42;3;0;-1,544132;0,468874;-0,655792;1,510822;15
6640;198;1;13;15;20;26;28;0;0;-0,810254;-0,8977;42;3;0;0,088537;-0,540941;-0,306597;-0,555863;15
6641;163;1;7;15;20;26;28;0;0;0,378657;0,2912;42;3;0;-1,823363;-0,519891;1,558867;-0,383123;15
6642;441;13;15;20;27;28;38;0;0;-1,758953;-1,8464;42;3;0;-1,080397;-2,159370;-0,224871;-0,662355;15
6643;86;1;4;13;26;28;40;0;0;-0,353778;-0,4412;42;3;0;-0,887226;-0,889517;-0,402564;0,679319;15
6644;417;7;15;20;26;28;38;0;0;0,730755;0,6433;42;3;0;0,583229;0,271368;-0,016841;1,011177;15
6645;420;7;15;20;27;28;38;0;0;-0,340909;-0,4283;42;3;0;0,520696;0,254033;-0,295453;-0,549052;15
6646;65;1;4;13;15;26;40;0;0;0,138445;0,0510;42;3;0;-0,187599;0,444727;-0,252732;0,047798;15
6647;206;1;13;15;20;38;40;0;0;2,567742;2,4803;42;3;0;-0,411108;0,987093;1,337216;2,123150;15
6648;375;4;20;26;27;38;40;0;0;0,824052;0,7366;42;3;0;1,888992;-0,300097;0,390553;1,336844;15
6649;321;4;7;26;28;38;40;0;0;1,046035;0,9586;42;3;0;-0,263753;0,717148;-0,669413;1,764050;15
6650;382;7;13;15;20;26;40;0;0;-0,314100;-0,4015;42;3;0;-1,144168;0,312851;0,197381;-1,054269;15
6651;45;1;4;7;20;28;40;0;0;-0,551096;-0,6385;42;3;0;-0,764636;-0,874657;1,075939;-1,155808;15
6652;282;4;7;13;26;28;40;0;0;0,342911;0,2555;42;3;0;-0,445780;-0,672818;0,785563;0,481195;15
6653;13;1;4;7;13;26;28;0;0;0,669273;0,5818;42;3;0;1,001766;-0,686439;-0,037891;1,883544;15
6654;108;1;4;15;27;28;38;0;0;0,350776;0,2634;42;3;0;-0,094109;-1,465315;0,640685;1,432192;15
6655;10;1;4;7;13;20;38;0;0;0,737547;0,6501;42;3;0;0,030338;0,327710;0,798565;0,151194;15
6656;61;1;4;13;15;20;40;0;0;-2,093536;-2,1810;42;3;0;0,060056;-2,213235;0,532335;-1,945210;15
6657;185;1;7;20;26;28;38;0;0;0,001895;-0,0855;42;3;0;0,455686;-0,201034;0,887102;-0,682786;15
6658;50;1;4;7;26;28;38;0;0;0,002252;-0,0852;42;3;0;-1,264900;-0,515557;-0,470050;0,989507;15
6659;62;1;4;13;15;26;27;0;0;-0,749486;-0,8369;42;3;0;-0,326905;-0,288333;-1,669322;0,659507;15
6660;75;1;4;13;20;26;40;0;0;-0,881746;-0,9692;42;3;0;-1,441355;-0,457977;-0,563540;-0,505712;15
6661;89;1;4;13;27;28;40;0;0;-1,661724;-1,7491;42;3;0;-0,165310;0,358048;-1,104048;-2,132190;15
6662;367;4;15;20;28;38;40;0;0;-0,094977;-0,1824;42;3;0;-0,695293;0,091199;-1,058851;0,803147;15
6663;410;7;13;26;27;28;40;0;0;0,539872;0,4524;42;3;0;1,419066;0,000186;0,006068;0,928832;15
6664;92;1;4;15;20;26;27;0;0;-0,081751;-0,1692;42;3;0;1,624620;0,301087;-0,013745;-0,428939;15
6665;137;1;7;13;15;27;38;0;0;0,706091;0,6187;42;3;0;1,513794;-0,098257;0,349690;0,971552;15
6666;348;4;13;20;26;38;40;0;0;0,799388;0,7120;42;3;0;-0,431540;1,062009;0,328639;-0,006068;15
6667;195;1;7;26;28;38;40;0;0;0,357924;0,2705;42;3;0;-0,451352;0,845929;-0,642790;0,416804;15
6668;98;1;4;15;20;27;40;0;0;-0,317317;-0,4047;42;3;0;-0,208650;-1,517942;0,674737;0,293596;15
6669;129;1;7;13;15;20;28;0;0;1,707336;1,6199;42;3;0;-0,277993;0,940038;0,913106;1,104048;15
6670;416;7;15;20;26;27;40;0;0;2,711083;2,6237;42;3;0;1,219084;0,748105;1,467235;2,480393;15
6671;56;1;4;7;28;38;40;0;0;0,582766;0,4953;42;3;0;0,793736;1,398820;0,295824;-0,685263;15
6672;88;1;4;13;27;28;38;0;0;-0,972183;-1,0596;42;3;0;-0,948520;-0,319290;-0,100424;-1,264157;15
6673;322;4;7;27;28;38;40;0;0;-0,582624;-1,0779;43;3;0;0,404298;0,364054;-0,494816;-0,878372;15
6674;386;7;13;15;20;28;38;0;0;1,887781;1,3925;43;3;0;0,328144;0,868032;0,997309;1,404392;15
6675;71;1;4;13;15;38;40;0;0;1,313343;0,8181;43;3;0;0,110207;2,527943;0,517476;-0,770642;15
6676;221;1;13;20;26;28;40;0;0;0,718172;0,2229;43;3;0;0,864937;1,588710;-0,169768;-0,175031;15
6677;388;7;13;15;20;38;40;0;0;-0,147595;-0,6428;43;3;0;-1,728635;-0,596850;0,194286;0,146922;15
6678;397;7;13;15;27;38;40;0;0;-0,280570;-0,7758;43;3;0;0,023527;-0,185122;-1,117669;0,816830;15
6679;105;1;4;15;26;28;38;0;0;-0,440355;-0,9356;43;3;0;0,296567;-1,071729;-0,699131;1,008143;15
6680;350;4;13;20;27;28;40;0;0;-1,398705;-1,8940;43;3;0;-0,118255;0,448256;-0,725754;-2,145130;15
6681;325;4;13;15;20;26;38;0;0;0,522285;0,0270;43;3;0;0,021670;1,102067;0,798565;-0,996008;15
6682;390;7;13;15;26;27;38;0;0;1,246498;0,7512;43;3;0;-1,492124;1,814695;1,647404;-1,303101;15
6683;436;13;15;20;26;27;38;0;0;0,564465;0,0692;43;3;0;0,882273;2,046872;-1,015511;-0,053679;15
6684;300;4;7;15;26;27;40;0;0;0,512991;0,0177;43;3;0;-1,315050;-0,212984;-0,387085;1,488595;15
6685;331;4;13;15;20;28;40;0;0;0,539443;0,0442;43;3;0;-0,120113;-0,904562;0,356500;1,482404;15
6686;347;4;13;20;26;28;40;0;0;1,008787;0,5135;43;3;0;0,223509;0,910753;-0,407517;1,244035;15
6687;257;4;7;13;15;20;40;0;0;0,166970;-0,3283;43;3;0;1,670436;1,979386;-1,078044;-0,612142;15
6688;339;4;13;15;27;28;38;0;0;0,476172;-0,0191;43;3;0;-0,768351;1,279140;-0,961646;0,507260;15
6689;305;4;7;15;27;28;40;0;0;0,649898;0,1546;43;3;0;-0,486024;1,720586;-0,708418;0,113488;15
6690;181;1;7;15;28;38;40;0;0;1,468481;0,9732;43;3;0;-1,417208;1,865465;0,448752;0,229267;15
6691;27;1;4;7;15;26;27;0;0;2,184473;1,6892;43;3;0;-1,239516;2,375016;0,859860;0,548743;15
6692;307;4;7;15;28;38;40;0;0;-0,630166;-1,1254;43;3;0;-0,408632;-0,838933;-0,832865;0,580319;15
6693;311;4;7;20;26;28;38;0;0;-0,131867;-0,6271;43;3;0;0,532459;-0,123209;1,715509;-1,820701;15
6694;460;15;20;27;28;38;40;0;0;-0,332759;-0,8280;43;3;0;0,159119;1,093399;0,341641;-2,011396;15
6695;443;13;15;20;27;38;40;0;0;0,282787;-0,2125;43;3;0;0,249513;-0,331239;0,676595;0,144445;15
6696;326;4;13;15;20;26;40;0;0;1,879202;1,3839;43;3;0;1,921806;4,125321;-0,431044;-0,439403;15
6697;343;4;13;20;26;27;28;0;0;-0,712739;-1,2080;43;3;0;1,534226;-0,182646;-1,366563;0,314708;15
6698;302;4;7;15;26;28;40;0;0;-1,204604;-1,6999;43;3;0;-0,113302;0,490358;-1,756001;-0,820792;15
6699;190;1;7;20;27;38;40;0;0;2,910117;2,4149;43;3;0;-0,442684;2,134171;1,053650;1,852649;15
6700;439;13;15;20;26;28;40;0;0;0,458299;-0,0370;43;3;0;-1,061823;1,466740;-1,068138;0,395196;15
6701;312;4;7;20;26;28;40;0;0;-0,716314;-1,2116;43;3;0;0,518838;0,073058;-0,763522;-0,550229;15
6702;453;13;20;26;28;38;40;0;0;-0,240178;-0,7354;43;3;0;0,171501;0,817263;-0,785811;-0,447452;15
6703;155;1;7;13;26;28;38;0;0;1,565710;1,0705;43;3;0;-0,165929;1,643194;-0,153670;1,222365;15
6704;412;7;13;26;28;38;40;0;0;-0,244109;-0,7394;43;3;0;-0,518838;1,438878;-0,039749;-1,821939;15
6705;264;4;7;13;15;27;40;0;0;0,512276;0,0170;43;3;0;0,199982;1,384394;-0,362320;-0,134786;15
6706;25;1;4;7;15;20;38;0;0;0,799316;0,3041;43;3;0;0,076773;1,348484;0,006068;0,029904;15
6707;442;13;15;20;27;28;40;0;0;-2,340969;-2,8362;43;3;0;-0,625949;-0,258181;-0,524534;-3,271962;15
6708;168;1;7;15;20;27;40;0;0;0,868306;0,3731;43;3;0;-1,581280;0,845124;-0,226109;0,884935;15
6709;438;13;15;20;26;28;38;0;0;-0,062163;-0,5574;43;3;0;-1,889611;-0,758445;0,102653;0,548123;15
6710;402;7;13;20;26;28;38;0;0;1,573931;1,0787;43;3;0;-1,827078;0,692816;1,178097;0,855216;15
6711;36;1;4;7;15;38;40;0;0;2,680985;2,1857;43;3;0;-0,293472;1,820268;2,322265;0,501069;15
6712;400;7;13;20;26;27;38;0;0;-0,032850;-0,5281;43;3;0;0,337431;-0,274278;-0,514628;0,732008;15
6713;411;7;13;26;27;38;40;0;0;2,131211;1,6360;43;3;0;0,640189;0,787544;2,081420;0,822402;15
6714;370;4;15;26;27;38;40;0;0;0,129078;-0,3662;43;3;0;-0,867413;-0,208031;0,224004;0,207597;15
6715;409;7;13;26;27;28;38;0;0;-0,537227;-1,0325;43;3;0;0,606137;-1,343531;0,406031;0,006996;15
6716;246;1;15;27;28;38;40;0;0;0,411830;-0,0834;43;3;0;1,197414;0,759683;0,171378;-0,217751;15
6717;141;1;7;13;15;38;40;0;0;0,841853;0,3466;43;3;0;-1,754639;1,104543;0,067362;0,286228;15
6718;384;7;13;15;20;27;38;0;0;-0,508630;-1,0039;43;3;0;1,038296;1,689629;-2,910076;0,339474;15
6719;199;1;13;15;20;26;38;0;0;-0,388523;-0,8838;43;3;0;0,950378;0,133734;0,189952;-0,996628;15
6720;164;1;7;15;20;26;38;0;0;0,083324;-0,4119;43;3;0;0,260038;0,305855;0,438226;-0,599760;15
6721;118;1;4;20;27;28;38;0;0;0,163752;-0,3315;43;3;0;1,685915;0,983192;0,380646;-1,080211;15
6722;14;1;4;7;13;26;38;0;0;0,819691;0,3244;43;3;0;0,191314;0,774542;0,641304;0,003901;15
6723;424;7;15;26;27;28;38;0;0;0,189490;-0,3058;43;3;0;-0,902085;-0,284804;0,264868;0,348142;15
6724;117;1;4;20;26;38;40;0;0;1,190734;0,6955;43;3;0;-0,842029;0,259419;-0,083708;1,886701;15
6725;222;1;13;20;26;38;40;0;0;2,039702;1,5444;43;3;0;-0,743586;1,552181;1,059222;0,921464;15
6726;458;15;20;26;27;38;40;0;0;0,917635;0,4224;43;3;0;-0,547319;1,324957;0,568245;-0,303811;15
6727;142;1;7;13;20;26;27;0;0;1,582511;1,0873;43;3;0;1,996103;1,625858;0,309446;0,805685;15
6728;149;1;7;13;20;28;38;0;0;0,323895;-0,1714;43;3;0;1,029628;0,549795;0,020927;-0,009720;15
6729;401;7;13;20;26;27;40;0;0;0,137658;-0,3576;43;3;0;0,492834;0,078631;0,319352;-0,159552;15
6730;111;1;4;15;28;38;40;0;0;1,149984;0,6547;43;3;0;-1,406064;1,721206;0,531716;-0,261091;15
6731;369;4;15;26;27;28;40;0;0;-1,993518;-2,4888;43;3;0;0,819740;-1,135500;-1,068757;-1,248617;15
6732;449;13;15;27;28;38;40;0;0;0,704947;0,2097;43;3;0;-0,301521;0,654430;1,654215;-1,087641;15
6733;414;7;15;20;26;27;28;0;0;-0,322036;-0,8173;43;3;0;-0,949140;-0,374579;0,581247;-0,764451;15
6734;404;7;13;20;26;38;40;0;0;-0,333474;-0,8287;43;3;0;-1,038296;0,162214;-0,159242;-0,580566;15
6735;38;1;4;7;20;26;28;0;0;-0,277710;-0,7730;43;3;0;0,067486;0,185742;-0,099805;-0,566945;15
6736;76;1;4;13;20;27;28;0;0;1,803421;1,3082;43;3;0;-1,583138;2,326723;0,059933;0,736961;15
6737;324;4;13;15;20;26;28;0;0;0,222376;-0,2729;43;3;0;0,626568;1,692106;-0,918306;-0,388633;15
6738;131;1;7;13;15;20;40;0;0;-0,270919;-0,7662;43;3;0;-1,063680;-0,091633;0,734175;-1,111787;15
6739;239;1;15;20;27;28;40;0;0;1,111378;0,6161;43;3;0;0,492215;0,746062;-0,296691;1,475593;15
6740;154;1;7;13;26;27;40;0;0;0,442214;-0,0530;43;3;0;-0,244560;0,526887;0,011640;0,227410;15
6741;309;4;7;20;26;27;38;0;0;0,924070;0,4288;43;3;0;-0,661859;1,864846;0,731079;-0,995389;15
6742;55;1;4;7;27;38;40;0;0;1,129609;0,6344;43;3;0;1,598616;1,113830;0,854907;-0,012197;15
6743;310;4;7;20;26;27;40;0;0;0,872238;0,3770;43;3;0;-1,149740;0,818501;0,142278;0,549981;15
6744;9;1;4;7;13;20;28;0;0;1,172504;0,6772;43;3;0;-1,459929;2,609050;0,271059;-0,849273;15
6745;251;1;20;27;28;38;40;0;0;0,859012;0,3638;43;3;0;-1,520605;2,030775;0,432035;-0,974958;15
6746;123;1;4;26;27;28;40;0;0;1,277240;0,7820;43;3;0;0,551653;0,670527;0,726126;0,815591;15
6747;48;1;4;7;26;27;38;0;0;-1,116311;-1,6116;43;3;0;0,411727;-0,929946;0,831379;-1,834941;15
6748;17;1;4;7;13;27;38;0;0;0,818976;0,3237;43;3;0;0,185122;1,388109;-0,923260;0,953659;15
6749;250;1;20;26;28;38;40;0;0;1,759811;1,2646;43;3;0;-1,279140;1,297715;0,600441;1,149926;15
6750;408;7;13;20;28;38;40;0;0;0,814329;0,3191;43;3;0;0,631521;1,436402;0,292729;-0,318671;15
6751;60;1;4;13;15;20;38;0;0;1,934250;1,4390;43;3;0;1,404207;1,752162;1,054269;0,543789;15
6752;91;1;4;13;28;38;40;0;0;1,860614;1,3654;43;3;0;-0,214841;1,823363;0,195524;1,203791;15
6753;26;1;4;7;15;20;40;0;0;0,761783;0,2665;43;3;0;0,093490;1,628335;0,263010;-0,571898;15
6754;313;4;7;20;26;38;40;0;0;-0,557959;-1,0532;43;3;0;-0,304616;-1,500173;0,718696;-0,184937;15
6755;120;1;4;20;27;38;40;0;0;1,951767;1,4565;43;3;0;-0,071201;0,829646;0,995451;1,555462;15
6756;115;1;4;20;26;28;38;0;0;2,426831;1,9316;43;3;0;0,713248;2,644960;0,936633;0,621801;15
6757;203;1;13;15;20;27;40;0;0;-0,678424;-1,1737;43;3;0;-0,499026;-1,516271;-0,291119;0,632326;15
6758;101;1;4;15;20;38;40;0;0;0,490828;-0,0044;43;3;0;-1,051297;0,320714;0,438845;0,090580;15
6759;127;1;7;13;15;20;26;0;0;1,943188;1,4479;43;3;0;-0,019193;3,181754;0,906914;-0,722968;15
6760;12;1;4;7;13;26;27;0;0;1,402351;0,9071;43;3;0;1,100829;0,947901;0,623349;0,857693;15
6761;290;4;7;15;20;26;38;0;0;0,478317;-0,0169;43;3;0;0,783830;1,228990;-0,713372;0,312851;15
6762;67;1;4;13;15;27;38;0;0;1,166784;0,6715;43;3;0;0,625330;1,564563;-0,447142;0,903509;15
6763;63;1;4;13;15;26;28;0;0;-0,495403;-0,9907;43;3;0;1,585614;-0,162833;-0,195772;-0,499459;15
6764;77;1;4;13;20;27;38;0;0;-0,649111;-1,1444;43;3;0;2,727925;-0,313284;0,942205;-1,753215;15
6765;294;4;7;15;20;27;40;0;0;0,915490;0,4202;43;3;0;-1,100829;1,796740;-1,057613;0,846548;15
6766;286;4;7;13;27;38;40;0;0;-1,921311;-2,4166;43;3;0;-0,399344;-2,470363;-1,032847;0,175402;15
6767;119;1;4;20;27;28;40;0;0;-0,091117;-0,5864;43;3;0;0,562178;0,760921;1,065414;-1,984154;15
6768;437;13;15;20;26;27;40;0;0;0,430418;-0,0648;43;3;0;-0,026623;-0,559701;0,595488;0,709719;15
6769;255;4;7;13;15;20;28;0;0;-0,079320;-0,5746;43;3;0;-0,010525;1,392443;-2,401763;0,871933;15
6770;275;4;7;13;20;28;38;0;0;1,051683;0,5564;43;3;0;0,105254;0,704580;1,856673;-0,739685;15
6771;256;4;7;13;15;20;38;0;0;0,035067;-0,4602;43;3;0;-0,302759;0,983811;0,147850;-1,070924;15
6772;40;1;4;7;20;26;40;0;0;2,075090;1,5798;43;3;0;-0,015478;2,092070;1,035076;0,467016;15
6773;363;4;15;20;26;38;40;0;0;0,648468;0,1532;43;3;0;0,947282;0,894036;-0,231682;0,460825;15
6774;8;1;4;7;13;20;27;0;0;0,522284;0,0270;43;3;0;0,103396;0,690340;2,278306;-2,064023;15
6775;419;7;15;20;26;38;40;0;0;1,049537;0,5543;43;3;0;0,050150;-0,002477;0,165186;1,655143;15
6776;126;1;4;27;28;38;40;0;0;1,126034;0,6308;43;3;0;-0,898989;1,625239;0,919916;-0,594807;15
6777;96;1;4;15;20;27;28;0;0;0,536225;0,0410;43;3;0;-0,772685;0,952235;-0,333840;0,310374;15
6778;242;1;15;26;27;28;38;0;0;0,851862;0,3566;43;3;0;0,918183;0,412965;1,529768;-0,467264;15
6779;169;1;7;15;20;28;38;0;0;1,814502;1,3192;43;3;0;-1,147883;-0,559082;0,851192;2,850700;15
6780;351;4;13;20;27;38;40;0;0;1,038457;0,5432;43;3;0;-0,208650;1,643813;0,958303;-0,803456;15
6781;72;1;4;13;20;26;27;0;0;0,801104;0,3058;43;3;0;1,181317;0,277374;1,426991;-0,316813;15
6782;52;1;4;7;26;38;40;0;0;-0,437495;-0,9328;43;3;0;0,206792;0,457543;-0,848344;-0,366963;15
6783;376;4;20;26;28;38;40;0;0;1,668658;1,1734;43;3;0;-1,022198;1,107639;2,595305;-0,812743;15
6784;143;1;7;13;20;26;28;0;0;-0,473956;-0,9692;43;3;0;0,008049;-0,808595;0,190571;-0,202892;15
6785;133;1;7;13;15;26;28;0;0;-1,524531;-2,0198;43;3;0;0,534936;-2,320532;0,625206;-0,945239;15
6786;110;1;4;15;27;38;40;0;0;1,289393;0,7941;43;3;0;-0,837695;1,113830;1,656072;-0,536607;15
6787;174;1;7;15;26;27;40;0;0;-0,260909;-0,7562;43;3;0;0,365911;0,020432;0,470422;-0,942762;15
6788;136;1;7;13;15;27;28;0;0;0,254905;-0,2404;43;3;0;-0,242702;-0,009906;1,052412;-0,600998;15
6789;231;1;13;27;28;38;40;0;0;-1,629266;-2,1245;43;3;0;-2,933479;0,432159;-2,796154;-0,457977;15
6790;418;7;15;20;26;28;40;0;0;1,414862;0,9196;43;3;0;-1,981863;0,885368;0,497664;1,067581;15
6791;84;1;4;13;26;27;40;0;0;-0,161894;-0,6571;43;3;0;-1,643194;1,221561;-0,302883;-1,199086;15
6792;83;1;4;13;26;27;38;0;0;1,149984;0,6547;43;3;0;-1,098352;1,659292;0,771323;-0,438784;15
6793;6;1;4;7;13;15;40;0;0;-0,831773;-1,3270;43;3;0;1,141692;0,918183;-0,452714;-1,906142;15
6794;374;4;20;26;27;28;40;0;0;-0,528290;-1,0235;43;3;0;-1,139834;0,396868;0,365787;-1,677680;15
6795;353;4;13;26;27;28;38;0;0;0,472955;-0,0223;43;3;0;0,128162;1,077301;0,038882;-0,297001;15
6796;407;7;13;20;27;38;40;0;0;0,167327;-0,3279;43;3;0;0,654430;1,063680;-0,774666;0,000805;15
6797;430;7;20;26;27;28;40;0;0;-0,592633;-1,0879;43;3;0;-1,257471;-0,869271;-0,586448;0,429249;15
6798;15;1;4;7;13;26;40;0;0;0,828271;0,3330;43;3;0;0,427825;0,221033;1,753277;-0,539703;15
6799;182;1;7;20;26;27;28;0;0;0,481177;-0,0141;43;3;0;0,237130;1,207320;-0,400087;0,026190;15
6800;277;4;7;13;20;38;40;0;0;1,411645;0,9164;43;3;0;0,412346;1,054393;1,015883;0,374765;15
6801;452;13;20;26;27;38;40;0;0;0,026488;-0,4688;43;3;0;0,682910;0,871747;0,911248;-1,737117;15
6802;42;1;4;7;20;27;38;0;0;-0,087542;-0,5828;43;3;0;-0,716963;0,773304;0,163329;-1,088260;15
6803;1;1;4;7;13;15;20;0;0;0,209150;-0,2861;43;3;0;0,028480;1,557753;-0,429187;-0,766308;15
6804;130;1;7;13;15;20;38;0;0;2,058647;1,5634;43;3;0;-1,212273;2,303815;0,940967;0,320900;15
6805;396;7;13;15;27;28;40;0;0;-0,750988;-1,2462;43;3;0;-0,557844;0,286042;-0,572208;-1,014583;15
6806;379;7;13;15;20;26;27;0;0;0,516922;0,0217;43;3;0;1,181936;1,071729;-0,982697;0,806304;15
6807;262;4;7;13;15;27;28;0;0;0,122645;-0,3726;43;3;0;-1,001147;-0,318856;-0,535679;1,066962;15
6808;23;1;4;7;15;20;27;0;0;1,140333;0,6451;43;3;0;0,254466;0,882892;0,980592;0,111631;15
6809;218;1;13;20;26;27;38;0;0;1,549267;1,0540;43;3;0;-0,059437;1,527415;1,056746;0,099248;15
6810;450;13;20;26;27;28;38;0;0;1,131396;0,6361;43;3;0;0,652572;2,287098;-1,811104;1,483642;15
6811;389;7;13;15;26;27;28;0;0;-0,559032;-1,0543;43;3;0;-0,162833;-0,470545;0,067362;-0,565088;15
6812;301;4;7;15;26;28;38;0;0;1,431663;0,9364;43;3;0;-1,099590;1,004862;0,216575;1,258276;15
6813;100;1;4;15;20;28;40;0;0;-0,137229;-0,6325;43;3;0;-0,383247;-0,224747;-1,137482;1,124542;15
6814;360;4;15;20;26;27;40;0;0;1,749444;1,2542;43;3;0;0,637713;1,918711;0,362691;0,748724;15
6815;459;15;20;26;28;38;40;0;0;0,925141;0,4299;43;3;0;-0,854411;1,881562;-0,455810;0,176640;15
6816;364;4;15;20;27;28;38;0;0;0,976616;0,4814;43;3;0;-0,882273;2,880852;-0,722040;-0,467264;15
6817;328;4;13;15;20;27;38;0;0;0,998421;0,5032;43;3;0;-0,689720;0,407393;0,425224;0,896699;15
6818;422;7;15;20;27;38;40;0;0;0,570184;0,0749;43;3;0;-0,947282;-0,394391;0,482185;0,899794;15
6819;200;1;13;15;20;26;40;0;0;1,654360;1,1591;43;3;0;0,404298;1,823363;0,588677;0,453395;15
6820;74;1;4;13;20;26;38;0;0;1,410930;0,9157;43;3;0;0,482309;2,152745;1,389223;-1,098166;15
6821;358;4;15;20;26;27;28;0;0;0,794669;0,2994;43;3;0;1,100209;1,311336;0,501378;-0,436307;15
6822;304;4;7;15;27;28;38;0;0;1,460617;0,9654;43;3;0;0,713248;2,226423;1,461043;-1,157604;15
6823;253;4;7;13;15;20;26;0;0;-0,414260;-0,9095;43;3;0;0,151070;-0,844505;-0,146860;0,273845;15
6824;208;1;13;15;26;27;38;0;0;0,882962;0,3877;43;3;0;0,479832;1,636384;0,467945;-0,574994;15
6825;113;1;4;20;26;27;38;0;0;1,737648;1,2424;43;3;0;0,600565;1,962050;0,276631;0,771013;15
6826;121;1;4;20;28;38;40;0;0;2,355339;1,8601;43;3;0;-1,367058;2,266667;1,345884;0,467016;15
6827;114;1;4;20;26;27;40;0;0;-0,280928;-0,7762;43;3;0;0,502121;0,369626;0,543480;-1,399687;15
6828;385;7;13;15;20;27;40;0;0;0,009329;-0,4859;43;3;0;0,240226;-0,125066;1,222675;-1,081450;15
6829;64;1;4;13;15;26;38;0;0;-1,113809;-1,6091;43;3;0;-0,125685;-1,131166;-0,434759;-0,363249;15
6830;191;1;7;20;28;38;40;0;0;0,358925;-0,1363;43;3;0;-0,799308;0,503360;1,575584;-1,457267;15
6831;271;4;7;13;20;26;40;0;0;0,945874;0,4506;43;3;0;1,388109;0,139306;2,040557;-0,541561;15
6832;373;4;20;26;27;28;38;0;0;0,404680;-0,0906;43;3;0;-0,626568;0,385104;0,791135;-0,475313;15
6833;165;1;7;15;20;26;40;0;0;1,362315;0,8671;43;3;0;2,961959;1,242611;0,152803;0,964185;15
6834;128;1;7;13;15;20;27;0;0;-1,577077;-2,0723;43;3;0;0,432159;-0,864937;0,602298;-2,468939;15
6835;205;1;13;15;20;28;40;0;0;-0,807824;-1,3031;43;3;0;-0,173978;-0,289757;-0,284928;-0,824507;15
6836;427;7;15;26;28;38;40;0;0;0,868663;0,3734;43;3;0;0,079869;1,407302;0,958922;-0,861655;15
6837;135;1;7;13;15;26;40;0;0;0,123717;-0,3715;43;3;0;-1,045106;0,980097;0,188094;-0,953907;15
6838;359;4;15;20;26;27;38;0;0;1,095651;0,6004;43;3;0;1,950287;1,882801;-0,752377;0,767299;15
6839;184;1;7;20;26;27;40;0;0;3,460962;2,9657;43;3;0;0,091013;3,036875;0,871004;2,086683;15
6840;361;4;15;20;26;28;38;0;0;-0,357066;-0,8523;43;3;0;0,248894;-0,606756;-0,422376;0,410675;15
6841;179;1;7;15;27;28;40;0;0;2,207350;1,7121;43;3;0;0,391296;1,934808;0,862336;1,026099;15
6842;30;1;4;7;15;26;40;0;0;0,543374;0,0481;43;3;0;0,575799;1,051297;0,946539;-1,056684;15
6843;204;1;13;15;20;28;38;0;0;0,374654;-0,1206;43;3;0;1,776309;0,370864;0,798565;-0,520510;15
6844;330;4;13;15;20;28;38;0;0;-3,123806;-3,6191;43;3;0;0,272421;0,474879;-1,068757;-4,816713;15
6845;381;7;13;15;20;26;38;0;0;2,359271;1,8640;43;3;0;-0,448256;1,950287;1,794759;0,341331;15
6846;288;4;7;15;20;26;27;0;0;-0,403537;-0,8988;43;3;0;2,089593;0,143640;-0,058323;-0,784263;15
6847;336;4;13;15;26;28;38;0;0;1,332288;0,8370;43;3;0;-2,458600;1,765164;0,723649;-0,181222;15
6848;146;1;7;13;20;27;28;0;0;1,594665;1,0994;43;3;0;-1,090303;2,025203;0,250627;0,486210;15
6849;197;1;13;15;20;26;27;0;0;0,529434;0,0342;43;3;0;2,101976;1,547228;-0,271926;-0,358296;15
6850;260;4;7;13;15;26;38;0;0;0,713883;0,2186;43;3;0;-0,658144;1,989912;-0,327029;-0,426401;15
6851;406;7;13;20;27;28;40;0;0;1,790552;1,2953;43;3;0;1,751543;2,734116;0,724268;-0,357057;15
6852;285;4;7;13;27;28;40;0;0;0,038641;-0,4566;43;3;0;-1,082874;-0,722535;0,335449;0,454014;15
6853;435;13;15;20;26;27;28;0;0;0,483322;-0,0119;43;3;0;0,138068;0,985050;0,596107;-0,744019;15
6854;2;1;4;7;13;15;26;0;0;0,191277;-0,3040;43;3;0;-0,525649;1,302668;-1,131909;0,160543;15
6855;456;15;20;26;27;28;38;0;0;-0,563321;-1,0586;43;3;0;1,341054;-1,305144;-0,219299;0,548743;15
6856;440;13;15;20;26;38;40;0;0;1,617542;1,1223;43;3;0;-1,571993;1,672294;0,781848;0,347523;15
6857;270;4;7;13;20;26;38;0;0;-2,022830;-2,5181;43;3;0;0,552272;-1,149741;-1,944219;-0,409684;15
6858;368;4;15;26;27;28;38;0;0;-0,539014;-1,0343;43;3;0;-0,751015;-0,128781;0,404793;-1,209611;15
6859;4;1;4;7;13;15;28;0;0;1,738006;1,2428;43;3;0;1,788072;1,912519;1,495715;-0,397920;15
6860;87;1;4;13;26;38;40;0;0;-0,081465;-0,5767;43;3;0;-0,336811;0,516362;-0,256447;-0,401016;15
6861;235;1;15;20;26;28;38;0;0;-1,730070;-2,2253;43;3;0;-0,422872;-1,256852;-0,808719;-0,930999;15
6862;151;1;7;13;20;38;40;0;0;-0,969038;-1,4643;43;3;0;-0,228462;-0,124447;-1,003128;-0,550848;15
6863;366;4;15;20;27;38;40;0;0;-0,357424;-0,8527;43;3;0;-0,346099;0,470545;-0,327029;-0,762593;15
6864;139;1;7;13;15;28;38;0;0;0,491185;-0,0041;43;3;0;0,510170;0,212984;0,719315;-0,081541;15
6865;346;4;13;20;26;28;38;0;0;-1,463762;-1,9590;43;3;0;-0,105873;0,652572;-0,762903;-2,424980;15
6866;5;1;4;7;13;15;38;0;0;0,971969;0,4767;43;3;0;0,118875;1,194318;1,448042;-0,958860;15
6867;51;1;4;7;26;28;40;0;0;2,067227;1,5720;43;3;0;1,135500;2,444979;-0,216822;1,352385;15
6868;318;4;7;26;27;28;38;0;0;0,515493;0,0202;43;3;0;0,475498;0,344860;1,279636;-0,731636;15
6869;349;4;13;20;27;28;38;0;0;-0,043932;-0,5392;43;3;0;0,547319;0,391296;-0,286785;-0,180603;15
6870;22;1;4;7;15;20;26;0;0;0,040786;-0,4545;43;3;0;0,360339;0,963999;0,170139;-1,063494;15
6871;247;1;20;26;27;28;38;0;0;0,962318;0,4671;43;3;0;1,035819;1,237658;0,775038;-0,345913;15
6872;219;1;13;20;26;27;40;0;0;1,014507;0,5193;43;3;0;-0,544842;0,222890;0,220909;1,313379;15
6873;268;4;7;13;20;26;27;0;0;0,279569;-0,2157;43;3;0;2,149030;1,376964;-0,659507;-0,233230;15
6874;95;1;4;15;20;26;40;0;0;0,882961;0,3877;43;3;0;0,462497;1,594282;0,196143;-0,261091;15
6875;19;1;4;7;13;28;38;0;0;-0,259480;-0,7547;43;3;0;1,223418;-0,471165;-0,055227;0,076959;15
6876;166;1;7;15;20;27;28;0;0;-0,226760;-0,0169;44;4;0;-1,989912;0,624030;-1,568093;2,480455;15
6877;241;1;15;20;28;38;40;0;0;-0,164845;0,0450;44;4;0;0,018574;-0,644585;0,012569;0,283751;15
6878;284;4;7;13;27;28;38;0;0;-0,218401;-0,0085;44;4;0;-0,760921;-0,512709;0,812496;0,024332;15
6879;112;1;4;20;26;27;28;0;0;-1,455750;-1,2459;44;4;0;-2,150269;-0,913911;0,965423;-0,812743;15
6880;227;1;13;26;27;28;38;0;0;-1,476491;-1,2666;44;4;0;-1,493982;-1,542336;-0,249946;0,333282;15
6881;258;4;7;13;15;26;27;0;0;-0,512802;-0,3029;44;4;0;-0,713248;-0,192614;0,610656;-0,730398;15
6882;295;4;7;15;20;28;38;0;0;1,746436;1,9563;44;4;0;1,655577;0,601122;1,258895;-0,022722;15
6883;299;4;7;15;26;27;38;0;0;0,220568;0,4304;44;4;0;1,050059;-0,440889;1,467544;-1,635579;15
6884;189;1;7;20;27;28;40;0;0;0,208804;0,4187;44;4;0;1,140453;0,338607;0,413151;-1,474603;15
6885;223;1;13;20;27;28;38;0;0;-0,535710;-0,3258;44;4;0;-0,214222;0,973843;-0,664769;-1,166272;15
6886;193;1;7;26;27;28;40;0;0;-1,586388;-1,3765;44;4;0;-0,651334;-0,685448;-0,235706;-1,600288;15
6887;298;4;7;15;26;27;28;0;0;-1,041546;-0,8317;44;4;0;-1,233943;-1,189427;-0,254899;0,595178;15
6888;455;13;26;27;28;38;40;0;0;1,270937;1,4808;44;4;0;0,189456;0,875400;1,661335;-0,184318;15
6889;244;1;15;26;27;38;40;0;0;-0,298889;-0,0890;44;4;0;-0,870509;1,129247;0,930132;-1,786648;15
6890;280;4;7;13;26;27;40;0;0;0,735692;0,9456;44;4;0;0,663098;-0,632202;2,250755;-0,810267;15
6891;267;4;7;13;15;38;40;0;0;-0,497014;-0,2872;44;4;0;-0,653191;0,146055;0,257747;-0,744638;15
6892;337;4;13;15;26;28;40;0;0;0,547473;0,7573;44;4;0;-1,350961;1,961369;0,205740;0,278798;15
6893;454;13;20;27;28;38;40;0;0;0,171965;0,3818;44;4;0;1,066157;-0,807419;-0,756402;0,841595;15
6894;230;1;13;26;28;38;40;0;0;-0,085286;0,1246;44;4;0;0,515123;0,022846;0,072006;-0,780548;15
6895;31;1;4;7;15;27;28;0;0;1,835592;2,0455;44;4;0;-1,747828;3,002761;0,943134;1,473117;15
6896;140;1;7;13;15;28;40;0;0;-1,645206;-1,4353;44;4;0;-0,824693;-1,181998;-0,674056;-0,609666;15
6897;80;1;4;13;20;28;40;0;0;-0,501967;-0,2921;44;4;0;-1,391824;-0,185804;-0,627002;1,200696;15
6898;355;4;13;26;27;38;40;0;0;-0,781818;-0,5720;44;4;0;-0,960903;1,223356;0,198310;-2,024398;15
6899;445;13;15;26;27;28;38;0;0;0,501657;0,7115;44;4;0;-0,682910;-0,505898;2,555990;-0,363868;15
6900;431;7;20;26;27;38;40;0;0;0,524875;0,7347;44;4;0;0,263134;-0,452652;1,392629;-0,153361;15
6901;53;1;4;7;27;28;38;0;0;-0,980871;-0,7710;44;4;0;-2,018392;-0,747362;1,104729;-0,300716;15
6902;308;4;7;20;26;27;28;0;0;-0,991086;-0,7812;44;4;0;0,188218;-0,356686;-1,829988;0,016283;15
6903;274;4;7;13;20;27;40;0;0;-0,586480;-0,3766;44;4;0;0,512647;-1,218527;0,061480;-0,528559;15
6904;16;1;4;7;13;27;28;0;0;0,229236;0,4391;44;4;0;0,165929;-0,383309;0,869456;-0,193605;15
6905;79;1;4;13;20;28;38;0;0;-1,677711;-1,4678;44;4;0;-2,879614;-0,552953;1,091727;-1,014583;15
6906;434;7;26;27;28;38;40;0;0;-1,331303;-1,1214;44;4;0;0,331239;-0,845805;-1,069067;-1,078973;15
6907;393;7;13;15;26;28;40;0;0;1,397241;1,6071;44;4;0;0,556606;0,080426;1,060770;1,096680;15
6908;201;1;13;15;20;27;28;0;0;0,286197;0,4961;44;4;0;1,178840;0,516300;-0,540322;-0,582424;15
6909;122;1;4;26;27;28;38;0;0;0,220568;0,4304;44;4;0;-0,816025;0,576356;0,248460;0,432345;15
6910;211;1;13;15;26;28;40;0;0;0,144414;0,3543;44;4;0;0,141164;-0,708357;0,429249;0,426772;15
6911;167;1;7;15;20;27;38;0;0;-2,031549;-1,8217;44;4;0;-0,403059;-1,814138;-1,299386;-0,546514;15
6912;252;1;26;27;28;38;40;0;0;-0,487727;-0,2779;44;4;0;-0,447018;-0,291057;-0,243136;0,005758;15
6913;429;7;20;26;27;28;38;0;0;-1,935273;-1,7254;44;4;0;0,834599;-2,387461;-0,277188;-2,040495;15
6914;377;4;20;27;28;38;40;0;0;-0,378449;-0,1686;44;4;0;-1,160885;0,267406;1,024241;-0,887659;15
6915;175;1;7;15;26;28;38;0;0;-0,612792;-0,4029;44;4;0;0,908276;-1,625301;0,352476;-0,861036;15
6916;180;1;7;15;27;38;40;0;0;1,342138;1,5520;44;4;0;-0,077392;1,396096;0,300468;1,065104;15
6917;192;1;7;26;27;28;38;0;0;0,573168;0,7830;44;4;0;1,121879;-1,810423;0,759250;1,075630;15
6918;266;4;7;13;15;28;40;0;0;0,480297;0,6902;44;4;0;0,434016;-0,296629;0,891126;-0,067920;15
6919;70;1;4;13;15;28;40;0;0;-0,870044;-0,6602;44;4;0;-0,957808;-1,292204;0,671332;-0,161409;15
6920;372;4;15;27;28;38;40;0;0;-1,140918;-0,9311;44;4;0;-2,055540;0,561497;0,436059;-1,223851;15
6921;24;1;4;7;15;20;28;0;0;-0,991706;-0,7818;44;4;0;0,061295;-1,828998;0,670713;-0,886421;15
6922;170;1;7;15;20;28;40;0;0;-0,913384;-0,7035;44;4;0;-2,343440;1,232643;0,478161;-1,194133;15
6923;392;7;13;15;26;28;38;0;0;-0,216853;-0,0070;44;4;0;1,614094;-0,023589;-1,657868;-0,366344;15
6924;243;1;15;26;27;28;40;0;0;1,672758;1,8826;44;4;0;2,319913;0,255642;0,832927;-0,062966;15
6925;380;7;13;15;20;26;28;0;0;2,061887;2,2717;44;4;0;0,209269;1,168253;0,894222;1,852030;15
6926;289;4;7;15;20;26;28;0;0;0,196112;0,4060;44;4;0;1,917472;-0,762222;-1,270287;0,507260;15
6927;428;7;15;27;28;38;40;0;0;-1,260721;-1,0509;44;4;0;-1,159647;-0,678019;0,534502;-1,218279;15
6928;172;1;7;15;26;27;28;0;0;-0,045042;0,1648;44;4;0;-1,030247;-0,759126;0,462682;1,236606;15
6929;21;1;4;7;13;38;40;0;0;0,354302;0,5642;44;4;0;0,317618;-0,525711;-1,046778;1,963474;15
6930;107;1;4;15;26;38;40;0;0;-0,783984;-0,5741;44;4;0;-0,684148;0,528683;-0,718015;-0,694488;15
6931;193;7;9;21;22;25;46;0;0;-0,375662;-0,3130;45;4;0;-1,166457;-0,285609;-0,236944;0,937686;16
6932;427;9;13;21;25;29;46;0;0;0,642202;0,7048;45;4;0;-0,423491;0,949573;0,818068;-0,059747;16
6933;391;9;10;13;21;22;46;0;0;0,596076;0,6587;45;4;0;0,820359;-0,201406;0,335140;0,238059;16
6934;455;10;21;22;25;29;46;0;0;0,229236;0,2919;45;4;0;0,596850;-0,115965;-1,020155;0,997742;16
6935;129;7;9;10;13;15;25;0;0;0,638487;0,7011;45;4;0;0,813548;0,696964;-0,587996;0,354457;16
6936;357;8;10;22;25;29;46;0;0;-0,577811;-0,5152;45;4;0;1,040153;-0,127728;-1,646723;-0,421324;16
6937;243;7;13;21;22;25;46;0;0;-0,735072;-0,6724;45;4;0;-0,465592;-2,162837;0,732627;0,425658;16
6938;316;8;9;15;22;29;46;0;0;-1,695666;-1,6330;45;4;0;-0,529364;-0,424296;-0,378727;-2,058946;16
6939;194;7;9;21;22;29;46;0;0;-0,283720;-0,2211;45;4;0;-1,181936;-0,058385;0,127728;0,545152;16
6940;40;7;8;9;15;21;46;0;0;0,474415;0,5371;45;4;0;-0,313284;0,594807;1,561034;-0,893727;16
6941;217;7;10;15;21;22;25;0;0;0,219020;0,2817;45;4;0;1,308859;-0,897937;0,068910;-0,041792;16
6942;64;7;8;10;13;21;29;0;0;1,332231;1,3949;45;4;0;-0,047055;1,116740;0,190880;1,403897;16
6943;115;7;8;15;21;25;29;0;0;-0,497323;-0,4347;45;4;0;-1,071729;-1,801879;1,203791;0,675171;16
6944;207;7;10;13;21;22;25;0;0;0,432314;0,4950;45;4;0;-0,032195;1,177416;-0,794169;0,513576;16
6945;28;7;8;9;13;21;25;0;0;0,833206;0,8959;45;4;0;1,570136;-0,364239;-0,073492;0,534007;16
6946;293;8;9;13;15;22;29;0;0;0,041018;0,1037;45;4;0;0,126923;0,022722;-0,600998;0,533388;16
6947;235;7;13;15;21;25;29;0;0;0,268242;0,3309;45;4;0;-0,100300;-0,154351;-1,649819;2,440954;16
6948;255;8;9;10;13;15;25;0;0;0,947746;1,0104;45;4;0;0,127543;-0,406960;1,559796;0,615114;16
6949;354;8;10;21;22;25;46;0;0;-0,157106;-0,0945;45;4;0;-0,210507;0,474694;-0,276569;-0,301830;16
6950;213;7;10;13;22;25;29;0;0;1,595984;1,6586;45;4;0;1,588710;0,875276;1,533173;-0,805190;16
6951;282;8;9;10;21;25;46;0;0;0,588956;0,6516;45;4;0;-0,463735;-0,545028;1,128256;1,058418;16
6952;13;7;8;9;10;21;25;0;0;0,794510;0,8572;45;4;0;1,022817;-0,197072;-0,404731;1,168005;16
6953;161;7;9;10;25;29;46;0;0;0,364208;0,4269;45;4;0;0,092252;0,789216;-1,082688;0,929637;16
6954;393;9;10;13;21;25;46;0;0;-1,210881;-1,1482;45;4;0;-0,152308;0,648052;-1,802746;-1,114759;16
6955;449;10;13;22;25;29;46;0;0;-0,720832;-0,6582;45;4;0;-1,702012;0,077207;-0,977434;1,160575;16
6956;16;7;8;9;10;22;25;0;0;2,243913;2,3066;45;4;0;1,963908;1,181750;1,917658;-0,575489;16
6957;399;9;10;15;21;22;25;0;0;0,093025;0,1557;45;4;0;-0,334954;-0,489924;0,470731;0,540198;16
6958;109;7;8;13;22;25;46;0;0;-0,087453;-0,0248;45;4;0;-0,297806;0,834413;0,126490;-0,838004;16
6959;327;8;10;13;15;22;25;0;0;0,457389;0,5200;45;4;0;-1,799217;1,850420;-0,577471;1,441045;16
6960;260;8;9;10;13;21;29;0;0;-0,568215;-0,5056;45;4;0;-2,722972;0,641861;0,735722;0,208959;16
6961;237;7;13;15;21;29;46;0;0;-0,005418;0,0572;45;4;0;0,136830;-0,251556;0,560506;-0,456615;16
6962;181;7;9;13;25;29;46;0;0;-1,350496;-1,2879;45;4;0;-1,501411;-1,016811;-0,283999;0,101229;16
6963;413;9;10;22;25;29;46;0;0;-1,317991;-1,2553;45;4;0;-0,242702;-0,702289;-0,114974;-1,576017;16
6964;344;8;10;15;21;22;29;0;0;0,362351;0,4250;45;4;0;0,338050;0,679009;-0,933475;0,641118;16
6965;419;9;13;15;21;29;46;0;0;0,121506;0,1842;45;4;0;1,131166;0,453643;-0,189271;-1,152527;16
6966;322;8;9;22;25;29;46;0;0;-0,212829;-0,1502;45;4;0;-1,475407;1,496892;-0,376870;-0,070272;16
6967;112;7;8;15;21;22;25;0;0;-0,604124;-0,5415;45;4;0;-0,303378;-1,086774;1,188313;-1,006410;16
6968;433;9;15;22;25;29;46;0;0;-0,508777;-0,4461;45;4;0;-0,744824;-0,016283;-1,199705;0,943258;16
6969;177;7;9;13;21;29;46;0;0;-0,057425;0,0052;45;4;0;0,934280;-0,326472;-2,048544;1,325885;16
6970;395;9;10;13;22;25;29;0;0;-0,283721;-0,2211;45;4;0;0,055722;0,053060;-0,273474;-0,402750;16
6971;32;7;8;9;13;22;29;0;0;-0,103241;-0,0406;45;4;0;-0,037148;0,800361;-0,293286;-0,676409;16
6972;92;7;8;13;15;21;22;0;0;0,407548;0,4702;45;4;0;-0,122589;1,137172;-0,524844;0,325357;16
6973;280;8;9;10;21;22;46;0;0;-0,659228;-0,5966;45;4;0;0,275517;-0,115346;-1,507417;0,028790;16
6974;139;7;9;10;13;25;29;0;0;0,497633;0,5603;45;4;0;-0,741109;-0,040430;1,601278;0,175526;16
6975;179;7;9;13;22;25;46;0;0;-0,513111;-0,4505;45;4;0;0,603660;0,487696;-0,586139;-1,531440;16
6976;204;7;10;13;15;25;29;0;0;-1,361641;-1,2990;45;4;0;-1,614714;-1,937471;1,253322;-0,424420;16
6977;99;7;8;13;15;25;29;0;0;-0,231712;-0,1691;45;4;0;-1,459929;0,343436;0,094295;0,558773;16
6978;145;7;9;10;15;21;46;0;0;-1,062287;-0,9996;45;4;0;1,211654;-1,936232;-0,071015;-1,328981;16
6979;283;8;9;10;21;29;46;0;0;3,260849;3,3235;45;4;0;2,923573;0,783025;1,481785;1,333315;16
6980;135;7;9;10;13;21;46;0;0;-0,307867;-0,2452;45;4;0;0,070582;0,285237;-0,036343;-0,935209;16
6981;121;7;8;15;25;29;46;0;0;0,668206;0,7309;45;4;0;-0,114541;1,302482;0,058385;0,090085;16
6982;352;8;10;15;25;29;46;0;0;1,214904;1,2775;45;4;0;0,151689;1,396591;-0,246851;1,128380;16
6983;415;9;13;15;21;22;29;0;0;-0,379377;-0,3167;45;4;0;-0,942329;1,330962;-0,683343;-0,464044;16
6984;417;9;13;15;21;25;29;0;0;0,585551;0,6482;45;4;0;0,076773;2,247907;-0,316194;-0,837385;16
6985;205;7;10;13;15;25;46;0;0;-1,193854;-1,1312;45;4;0;-1,203606;-0,478161;-1,244902;0,538960;16
6986;340;8;10;13;22;25;46;0;0;-0,933816;-0,8712;45;4;0;-1,257471;-0,039811;-1,078973;0,508622;16
6987;162;7;9;13;15;21;22;0;0;-0,927934;-0,8653;45;4;0;1,590567;0,051203;-0,849892;-2,647747;16
6988;158;7;9;10;22;25;29;0;0;0,456460;0,5191;45;4;0;0,799308;0,730398;-1,478937;0,862151;16
6989;210;7;10;13;21;25;29;0;0;1,741482;1,8041;45;4;0;0,637094;0,230134;1,856983;0,758754;16
6990;429;9;15;21;22;25;29;0;0;-2,243913;-2,1813;45;4;0;-1,279140;-0,474446;-2,267719;-0,466521;16
6991;233;7;13;15;21;22;29;0;0;0,127388;0,1900;45;4;0;-0,344860;1,319199;-0,614619;-0,104944;16
6992;222;7;10;15;21;29;46;0;0;-0,424574;-0,3619;45;4;0;-0,977620;-0,227410;0,590225;-0,234344;16
6993;163;7;9;13;15;21;25;0;0;0,280625;0,3433;45;4;0;0,203077;-0,247841;0,426153;0,179860;16
6994;224;7;10;15;22;25;46;0;0;-0,223355;-0,1607;45;4;0;-0,457543;0,646814;-0,318671;-0,317309;16
6995;424;9;13;21;22;25;29;0;0;-2,514477;-2,4518;45;4;0;-1,611618;-1,063866;-1,675204;-0,678266;16
6996;405;9;10;15;22;25;29;0;0;-0,634772;-0,5721;45;4;0;-0,068724;-0,435440;-0,067920;-0,697460;16
6997;53;7;8;9;22;25;29;0;0;0,724547;0,7872;45;4;0;1,386871;1,940814;-0,707490;-1,171101;16
6998;261;8;9;10;13;21;46;0;0;-0,606911;-0,5443;45;4;0;-0,375817;-1,261990;0,533264;-0,109278;16
6999;19;7;8;9;10;25;29;0;0;0,958272;1,0209;45;4;0;-0,044578;0,575613;0,616848;0,768661;16
7000;87;7;8;10;21;29;46;0;0;0,287125;0,3498;45;4;0;-1,063061;-0,671951;1,113397;1,195866;16
7001;356;8;10;21;25;29;46;0;0;0,101384;0,1640;45;4;0;-0,604279;1,436216;-1,041825;0,412656;16
7002;307;8;9;13;25;29;46;0;0;0,287745;0,3504;45;4;0;0,202458;-0,538836;-0,218370;1,130238;16
7003;299;8;9;13;21;22;29;0;0;1,714240;1,7769;45;4;0;0,448256;0,804075;1,014954;1,161195;16
7004;127;7;9;10;13;15;21;0;0;-0,978703;-0,9161;45;4;0;0,242083;-1,083059;0,326472;-1,442903;16
7005;345;8;10;15;21;22;46;0;0;0,541901;0,6045;45;4;0;-0,371483;1,673965;-0,515557;0,296877;16
7006;296;8;9;13;15;25;46;0;0;0,208495;0,2711;45;4;0;0,767732;-0,167353;0,717767;-0,901156;16
7007;460;13;15;22;25;29;46;0;0;-0,162988;-0,1003;45;4;0;0,059437;1,174320;-1,134076;-0,425658;16
7008;435;10;13;15;21;22;25;0;0;0,930410;0,9931;45;4;0;0,565274;0,236944;-0,010959;1,069562;16
7009;318;8;9;21;22;25;29;0;0;0,384021;0,4467;45;4;0;2,109406;0,693869;-2,671398;0,636165;16
7010;355;8;10;21;22;29;46;0;0;-1,409934;-1,3473;45;4;0;-1,051297;-1,076868;0,296753;-0,988455;16
7011;305;8;9;13;22;25;46;0;0;-0,413740;-0,3511;45;4;0;0,048912;-0,478161;-0,241278;-0,156952;16
7012;67;7;8;10;13;22;29;0;0;0,630747;0,6934;45;4;0;0,620377;1,231900;-0,892612;0,301830;16
7013;93;7;8;13;15;21;25;0;0;-0,378139;-0,3155;45;4;0;0,446399;0,657340;-1,878281;0,018265;16
7014;367;8;13;15;25;29;46;0;0;-0,216544;-0,1539;45;4;0;1,048202;-1,206268;0,466397;-0,741419;16
7015;104;7;8;13;21;22;46;0;0;-0,284030;-0,2214;45;4;0;0,114541;0,744019;-1,454790;0,028171;16
7016;420;9;13;15;22;25;29;0;0;-0,453364;-0,3907;45;4;0;0,309569;0,383061;-0,157695;-1,441664;16
7017;130;7;9;10;13;15;29;0;0;0,746836;0,8095;45;4;0;0,082965;1,482032;-1,779219;1,707894;16
7018;175;7;9;13;21;25;29;0;0;-0,742811;-0,6802;45;4;0;-0,373960;-0,287466;0,546266;-1,370463;16
7019;78;7;8;10;15;22;46;0;0;1,983875;2,0465;45;4;0;0,016717;1,641770;1,860697;0,448566;16
7020;10;7;8;9;10;15;29;0;0;-1,059501;-0,9969;45;4;0;-0,897751;0,055537;-0,404112;-0,872676;16
7021;396;9;10;13;22;25;46;0;0;-0,137603;-0,0750;45;4;0;0,456305;-0,186546;-1,199705;0,654739;16
7022;31;7;8;9;13;22;25;0;0;0,857043;0,9197;45;4;0;-0,455067;1,443646;-0,010340;0,735846;16
7023;398;9;10;13;25;29;46;0;0;0,430147;0,4928;45;4;0;0,094728;-0,470731;-0,490172;1,726468;16
7024;170;7;9;13;15;25;46;0;0;-0,407858;-0,3452;45;4;0;-0,010525;-1,231653;2,327528;-1,901065;16
7025;202;7;10;13;15;22;29;0;0;0,413739;0,4764;45;4;0;-0,092252;0,751449;0,297991;-0,129710;16
7026;171;7;9;13;15;29;46;0;0;1,093244;1,1559;45;4;0;0,711390;0,625144;-0,947716;1,797669;16
7027;201;7;10;13;15;22;25;0;0;-0,995730;-0,9331;45;4;0;-0,183884;0,893851;-1,537136;-1,164290;16
7028;410;9;10;21;22;25;46;0;0;0,291769;0,3544;45;4;0;-0,228462;-0,004520;-0,268520;1,085041;16
7029;35;7;8;9;13;25;46;0;0;0,579978;0,6426;45;4;0;1,022817;0,822030;-0,283999;-0,400892;16
7030;44;7;8;9;15;25;29;0;0;0,099526;0,1622;45;4;0;-0,076154;1,575522;-0,448690;-0,851625;16
7031;30;7;8;9;13;21;46;0;0;0,100146;0,1628;45;4;0;0,177693;0,147788;-0,375631;0,250442;16
7032;453;10;15;21;25;29;46;0;0;1,114604;1,1772;45;4;0;0,019812;0,788597;0,265796;1,155003;16
7033;197;7;10;13;15;21;22;0;0;0,297960;0,3606;45;4;0;1,126832;0,282141;-0,680867;-0,132186;16
7034;249;7;15;21;22;29;46;0;0;0,013466;0,0761;45;4;0;-1,355295;-0,943134;1,213698;1,111663;16
7035;462;15;21;22;25;29;46;0;0;-1,374642;-1,3120;45;4;0;0,014240;-0,180355;-1,490081;-1,093089;16
7036;431;9;15;21;22;29;46;0;0;1,847355;1,9100;45;4;0;1,371392;0,341579;0,291181;1,690558;16
7037;168;7;9;13;15;22;46;0;0;-0,177538;-0,1149;45;4;0;0,114541;0,231991;-0,371297;-0,330310;16
7038;257;8;9;10;13;15;46;0;0;-1,282082;-1,2194;45;4;0;-0,012383;-1,678052;0,631088;-1,504817;16
7039;363;8;13;15;21;29;46;0;0;-0,527661;-0,4650;45;4;0;0,022908;0,308145;-0,899423;-0,486953;16
7040;165;7;9;13;15;21;46;0;0;-1,105317;-1,0427;45;4;0;-0,373341;-1,079344;-0,865989;0,108040;16
7041;452;10;15;21;22;29;46;0;0;0,184039;0,2467;45;4;0;1,259328;0,198558;-1,171225;0,081417;16
7042;182;7;9;15;21;22;25;0;0;0,941865;1,0045;45;4;0;1,829555;0,082779;-0,807790;0,779186;16
7043;184;7;9;15;21;22;46;0;0;0,562952;0,6256;45;4;0;0,655049;0,410922;0,737580;-0,677647;16
7044;338;8;10;13;21;29;46;0;0;-2,193453;-2,1308;45;4;0;-0,700246;-1,021145;-2,783462;0,117946;16
7045;385;9;10;13;15;22;46;0;0;-0,690185;-0,6275;45;4;0;-1,435783;-0,458348;-0,767546;1,281307;16
7046;81;7;8;10;15;29;46;0;0;-0,647774;-0,5851;45;4;0;-1,367677;0,420209;-1,184227;0,836147;16
7047;287;8;9;10;25;29;46;0;0;-0,097979;-0,0353;45;4;0;-0,162214;1,571807;-0,527320;-1,078230;16
7048;63;7;8;10;13;21;25;0;0;-0,197970;-0,1353;45;4;0;0,741109;-0,650900;0,085627;-0,571775;16
7049;251;7;15;22;25;29;46;0;0;0,675944;0,7386;45;4;0;0,772066;1,000342;-0,496363;0,075844;16
7050;375;8;15;21;22;29;46;0;0;-0,147200;-0,0846;45;4;0;-0,339288;0,352104;-1,070305;0,763088;16
7051;174;7;9;13;21;22;46;0;0;0,573477;0,6361;45;4;0;0,162833;0,290190;0,376003;0,317928;16
7052;313;8;9;15;21;29;46;0;0;2,239579;2,3022;45;4;0;0,973905;-0,431106;1,882986;2,053373;16
7053;350;8;10;15;22;25;46;0;0;1,549550;1,6122;45;4;0;0,330620;1,644247;-0,727921;1,852153;16
7054;443;10;13;15;22;29;46;0;0;0,727952;0,7906;45;4;0;1,248803;0,211560;-0,640623;0,636165;16
7055;359;8;13;15;21;22;29;0;0;0,810298;0,8729;45;4;0;1,653719;-0,258986;0,528930;-0,303068;16
7056;169;7;9;13;15;25;29;0;0;1,165993;1,2286;45;4;0;-0,303378;0,885183;0,538836;1,211345;16
7057;265;8;9;10;13;25;29;0;0;-0,705973;-0,6433;45;4;0;-1,624620;-0,801351;0,612514;0,401511;16
7058;456;13;15;21;22;25;29;0;0;-1,050523;-0,9879;45;4;0;-0,846363;-0,817449;-0,674056;0,236821;16
7059;380;9;10;13;15;21;25;0;0;-0,413740;-0,3511;45;4;0;0,708914;-0,213789;-0,836890;-0,485714;16
7060;191;7;9;15;25;29;46;0;0;-0,781817;-0,7192;45;4;0;0,384485;-1,300377;-0,772499;0,124756;16
7061;259;8;9;10;13;21;25;0;0;-1,218310;-1,1557;45;4;0;-0,992479;1,287623;-3,072599;0,340836;16
7062;195;7;9;21;25;29;46;0;0;1,480515;1,5432;45;4;0;-1,789930;1,625053;2,472406;0,653501;16
7063;21;7;8;9;10;29;46;0;0;-0,272885;-0,2102;45;4;0;-0,377055;-0,611276;-0,218370;0,660931;16
7064;348;8;10;15;21;29;46;0;0;-1,284249;-1,2216;45;4;0;0,959665;-1,617376;-1,216422;-0,694364;16
7065;68;7;8;10;13;22;46;0;0;0,354302;0,4169;45;4;0;0,786925;0,576232;-0,735970;0,081417;16
7066;192;7;9;21;22;25;29;0;0;0,352754;0,4154;45;4;0;0,533698;-0,632945;-1,868994;2,673750;16
7067;447;10;13;21;22;29;46;0;0;-0,378758;-0,3161;45;4;0;0,294710;-0,542551;-1,658487;1,148812;16
7068;295;8;9;13;15;25;29;0;0;-0,473177;-0,4105;45;4;0;-0,630902;0,253661;-0,629478;0,060366;16
7069;442;10;13;15;22;25;46;0;0;0,353993;0,4166;45;4;0;0,862460;0,649910;-0,640004;-0,164381;16
7070;323;8;10;13;15;21;22;0;0;-0,953629;-0,8910;45;4;0;-1,835127;-0,008235;-0,524225;0,460330;16
7071;120;7;8;15;22;29;46;0;0;0,162059;0,2247;45;4;0;-0,671765;1,147078;-1,186703;1,035509;16
7072;173;7;9;13;21;22;29;0;0;-0,496394;-0,4337;45;4;0;0,184503;0,403493;-1,266572;-0,314213;16
7073;328;8;10;13;15;22;29;0;0;1,207165;1,2698;45;4;0;1,177602;1,929050;0,114107;-0,806428;16
7074;149;7;9;10;15;25;29;0;0;-0,959510;-0,8969;45;4;0;-2,030156;0,534750;0,533264;-0,956879;16
7075;17;7;8;9;10;22;29;0;0;0,862306;0,9250;45;4;0;0,388819;1,181750;0,421819;-0,267777;16
7076;334;8;10;13;21;22;29;0;0;-0,219639;-0,1570;45;4;0;-0,066867;-0,072006;-1,049873;0,749467;16
7077;6;7;8;9;10;13;46;0;0;-0,023373;0,0393;45;4;0;-0,312046;0,964432;-1,627530;0,928398;16
7078;33;7;8;9;13;22;46;0;0;-0,931030;-0,8684;45;4;0;-0,538651;1,163176;-0,742162;-1,744423;16
7079;379;9;10;13;15;21;22;0;0;-0,283720;-0,2211;45;4;0;-0,679195;1,872090;-0,728540;-1,031795;16
7080;128;7;9;10;13;15;22;0;0;1,092315;1,1550;45;4;0;0,430301;0,039439;1,194504;0,520386;16
7081;164;7;9;13;15;21;29;0;0;-0,229237;-0,1666;45;4;0;-0,786306;0,664769;-0,059871;-0,277065;16
7082;190;7;9;15;22;29;46;0;0;1,128844;1,1915;45;4;0;0,020432;0,990436;0,931370;0,315451;16
7083;387;9;10;13;15;25;46;0;0;-0,002012;0,0606;45;4;0;-0,202458;1,428167;-1,833703;0,603970;16
7084;346;8;10;15;21;25;29;0;0;-0,580907;-0,5183;45;4;0;-1,006719;0,311241;-1,381113;0,914777;16
7085;421;9;13;15;22;25;46;0;0;-0,844041;-0,7814;45;4;0;-0,253847;-0,354952;0,194595;-1,273878;16
7086;126;7;8;22;25;29;46;0;0;-0,473796;-0,4112;45;4;0;1,521224;0,021484;-1,342726;-1,147574;16
7087;394;9;10;13;21;29;46;0;0;0,099527;0,1622;45;4;0;0,534936;-1,587038;0,147541;1,103615;16
7088;425;9;13;21;22;25;46;0;0;0,589884;0,6525;45;4;0;-0,165929;1,352632;0,575985;-0,582919;16
7089;25;7;8;9;13;15;29;0;0;-4,088018;-4,0254;45;4;0;-0,398106;-2,106496;-4,075604;-1,595830;16
7090;291;8;9;13;15;21;46;0;0;2,710743;2,7734;45;4;0;1,780643;0,901899;1,418632;1,320313;16
7091;239;7;13;15;22;25;46;0;0;-0,644059;-0,5814;45;4;0;-0,091633;-0,338235;-0,654863;-0,203387;16
7092;5;7;8;9;10;13;29;0;0;-0,760767;-0,6981;45;4;0;0,447018;1,595954;-2,376688;-1,187818;16
7093;199;7;10;13;15;21;29;0;0;-1,263198;-1,2006;45;4;0;-1,893945;-0,555553;-0,170697;0,093800;16
7094;56;7;8;9;25;29;46;0;0;0,124292;0,1869;45;4;0;0,826550;0,085255;-1,925955;1,262733;16
7095;312;8;9;15;21;25;46;0;0;-0,986443;-0,9238;45;4;0;0,666812;-0,341950;-1,091356;-1,206392;16
7096;22;7;8;9;13;15;21;0;0;-1,059811;-0,9972;45;4;0;-0,505836;0,256757;-1,663440;-0,207102;16
7097;361;8;13;15;21;25;29;0;0;-1,323873;-1,2612;45;4;0;-1,071110;0,373774;0,193357;-2,143768;16
7098;79;7;8;10;15;25;29;0;0;0,320559;0,3832;45;4;0;-0,426587;0,698822;-0,387395;0,756278;16
7099;123;7;8;21;22;25;46;0;0;0,869116;0,9318;45;4;0;0,675480;0,944001;-0,191128;0,309879;16
7100;329;8;10;13;15;22;46;0;0;-0,218401;-0,1558;45;4;0;-0,686625;0,178126;-1,839894;1,911591;16
7101;365;8;13;15;22;25;46;0;0;0,297961;0,3606;45;4;0;-0,566512;0,690773;0,861408;-0,389748;16
7102;73;7;8;10;15;21;25;0;0;-1,209642;-1,1470;45;4;0;-0,639570;-1,556700;-0,849892;0,626878;16
7103;18;7;8;9;10;22;46;0;0;-1,123891;-1,0612;45;4;0;-0,542365;-1,431015;-0,558277;0,283875;16
7104;118;7;8;15;22;25;29;0;0;0,517445;0,5801;45;4;0;1,080397;-0,010092;0,105439;-0,140854;16
7105;270;8;9;10;15;21;29;0;0;-1,122034;-1,0594;45;4;0;0,647000;-1,444636;-0,751449;-0,694983;16
7106;102;7;8;13;21;22;25;0;0;-1,832186;-1,7695;45;4;0;-1,386871;0,983006;-1,315484;-1,945024;16
7107;8;7;8;9;10;15;22;0;0;-0,357707;-0,2951;45;4;0;0,199363;-0,964185;0,160543;-0,111135;16
7108;320;8;9;21;22;29;46;0;0;-0,684922;-0,6223;45;4;0;-0,359100;0,012816;-0,087113;-0,936447;16
7109;125;7;8;21;25;29;46;0;0;-0,502277;-0,4396;45;4;0;0,989384;1,402163;-1,065352;-2,330748;16
7110;238;7;13;15;22;25;29;0;0;0,126769;0,1894;45;4;0;-1,556515;-0,047240;0,889888;0,967404;16
7111;376;8;15;21;25;29;46;0;0;0,693590;0,7562;45;4;0;-2,205372;1,525991;1,060770;1,005791;16
7112;369;8;13;21;22;25;46;0;0;1,051452;1,1141;45;4;0;0,580133;0,399778;0,908462;0,214532;16
7113;152;7;9;10;21;22;25;0;0;-1,032569;-0,9699;45;4;0;1,583757;-0,571651;-1,998394;-1,078849;16
7114;311;8;9;15;21;25;29;0;0;0,780889;0,8435;45;4;0;1,552800;1,224471;-0,381204;-0,834289;16
7115;134;7;9;10;13;21;29;0;0;0,478130;0,5408;45;4;0;0,758445;0,553324;-0,691392;0,335883;16
7116;160;7;9;10;22;29;46;0;0;0,320869;0,3835;45;4;0;0,359100;1,229424;-0,449309;-0,497478;16
7117;401;9;10;15;21;22;46;0;0;0,458936;0,5216;45;4;0;0,806119;-0,522739;-0,667246;1,301739;16
7118;284;8;9;10;22;25;29;0;0;-0,148439;-0,0858;45;4;0;-0,837075;0,013435;0,775966;-0,249203;16
7119;223;7;10;15;22;25;29;0;0;0,697305;0,7600;45;4;0;-0,829646;2,914100;0,390243;-1,080087;16
7120;176;7;9;13;21;25;46;0;0;0,840635;0,9033;45;4;0;-0,961522;1,290718;1,139401;0,212674;16
7121;54;7;8;9;22;25;46;0;0;0,581835;0,6445;45;4;0;0,377055;1,216422;0,740056;-1,169863;16
7122;254;8;9;10;13;15;22;0;0;-0,351825;-0,2892;45;4;0;-1,676628;0,863513;-0,258614;0,368078;16
7123;85;7;8;10;21;25;29;0;0;1,597532;1,6602;45;4;0;1,267377;1,232519;0,146922;0,548247;16
7124;43;7;8;9;15;22;46;0;0;-0,339443;-0,2768;45;4;0;0,080488;0,509365;-1,494415;0,225676;16
7125;416;9;13;15;21;22;46;0;0;-1,908959;-1,8463;45;4;0;-0,675480;-1,649571;-0,966290;-0,526577;16
7126;225;7;10;15;22;29;46;0;0;-1,752627;-1,6900;45;4;0;-1,743495;-0,567936;-0,345913;-0,847910;16
7127;148;7;9;10;15;22;46;0;0;-1,109342;-1,0467;45;4;0;-1,037676;-0,165496;-1,056065;0,040554;16
7128;256;8;9;10;13;15;29;0;0;-2,159091;-2,0964;45;4;0;-0,098443;-0,626754;-1,320437;-2,272548;16
7129;103;7;8;13;21;22;29;0;0;1,265365;1,3280;45;4;0;0,175216;1,398449;1,070677;-0,113612;16
7130;211;7;10;13;21;25;46;0;0;0,523327;0,5860;45;4;0;0,112064;2,312297;-1,432501;0,054794;16
7131;428;9;13;22;25;29;46;0;0;-0,513421;-0,4508;45;4;0;0,716343;0,584281;-1,295052;-1,032414;16
7132;107;7;8;13;21;29;46;0;0;0,060521;0,1232;45;4;0;0,073678;-0,045383;-1,329724;1,422471;16
7133;382;9;10;13;15;21;46;0;0;-1,739315;-1,6767;45;4;0;-0,936138;-0,789588;-0,950811;-0,802094;16
7134;80;7;8;10;15;25;46;0;0;-0,903169;-0,8405;45;4;0;0,144259;-0,085008;-0,506270;-1,359319;16
7135;400;9;10;15;21;22;29;0;0;0,770642;0,8952;46;4;0;0,539270;2,194166;-0,874348;-0,317804;16
7136;46;7;8;9;15;29;46;0;0;-0,454943;-0,3304;46;4;0;-0,764017;1,431387;0,131753;-1,709008;16
7137;188;7;9;15;22;25;29;0;0;0,859798;0,9844;46;4;0;0,750396;0,513204;-0,275021;0,731017;16
7138;412;9;10;21;25;29;46;0;0;0,204749;0,3293;46;4;0;0,141783;0,969509;-1,435287;0,733494;16
7139;414;9;13;15;21;22;25;0;0;-0,691454;-0,5669;46;4;0;0,056961;-0,309631;0,067362;-1,197600;16
7140;50;7;8;9;21;25;29;0;0;-0,471660;-0,3471;46;4;0;-1,999199;0,284742;-0,058942;0,830079;16
7141;437;10;13;15;21;22;46;0;0;0,391729;0,5163;46;4;0;0,280470;1,162061;0,169520;-0,828593;16
7142;60;7;8;10;13;15;29;0;0;-0,867908;-0,7433;46;4;0;-1,614094;-0,653253;0,246913;0,284618;16
7143;154;7;9;10;21;22;46;0;0;1,061018;1,1856;46;4;0;0,303997;0,981892;1,562582;-0,726435;16
7144;372;8;13;22;25;29;46;0;0;-0,364239;-0,2397;46;4;0;0,224128;0,524968;0,000495;-1,478070;16
7145;241;7;13;15;25;29;46;0;0;0,366963;0,4915;46;4;0;0,078011;0,206111;-0,336316;0,786120;16
7146;358;8;13;15;21;22;25;0;0;-0,399840;-0,2753;46;4;0;-1,016007;2,103771;-0,362320;-1,525124;16
7147;122;7;8;21;22;25;29;0;0;0,133548;0,2581;46;4;0;-0,311427;-0,507756;0,558339;0,527940;16
7148;448;10;13;21;25;29;46;0;0;0,384918;0,5095;46;4;0;0,084203;0,259357;1,091418;-0,665141;16
7149;95;7;8;13;15;21;46;0;0;1,126027;1,2506;46;4;0;0,959046;1,277221;-0,754235;0,770023;16
7150;434;9;21;22;25;29;46;0;0;-2,178006;-2,0534;46;4;0;-2,689538;0,983130;-0,926974;-1,722630;16
7151;368;8;13;21;22;25;29;0;0;0,040677;0,1652;46;4;0;-0,292233;-0,159800;1,306878;-0,773490;16
7152;232;7;13;15;21;22;25;0;0;-0,998857;-0,8743;46;4;0;1,169553;-1,367120;-1,644556;-0,155590;16
7153;454;10;15;22;25;29;46;0;0;-0,943443;-0,8189;46;4;0;0,178931;0,695231;-1,019845;-1,741204;16
7154;445;10;13;21;22;25;29;0;0;0,042535;0,1671;46;4;0;0,807976;-1,089746;-1,037181;1,404021;16
7155;100;7;8;13;15;25;46;0;0;0,704084;0,8287;46;4;0;-0,188218;-1,263105;3,492437;-0,632945;16
7156;397;9;10;13;22;29;46;0;0;-0,678143;-0,5536;46;4;0;0,006811;0,338607;-1,103429;-0,598274;16
7157;404;9;10;15;21;29;46;0;0;0,310622;0,4352;46;4;0;0,372102;0,600503;0,189333;-0,540694;16
7158;426;9;13;21;22;29;46;0;0;0,483671;0,6082;46;4;0;0,574561;0,913168;-0,117141;-0,403245;16
7159;439;10;13;15;21;25;46;0;0;0,179365;0,3039;46;4;0;-0,084822;-0,538093;-0,089280;1,070924;16
7160;218;7;10;15;21;22;29;0;0;-0,156828;-0,0323;46;4;0;-1,013530;0,190014;0,373217;0,136644;16
7161;432;9;15;21;25;29;46;0;0;0,761974;0,8865;46;4;0;-0,266230;2,561934;0,085317;-0,857074;16
7162;221;7;10;15;21;25;46;0;0;0,208464;0,3330;46;4;0;-0,731822;0,466769;0,328639;0,353342;16
7163;297;8;9;13;15;29;46;0;0;-0,047550;0,0770;46;4;0;-0,885368;-1,295919;0,086556;1,999632;16
7164;339;8;10;13;22;25;29;0;0;0,486767;0,6113;46;4;0;-0,440827;1,168253;0,238245;0,007863;16
7165;321;8;9;21;25;29;46;0;0;0,242517;0,3671;46;4;0;0,591277;0,442622;-0,380275;-0,168591;16
7166;278;8;9;10;21;22;25;0;0;-1,736560;-1,6120;46;4;0;-0,466831;-0,613009;0,015355;-2,408635;16
7167;347;8;10;15;21;25;46;0;0;-2,417303;-2,2927;46;4;0;-3,444888;-0,444603;-0,915830;-0,029285;16
7168;20;7;8;9;10;25;46;0;0;-1,269110;-1,1445;46;4;0;-1,972576;0,967033;-0,633503;-0,899175;16
7169;146;7;9;10;15;22;25;0;0;-1,117112;-0,9925;46;4;0;-1,620905;-1,415413;-0,657649;1,459743;16
7170;72;7;8;10;15;21;22;0;0;-0,380647;-0,2561;46;4;0;1,934808;0,352847;-1,812343;-1,236606;16
7171;7;7;8;9;10;15;21;0;0;0,234778;0,3593;46;4;0;-0,019812;-0,867475;0,809710;0,547133;16
7172;268;8;9;10;15;21;22;0;0;0,965051;1,0896;46;4;0;-1,004862;1,122436;2,460333;-0,647805;16
7173;231;7;10;22;25;29;46;0;0;-0,883387;-0,7588;46;4;0;-1,606046;1,048759;-0,247160;-0,962327;16
7174;304;8;9;13;22;25;29;0;0;-0,778133;-0,6536;46;4;0;-0,744824;-0,310250;0,248151;-0,749344;16
7175;342;8;10;13;25;29;46;0;0;-0,715291;-0,5907;46;4;0;-1,763926;0,968890;-0,075659;-0,559887;16
7176;351;8;10;15;22;29;46;0;0;-0,469183;-0,3446;46;4;0;-0,607994;1,029566;-1,269977;-0,089961;16
7177;229;7;10;21;22;29;46;0;0;0,160790;0,2854;46;4;0;-0,474879;-0,416123;0,776895;0,435688;16
7178;136;7;9;10;13;22;25;0;0;-0,380646;-0,2561;46;4;0;-1,387490;0,273597;0,742843;-0,390243;16
7179;38;7;8;9;15;21;25;0;0;-0,898246;-0,7737;46;4;0;-1,858654;-0,478656;0,627064;-0,086246;16
7180;167;7;9;13;15;22;29;0;0;-1,131352;-1,0068;46;4;0;0,092871;-1,911962;-0,068229;-0,375384;16
7181;189;7;9;15;22;25;46;0;0;-0,000496;0,1241;46;4;0;-0,785068;0,331177;0,059313;0,393586;16
7182;310;8;9;15;21;22;46;0;0;0,195462;0,3200;46;4;0;-0,360339;0,138006;0,488996;0,124261;16
7183;151;7;9;10;15;29;46;0;0;0,973410;1,0980;46;4;0;0,245179;-0,437793;0,870385;1,269049;16
7184;111;7;8;13;25;29;46;0;0;0,134786;0,2594;46;4;0;-0,805499;0,814105;0,843143;-0,582176;16
7185;185;7;9;15;21;25;29;0;0;-0,013497;0,1111;46;4;0;-0,486643;1,368854;0,367645;-1,276850;16
7186;14;7;8;9;10;21;29;0;0;-0,727055;-0,6025;46;4;0;0,100300;-0,933723;-0,585829;-0,034858;16
7187;236;7;13;15;21;25;46;0;0;-0,784015;-0,6594;46;4;0;-0,298425;0,001796;-0,322076;-0,949325;16
7188;319;8;9;21;22;25;46;0;0;-1,663502;-1,5389;46;4;0;-0,420395;-1,947872;-0,120856;-0,837880;16
7189;82;7;8;10;21;22;25;0;0;0,512771;0,6373;46;4;0;0,394391;1,186827;-0,797574;0,241897;16
7190;70;7;8;10;13;25;46;0;0;0,980530;1,1051;46;4;0;0,184503;1,382475;0,847477;-0,453395;16
7191;274;8;9;10;15;22;46;0;0;-1,954807;-1,8302;46;4;0;-0,792498;-1,106463;-0,684272;-1,326381;16
7192;206;7;10;13;15;29;46;0;0;0,359534;0,4841;46;4;0;-0,580133;1,196733;0,143516;-0,041049;16
7193;423;9;13;15;25;29;46;0;0;1,001890;1,1265;46;4;0;0,588182;-0,216141;0,541623;1,090117;16
7194;83;7;8;10;21;22;29;0;0;-1,196981;-1,0724;46;4;0;-2,628244;-0,033495;1,945829;-1,678052;16
7195;331;8;10;13;15;25;46;0;0;-1,266634;-1,1421;46;4;0;-1,239516;-0,143083;-1,275549;0,124880;16
7196;438;10;13;15;21;25;29;0;0;-1,360124;-1,2356;46;4;0;-1,872275;-0,624773;0,259914;-0,483114;16
7197;24;7;8;9;13;15;25;0;0;-0,587748;-0,4632;46;4;0;-1,129309;-0,103458;-0,599450;0,656720;16
7198;332;8;10;13;15;29;46;0;0;-0,918678;-0,7941;46;4;0;-1,814695;0,478532;0,124323;-0,625516;16
7199;248;7;15;21;22;25;46;0;0;0,619882;0,7444;46;4;0;0,638951;0,946601;-0,858869;0,513080;16
7200;212;7;10;13;21;29;46;0;0;0,976196;1,1008;46;4;0;-1,048821;1,672851;1,124232;0,204130;16
7201;362;8;13;15;21;25;46;0;0;-0,567936;-0,4434;46;4;0;-0,228462;0,357800;0,267963;-1,533173;16
7202;9;7;8;9;10;15;25;0;0;-0,080983;0,0436;46;4;0;-0,458782;0,903881;-0,705942;0,098876;16
7203;245;7;13;21;25;29;46;0;0;-0,169830;-0,0453;46;4;0;-0,749777;-1,125656;0,866051;0,669722;16
7204;98;7;8;13;15;22;46;0;0;1,555090;1,6797;46;4;0;0,785068;1,245645;1,344645;-0,265177;16
7205;326;8;10;13;15;21;46;0;0;-0,647804;-0,5232;46;4;0;-0,994956;-0,037210;-0,104758;-0,158685;16
7206;383;9;10;13;15;22;25;0;0;-0,007615;0,1170;46;4;0;1,656815;0,162772;0,063028;-1,897846;16
7207;288;8;9;13;15;21;22;0;0;-1,452375;-1,3278;46;4;0;-0,184503;0,439527;-0,995699;-2,164075;16
7208;301;8;9;13;21;25;29;0;0;2,075477;2,2000;46;4;0;1,028389;0,239545;2,447331;0,435688;16
7209;65;7;8;10;13;21;46;0;0;-0,590535;-0,4660;46;4;0;-0,451352;0,719996;-1,131909;-0,317804;16
7210;138;7;9;10;13;22;46;0;0;-1,703436;-1,5789;46;4;0;-1,690868;-0,452652;-0,981459;-0,281894;16
7211;77;7;8;10;15;22;29;0;0;-0,087484;0,0371;46;4;0;-0,913849;-0,361020;-0,027985;1,127885;16
7212;52;7;8;9;21;29;46;0;0;1,321365;1,4459;46;4;0;0,441446;0,549114;0,420271;1,231900;16
7213;94;7;8;13;15;21;29;0;0;1,512679;1,6372;46;4;0;-0,045197;1,478441;0,225243;1,366872;16
7214;106;7;8;13;21;25;46;0;0;1,333129;1,4577;46;4;0;1,074206;0,943505;-0,236635;0,885183;16
7215;451;10;15;21;22;25;46;0;0;-1,365696;-1,2411;46;4;0;-1,008577;-0,487943;-0,724516;-0,510356;16
7216;1;7;8;9;10;13;15;0;0;0,916140;1,0407;46;4;0;0,487262;-0,280532;1,495096;0,130453;16
7217;208;7;10;13;21;22;29;0;0;-1,101943;-0,9774;46;4;0;-0,682910;-0,104077;-0,951121;-0,465778;16
7218;119;7;8;15;22;25;46;0;0;-0,664522;-0,5400;46;4;0;0,124447;1,111292;-1,746714;-0,818068;16
7219;406;9;10;15;22;25;46;0;0;-0,118751;0,0058;46;4;0;0,743586;-0,846424;-0,218680;0,084017;16
7220;57;7;8;10;13;15;21;0;0;-2,575183;-2,4506;46;4;0;-0,656906;-2,214721;-1,833393;-0,445346;16
7221;150;7;9;10;15;25;46;0;0;0,870633;0,9952;46;4;0;-0,240845;-0,273721;1,088941;1,166891;16
7222;105;7;8;13;21;25;29;0;0;-0,883697;-0,7591;46;4;0;-0,134972;-0,653253;-1,291028;0,311860;16
7223;302;8;9;13;21;25;46;0;0;-0,517166;-0,3926;46;4;0;-0,642047;0,004272;0,571341;-0,967899;16
7224;314;8;9;15;22;25;29;0;0;-1,051793;-0,9272;46;4;0;-0,494692;0,329320;-0,952359;-0,985855;16
7225;58;7;8;10;13;15;22;0;0;-0,794231;-0,6697;46;4;0;-1,454357;0,078569;-1,068757;0,856083;16
7226;3;7;8;9;10;13;22;0;0;-0,270439;-0,1459;46;4;0;0,117636;-0,283008;0,645019;-1,020526;16
7227;219;7;10;15;21;22;46;0;0;-1,760087;-1,6355;46;4;0;0,066867;-1,232767;-1,248307;-1,105967;16
7228;209;7;10;13;21;22;46;0;0;0,646814;0,7714;46;4;0;-0,305854;2,223884;-0,631026;0,006625;16
7229;108;7;8;13;22;25;29;0;0;0,470050;0,5946;46;4;0;-0,081726;-0,434697;1,662883;-0,206359;16
7230;84;7;8;10;21;22;46;0;0;-0,243817;-0,1192;46;4;0;0,067486;-0,485467;-1,556638;1,486985;16
7231;389;9;10;13;21;22;25;0;0;-1,711485;-1,5869;46;4;0;-2,147173;1,193637;-1,139958;-1,329476;16
7232;349;8;10;15;22;25;29;0;0;-1,034148;-0,9096;46;4;0;0,105254;0,126242;-1,013035;-1,286756;16
7233;216;7;10;13;25;29;46;0;0;1,223851;1,3484;46;4;0;0,163453;0,340464;0,955207;0,988579;16
7234;140;7;9;10;13;25;46;0;0;-0,230505;-0,1059;46;4;0;-0,895894;1,173825;-0,754235;0,015293;16
7235;386;9;10;13;15;25;29;0;0;-0,406650;-0,2821;46;4;0;-1,168934;1,035138;-1,302792;0,623287;16
7236;262;8;9;10;13;22;25;0;0;0,341269;0,4658;46;4;0;0,245179;0,456243;-0,124571;0,105687;16
7237;409;9;10;21;22;25;29;0;0;0,444046;0,5686;46;4;0;-0,925612;0,253785;1,017740;0,542180;16
7238;303;8;9;13;21;29;46;0;0;0,499149;0,6237;46;4;0;-0,608613;0,438288;1,170667;-0,002043;16
7239;336;8;10;13;21;25;29;0;0;0,677152;0,8017;46;4;0;-1,545370;1,373807;0,768227;0,757640;16
7240;315;8;9;15;22;25;46;0;0;0,042845;0,1674;46;4;0;-0,391296;0,333035;0,823331;-0,679381;16
7241;271;8;9;10;15;21;46;0;0;-1,737489;-1,6129;46;4;0;-3,000965;0,477913;-0,146241;-0,805685;16
7242;289;8;9;13;15;21;25;0;0;0,457977;0,5825;46;4;0;-1,777547;2,930321;0,108845;-0,345665;16
7243;141;7;9;10;13;29;46;0;0;0,066372;0,1909;46;4;0;0,216079;0,230877;0,056218;-0,370431;16
7244;183;7;9;15;21;22;29;0;0;-1,389533;-1,2650;46;4;0;-0,692816;0,997990;-0,078135;-3,006104;16
7245;200;7;10;13;15;21;46;0;0;-0,374765;-0,2502;46;4;0;-0,458782;0,054422;0,487138;-0,832308;16
7246;66;7;8;10;13;22;25;0;0;-0,495497;-0,3709;46;4;0;-1,255613;-0,552953;0,536050;0,281522;16
7247;364;8;13;15;22;25;29;0;0;-0,568245;-0,4437;46;4;0;-0,126923;-1,174568;-0,645266;0,810267;16
7248;377;8;15;22;25;29;46;0;0;0,308765;0,4333;46;4;0;0,909515;-0,309631;1,176240;-1,158594;16
7249;45;7;8;9;15;25;46;0;0;1,314246;1,4388;46;4;0;-0,782591;0,989941;0,765132;1,656010;16
7250;186;7;9;15;21;25;46;0;0;-0,480947;-0,3564;46;4;0;-0,924993;-1,089746;-0,366654;1,419499;16
7251;156;7;9;10;21;25;46;0;0;1,358514;1,4831;46;4;0;1,147883;0,839490;0,058075;0,671580;16
7252;266;8;9;10;13;25;46;0;0;-1,139091;-1,0145;46;4;0;-1,009815;-0,880477;0,117513;-0,505403;16
7253;75;7;8;10;15;21;46;0;0;-0,482185;-0,3576;46;4;0;-0,496549;-0,268768;-0,761664;0,562611;16
7254;240;7;13;15;22;29;46;0;0;1,296910;1,4215;46;4;0;2,295147;0,178250;-0,447142;0,567564;16
7255;143;7;9;10;15;21;25;0;0;1,595025;1,7196;46;4;0;0,677338;1,424576;0,588677;0,499459;16
7256;71;7;8;10;13;29;46;0;0;-1,353623;-1,2291;46;4;0;-2,161413;-0,155466;-0,932547;0,542180;16
7257;220;7;10;15;21;25;29;0;0;1,866208;1,9908;46;4;0;0,815406;1,816491;1,288304;-0,187785;16
7258;360;8;13;15;21;22;46;0;0;-1,063866;-0,9393;46;4;0;-1,685915;-0,923817;0,278489;0,203511;16
7259;76;7;8;10;15;22;25;0;0;0,266663;0,3912;46;4;0;-0,114541;0,450052;-1,281122;1,478937;16
7260;300;8;9;13;21;22;46;0;0;0,561064;0,6856;46;4;0;-1,153455;1,079716;0,791755;0,404112;16
7261;430;9;15;21;22;25;46;0;0;0,525773;0,6503;46;4;0;0,469307;0,578214;-0,201344;0,205368;16
7262;263;8;9;10;13;22;29;0;0;0,012197;0,1368;46;4;0;-1,007339;1,773151;-0,143145;-0,598274;16
7263;137;7;9;10;13;22;29;0;0;0,090828;0,2154;46;4;0;-0,583848;0,236449;0,856764;-0,327710;16
7264;403;9;10;15;21;25;46;0;0;0,447142;0,5717;46;4;0;0,126304;0,005510;1,799712;-1,037243;16
7265;298;8;9;13;21;22;25;0;0;-0,781539;-0,6570;46;4;0;0,601184;-1,410460;-0,145002;-0,608799;16
7266;276;8;9;10;15;25;46;0;0;-1,494477;-1,3699;46;4;0;-1,213512;0,012321;0,381266;-2,169029;16
7267;55;7;8;9;22;29;46;0;0;-1,154570;-1,0300;46;4;0;-0,266849;-0,264434;-0,517724;-1,260133;16
7268;2;7;8;9;10;13;21;0;0;-1,387056;-1,2625;46;4;0;-0,452590;-0,183946;-1,209921;-0,927655;16
7269;124;7;8;21;22;29;46;0;0;-1,462592;-1,3380;46;4;0;-0,907038;-0,143083;-1,272454;-0,602608;16
7270;458;13;15;21;22;29;46;0;0;0,587996;0,7126;46;4;0;-0,268087;0,817820;0,537289;0,088970;16
7271;264;8;9;10;13;22;46;0;0;-1,561963;-1,4374;46;4;0;-1,076682;-0,630345;-0,545585;-0,871314;16
7272;244;7;13;21;22;29;46;0;0;-0,476303;-0,3517;46;4;0;-0,188837;-0,551714;-1,330653;1,118598;16
7273;4;7;8;9;10;13;25;0;0;-0,019998;0,1046;46;4;0;1,095876;-0,949821;0,569484;-0,755535;16
7274;333;8;10;13;21;22;25;0;0;0,995699;1,1203;46;4;0;-0,795593;1,629511;1,214626;-0,057146;16
7275;457;13;15;21;22;25;46;0;0;0,265115;0,3897;46;4;0;-0,187599;0,622792;-1,246450;1,341488;16
7276;277;8;9;10;15;29;46;0;0;1,527539;1,6521;46;4;0;-0,583229;1,714952;0,929822;0,993532;16
7277;172;7;9;13;21;22;25;0;0;0,627621;0,7522;46;4;0;-0,386343;0,695231;-0,136334;1,082688;16
7278;86;7;8;10;21;25;46;0;0;0,785501;0,9101;46;4;0;-1,266139;1,760149;-0,380894;1,457886;16
7279;110;7;8;13;22;29;46;0;0;-0,547814;-0,4232;46;4;0;-1,415970;-0,483609;-0,995699;1,799650;16
7280;91;7;8;10;25;29;46;0;0;0,218061;0,3426;46;4;0;0,233415;3,041147;-0,888588;-1,949853;16
7281;371;8;13;21;25;29;46;0;0;-0,440083;-0,3155;46;4;0;-0,164691;0,927408;-1,230352;-0,412532;16
7282;215;7;10;13;22;29;46;0;0;-0,094914;0,0297;46;4;0;-0,398106;1,062380;-1,029751;0,175650;16
7283;325;8;10;13;15;21;29;0;0;-0,013188;0,1114;46;4;0;-0,583848;-1,666164;0,884006;1,339630;16
7284;273;8;9;10;15;22;29;0;0;-0,137325;-0,0128;46;4;0;-0,263134;-0,273721;0,076649;0,185556;16
7285;370;8;13;21;22;29;46;0;0;-1,182431;-1,0579;46;4;0;-1,545989;1,423338;-2,183826;-0,058385;16
7286;47;7;8;9;21;22;25;0;0;-1,416156;-1,2916;46;4;0;-0,609232;-0,092314;-0,105997;-2,024769;16
7287;392;9;10;13;21;25;29;0;0;0,213107;0,3377;46;4;0;0,458782;0,606075;-0,633503;-0,005139;16
7288;450;10;15;21;22;25;29;0;0;-0,121536;0,0030;46;4;0;-1,414732;0,766432;-0,292976;0,698203;16
7289;407;9;10;15;22;29;46;0;0;-1,183979;-1,0594;46;4;0;-0,265610;0,169582;-2,469868;0,197939;16
7290;253;8;9;10;13;15;21;0;0;0,493268;0,6178;46;4;0;-1,079159;-0,285485;-0,448380;2,799559;16
7291;444;10;13;15;25;29;46;0;0;-0,071077;0,0535;46;4;0;-0,805499;0,003034;1,754515;-1,094204;16
7292;234;7;13;15;21;22;46;0;0;-0,271059;-0,1465;46;4;0;-2,183702;1,321799;0,900723;-0,580938;16
7293;69;7;8;10;13;25;29;0;0;-0,130514;-0,0059;46;4;0;-1,392443;0,461816;-0,041606;0,711205;16
7294;34;7;8;9;13;25;29;0;0;0,001363;0,1259;46;4;0;0,545461;0,854969;-0,886730;-0,510975;16
7295;441;10;13;15;22;25;29;0;0;-0,197381;-0,0728;46;4;0;-0,918802;2,285179;-1,037800;-0,723340;16
7296;48;7;8;9;21;22;29;0;0;0,037272;0,1618;46;4;0;-0,559701;1,344707;1,810857;-2,521318;16
7297;132;7;9;10;13;21;22;0;0;0,912425;1,0370;46;4;0;0,751634;-0,191995;0,563912;0,701298;16
7298;388;9;10;13;15;29;46;0;0;2,401453;2,5260;46;4;0;1,188127;1,126151;0,651210;1,837418;16
7299;15;7;8;9;10;21;46;0;0;-1,743680;-1,6191;46;4;0;-1,021579;-0,928151;-0,130762;-1,406869;16
7300;418;9;13;15;21;25;46;0;0;-1,928184;-1,8036;46;4;0;-0,212365;-0,346780;-1,278645;-2,018578;16
7301;378;8;21;22;25;29;46;0;0;1,159770;1,2843;46;4;0;-0,183884;2,772441;0,715600;-0,984616;16
7302;11;7;8;9;10;15;46;0;0;1,143673;1,2682;46;4;0;-1,181936;1,368854;1,054888;1,045539;16
7303;36;7;8;9;13;29;46;0;0;-1,450519;-1,3260;46;4;0;-0,651953;0,880972;-1,518871;-1,611185;16
7304;269;8;9;10;15;21;25;0;0;-1,323904;-1,1993;46;4;0;-0,985050;0,492153;-2,027184;-0,127728;16
7305;317;8;9;15;25;29;46;0;0;1,222304;1,3469;46;4;0;0,536174;-0,834661;1,437516;1,305578;16
7306;390;9;10;13;21;22;29;0;0;0,482742;0,6073;46;4;0;0,177693;0,233353;0,750272;-0,195834;16
7307;272;8;9;10;15;22;25;0;0;-1,527291;-1,4027;46;4;0;-1,246326;-1,469897;-0,439093;0,100734;16
7308;133;7;9;10;13;21;25;0;0;0,425162;0,5497;46;4;0;1,263043;1,215926;-1,208683;-0,419962;16
7309;330;8;10;13;15;25;29;0;0;-0,799803;-0,6752;46;4;0;-1,543513;0,691516;-1,270596;0,522986;16
7310;26;7;8;9;13;15;46;0;0;-0,013188;0,1114;46;4;0;-1,202367;1,103862;-0,242207;0,314337;16
7311;308;8;9;15;21;22;25;0;0;-0,793302;-0,6687;46;4;0;-1,297715;-1,357833;0,277250;0,791693;16
7312;250;7;15;21;25;29;46;0;0;1,739594;1,8642;46;4;0;-0,885987;1,641275;2,038700;0,685201;16
7313;440;10;13;15;21;29;46;0;0;-0,063957;0,0606;46;4;0;-1,208559;0,237068;-0,044702;0,888278;16
7314;292;8;9;13;15;22;25;0;0;0,372845;0,4974;46;4;0;0,234034;0,826488;-0,330744;0,015912;16
7315;436;10;13;15;21;22;29;0;0;0,268211;0,3928;46;4;0;1,199272;-0,771509;1,087703;-0,979044;16
7316;29;7;8;9;13;21;29;0;0;0,061728;0,1863;46;4;0;-1,089684;1,864784;0,872862;-1,524505;16
7317;337;8;10;13;21;25;46;0;0;0,123333;0,2479;46;4;0;-0,359720;0,261834;0,580009;-0,235458;16
7318;96;7;8;13;15;22;25;0;0;0,553014;0,6776;46;4;0;-0,464973;1,557691;-0,817387;0,830698;16
7319;23;7;8;9;13;15;22;0;0;1,683871;1,8084;46;4;0;0,923755;0,941648;0,378170;1,124170;16
7320;411;9;10;21;22;29;46;0;0;-0,997928;-0,8734;46;4;0;-0,629664;-0,988826;-1,065042;0,687677;16
7321;353;8;10;21;22;25;29;0;0;0,896637;1,0212;46;4;0;0,312665;0,308269;0,466088;0,706251;16
7322;285;8;9;10;22;25;46;0;0;-0,099248;0,0253;46;4;0;-1,411636;0,511347;0,747177;-0,045383;16
7323;89;7;8;10;22;25;46;0;0;-0,516857;-0,3923;46;4;0;-2,150888;1,624558;-0,217442;-0,289943;16
7324;343;8;10;15;21;22;25;0;0;1,570569;1,6951;46;4;0;-0,219794;2,561315;0,592392;0,207226;16
7325;113;7;8;15;21;22;29;0;0;0,744329;0,8689;46;4;0;-1,019721;2,660996;-0,556729;0,404112;16
7326;203;7;10;13;15;22;46;0;0;0,397921;0,5225;46;4;0;-1,129309;0,092809;0,079745;1,752596;16
7327;62;7;8;10;13;21;22;0;0;0,059561;0,1841;46;4;0;-0,373341;0,309507;-0,213108;0,396063;16
7328;374;8;15;21;22;25;46;0;0;0,045630;0,1702;46;4;0;0,816644;1,188684;0,180046;-2,094113;16
7329;51;7;8;9;21;25;46;0;0;-0,400149;-0,2756;46;4;0;-2,173796;1,256170;0,606013;-0,488686;16
7330;281;8;9;10;21;25;29;0;0;-0,281275;-0,1567;46;4;0;-0,621615;0,858064;-0,188342;-0,610656;16
7331;306;8;9;13;22;29;46;0;0;0,044392;0,1690;46;4;0;-1,500792;0,305173;-0,112807;1,397210;16
7332;157;7;9;10;21;29;46;0;0;-0,791135;-0,6666;46;4;0;-1,931713;0,115098;-0,970314;1,204658;16
7333;335;8;10;13;21;22;46;0;0;0,419900;0,5445;46;4;0;0,384485;0,872304;0,287157;-0,704146;16
7334;147;7;9;10;15;22;29;0;0;0,544966;0,6695;46;4;0;-1,286570;1,191161;0,619634;0,565707;16
7335;90;7;8;10;22;29;46;0;0;0,040368;0,1649;46;4;0;-1,391205;1,759530;-0,387085;0,099496;16
7336;12;7;8;9;10;21;22;0;0;-2,082659;-1,9581;46;4;0;-1,407302;-1,087269;-0,718325;-0,952421;16
7337;267;8;9;10;13;29;46;0;0;0,495435;0,6200;46;4;0;2,521133;0,399283;0,197381;-2,126927;16
7338;402;9;10;15;21;25;29;0;0;0,039129;0,1637;46;4;0;-0,930565;0,572641;-0,408136;0,844319;16
7339;180;7;9;13;22;29;46;0;0;1,575336;0,2840;47;4;0;-0,681053;2,301896;0,840109;0,689720;16
7340;286;8;9;10;22;29;46;0;0;1,853020;0,5617;47;4;0;0,590658;1,187446;1,080335;0,847601;16
7341;459;13;15;21;25;29;46;0;0;1,616199;0,3248;47;4;0;-1,291523;2,433153;1,669755;0,421014;16
7342;366;8;13;15;22;29;46;0;0;0,319104;-0,9723;47;4;0;-0,947282;0,739190;0,837014;0,009287;16
7343;131;7;9;10;13;15;46;0;0;2,163208;0,8719;47;4;0;0,361577;1,822682;0,687801;1,454357;16
7344;116;7;8;15;21;25;46;0;0;0,021298;-1,2701;47;4;0;1,368916;1,311893;-2,124946;-0,513266;16
7345;230;7;10;21;25;29;46;0;0;2,042477;0,7511;47;4;0;-0,265610;2,490114;1,293938;0,566512;16
7346;97;7;8;13;15;22;29;0;0;0,715972;-0,5754;47;4;0;0,499645;0,681610;0,238926;0,011764;16
7347;114;7;8;15;21;22;46;0;0;2,425723;1,1344;47;4;0;1,821506;0,879734;-0,172182;2,322389;16
7348;228;7;10;21;22;25;46;0;0;-1,027213;-2,3186;47;4;0;-1,064299;-0,083026;-0,452033;-0,455067;16
7349;294;8;9;13;15;22;46;0;0;1,508779;0,2174;47;4;0;-1,141073;1,931651;1,059903;1,167076;16
7350;74;7;8;10;15;21;29;0;0;1,537878;0,2465;47;4;0;1,070491;2,642422;-0,500945;-0,136211;16
7351;198;7;10;13;15;21;25;0;0;1,483084;0,1917;47;4;0;1,222180;2,863454;-0,931866;-0,187599;16
7352;309;8;9;15;21;22;29;0;0;2,250507;0,9591;47;4;0;0,709533;1,859831;-0,239669;2,171319;16
7353;187;7;9;15;21;29;46;0;0;1,802251;0,5109;47;4;0;0,760921;1,660468;0,527444;0,655668;16
7354;142;7;9;10;15;21;22;0;0;1,505992;0,2146;47;4;0;-0,791259;-0,159800;1,898217;2,064827;16
7355;275;8;9;10;15;25;29;0;0;1,465440;0,1741;47;4;0;1,304525;-0,055784;1,442531;0,239607;16
7356;178;7;9;13;22;25;29;0;0;1,430768;0,1394;47;4;0;0,139925;1,412813;0,435812;0,872986;16
7357;59;7;8;10;13;15;25;0;0;0,398663;-0,8927;47;4;0;1,120641;1,141011;-1,240197;-0,224128;16
7358;155;7;9;10;21;25;29;0;0;0,059066;-1,2323;47;4;0;-0,569608;0,661797;-0,648919;0,674861;16
7359;446;10;13;21;22;25;46;0;0;0,281027;-1,0103;47;4;0;0,119494;0,209826;-0,448937;0,681672;16
7360;258;8;9;10;13;21;22;0;0;2,356070;1,0647;47;4;0;1,182555;2,316755;0,887783;0,325048;16
7361;408;9;10;15;25;29;46;0;0;1,380927;0,0896;47;4;0;-1,071729;2,821353;0,482247;0,529983;16
7362;88;7;8;10;22;25;29;0;0;1,336349;0,0450;47;4;0;-0,910134;1,066095;0,372040;2,144696;16
7363;159;7;9;10;22;25;46;0;0;0,697398;-0,5940;47;4;0;-0,394391;0,240164;0,272359;1,276664;16
7364;101;7;8;13;15;29;46;0;0;3,041766;1,7504;47;4;0;0,520696;2,396005;2,028236;1,138596;16
7365;41;7;8;9;15;22;25;0;0;1,666969;0,3756;47;4;0;0,253847;2,334091;-0,120175;0,866175;16
7366;461;13;21;22;25;29;46;0;0;1,920197;0,6288;47;4;0;-0,443922;0,658702;3,115444;0,510170;16
7367;49;7;8;9;21;22;46;0;0;1,731359;0,4400;47;4;0;0,459401;1,449342;0,007987;1,545989;16
7368;246;7;13;22;25;29;46;0;0;-0,029780;-1,3211;47;4;0;0,719439;-0,100982;0,457482;-1,135500;16
7369;61;7;8;10;13;15;46;0;0;1,977776;0,6864;47;4;0;2,472221;1,220260;-0,333159;0,596231;16
7370;373;8;15;21;22;25;29;0;0;1,052474;-0,2389;47;4;0;-0,275517;0,952793;0,604837;0,822835;16
7371;324;8;10;13;15;21;25;0;0;-0,150203;-1,4416;47;4;0;-1,082254;-0,828469;1,441912;0,168406;16
7372;196;7;9;22;25;29;46;0;0;0,447266;-0,8441;47;4;0;-0,009287;1,137296;-0,655730;0,422253;16
7373;144;7;9;10;15;21;29;0;0;2,053931;0,7626;47;4;0;0,462497;2,321708;0,677895;0,645762;16
7374;42;7;8;9;15;22;29;0;0;0,560877;-0,7305;47;4;0;-1,525558;1,059284;1,836303;-0,248275;16
7375;117;7;8;15;21;29;46;0;0;0,086618;-1,2047;47;4;0;0,251370;0,381328;0,568307;-1,027770;16
7376;242;7;13;21;22;25;29;0;0;0,740738;-0,5506;47;4;0;0,401202;2,078387;-1,318208;0,320095;16
7377;27;7;8;9;13;21;22;0;0;1,771603;0,4802;47;4;0;0,485405;2,097580;-0,165991;1,126213;16
7378;290;8;9;13;15;21;29;0;0;1,146583;-0,1448;47;4;0;-1,986816;1,271649;0,718758;2,289575;16
7379;227;7;10;21;22;25;29;0;0;1,843733;0,5524;47;4;0;0,670527;-0,206854;1,719286;1,504507;16
7380;166;7;9;13;15;22;25;0;0;0,715663;-0,5757;47;4;0;0,481071;0,783768;0,332416;-0,165929;16
7381;37;7;8;9;15;21;22;0;0;1,151845;-0,1395;47;4;0;1,924283;-0,654491;-0,047736;1,081635;16
7382;381;9;10;13;15;21;29;0;0;1,389285;0,0979;47;4;0;-0,375817;1,587410;0,843205;0,723773;16
7383;422;9;13;15;22;29;46;0;0;2,377431;1,0861;47;4;0;0,349194;2,610846;0,793055;1,001766;16
7384;226;7;10;15;25;29;46;0;0;1,910601;0,6192;47;4;0;1,285951;1,667898;2,172496;-1,305144;16
7385;279;8;9;10;21;22;29;0;0;1,688639;0,3973;47;4;0;0,500883;1,963227;0,328701;0,584467;16
7386;214;7;10;13;22;25;46;0;0;1,006657;-0,2847;47;4;0;-0,849458;1,330467;0,688420;0,843886;16
7387;247;7;15;21;22;25;29;0;0;1,339754;0,0484;47;4;0;-0,334954;2,540883;1,232643;-0,759064;16
7388;384;9;10;13;15;22;29;0;0;1,385261;0,0939;47;4;0;1,520605;-0,652015;1,758911;0,143021;16
7389;252;7;21;22;25;29;46;0;0;0,039873;-1,2515;47;4;0;-0,843886;2,127299;-0,424791;-0,778876;16
7390;153;7;9;10;21;22;29;0;0;2,133799;0,8424;47;4;0;-0,086060;2,353903;-0,104077;2,103833;16
7391;39;7;8;9;15;21;29;0;0;1,423028;0,1317;47;4;0;0,593135;0,458101;0,675418;1,119403;16
7392;341;8;10;13;22;29;46;0;0;2,110273;0,8189;47;4;0;0,706437;1,134200;1,506922;0,872986;16
7393;400;6;11;14;17;24;32;0;0;0,384919;0,2610;48;4;0;0,429063;-0,530478;0,902457;-0,031205;17
7394;101;4;5;12;14;32;44;0;0;1,947934;1,8240;48;4;0;1,198033;1,335606;0,319847;1,042382;17
7395;79;4;5;11;14;28;32;0;0;0,077826;-0,0461;48;4;0;-0,435254;0,739995;0,500636;-0,649724;17
7396;326;5;11;12;14;17;44;0;0;0,385538;0,2616;48;4;0;-0,614805;1,235305;0,050522;0,100053;17
7397;127;4;6;11;12;14;17;0;0;-0,028047;-0,1519;48;4;0;-0,014859;0,012507;-0,514752;0,461011;17
7398;228;4;11;17;24;28;44;0;0;-0,524286;-0,6482;48;4;0;0,050769;-1,838718;0,350185;0,389191;17
7399;366;5;12;14;24;32;44;0;0;0,406588;0,2827;48;4;0;0,528744;-0,341641;0,301273;0,324800;17
7400;56;4;5;6;28;32;44;0;0;0,171316;0,0474;48;4;0;0,473022;0,415566;-1,276292;0,730336;17
7401;246;4;12;24;28;32;44;0;0;-1,240940;-1,3648;48;4;0;0,384485;-2,444236;0,191066;-0,613195;17
7402;426;6;12;17;24;32;44;0;0;0,153671;0,0298;48;4;0;0,126304;0,005077;-0,418785;0,594745;17
7403;453;11;14;17;28;32;44;0;0;-0,067362;-0,1913;48;4;0;-0,430921;0,661364;0,384857;-0,750025;17
7404;235;4;12;14;17;28;32;0;0;-0,165805;-0,2897;48;4;0;-0,244560;-0,358357;0,358234;-0,086927;17
7405;434;6;17;24;28;32;44;0;0;-0,557101;-0,6810;48;4;0;-0,999909;0,050274;-1,381546;1,216979;17
7406;23;4;5;6;12;14;24;0;0;0,032009;-0,0919;48;4;0;-0,806738;-0,308207;1,192213;-0,013250;17
7407;67;4;5;11;12;24;32;0;0;0,659816;0,5359;48;4;0;-0,091633;0,705942;-0,569855;1,275178;17
7408;391;6;11;12;17;24;44;0;0;0,343746;0,2199;48;4;0;-0,212365;-0,498902;0,927841;0,470917;17
7409;408;6;11;14;28;32;44;0;0;-0,911248;-1,0351;48;4;0;-0,887226;-0,041978;-1,271339;0,378046;17
7410;275;5;6;11;14;28;32;0;0;0,950811;0,8269;48;4;0;1,349103;1,048945;0,174349;-0,670775;17
7411;310;5;6;14;17;24;44;0;0;-0,383742;-0,5076;48;4;0;0,260038;-0,754606;-0,196515;-0,076402;17
7412;311;5;6;14;17;28;32;0;0;-1,425752;-1,5496;48;4;0;0,225986;-2,351984;-1,593291;0,867785;17
7413;14;4;5;6;11;17;32;0;0;-0,486829;-0,6107;48;4;0;-0,578895;0,000743;-0,256571;-0,138935;17
7414;330;5;11;12;14;28;32;0;0;-0,034548;-0,1584;48;4;0;0,398725;-0,875338;-0,455934;0,863451;17
7415;70;4;5;11;12;28;44;0;0;0,747115;0,6232;48;4;0;0,352909;1,253880;-0,215089;0,102529;17
7416;314;5;6;14;24;28;32;0;0;-1,313379;-1,4373;48;4;0;-0,928089;-0,885864;0,763150;-1,575956;17
7417;457;12;14;17;24;28;44;0;0;-0,962947;-1,0868;48;4;0;0,396868;-0,282823;-1,816181;-0,223757;17
7418;225;4;11;14;24;32;44;0;0;1,584500;1,4606;48;4;0;0,405536;2,155346;0,729717;-0,121599;17
7419;229;4;11;17;24;32;44;0;0;0,495745;0,3719;48;4;0;0,611709;-0,447513;0,883882;-0,056589;17
7420;341;5;11;12;24;32;44;0;0;-0,596726;-0,7206;48;4;0;1,532987;-0,518714;-0,854659;-1,353066;17
7421;348;5;11;14;17;32;44;0;0;-0,097700;-0,2216;48;4;0;-1,135500;-0,621491;0,584838;0,976753;17
7422;297;5;6;12;14;32;44;0;0;1,285146;1,1613;48;4;0;-0,785687;1,956602;0,784820;0,614557;17
7423;205;4;11;12;14;28;44;0;0;0,751758;0,6279;48;4;0;0,242702;-0,471660;1,142063;0,590411;17
7424;166;4;6;12;14;24;28;0;0;2,047306;1,9234;48;4;0;1,167076;-0,305731;-0,350061;3,583327;17
7425;217;4;11;14;17;24;28;0;0;0,497912;0,3740;48;4;0;-0,078631;0,084327;1,764917;-0,774790;17
7426;312;5;6;14;17;28;44;0;0;-0,461444;-0,5853;48;4;0;-1,051297;-1,000404;1,501164;-0,372350;17
7427;103;4;5;12;17;24;32;0;0;-0,645328;-0,7692;48;4;0;0,833361;0,027366;-0,194038;-1,957345;17
7428;456;12;14;17;24;28;32;0;0;-2,931807;-3,0557;48;4;0;-3,285150;-1,531006;-1,160514;0,113055;17
7429;460;12;14;24;28;32;44;0;0;1,277716;1,1538;48;4;0;0,754111;2,286603;-0,213231;-0,272050;17
7430;413;6;11;24;28;32;44;0;0;1,740523;1,6166;48;4;0;2,397924;-0,493330;0,091385;1,485066;17
7431;81;4;5;11;14;32;44;0;0;0,390181;0,2663;48;4;0;0,269325;0,774047;-0,097452;-0,165558;17
7432;112;4;5;14;17;24;28;0;0;-0,985855;-1,1097;48;4;0;-0,797451;0,149955;0,655420;-1,979634;17
7433;163;4;6;12;14;17;28;0;0;0,352414;0,2285;48;4;0;-1,092161;0,182151;0,092623;1,522214;17
7434;110;4;5;12;24;32;44;0;0;-0,808781;-0,9327;48;4;0;0,505836;-1,205958;-0,868280;-0,049160;17
7435;440;11;12;14;17;32;44;0;0;-0,823330;-0,9472;48;4;0;0,944186;-1,335977;-0,015726;-1,239144;17
7436;360;5;12;14;17;24;44;0;0;-0,378789;-0,5027;48;4;0;0,056961;0,526392;-0,959913;-0,381018;17
7437;75;4;5;11;14;17;44;0;0;0,104758;-0,0191;48;4;0;-0,279232;0,296691;0,336564;-0,144507;17
7438;267;5;6;11;12;32;44;0;0;-0,646256;-0,7702;48;4;0;-1,222799;0,316504;0,237502;-0,623720;17
7439;47;4;5;6;17;24;28;0;0;-0,116893;-0,2408;48;4;0;-0,201220;0,066991;-1,480608;1,381051;17
7440;432;6;14;17;28;32;44;0;0;0,157075;0,0332;48;4;0;1,164600;1,131290;-1,156799;-0,824940;17
7441;445;11;12;17;24;28;32;0;0;-0,345665;-0,4696;48;4;0;-1,383775;0,048417;0,339040;0,304988;17
7442;162;4;6;12;14;17;24;0;0;1,240258;1,1164;48;4;0;0,629664;1,110239;0,589172;0,151441;17
7443;455;11;17;24;28;32;44;0;0;-0,806305;-0,9302;48;4;0;0,424110;-0,863575;-0,331487;-0,841657;17
7444;308;5;6;14;17;24;28;0;0;-0,404483;-0,5284;48;4;0;-0,021670;-1,220198;0,735289;-0,302387;17
7445;429;6;14;17;24;28;32;0;0;-0,946849;-1,0707;48;4;0;-1,630192;0,635979;-0,844753;-0,054732;17
7446;305;5;6;12;24;28;44;0;0;-1,852339;-1,9762;48;4;0;-0,524410;-2,563110;0,939605;-1,556762;17
7447;119;4;5;14;24;28;44;0;0;0,069467;-0,0544;48;4;0;-0,107111;1,114573;-0,397116;-0,471412;17
7448;170;4;6;12;14;28;44;0;0;1,340250;1,2164;48;4;0;0,719439;2,092813;-0,494939;0,363187;17
7449;415;6;12;14;17;24;32;0;0;0,292357;0,1685;48;4;0;-1,180078;0,590782;-0,205802;1,379812;17
7450;405;6;11;14;24;28;32;0;0;1,165652;1,0418;48;4;0;-0,424110;0,165434;0,911124;1,678856;17
7451;206;4;11;12;14;32;44;0;0;-0,028976;-0,1529;48;4;0;1,775071;-0,418414;-2,201905;0,787297;17
7452;43;4;5;6;14;24;44;0;0;-0,378789;-0,5027;48;4;0;-0,074297;0,548062;0,217070;-1,448413;17
7453;249;4;14;17;24;32;44;0;0;1,300315;1,1764;48;4;0;0,637713;0,266973;0,797203;0,898742;17
7454;451;11;14;17;24;28;44;0;0;-1,889487;-2,0134;48;4;0;-1,009196;-2,076467;0,974277;-1,667588;17
7455;243;4;12;17;24;28;44;0;0;1,453862;1,3300;48;4;0;1,088446;-0,036405;0,939605;0,916078;17
7456;96;4;5;12;14;24;28;0;0;-0,140730;-0,2646;48;4;0;-1,545370;-0,536050;-0,088784;1,888744;17
7457;417;6;12;14;17;28;32;0;0;1,760645;1,6368;48;4;0;2,708112;1,936790;-0,341393;-0,782220;17
7458;239;4;12;14;24;28;44;0;0;-1,582704;-1,7066;48;4;0;-0,390057;-1,389223;-1,636631;0,250504;17
7459;33;4;5;6;12;24;44;0;0;0,320218;0,1963;48;4;0;-0,684148;1,632793;0,298796;-0,607004;17
7460;241;4;12;14;28;32;44;0;0;0,312789;0,1889;48;4;0;0,513266;-0,004210;0,810824;-0,694302;17
7461;384;6;11;12;14;24;32;0;0;0,886112;0,7622;48;4;0;0,533078;-0,188713;1,073339;0,354519;17
7462;63;4;5;11;12;17;28;0;0;1,235305;1,1114;48;4;0;-0,857507;0,996937;-0,075783;2,406963;17
7463;407;6;11;14;24;32;44;0;0;-0,263010;-0,3869;48;4;0;0,135591;-1,459186;0,443675;0,353900;17
7464;73;4;5;11;14;17;28;0;0;-0,403245;-0,5271;48;4;0;-0,177693;-2,327838;1,683810;0,015231;17
7465;442;11;12;14;24;28;44;0;0;-1,434420;-1,5583;48;4;0;-1,339197;0,418662;-0,966104;-0,982202;17
7466;328;5;11;12;14;24;32;0;0;-0,003591;-0,1275;48;4;0;-1,518128;0,423615;0,506208;0,581124;17
7467;71;4;5;11;12;32;44;0;0;1,221375;1,0975;48;4;0;-0,512028;3,100151;-0,080117;-0,065257;17
7468;181;4;6;12;28;32;44;0;0;0,505960;0,3821;48;4;0;0,554748;-0,436988;-0,191562;1,085722;17
7469;38;4;5;6;14;17;28;0;0;-1,075011;-1,1989;48;4;0;0,226605;-2,623167;-0,434264;0,680805;17
7470;427;6;12;17;28;32;44;0;0;-0,363310;-0,4872;48;4;0;0,256323;-1,183669;-1,023684;1,224409;17
7471;238;4;12;14;24;28;32;0;0;0,147170;0,0233;48;4;0;-0,734298;1,508346;-0,745071;0,265363;17
7472;290;5;6;12;14;17;32;0;0;0,155527;0,0316;48;4;0;0,318237;1,056374;-0,862089;-0,201468;17
7473;322;5;6;24;28;32;44;0;0;-1,172524;-1,2964;48;4;0;-0,829646;0,508437;-1,423028;-0,600812;17
7474;118;4;5;14;24;28;32;0;0;0,132000;0,0081;48;4;0;-0,113922;0,219918;0,562549;-0,404545;17
7475;64;4;5;11;12;17;32;0;0;0,920164;0,7963;48;4;0;1,233943;-0,480947;0,285175;0,802156;17
7476;152;4;6;11;17;24;28;0;0;-0,549981;-0,6739;48;4;0;-0,500883;-0,722411;-1,303535;1,426867;17
7477;174;4;6;12;17;24;44;0;0;1,092904;0,9690;48;4;0;1,277283;1,734950;-0,771075;-0,055351;17
7478;245;4;12;17;28;32;44;0;0;0,462001;0,3381;48;4;0;0,937995;0,140049;0,216451;-0,370493;17
7479;131;4;6;11;12;14;44;0;0;-0,443179;-0,5671;48;4;0;-1,521843;0,128905;-0,232425;0,739004;17
7480;441;11;12;14;24;28;32;0;0;1,703993;1,5801;48;4;0;0,619139;2,071143;0,106244;0,611461;17
7481;386;6;11;12;14;28;32;0;0;0,275331;0,1514;48;4;0;-0,820359;0,874967;0,235644;0,260410;17
7482;439;11;12;14;17;28;44;0;0;0,127976;0,0041;48;4;0;0,991241;1,621648;-1,027399;-1,329538;17
7483;362;5;12;14;17;28;44;0;0;0,660126;0,5362;48;4;0;1,324338;0,370369;-0,003962;-0,370493;17
7484;204;4;11;12;14;28;32;0;0;1,337773;1,2139;48;4;0;0,906419;-0,676595;0,739004;1,706718;17
7485;52;4;5;6;17;32;44;0;0;-0,134539;-0,2584;48;4;0;-0,733679;-0,449371;-0,597716;1,511689;17
7486;223;4;11;14;24;28;32;0;0;0,298239;0,1743;48;4;0;0,771447;0,084327;0,459772;-0,719068;17
7487;5;4;5;6;11;12;32;0;0;-0,584653;-0,7085;48;4;0;-1,407302;0,665698;-0,664583;0,236882;17
7488;247;4;14;17;24;28;32;0;0;-0,814662;-0,9386;48;4;0;-0,024146;-1,040648;-0,815653;0,251123;17
7489;86;4;5;11;17;28;44;0;0;1,850110;1,7262;48;4;0;-1,526796;2,492776;2,095537;0,638703;17
7490;214;4;11;12;24;28;44;0;0;-0,483733;-0,6076;48;4;0;-0,822216;0,190199;-0,072687;-0,262762;17
7491;349;5;11;14;24;28;32;0;0;0,572827;0,4489;48;4;0;-0,143640;-0,583105;0,585458;1,286942;17
7492;412;6;11;17;28;32;44;0;0;1,035324;0,9114;48;4;0;1,081016;1,304649;0,385476;-0,700493;17
7493;410;6;11;17;24;28;44;0;0;1,064423;0,9405;48;4;0;0,131877;1,428477;-0,059066;0,627559;17
7494;215;4;11;12;24;32;44;0;0;-1,234749;-1,3586;48;4;0;1,091542;-1,301306;-0,701732;-1,558001;17
7495;379;6;11;12;14;17;24;0;0;2,126245;2,0024;48;4;0;0,878558;0,387085;1,353189;1,633659;17
7496;257;5;6;11;12;14;44;0;0;-2,067180;-2,1911;48;4;0;-1,259328;-1,511194;-0,865184;-0,498654;17
7497;40;4;5;6;14;17;44;0;0;-0,087794;-0,2117;48;4;0;-2,035728;-0,319971;0,153918;2,026193;17
7498;99;4;5;12;14;28;32;0;0;-0,114727;-0,2386;48;4;0;-0,514504;0,042844;0,413337;-0,171130;17
7499;281;5;6;11;17;28;32;0;0;0,561682;0,4378;48;4;0;0,253847;1,619791;-1,152465;0,402192;17
7500;236;4;12;14;17;28;44;0;0;-0,260843;-0,3847;48;4;0;-0,788783;-1,077797;-0,304245;1,649138;17
7501;414;6;12;14;17;24;28;0;0;-0,683405;-0,8073;48;4;0;-1,315050;0,393277;0,014612;-0,459649;17
7502;169;4;6;12;14;28;32;0;0;0,168839;0,0449;48;4;0;0,009906;-0,253723;0,757578;-0,176083;17
7503;176;4;6;12;17;28;44;0;0;-1,409345;-1,5332;48;4;0;-2,607193;-2,046749;1,890602;-0,055351;17
7504;303;5;6;12;17;32;44;0;0;-1,088941;-1,2128;48;4;0;-1,501411;-0,210383;-0,339536;-0,126552;17
7505;380;6;11;12;14;17;28;0;0;0,837819;0,7139;48;4;0;1,975672;-0,487757;-0,277622;0,465345;17
7506;66;4;5;11;12;24;28;0;0;-1,215864;-1,3398;48;4;0;-1,300810;-0,402935;-0,640437;-0,087546;17
7507;7;4;5;6;11;14;17;0;0;0,527940;0,4040;48;4;0;-0,437731;0,934404;0,393525;0,165682;17
7508;172;4;6;12;17;24;28;0;0;0,856702;0,7328;48;4;0;1,181936;1,037181;-0,993965;0,488253;17
7509;10;4;5;6;11;14;32;0;0;1,822558;1,6987;48;4;0;0,414823;0,336935;0,424481;2,468877;17
7510;288;5;6;12;14;17;24;0;0;-0,046621;-0,1705;48;4;0;-0,916944;-1,344645;0,106863;2,061484;17
7511;54;4;5;6;24;28;44;0;0;-0,244127;-0,3680;48;4;0;1,573851;-0,688978;0,789154;-2,162280;17
7512;145;4;6;11;14;17;44;0;0;0,701608;0,5777;48;4;0;-0,191933;1,573974;-1,788320;1,809495;17
7513;359;5;12;14;17;24;32;0;0;-0,401387;-0,5253;48;4;0;0,378294;-1,987311;0,430054;0,376189;17
7514;450;11;14;17;24;28;32;0;0;0,954526;0,8306;48;4;0;-0,418538;2,913171;-0,798317;0,212736;17
7515;135;4;6;11;12;17;44;0;0;0,709966;0,5861;48;4;0;-0,659383;0,618643;1,090675;0,369997;17
7516;342;5;11;12;28;32;44;0;0;0,786739;0,6628;48;4;0;0,052008;1,226638;-0,763646;1,058479;17
7517;134;4;6;11;12;17;32;0;0;-0,566079;-0,6900;48;4;0;-0,676719;-0,250627;-1,455224;1,250412;17
7518;198;4;11;12;14;17;28;0;0;1,852897;1,7290;48;4;0;-0,343622;0,776524;0,775533;2,497358;17
7519;180;4;6;12;24;32;44;0;0;1,078354;0,9545;48;4;0;-0,529983;2,040805;-0,166796;0,812681;17
7520;254;5;6;11;12;14;24;0;0;-0,021546;-0,1454;48;4;0;-1,066776;-0,252485;1,323471;-0,047302;17
7521;227;4;11;17;24;28;32;0;0;-0,024642;-0,1485;48;4;0;0,131877;-0,215956;-0,171749;0,206545;17
7522;25;4;5;6;12;14;32;0;0;1,039348;0,9155;48;4;0;0,582609;-0,649972;-0,041111;2,187169;17
7523;188;4;6;14;24;28;32;0;0;-0,965423;-1,0893;48;4;0;-2,088974;0,831008;-0,616910;-0,055970;17
7524;369;5;12;17;24;28;44;0;0;0,093304;-0,0306;48;4;0;-0,063771;0,504103;-0,082593;-0,171130;17
7525;368;5;12;17;24;28;32;0;0;0,399468;0,2756;48;4;0;0,052627;0,567874;1,277035;-1,098600;17
7526;224;4;11;14;24;28;44;0;0;-0,318423;-0,4423;48;4;0;0,729964;0,083088;-0,020679;-1,429220;17
7527;22;4;5;6;12;14;17;0;0;0,044702;-0,0792;48;4;0;-0,051389;0,107235;-0,955579;0,989136;17
7528;424;6;12;17;24;28;32;0;0;0,117451;-0,0064;48;4;0;-0,298425;1,131290;-0,085070;-0,512894;17
7529;97;4;5;12;14;24;32;0;0;0,690773;0,5669;48;4;0;0,872986;0,027985;-0,151937;0,632512;17
7530;186;4;6;14;17;28;44;0;0;-1,277469;-1,4014;48;4;0;-1,438259;-0,846858;-0,338917;0,069096;17
7531;95;4;5;12;14;17;44;0;0;0,364796;0,2409;48;4;0;-0,744205;0,644647;-0,170511;0,999661;17
7532;193;4;6;17;24;28;44;0;0;-0,756463;-0,8804;48;4;0;-0,814167;-1,568154;-0,824321;1,693716;17
7533;357;5;11;24;28;32;44;0;0;1,925336;1,8014;48;4;0;1,152217;1,671179;-0,418785;1,446060;17
7534;51;4;5;6;17;28;44;0;0;0,393587;0,2697;48;4;0;1,509460;-0,796708;-1,137605;1,212026;17
7535;28;4;5;6;12;17;28;0;0;1,726902;1,6030;48;4;0;0,822835;2,302081;-0,301149;0,630036;17
7536;458;12;14;17;24;32;44;0;0;0,267282;0,1434;48;4;0;-1,498935;-0,016593;0,443675;1,606417;17
7537;16;4;5;6;11;24;28;0;0;0,108163;-0,0157;48;4;0;-1,320004;0,565397;1,181069;-0,210136;17
7538;345;5;11;14;17;24;44;0;0;0,845248;0,7214;48;4;0;1,118784;-0,407889;0,860355;0,119246;17
7539;159;4;6;11;24;28;44;0;0;0,942763;0,8189;48;4;0;0,253228;-0,224004;0,078383;1,777919;17
7540;197;4;11;12;14;17;24;0;0;-0,991736;-1,1156;48;4;0;1,210416;-0,881530;-0,967342;-1,345017;17
7541;1;4;5;6;11;12;14;0;0;1,231900;1,1080;48;4;0;3,306201;-0,805376;-0,746310;0,709285;17
7542;27;4;5;6;12;17;24;0;0;-0,697645;-0,8215;48;4;0;-0,869890;-0,176950;0,813301;-1,161752;17
7543;452;11;14;17;24;32;44;0;0;0,762283;0,6384;48;4;0;1,664864;-0,695788;-0,489367;1,044858;17
7544;124;4;5;17;24;32;44;0;0;-1,236605;-1,3605;48;4;0;0,178931;-2,119807;0,961275;-1,493610;17
7545;265;5;6;11;12;28;32;0;0;-2,126308;-2,2502;48;4;0;-1,918711;-0,093985;-0,145745;-2,094175;17
7546;454;11;14;24;28;32;44;0;0;0,979291;0,8554;48;4;0;0,897132;-0,317494;0,379903;0,999042;17
7547;433;6;14;24;28;32;44;0;0;0,916758;0,7929;48;4;0;0,583229;1,953506;-0,818749;0,115531;17
7548;184;4;6;14;17;24;44;0;0;-0,935704;-1,0596;48;4;0;0,594992;-1,633783;-0,779743;-0,052874;17
7549;116;4;5;14;17;28;44;0;0;0,539393;0,4155;48;4;0;-1,876609;1,432811;0,924126;0,598459;17
7550;321;5;6;17;28;32;44;0;0;1,468101;1,3442;48;4;0;1,394919;-0,158376;0,668422;1,031237;17
7551;420;6;12;14;24;28;32;0;0;0,539394;0,4155;48;4;0;-1,169553;1,370278;0,157014;0,721049;17
7552;133;4;6;11;12;17;28;0;0;-0,977806;-1,1017;48;4;0;-0,803023;0,055227;-0,639199;-0,568617;17
7553;165;4;6;12;14;17;44;0;0;-0,096462;-0,2204;48;4;0;0,450114;-1,604064;-0,446647;1,407674;17
7554;108;4;5;12;24;28;32;0;0;-0,184999;-0,3089;48;4;0;-0,422253;0,002600;-0,674490;0,724145;17
7555;365;5;12;14;24;28;44;0;0;2,926483;2,8026;48;4;0;1,360248;2,238310;1,197167;1,057241;17
7556;85;4;5;11;17;28;32;0;0;0,779929;0,6560;48;4;0;-1,290904;0,510913;-0,055351;2,395200;17
7557;332;5;11;12;14;32;44;0;0;0,356748;0,2329;48;4;0;-2,146554;0,740614;0,396620;1,722815;17
7558;194;4;6;17;24;32;44;0;0;0,649600;0,5257;48;4;0;0,344860;-0,389314;0,686996;0,656658;17
7559;313;5;6;14;17;32;44;0;0;0,091137;-0,0328;48;4;0;-0,143640;-0,956445;1,290037;-0,007677;17
7560;132;4;6;11;12;17;24;0;0;-1,875557;-1,9995;48;4;0;-1,487790;-0,260534;-0,329629;-1,673160;17
7561;48;4;5;6;17;24;32;0;0;2,496491;2,3726;48;4;0;-0,158499;2,570168;1,281369;1,299944;17
7562;141;4;6;11;12;32;44;0;0;-0,777205;-0,9011;48;4;0;-2,400401;0,733184;0,586077;-0,473270;17
7563;346;5;11;14;17;28;32;0;0;0,162957;0,0391;48;4;0;0,382009;0,960408;-0,579142;-0,437360;17
7564;41;4;5;6;14;24;28;0;0;-0,785254;-0,9091;48;4;0;-0,831503;0,647124;-0,774171;-0,611957;17
7565;344;5;11;14;17;24;32;0;0;0,701608;0,5777;48;4;0;-0,251989;-0,393029;0,313037;1,735198;17
7566;183;4;6;14;17;24;32;0;0;-0,649972;-0,7739;48;4;0;-1,503888;0,292976;-1,890478;1,801446;17
7567;233;4;12;14;17;24;32;0;0;0,719872;0,5960;48;4;0;-0,117017;0,084946;1,575460;-0,103644;17
7568;49;4;5;6;17;24;44;0;0;-1,546175;-1,6701;48;4;0;-0,791259;-0,178188;-0,680062;-1,442841;17
7569;98;4;5;12;14;24;44;0;0;-1,354861;-1,4788;48;4;0;-0,416061;-0,393029;-1,299820;-0,600812;17
7570;104;4;5;12;17;24;44;0;0;0,935333;0,8114;48;4;0;-1,119403;2,429005;0,067858;0,493206;17
7571;353;5;11;17;24;28;32;0;0;0,055846;-0,0680;48;4;0;-0,494692;-1,400368;0,838685;1,168067;17
7572;156;4;6;11;17;28;44;0;0;2,144820;2,0209;48;4;0;1,078540;0,748662;2,525838;-0,063400;17
7573;151;4;6;11;14;32;44;0;0;-0,528311;-0,6522;48;4;0;-0,706437;-0,370740;1,186641;-1,166086;17
7574;448;11;12;17;28;32;44;0;0;-0,631088;-0,7550;48;4;0;-0,504598;0,398849;-1,449032;0,292605;17
7575;211;4;11;12;17;28;44;0;0;0,896327;0,7724;48;4;0;0,487881;1,057613;0,600317;-0,353157;17
7576;94;4;5;12;14;17;32;0;0;-2,100614;-2,2245;48;4;0;-1,450023;-1,222056;-1,514661;-0,014488;17
7577;46;4;5;6;14;32;44;0;0;0,638456;0,5146;48;4;0;-0,417919;0,822959;-0,259048;1,130919;17
7578;6;4;5;6;11;12;44;0;0;-0,259605;-0,3835;48;4;0;-0,417919;-0,359596;-0,166177;0,424481;17
7579;282;5;6;11;17;28;44;0;0;0,553325;0,4294;48;4;0;-0,351052;1,142435;0,880168;-0,564902;17
7580;88;4;5;11;24;28;32;0;0;0,163267;0,0394;48;4;0;-0,453829;-1,987930;2,120921;0,647371;17
7581;296;5;6;12;14;28;44;0;0;0,899423;0,7755;48;4;0;2,098880;0,276260;0,260410;-0,836704;17
7582;84;4;5;11;17;24;44;0;0;-0,782777;-0,9067;48;4;0;1,278521;-2,003409;-0,410117;-0,430549;17
7583;149;4;6;11;14;28;32;0;0;0,466645;0,3428;48;4;0;0,749777;1,695945;-0,420643;-1,091789;17
7584;435;11;12;14;17;24;28;0;0;-0,356190;-0,4801;48;4;0;-0,482928;-1,880200;1,091913;0,558835;17
7585;187;4;6;14;17;32;44;0;0;-1,509336;-1,6332;48;4;0;0,350432;-0,797946;-1,821754;-0,749405;17
7586;173;4;6;12;17;24;32;0;0;-0,244126;-0,3680;48;4;0;0,393772;-1,021455;-0,824321;0,963751;17
7587;416;6;12;14;17;24;44;0;0;1,726902;1,6030;48;4;0;1,300810;-0,842524;0,721668;2,273849;17
7588;373;5;14;17;24;28;32;0;0;0,646505;0,5226;48;4;0;0,710771;1,112097;0,238121;-0,767980;17
7589;144;4;6;11;14;17;32;0;0;0,432902;0,3090;48;4;0;-0,524410;-0,039501;0,906171;0,523544;17
7590;3;4;5;6;11;12;24;0;0;0,834103;0,7102;48;4;0;0,688482;-1,148998;1,249793;0,878929;17
7591;178;4;6;12;24;28;32;0;0;1,681085;1,5572;48;4;0;0,248894;0,863822;1,462777;0,786678;17
7592;80;4;5;11;14;28;44;0;0;2,043282;1,9194;48;4;0;0,372102;-0,505093;1,499925;2,719629;17
7593;76;4;5;11;14;24;28;0;0;0,372845;0,2490;48;4;0;0,030338;0,658268;-0,090023;0,147107;17
7594;462;14;17;24;28;32;44;0;0;-1,780209;-1,9041;48;4;0;1,201129;-2,317931;-0,841657;-1,601959;17
7595;260;5;6;11;12;17;32;0;0;-0,583723;-0,7076;48;4;0;1,117545;0,784573;-1,507850;-1,561715;17
7596;315;5;6;14;24;28;44;0;0;-0,093769;-0,3637;49;4;0;-0,549795;0,147355;-1,676256;1,891159;17
7597;230;4;11;17;28;32;44;0;0;-0,828686;-1,0986;49;4;0;0,957808;-0,949140;-1,041020;-0,625020;17
7598;209;4;11;12;17;24;44;0;0;0,332508;0,0626;49;4;0;1,301430;-0,230320;-0,340774;-0,065319;17
7599;150;4;6;11;14;28;44;0;0;0,292574;0,0226;49;4;0;-0,333716;0,401821;0,417671;0,099372;17
7600;244;4;12;17;24;32;44;0;0;-1,458350;-1,7283;49;4;0;-1,690868;-0,608613;-1,483704;0,866485;17
7601;65;4;5;11;12;17;44;0;0;0,154197;-0,1157;49;4;0;0,292853;0,505836;0,009659;-0,499954;17
7602;388;6;11;12;14;32;44;0;0;0,434356;0,1644;49;4;0;-0,120732;0,773923;0,543975;-0,328453;17
7603;114;4;5;14;17;24;44;0;0;0,906140;0,6362;49;4;0;-0,925612;-0,303378;2,241653;0,799618;17
7604;69;4;5;11;12;28;32;0;0;1,165250;0,8953;49;4;0;-0,356005;1,189985;0,756340;0,740180;17
7605;4;4;5;6;11;12;28;0;0;-0,966135;-1,2361;49;4;0;-0,392534;-0,488500;-2,027927;0,976691;17
7606;406;6;11;14;24;28;44;0;0;0,052968;-0,2170;49;4;0;-0,167787;-0,143640;-0,265858;0,683220;17
7607;438;11;12;14;17;28;32;0;0;1,183824;0,9139;49;4;0;0,733679;1,265519;0,471536;-0,103087;17
7608;115;4;5;14;17;28;32;0;0;-0,073028;-0,3430;49;4;0;-0,983192;-0,629045;1,359381;0,106801;17
7609;395;6;11;12;24;28;32;0;0;0,910165;0,6402;49;4;0;0,501502;0,014859;0,059809;1,244159;17
7610;18;4;5;6;11;24;44;0;0;1,386902;1,1170;49;4;0;-0,378913;0,468069;1,041144;1,643504;17
7611;255;5;6;11;12;14;28;0;0;1,118505;0,8486;49;4;0;0,372721;0,611090;0,510542;0,742657;17
7612;208;4;11;12;17;24;32;0;0;0,840821;0,5709;49;4;0;-0,613566;1,613475;0,704951;-0,023218;17
7613;316;5;6;14;24;32;44;0;0;0,647031;0,3771;49;4;0;-0,937376;2,112501;-0,918430;1,037367;17
7614;93;4;5;12;14;17;28;0;0;1,003655;0,7337;49;4;0;0,500883;0,108349;0,601555;0,796522;17
7615;350;5;11;14;24;28;44;0;0;-0,514783;-0,7847;49;4;0;-0,348575;-1,408540;0,354519;0,373031;17
7616;26;4;5;6;12;14;44;0;0;-0,959944;-1,2299;49;4;0;-0,974524;0,834599;-1,318394;-0,461568;17
7617;222;4;11;14;17;32;44;0;0;1,011084;0,7411;49;4;0;-0,746062;1,809123;1,718481;-0,759374;17
7618;402;6;11;14;17;28;32;0;0;1,203327;0,9334;49;4;0;0,281089;0,645762;0,141535;1,338268;17
7619;378;5;17;24;28;32;44;0;0;-0,851594;-1,1215;49;4;0;-0,837695;0,846363;-0,764884;-0,946973;17
7620;409;6;11;17;24;28;32;0;0;0,299384;0,0294;49;4;0;0,221652;0,746062;0,312417;-0,681362;17
7621;148;4;6;11;14;24;44;0;0;0,416402;0,1465;49;4;0;-0,505836;-1,064299;0,707428;1,695511;17
7622;120;4;5;14;24;32;44;0;0;1,001797;0,7319;49;4;0;0,085441;1,215369;0,047426;0,655358;17
7623;266;5;6;11;12;28;44;0;0;-0,050738;-0,3207;49;4;0;-0,772066;0,970190;-1,824849;1,525248;17
7624;376;5;14;17;28;32;44;0;0;-0,101199;-0,3711;49;4;0;-1,726159;0,421633;0,517352;0,584776;17
7625;423;6;12;14;28;32;44;0;0;0,554779;0,2848;49;4;0;0,011144;-0,409870;0,865308;0,642976;17
7626;401;6;11;14;17;24;44;0;0;2,093339;1,8234;49;4;0;1,246326;-0,528125;0,575551;2,892925;17
7627;430;6;14;17;24;28;44;0;0;-0,079838;-0,3498;49;4;0;-0,698388;0,027242;-1,207568;1,719039;17
7628;35;4;5;6;12;28;44;0;0;0,382349;0,1124;49;4;0;0,543604;-0,016098;-0,398973;0,636165;17
7629;219;4;11;14;17;24;44;0;0;1,365851;1,0959;49;4;0;0,939852;1,574470;-0,052255;0,269635;17
7630;352;5;11;14;28;32;44;0;0;-0,462775;-0,7327;49;4;0;-0,658764;-0,969571;1,628087;-0,925303;17
7631;196;4;6;24;28;32;44;0;0;1,284434;1,0145;49;4;0;1,128071;0,374579;0,517352;0,548866;17
7632;329;5;11;12;14;24;44;0;0;1,372351;1,1024;49;4;0;1,476027;-0,775781;1,062813;0,981644;17
7633;251;4;14;24;28;32;44;0;0;1,027801;0,7579;49;4;0;0,428444;0,910753;0,857879;-0,141473;17
7634;375;5;14;17;24;32;44;0;0;3,127300;2,8574;49;4;0;1,129309;1,721206;1,360619;2,043467;17
7635;231;4;11;24;28;32;44;0;0;-0,503948;-0,7739;49;4;0;1,011673;-0,619758;-1,447175;0,047364;17
7636;237;4;12;14;17;32;44;0;0;1,665204;1,3953;49;4;0;-0,180788;2,129837;0,118008;1,263352;17
7637;340;5;11;12;24;28;44;0;0;0,354488;0,0845;49;4;0;-0,385104;0,563416;-0,033681;0,564345;17
7638;220;4;11;14;17;28;32;0;0;1,451292;1,1813;49;4;0;-1,320004;1,893945;0,859117;1,469526;17
7639;107;4;5;12;17;32;44;0;0;-1,954280;-2,2242;49;4;0;-0,035910;-1,892707;-1,328300;-0,651643;17
7640;459;12;14;17;28;32;44;0;0;-0,480730;-0,7507;49;4;0;-0,633379;0,902085;-0,355633;-0,874533;17
7641;92;4;5;12;14;17;24;0;0;0,178653;-0,0913;49;4;0;-0,316999;0,510789;0,153299;0,010216;17
7642;87;4;5;11;17;32;44;0;0;0,265023;-0,0049;49;4;0;0,339907;0,181408;-0,515371;0,524101;17
7643;111;4;5;12;28;32;44;0;0;-0,404267;-0,6742;49;4;0;-2,189274;1,162123;-0,215708;0,434326;17
7644;444;11;12;14;28;32;44;0;0;0,689752;0,4198;49;4;0;1,835746;1,181317;-0,402688;-1,234872;17
7645;262;5;6;11;12;24;28;0;0;-0,108318;-0,3783;49;4;0;1,498935;-1,411636;0,206545;-0,510480;17
7646;287;5;6;11;28;32;44;0;0;-0,274867;-0,5448;49;4;0;0,233415;-0,536793;0,089527;-0,335883;17
7647;17;4;5;6;11;24;32;0;0;1,026872;0,7569;49;4;0;-0,481071;0,192552;0,129152;2,213111;17
7648;323;5;11;12;14;17;24;0;0;-0,544502;-0,8144;49;4;0;0,793117;-0,160357;-1,355542;-0,366221;17
7649;309;5;6;14;17;24;32;0;0;-0,123178;-0,3931;49;4;0;0,404917;-0,357862;-0,961151;0,667741;17
7650;12;4;5;6;11;17;24;0;0;0,996225;0,7263;49;4;0;0,195648;2,527324;-1,270720;0,540198;17
7651;37;4;5;6;14;17;24;0;0;2,696999;2,4271;49;4;0;3,307439;1,437640;0,541499;0,107421;17
7652;232;4;12;14;17;24;28;0;0;2,075693;1,8057;49;4;0;0,948520;-0,021670;0,782963;2,441573;17
7653;343;5;11;14;17;24;28;0;0;-0,064360;-0,3343;49;4;0;-0,232796;-0,259419;-0,231806;0,595302;17
7654;382;6;11;12;14;17;44;0;0;1,832372;1,5624;49;4;0;-1,175125;2,835655;0,935271;1,068943;17
7655;42;4;5;6;14;24;32;0;0;0,493174;0,2232;49;4;0;-0,035910;0,086679;0,049283;0,886297;17
7656;39;4;5;6;14;17;32;0;0;0,999631;0,7297;49;4;0;0,286042;0,827788;-0,003962;0,889393;17
7657;397;6;11;12;24;32;44;0;0;0,090425;-0,1795;49;4;0;-1,809123;0,203077;0,548309;1,238587;17
7658;371;5;12;17;28;32;44;0;0;2,338518;2,0686;49;4;0;0,206173;2,685204;0,659754;1,125904;17
7659;291;5;6;12;14;17;44;0;0;0,306195;0,0362;49;4;0;0,816025;-0,185122;0,142154;-0,160666;17
7660;302;5;6;12;17;28;44;0;0;0,205276;-0,0647;49;4;0;-0,547938;1,003624;0,524782;-0,569917;17
7661;72;4;5;11;14;17;24;0;0;-0,054453;-0,3244;49;4;0;-0,382628;0,010525;0,577409;-0,314213;17
7662;278;5;6;11;17;24;28;0;0;1,689660;1,4197;49;4;0;-1,123118;2,367586;1,291895;0,842957;17
7663;421;6;12;14;24;28;44;0;0;0,043061;-0,2269;49;4;0;0,744824;0,039006;-1,364829;0,667122;17
7664;301;5;6;12;17;28;32;0;0;-1,057148;-1,3271;49;4;0;-0,587563;-0,169025;-0,958674;-0,399035;17
7665;83;4;5;11;17;24;32;0;0;1,043899;0,7740;49;4;0;-0,532459;0,919421;0,739004;0,961832;17
7666;213;4;11;12;24;28;32;0;0;1,146986;0,8770;49;4;0;0,416061;2,011582;-0,552519;0,418847;17
7667;431;6;14;17;24;32;44;0;0;0,747950;0,4780;49;4;0;-1,340435;-0,504598;2,417489;0,923445;17
7668;443;11;12;14;24;32;44;0;0;-0,825900;-1,0958;49;4;0;-0,636475;0,315142;-0,004582;-1,325885;17
7669;8;4;5;6;11;14;24;0;0;1,132126;0,8622;49;4;0;-0,167167;1,263043;0,016469;1,151907;17
7670;385;6;11;12;14;24;44;0;0;-1,073246;-1,3432;49;4;0;-1,496458;0,838933;-1,691735;0,202768;17
7671;377;5;14;24;28;32;44;0;0;-0,758414;-1,0284;49;4;0;-0,108968;0,949759;-2,616728;0,259110;17
7672;185;4;6;14;17;28;32;0;0;-1,588059;-1,8580;49;4;0;-1,276664;0,904562;-1,732598;-1,071419;17
7673;130;4;6;11;12;14;32;0;0;-0,479801;-0,7497;49;4;0;-2,029536;1,492743;-0,681919;0,259110;17
7674;334;5;11;12;17;24;32;0;0;0,363156;0,0932;49;4;0;0,639570;1,274807;-1,026160;-0,161905;17
7675;339;5;11;12;24;28;32;0;0;-1,404176;-1,6741;49;4;0;0,030338;-1,500792;-1,850853;0,512956;17
7676;34;4;5;6;12;28;32;0;0;0,363156;0,0932;49;4;0;-1,155932;0,854411;0,308703;0,719130;17
7677;277;5;6;11;14;32;44;0;0;1,378543;1,1086;49;4;0;0,883511;-0,064390;1,655329;0,282637;17
7678;139;4;6;11;12;28;32;0;0;0,922857;0,6529;49;4;0;-0,765875;1,056870;1,069624;0,485095;17
7679;195;4;6;17;28;32;44;0;0;-0,341734;-0,6117;49;4;0;-0,867413;-0,513266;0,423243;0,273969;17
7680;361;5;12;14;17;28;32;0;0;1,768291;1,4983;49;4;0;-0,197505;1,682200;1,025046;1,026841;17
7681;355;5;11;17;24;32;44;0;0;-0,338019;-0,6080;49;4;0;0,259419;1,144168;-1,164228;-0,915397;17
7682;44;4;5;6;14;28;32;0;0;1,541996;1,2720;49;4;0;0,752873;0,196886;1,324709;0,809524;17
7683;422;6;12;14;24;32;44;0;0;-0,464323;-0,7343;49;4;0;0,070582;-0,515123;-0,572332;0,088227;17
7684;318;5;6;17;24;28;32;0;0;0,829058;0,5591;49;4;0;0,506455;0,259419;-0,499273;1,391514;17
7685;164;4;6;12;14;17;32;0;0;1,261526;0,9916;49;4;0;0,653810;1,084112;-0,125933;0,911063;17
7686;202;4;11;12;14;24;32;0;0;-2,708391;-2,9783;49;4;0;-2,432596;-1,191842;-0,465840;-1,326505;17
7687;307;5;6;12;28;32;44;0;0;1,060615;0,7907;49;4;0;1,284094;0,723154;0,520448;-0,406465;17
7688;264;5;6;11;12;24;44;0;0;-1,425536;-1,6955;49;4;0;-1,515651;-0,154785;0,052998;-1,233634;17
7689;117;4;5;14;17;32;44;0;0;1,858685;1,5887;49;4;0;1,357771;0,970190;0,701856;0,687553;17
7690;15;4;5;6;11;17;44;0;0;-0,045476;-0,3154;49;4;0;-0,796831;0,393153;-0,332106;0,644833;17
7691;21;4;5;6;11;32;44;0;0;1,377924;1,1080;49;4;0;-0,439588;1,340435;0,209021;1,645980;17
7692;320;5;6;17;24;32;44;0;0;0,267499;-0,0024;49;4;0;0,192552;0,331858;0,519210;-0,508622;17
7693;74;4;5;11;14;17;32;0;0;-1,016286;-1,2862;49;4;0;-2,134790;-1,529273;0,454200;1,177292;17
7694;292;5;6;12;14;24;28;0;0;0,285145;0,0152;49;4;0;-0,628426;0,801785;0,760674;-0,363744;17
7695;91;4;5;11;28;32;44;0;0;1,203636;0,9337;49;4;0;2,203515;-0,650715;-1,009444;1,863917;17
7696;126;4;5;24;28;32;44;0;0;0,756618;0,4867;49;4;0;0,044578;0,668670;-1,313441;2,113430;17
7697;216;4;11;12;28;32;44;0;0;-1,090582;-1,3605;49;4;0;-1,446927;-0,451971;-0,694302;0,412037;17
7698;299;5;6;12;17;24;32;0;0;0,818222;0,5483;49;4;0;-0,429063;1,017864;0,918554;0,129090;17
7699;142;4;6;11;14;17;24;0;0;2,100459;1,8305;49;4;0;1,281617;-0,092252;0,854164;2,157389;17
7700;32;4;5;6;12;24;32;0;0;1,181038;0,9111;49;4;0;1,913758;0,474260;-1,299820;1,273878;17
7701;128;4;6;11;12;14;24;0;0;0,498438;0,2285;49;4;0;-0,762779;1,263043;0,507446;-0,010835;17
7702;338;5;11;12;17;32;44;0;0;-0,576387;-0,8463;49;4;0;0,505836;-0,592516;-0,844753;-0,221342;17
7703;283;5;6;11;17;32;44;0;0;0,191035;-0,0789;49;4;0;-0,653191;0,557225;-0,866423;1,344460;17
7704;203;4;11;12;14;24;44;0;0;0,346129;0,0762;49;4;0;-0,859984;1,577565;-0,291243;0,265920;17
7705;50;4;5;6;17;28;32;0;0;0,973007;0,7031;49;4;0;-0,325048;0,385723;1,098104;0,787235;17
7706;396;6;11;12;24;28;44;0;0;0,168127;-0,1018;49;4;0;1,274806;-0,105873;-0,724021;-0,108659;17
7707;279;5;6;11;17;24;32;0;0;1,363064;1,0931;49;4;0;0,747300;1,349103;1,040524;-0,410799;17
7708;390;6;11;12;17;24;32;0;0;1,664585;1,3946;49;4;0;2,403496;-0,460639;0,976134;0,410179;17
7709;125;4;5;17;28;32;44;0;0;-0,409839;-0,6798;49;4;0;0,287899;-0,372102;0,042473;-0,777948;17
7710;29;4;5;6;12;17;32;0;0;-1,543791;-1,8137;49;4;0;-0,760921;-0,152927;-1,688020;-0,485714;17
7711;55;4;5;6;24;32;44;0;0;-1,329879;-1,5998;49;4;0;-0,671146;0,838314;0,093242;-2,920168;17
7712;58;4;5;11;12;14;24;0;0;1,931125;1,6612;49;4;0;1,581280;0,525649;0,579266;1,176054;17
7713;351;5;11;14;24;32;44;0;0;1,106741;0,8368;49;4;0;0,343003;1,419685;-0,527135;0,977930;17
7714;317;5;6;14;28;32;44;0;0;0,045228;-0,2247;49;4;0;-1,483456;1,809742;0,523544;-0,759374;17
7715;261;5;6;11;12;17;44;0;0;2,647159;2,3772;49;4;0;0,761541;2,043777;0,774295;1,714705;17
7716;319;5;6;17;24;28;44;0;0;-1,169522;-1,4395;49;4;0;-0,501502;0,856888;-2,357309;-0,337121;17
7717;461;12;17;24;28;32;44;0;0;-1,786493;-2,0564;49;4;0;-1,502030;-0,911991;-1,151226;-0,007739;17
7718;399;6;11;14;17;24;28;0;0;1,100240;0,8303;49;4;0;0,071201;1,718110;-0,089404;0,500574;17
7719;138;4;6;11;12;24;44;0;0;0,753523;0,4836;49;4;0;-0,273659;-0,585086;0,470298;1,895493;17
7720;294;5;6;12;14;24;44;0;0;-0,620037;-0,8900;49;4;0;0,432159;-0,322571;-0,701113;-0,648548;17
7721;136;4;6;11;12;24;28;0;0;0,361608;0,0917;49;4;0;-0,000000;0,013621;-0,428072;1,137667;17
7722;19;4;5;6;11;28;32;0;0;-3,841416;-4,1114;49;4;0;-1,424638;-2,346536;-3,308306;-0,603351;17
7723;240;4;12;14;24;32;44;0;0;1,327155;1,0572;49;4;0;0,498407;0,337431;1,163733;0,654739;17
7724;100;4;5;12;14;28;44;0;0;-0,313253;-0,5832;49;4;0;0,570846;0,812310;-1,083740;-0,925922;17
7725;335;5;11;12;17;24;44;0;0;-0,429033;-0,6990;49;4;0;-0,643904;-0,013002;-0,651582;0,450423;17
7726;157;4;6;11;17;32;44;0;0;-0,706406;-0,9764;49;4;0;-1,469835;-1,202986;0,883263;0,376746;17
7727;122;4;5;17;24;28;32;0;0;0,534347;0,2644;49;4;0;1,399873;1,059965;-0,211993;-1,179150;17
7728;226;4;11;14;28;32;44;0;0;1,723404;1,4535;49;4;0;0,773923;0,864318;-0,312913;2,121479;17
7729;153;4;6;11;17;24;32;0;0;-0,851594;-1,1215;49;4;0;-1,691487;-0,138068;-0,003343;0,129710;17
7730;364;5;12;14;24;28;32;0;0;0,247067;-0,0229;49;4;0;-0,416061;0,970190;-0,218184;0,158190;17
7731;13;4;5;6;11;17;28;0;0;-0,003993;-0,2739;49;4;0;-1,124975;1,646290;0,521686;-1,050988;17
7732;403;6;11;14;17;28;44;0;0;0,200323;-0,0696;49;4;0;-0,127543;1,610380;-0,234901;-0,847291;17
7733;154;4;6;11;17;24;44;0;0;0,180201;-0,0897;49;4;0;-0,322571;0,864937;0,389191;-0,571155;17
7734;212;4;11;12;17;32;44;0;0;0,329412;0,0595;49;4;0;-1,469216;1,706965;-0,968581;1,389657;17
7735;374;5;14;17;24;28;44;0;0;-1,302018;-1,5720;49;4;0;0,123209;-0,531840;-0,800175;-1,395229;17
7736;411;6;11;17;24;32;44;0;0;1,274218;1,0043;49;4;0;-1,028389;1,510079;1,913510;0,153237;17
7737;207;4;11;12;17;24;28;0;0;0,293193;0,0232;49;4;0;1,157789;-1,487171;0,056713;0,859055;17
7738;143;4;6;11;14;17;28;0;0;-1,853670;-2,1236;49;4;0;0,438350;-1,921806;-1,983349;-0,240535;17
7739;191;4;6;14;28;32;44;0;0;-0,455346;-0,7253;49;4;0;0,463116;0,582609;-1,981491;0,025075;17
7740;449;11;12;24;28;32;44;0;0;1,836705;1,5668;49;4;0;0,008668;0,113302;0,517352;3,034089;17
7741;280;5;6;11;17;24;44;0;0;-1,528932;-1,7989;49;4;0;-1,742256;0,163453;-1,625487;0,146426;17
7742;2;4;5;6;11;12;17;0;0;-0,454108;-0,7241;49;4;0;-0,197505;-0,574561;0,232548;-0,368697;17
7743;393;6;11;12;17;28;44;0;0;-0,451940;-0,7219;49;4;0;-0,680433;-2,158317;0,776771;1,158099;17
7744;24;4;5;6;12;14;28;0;0;0,891591;0,6216;49;4;0;0,389438;1,305144;-0,511656;0,600255;17
7745;147;4;6;11;14;24;32;0;0;0,352012;0,0821;49;4;0;0,715105;0,913230;-2,367834;1,443522;17
7746;201;4;11;12;14;24;28;0;0;-0,013900;-0,2838;49;4;0;-1,607284;1,665483;-0,711019;0,625020;17
7747;293;5;6;12;14;24;32;0;0;0,345511;0,0756;49;4;0;-0,073678;0,623473;0,009659;0,131567;17
7748;45;4;5;6;14;28;44;0;0;0,676749;0,4068;49;4;0;-0,542365;0,893417;-1,835375;2,837822;17
7749;268;5;6;11;14;17;24;0;0;-0,347925;-0,6179;49;4;0;-0,121351;-1,390585;0,564407;0,251680;17
7750;327;5;11;12;14;24;28;0;0;0,560970;0,2910;49;4;0;1,142311;0,746681;-0,815653;0,048602;17
7751;200;4;11;12;14;17;44;0;0;-0,420364;-0,6903;49;4;0;1,048202;-2,021488;0,291367;-0,158809;17
7752;370;5;12;17;24;32;44;0;0;-0,002755;-0,2727;49;4;0;0,856269;-1,523700;-1,094885;1,756806;17
7753;190;4;6;14;24;32;44;0;0;0,557256;0,2873;49;4;0;0,809214;-0,639570;1,034952;-0,090085;17
7754;333;5;11;12;17;24;28;0;0;0,467481;0,1975;49;4;0;-1,554657;0,310808;1,778538;0,400273;17
7755;263;5;6;11;12;24;32;0;0;-0,104604;-0,3746;49;4;0;0,167787;-0,372721;-0,821226;0,816953;17
7756;20;4;5;6;11;28;44;0;0;-0,424079;-0,6940;49;4;0;-0,240226;0,567750;-1,662016;0,486333;17
7757;137;4;6;11;12;24;32;0;0;0,140576;-0,1294;49;4;0;-0,695293;1,194938;0,210879;-0,429373;17
7758;167;4;6;12;14;24;32;0;0;0,713898;0,4440;49;4;0;0,287280;-0,607994;-0,290624;2,039133;17
7759;155;4;6;11;17;28;32;0;0;-0,389098;-0,6590;49;4;0;0,422253;-0,497168;-1,210045;0,506765;17
7760;160;4;6;11;24;32;44;0;0;-0,014518;-0,2845;49;4;0;0,599326;-1,399253;0,064143;0,706747;17
7761;189;4;6;14;24;28;44;0;0;0,571805;0,3019;49;4;0;-0,105254;-0,075535;-0,299911;1,624310;17
7762;129;4;6;11;12;14;28;0;0;-1,408509;-1,6785;49;4;0;-0,729964;-1,287189;0,805871;-1,605736;17
7763;354;5;11;17;24;28;44;0;0;-0,983780;-1,2537;49;4;0;-1,648147;0,359720;-0,287528;-0,391605;17
7764;324;5;11;12;14;17;28;0;0;-0,420054;-0,6900;49;4;0;-1,315050;-0,447637;0,327277;0,595302;17
7765;372;5;12;24;28;32;44;0;0;0,989414;0,7195;49;4;0;-0,478594;-0,022289;1,525310;0,954402;17
7766;387;6;11;12;14;28;44;0;0;0,332818;0,0629;49;4;0;-0,247036;0,444542;-0,788411;1,256542;17
7767;182;4;6;14;17;24;28;0;0;-0,168375;-0,4383;49;4;0;0,274278;0,135591;-0,008916;-0,737704;17
7768;106;4;5;12;17;28;44;0;0;2,405385;2,1354;49;4;0;0,640189;0,731822;2,082535;1,356223;17
7769;270;5;6;11;14;17;32;0;0;0,374300;0,1044;49;4;0;-0,279851;-0,233415;-1,010682;2,272548;17
7770;367;5;12;14;28;32;44;0;0;-1,756775;-2,0267;49;4;0;0,209269;-0,538032;-0,856516;-2,328271;17
7771;447;11;12;17;24;32;44;0;0;-0,486922;-0,7569;49;4;0;0,008668;0,366530;-0,707923;-0,641118;17
7772;250;4;14;17;28;32;44;0;0;1,071141;0,8012;49;4;0;0,326286;1,186889;-0,463363;1,092470;17
7773;179;4;6;12;24;28;44;0;0;-0,403958;-0,6739;49;4;0;0,562178;-1,677247;0,436864;-0,129710;17
7774;381;6;11;12;14;17;32;0;0;0,655389;0,3854;49;4;0;0,315142;1,160266;-0,519705;0,355076;17
7775;392;6;11;12;17;28;32;0;0;1,448197;1,1783;49;4;0;0,425348;-0,406774;0,934033;1,943786;17
7776;298;5;6;12;17;24;28;0;0;0,359441;0,0895;49;4;0;0,154166;0,427206;0,001610;0,135901;17
7777;252;4;17;24;28;32;44;0;0;-0,620656;-0,8906;49;4;0;1,260566;-1,136739;-1,169801;-0,195338;17
7778;446;11;12;17;24;28;44;0;0;1,909146;1,6392;49;4;0;-0,263134;1,846891;0,707428;1,527106;17
7779;248;4;14;17;24;28;44;0;0;0,417640;0,1477;49;4;0;-0,611709;0,598088;0,568122;0,280779;17
7780;57;4;5;11;12;14;17;0;0;0,197536;-0,0724;49;4;0;1,308859;-1,281617;-0,621244;0,989074;17
7781;428;6;12;24;28;32;44;0;0;-0,290345;-0,5603;49;4;0;-0,396249;-0,801785;-1,328300;1,945643;17
7782;90;4;5;11;24;32;44;0;0;0,381421;0,1115;49;4;0;0,430921;0,600565;-0,712876;0,444232;17
7783;356;5;11;17;28;32;44;0;0;-3,013317;-3,2833;49;4;0;-3,200328;-0,534317;-0,686872;-1,605117;17
7784;109;4;5;12;24;28;44;0;0;0,151410;-0,1185;49;4;0;-0,699008;0,261277;1,183545;-0,442994;17
7785;77;4;5;11;14;24;32;0;0;1,941959;1,6720;49;4;0;2,560758;-0,452590;0,418909;1,356842;17
7786;325;5;11;12;14;17;32;0;0;0,415473;0,1455;49;4;0;1,205463;1,005481;0,313656;-1,693654;17
7787;425;6;12;17;24;28;44;0;0;1,057830;0,7879;49;4;0;0,119494;1,061204;1,202739;-0,267777;17
7788;306;5;6;12;24;32;44;0;0;0,721018;0,4511;49;4;0;0,264372;0,861841;-1,258957;1,574779;17
7789;404;6;11;14;17;32;44;0;0;0,295360;0,0254;49;4;0;-1,142930;-0,970190;0,995327;1,708513;17
7790;331;5;11;12;14;28;44;0;0;0,182986;-0,0870;49;4;0;-0,331858;-0,490977;1,703003;-0,514195;17
7791;175;4;6;12;17;28;32;0;0;0,773954;0,5040;49;4;0;1,056870;-0,143640;0,436245;0,198434;17
7792;347;5;11;14;17;28;44;0;0;-0,132465;-0,4024;49;4;0;-1,503888;0,822835;-0,600812;1,016935;17
7793;171;4;6;12;14;32;44;0;0;-0,394360;-0,6643;49;4;0;0,342384;0,096586;-0,809462;-0,418228;17
7794;398;6;11;12;28;32;44;0;0;-0,171161;-0,4411;49;4;0;0,576418;1,183793;-2,385170;0,282637;17
7795;61;4;5;11;12;14;44;0;0;-0,862120;-1,1321;49;4;0;0,459401;0,383866;-0,448504;-2,119002;17
7796;337;5;11;12;17;28;44;0;0;0,328793;0,0588;49;4;0;0,396249;-0,253847;0,426339;0,088846;17
7797;161;4;6;11;28;32;44;0;0;0,587284;0,3173;49;4;0;-0,608613;0,025385;0,487634;1,270163;17
7798;11;4;5;6;11;14;44;0;0;1,078880;0,8089;49;4;0;-0,404917;1,814695;0,694426;0,053555;17
7799;273;5;6;11;14;24;32;0;0;-0,449681;-0,7142;50;4;0;-0,892798;-0,846982;-0,319414;1,159832;17
7800;418;6;12;14;17;28;44;0;0;0,434759;0,1703;50;4;0;-0,270564;-0,895894;0,240907;1,795069;17
7801;113;4;5;14;17;24;32;0;0;0,866608;0,6021;50;4;0;1,388109;-0,995575;1,816615;-0,475932;17
7802;389;6;11;12;17;24;28;0;0;0,552086;0,2876;50;4;0;-0,160357;0,930565;0,330682;0,003281;17
7803;253;5;6;11;12;14;17;0;0;-1,528529;-1,7930;50;4;0;0,369626;-0,349813;-0,327462;-2,749409;17
7804;336;5;11;12;17;28;32;0;0;0,075659;-0,1888;50;4;0;-1,205463;-0,098443;2,620876;-1,165652;17
7805;123;4;5;17;24;28;44;0;0;-1,298829;-1,5633;50;4;0;-1,083493;-0,741109;-0,663655;-0,109402;17
7806;256;5;6;11;12;14;32;0;0;-0,543170;-0,8076;50;4;0;-0,206792;-0,040863;-0,628364;-0,210321;17
7807;285;5;6;11;24;28;44;0;0;2,062165;1,7977;50;4;0;-0,422253;0,872366;1,118226;2,555990;17
7808;177;4;6;12;17;32;44;0;0;0,733493;0,4690;50;4;0;0,074916;0,520076;0,213046;0,658949;17
7809;158;4;6;11;24;28;32;0;0;0,683653;0,4192;50;4;0;-0,118255;0,720677;0,515185;0,249699;17
7810;78;4;5;11;14;24;44;0;0;-1,055817;-1,3203;50;4;0;-1,852463;-0,292853;-1,066714;1,100395;17
7811;437;11;12;14;17;24;44;0;0;-1,062318;-1,3268;50;4;0;-0,297187;0,134353;-0,731760;-1,230043;17
7812;105;4;5;12;17;28;32;0;0;1,702755;1,4383;50;4;0;1,427115;0,534936;0,850139;0,593321;17
7813;59;4;5;11;12;14;28;0;0;-1,786092;-2,0506;50;4;0;-1,617190;-2,217136;-0,856826;1,118969;17
7814;383;6;11;12;14;24;28;0;0;-0,332664;-0,5971;50;4;0;-1,477884;-1,056251;0,447080;1,421728;17
7815;363;5;12;14;17;32;44;0;0;-0,016283;-0,2808;50;4;0;-1,078540;-0,554129;-0,232115;1,832217;17
7816;269;5;6;11;14;17;28;0;0;0,477170;0,2127;50;4;0;1,069872;-1,254375;0,633441;0,505403;17
7817;30;4;5;6;12;17;44;0;0;-0,374455;-0,6389;50;4;0;-1,016007;-0,861222;0,834661;0,293657;17
7818;146;4;6;11;14;24;28;0;0;0,024580;-0,2399;50;4;0;-0,941710;-0,741728;1,903913;-0,171316;17
7819;168;4;6;12;14;24;44;0;0;1,056375;0,7919;50;4;0;-0,405536;1,102686;1,504569;-0,088970;17
7820;62;4;5;11;12;17;24;0;0;0,621739;0,3573;50;4;0;0,663717;-0,435254;-0,295886;1,310902;17
7821;121;4;5;14;28;32;44;0;0;-0,313160;-0,5776;50;4;0;-1,726778;0,535555;0,219237;0,345665;17
7822;276;5;6;11;14;28;44;0;0;-0,773490;-1,0380;50;4;0;-0,019193;0,058818;-0,368945;-1,217660;17
7823;234;4;12;14;17;24;44;0;0;0,138501;-0,1260;50;4;0;0,544842;1,464263;0,260100;-1,992203;17
7824;258;5;6;11;12;17;24;0;0;1,032538;0,7681;50;4;0;0,161595;0,806119;1,495901;-0,398540;17
7825;9;4;5;6;11;14;28;0;0;0,570041;0,3056;50;4;0;-1,904471;2,128599;0,120175;0,795779;17
7826;436;11;12;14;17;24;32;0;0;-0,049098;-0,3136;50;4;0;-2,023964;0,968952;-0,066186;1,023003;17
7827;60;4;5;11;12;14;32;0;0;1,784791;1,5203;50;4;0;1,111973;0,554748;0,240288;1,662573;17
7828;284;5;6;11;24;28;32;0;0;-0,522120;-0,7866;50;4;0;0,089775;-0,115160;-1,462963;0,444108;17
7829;272;5;6;11;14;24;28;0;0;1,122932;0,8585;50;4;0;-0,092871;0,354147;0,104696;1,879891;17
7830;358;5;12;14;17;24;28;0;0;1,612052;1,3476;50;4;0;0,294710;-0,139306;1,622205;1,446494;17
7831;31;4;5;6;12;24;28;0;0;0,934095;0,6696;50;4;0;0,477975;-0,532459;0,351733;1,570941;17
7832;89;4;5;11;24;28;44;0;0;-0,389005;-0,6535;50;4;0;1,620905;0,031576;-1,503826;-0,926665;17
7833;82;4;5;11;17;24;28;0;0;1,202181;0,9377;50;4;0;0,053865;1,198652;1,662449;-0,510604;17
7834;295;5;6;12;14;28;32;0;0;0,969385;0,7049;50;4;0;-0,968952;0,529364;1,487852;0,890507;17
7835;286;5;6;11;24;32;44;0;0;-1,417085;-1,6816;50;4;0;-0,700865;-0,400583;-1,391762;-0,340960;17
7836;199;4;11;12;14;17;32;0;0;0,339412;0,0749;50;4;0;-0,822835;-0,016098;0,915768;0,601989;17
7837;419;6;12;14;17;32;44;0;0;-0,315018;-0,5795;50;4;0;-1,329291;0,571465;0,754173;-0,626383;17
7838;53;4;5;6;24;28;32;0;0;-0,103272;-0,3678;50;4;0;0,209888;0,356624;-0,328082;-0,444975;17
7839;271;5;6;11;14;17;44;0;0;0,529797;0,2653;50;4;0;1,200510;-1,004243;-0,635174;1,498501;17
7840;221;4;11;14;17;28;44;0;0;0,653005;0,3885;50;4;0;0,414204;1,867941;0,026685;-1,002819;17
7841;289;5;6;12;14;17;28;0;0;2,135224;1,8707;50;4;0;0,393153;0,780734;1,621586;1,474974;17
7842;242;4;12;17;24;28;32;0;0;0,970623;0,7061;50;4;0;-0,670527;1,618428;0,283627;0,709719;17
7843;210;4;11;12;17;28;32;0;0;-1,184908;-1,4494;50;4;0;0,056961;-1,120022;-0,786863;-0,519891;17
7844;102;4;5;12;17;24;28;0;0;1,202801;0,9383;50;4;0;0,082345;0,437731;2,113182;-0,227657;17
7845;304;5;6;12;24;28;32;0;0;1,114883;0,8504;50;4;0;-0,326905;1,830174;0,357924;0,368573;17
7846;274;5;6;11;14;24;44;0;0;0,011887;-0,2526;50;4;0;-0,300901;1,649385;-0,643223;-0,681486;17
7847;300;5;6;12;17;24;44;0;0;2,301153;2,0367;50;4;0;1,581899;0,584467;0,162276;2,273663;17
7848;192;4;6;17;24;28;32;0;0;1,134386;0,8699;50;4;0;1,288428;0,258800;-0,748477;1,470021;17
7849;218;4;11;14;17;24;32;0;0;0,708728;0,4442;50;4;0;1,525558;-0,032195;0,058261;-0,134167;17
7850;140;4;6;11;12;28;44;0;0;1,059161;0,7947;50;4;0;0,840790;0,444542;-0,385042;1,218032;17
7851;259;5;6;11;12;17;28;0;0;0,609357;0,3449;50;4;0;-0,868032;1,043249;-0,041420;1,084917;17
7852;394;6;11;12;17;32;44;0;0;-1,386437;-1,6509;50;4;0;-1,475407;0,506455;-0,965794;-0,838128;17
7853;68;4;5;11;12;24;44;0;0;-1,029194;-1,2937;50;4;0;-1,669817;-0,178931;0,005634;-0,215275;17
7854;36;4;5;6;12;32;44;0;0;-0,686501;-0,9510;50;4;0;-0,254466;0,372102;-2,134109;0,643471;17
7855;419;11;15;22;30;48;49;0;0;-1,661583;-1,3472;51;4;0;-2,425785;0,061604;-0,797141;-0,161843;18
7856;379;11;13;15;22;30;32;0;0;-1,197229;-0,8828;51;4;0;-0,230320;-0,683220;-0,107421;-1,373497;18
7857;232;3;15;22;30;32;43;0;0;0,111321;0,4258;51;4;0;-0,240845;0,363125;0,856578;-0,756216;18
7858;105;3;10;15;30;43;48;0;0;-0,495745;-0,1813;51;4;0;-1,042629;1,218774;-0,716034;-0,451600;18
7859;363;10;15;22;30;48;49;0;0;-0,348080;-0,0336;51;4;0;-0,828408;-1,457762;1,025603;0,564407;18
7860;168;3;11;15;22;32;49;0;0;-0,657959;-0,3435;51;4;0;-0,157880;0,025075;0,737085;-1,920197;18
7861;319;10;11;30;32;43;49;0;0;0,951802;1,2662;51;4;0;1,201748;-0,167477;-0,368697;1,238030;18
7862;71;3;10;13;15;48;49;0;0;-0,337555;-0,0231;51;4;0;-1,141073;1,195247;-0,367459;-0,361825;18
7863;313;10;11;22;30;48;49;0;0;0,308207;0,6226;51;4;0;-0,934280;-0,529673;1,450951;0,629416;18
7864;401;11;13;22;30;32;49;0;0;-0,798813;-0,4844;51;4;0;0,578895;0,252299;-0,171811;-2,257008;18
7865;336;10;13;15;30;43;48;0;0;-1,893759;-1,5793;51;4;0;-0,008668;-0,215770;-0,522243;-3,040838;18
7866;131;3;11;13;15;22;49;0;0;1,068819;1,3832;51;4;0;0,405536;-0,054794;1,232396;0,554501;18
7867;384;11;13;15;22;32;48;0;0;0,936013;1,2504;51;4;0;1,267377;-1,662078;1,990840;0,275888;18
7868;119;3;10;22;32;43;49;0;0;-0,081850;0,2326;51;4;0;0,986288;-0,199053;-0,672694;-0,278241;18
7869;158;3;11;13;32;43;48;0;0;-1,525991;-1,2116;51;4;0;-2,306911;-0,012073;0,054175;-0,787173;18
7870;368;10;15;30;32;43;48;0;0;0,539146;0,8536;51;4;0;-0,069963;-0,346408;0,933971;0,560692;18
7871;332;10;13;15;22;48;49;0;0;-0,876514;-0,5621;51;4;0;-1,968242;-0,186051;0,992170;-0,590906;18
7872;179;3;11;15;32;43;49;0;0;1,714271;2,0287;51;4;0;0,648238;-0,277065;1,530820;1,526548;18
7873;417;11;15;22;30;43;48;0;0;0,777514;1,0919;51;4;0;-0,899608;1,405754;1,564254;-0,515371;18
7874;275;10;11;13;22;43;48;0;0;0,611895;0,9263;51;4;0;1,305144;-0,151379;0,327215;-0,257190;18
7875;97;3;10;15;22;32;48;0;0;-0,171007;0,1434;51;4;0;1,379441;-1,372940;1,026841;-1,375355;18
7876;79;3;10;13;22;43;48;0;0;-1,263476;-0,9490;51;4;0;-1,306383;-0,200291;0,347027;-1,367306;18
7877;114;3;10;22;30;32;49;0;0;-0,089899;0,2245;51;4;0;-0,676099;0,067796;1,154384;-0,725878;18
7878;267;10;11;13;15;48;49;0;0;-1,500296;-1,1859;51;4;0;-1,838842;-0,017026;-0,395320;-0,749405;18
7879;171;3;11;15;22;48;49;0;0;-0,605642;-0,2912;51;4;0;-1,031485;-0,930256;1,467049;-0,716591;18
7880;133;3;11;13;15;30;43;0;0;-0,700061;-0,3856;51;4;0;-0,988145;-1,522772;0,092561;1,018235;18
7881;408;11;13;22;43;48;49;0;0;-0,492030;-0,1776;51;4;0;-1,419685;-0,174907;-0,170573;0,781105;18
7882;38;3;10;11;22;30;43;0;0;-0,921403;-0,6070;51;4;0;-1,724301;-0,353219;0,418847;-0,184132;18
7883;243;3;15;30;32;43;49;0;0;0,344737;0,6592;51;4;0;-1,200510;-0,850387;2,014368;0,726002;18
7884;252;3;30;32;43;48;49;0;0;0,465159;0,7796;51;4;0;0,007430;1,731421;-0,465902;-0,342631;18
7885;307;10;11;15;43;48;49;0;0;-1,533731;-1,2193;51;4;0;0,681672;-1,688082;-0,157571;-1,903480;18
7886;228;3;13;30;32;43;49;0;0;-0,201034;0,1134;51;4;0;-1,014768;-0,120422;0,632450;0,100672;18
7887;240;3;15;22;32;48;49;0;0;1,302544;1,6170;51;4;0;-0,172121;1,358700;0,495621;0,922888;18
7888;222;3;13;22;30;48;49;0;0;0,303254;0,6177;51;4;0;-0,591277;0,428134;-0,778567;1,548218;18
7889;300;10;11;15;30;32;49;0;0;-1,012725;-0,6983;51;4;0;0,243941;-0,690030;-1,213202;-0,366159;18
7890;348;10;13;22;30;48;49;0;0;0,168901;0,4833;51;4;0;-1,407302;0,493763;-0,251061;1,502402;18
7891;213;3;13;15;32;43;48;0;0;0,546266;0,8607;51;4;0;1,879086;0,934590;-1,971647;0,250504;18
7892;48;3;10;11;30;32;48;0;0;-2,893668;-2,5792;51;4;0;-2,412783;-0,636165;-1,592115;-1,146273;18
7893;44;3;10;11;22;43;48;0;0;0,053122;0,3676;51;4;0;0,632760;0,844196;-0,434326;-0,936385;18
7894;459;15;22;30;43;48;49;0;0;-1,190727;-0,8763;51;4;0;1,084112;0,497478;-2,294218;-1,668826;18
7895;188;3;11;22;32;43;48;0;0;0,235149;0,5496;51;4;0;-0,858126;1,751853;0,341455;-0,764884;18
7896;311;10;11;22;30;43;48;0;0;-0,554253;-0,2398;51;4;0;-0,537412;-0,222580;-1,656506;1,307992;18
7897;94;3;10;15;22;30;48;0;0;0,437917;0,7523;51;4;0;-0,505836;0,594683;0,222580;0,564407;18
7898;166;3;11;15;22;32;43;0;0;-0,409684;-0,0953;51;4;0;0,208650;0,651643;0,864008;-2,543669;18
7899;2;3;10;11;13;15;30;0;0;-0,126428;0,1880;51;4;0;0,464973;-1,385942;-0,384795;1,052907;18
7900;129;3;11;13;15;22;43;0;0;-1,061018;-0,7466;51;4;0;-0,630902;-0,400273;-0,428754;-0,662107;18
7901;92;3;10;15;22;30;32;0;0;-0,500698;-0,1863;51;4;0;0,160357;-1,275116;0,429992;-0,316628;18
7902;357;10;13;32;43;48;49;0;0;-1,442717;-1,1283;51;4;0;-2,683347;0,411418;-0,160047;-0,453457;18
7903;190;3;11;22;32;48;49;0;0;0,027428;0,3419;51;4;0;-0,542985;-0,900537;0,026313;1,472064;18
7904;169;3;11;15;22;43;48;0;0;-0,153051;0,1614;51;4;0;1,602950;-0,439279;-0,817573;-0,652201;18
7905;346;10;13;22;30;43;48;0;0;-1,003748;-0,6893;51;4;0;-0,251370;-0,238678;0,200910;-1,718357;18
7906;454;13;22;32;43;48;49;0;0;-0,752068;-0,4376;51;4;0;-0,108349;0,434945;-1,247255;-0,583476;18
7907;61;3;10;13;15;22;49;0;0;-1,657558;-1,3431;51;4;0;-1,774451;-0,819430;-0,611399;-0,109835;18
7908;130;3;11;13;15;22;48;0;0;-0,864132;-0,5497;51;4;0;-0,493454;0,063462;-0,123518;-1,174754;18
7909;149;3;11;13;22;43;48;0;0;-2,182897;-1,8685;51;4;0;-2,090212;-2,322699;-0,696221;0,743338;18
7910;304;10;11;15;32;43;48;0;0;0,168282;0,4827;51;4;0;0,777019;-0,360648;-1,164909;1,085102;18
7911;167;3;11;15;22;32;48;0;0;0,268892;0,5833;51;4;0;-1,494601;0,838004;-0,063462;1,257842;18
7912;284;10;11;13;32;43;48;0;0;-1,629388;-1,3150;51;4;0;-0,205554;-1,662697;-0,278922;-1,111602;18
7913;344;10;13;22;30;32;48;0;0;-1,578927;-1,2645;51;4;0;-1,215369;-1,325266;1,059656;-1,676875;18
7914;462;22;30;32;43;48;49;0;0;-1,128504;-0,8141;51;4;0;-1,238896;-1,938833;-0,050460;0,971181;18
7915;74;3;10;13;22;30;48;0;0;-0,934714;-0,6203;51;4;0;-1,279140;-0,634308;0,543913;-0,499893;18
7916;260;10;11;13;15;30;48;0;0;0,083150;0,3976;51;4;0;-0,121970;0,012692;-0,034362;0,309941;18
7917;8;3;10;11;13;22;32;0;0;0,634493;0,9489;51;4;0;0,230320;0,882582;0,347027;-0,190942;18
7918;106;3;10;15;30;43;49;0;0;-0,205059;0,1094;51;4;0;0,432159;1,479432;-1,040463;-1,281246;18
7919;212;3;13;15;30;48;49;0;0;-0,722968;-0,4085;51;4;0;0,322571;-1,184722;-0,184194;-0,399592;18
7920;316;10;11;22;32;48;49;0;0;-0,810267;-0,4958;51;4;0;-0,463735;0,311736;-0,963070;-0,505465;18
7921;85;3;10;13;30;43;48;0;0;1,143116;1,4575;51;4;0;0,682291;-0,651024;1,298643;0,956322;18
7922;327;10;13;15;22;32;43;0;0;-0,805933;-0,4915;51;4;0;-0,626568;-0,655358;-0,277065;-0,052874;18
7923;429;11;22;30;32;43;48;0;0;0,123704;0,4381;51;4;0;0,588801;0,953783;-0,501812;-0,793364;18
7924;110;3;10;15;32;48;49;0;0;-1,242426;-0,9280;51;4;0;0,467450;-0,960594;-0,067796;-1,923912;18
7925;124;3;10;30;32;48;49;0;0;-1,923478;-1,6090;51;4;0;-1,353437;-1,716562;-0,823764;0,046807;18
7926;361;10;15;22;30;43;48;0;0;-1,259761;-0,9453;51;4;0;-0,431540;-1,021269;-0,320404;-0,746310;18
7927;199;3;13;15;22;30;48;0;0;0,208217;0,5226;51;4;0;0,086060;-0,931494;0,956260;0,305607;18
7928;220;3;13;22;30;43;48;0;0;-0,642171;-0,3277;51;4;0;-0,437731;-1,096804;-0,861531;1,111725;18
7929;416;11;15;22;30;32;49;0;0;-0,015602;0,2988;51;4;0;0,003715;0,327834;-0,709223;0,346470;18
7930;458;15;22;30;32;48;49;0;0;0,812806;1,1272;51;4;0;0,947282;1,397706;-1,592734;0,873357;18
7931;10;3;10;11;13;22;48;0;0;-0,389253;-0,0748;51;4;0;0,707056;-1,358081;0,123518;-0,250999;18
7932;335;10;13;15;30;32;49;0;0;0,066433;0,3809;51;4;0;0,762779;-2,255213;-0,808286;2,433586;18
7933;273;10;11;13;22;32;48;0;0;-0,164505;0,1499;51;4;0;-0,228462;0,889393;-0,432468;-0,557472;18
7934;303;10;11;15;30;48;49;0;0;1,358576;1,6730;51;4;0;2,163270;0,134044;1,090613;-0,670775;18
7935;128;3;11;13;15;22;32;0;0;-0,574994;-0,2606;51;4;0;-1,954621;-0,223199;1,395848;-0,368016;18
7936;140;3;11;13;15;43;49;0;0;0,163329;0,4778;51;4;0;-0,850077;0,652882;0,117946;0,405907;18
7937;46;3;10;11;22;48;49;0;0;-1,892831;-1,5784;51;4;0;-1,257471;-0,774233;-1,122189;-0,631769;18
7938;159;3;11;13;32;43;49;0;0;1,271278;1,5857;51;4;0;1,384394;0,008978;0,156333;0,992851;18
7939;281;10;11;13;30;43;48;0;0;1,060151;1,3746;51;4;0;-0,726250;0,819430;1,987126;0,039996;18
7940;161;3;11;13;43;48;49;0;0;-1,345822;-1,0314;51;4;0;1,469835;-0,197196;-2,187726;-1,776557;18
7941;156;3;11;13;30;43;49;0;0;-1,207444;-0,8930;51;4;0;-0,655668;-0,907967;-0,588491;-0,262762;18
7942;407;11;13;22;32;48;49;0;0;0,266106;0,5805;51;4;0;-1,373869;0,863389;1,428043;-0,385352;18
7943;93;3;10;15;22;30;43;0;0;-0,470050;-0,1556;51;4;0;1,008577;-0,399654;-0,447947;-1,101076;18
7944;433;11;22;32;43;48;49;0;0;0,534812;0,8492;51;4;0;0,768351;0,153237;0,508003;-0,359967;18
7945;67;3;10;13;15;32;48;0;0;0,883078;1,1975;51;4;0;0,218556;0,483238;0,795284;0,269078;18
7946;356;10;13;30;43;48;49;0;0;1,276540;1,5910;51;4;0;0,359100;0,274588;0,985359;0,934033;18
7947;214;3;13;15;32;43;49;0;0;-1,842681;-1,5283;51;4;0;-1,688391;-1,517199;-0,366221;-0,113550;18
7948;276;10;11;13;22;43;49;0;0;0,100177;0,4146;51;4;0;-0,219175;1,674461;-0,641737;-0,613195;18
7949;217;3;13;22;30;32;43;0;0;0,050336;0,3648;51;4;0;1,649385;-0,574870;-0,460949;-0,512894;18
7950;328;10;13;15;22;32;48;0;0;-0,991365;-0,6769;51;4;0;-0,694674;-1,237968;0,355076;-0,405164;18
7951;238;3;15;22;32;43;48;0;0;0,797017;1,1114;51;4;0;0,872366;-0,322881;-0,022599;1,067147;18
7952;286;10;11;13;32;48;49;0;0;-1,966818;-1,6524;51;4;0;-1,939761;0,134044;-1,649076;-0,478842;18
7953;43;3;10;11;22;32;49;0;0;-0,014984;0,2994;51;4;0;-0,832122;0,119803;0,165000;0,517352;18
7954;191;3;11;22;43;48;49;0;0;-0,059561;0,2549;51;4;0;-0,378913;0,384176;-0,696221;0,571836;18
7955;385;11;13;15;22;32;49;0;0;-2,199614;-1,8852;51;4;0;-0,344860;-0,807047;-1,834198;-1,413122;18
7956;364;10;15;22;32;43;48;0;0;-0,854845;-0,5404;51;4;0;0,768970;-1,367368;-0,522863;-0,588429;18
7957;421;11;15;22;32;43;49;0;0;0,425225;0,7397;51;4;0;1,085350;-1,429282;-0,141473;1,335854;18
7958;412;11;13;30;43;48;49;0;0;1,224222;1,5387;51;4;0;-1,393681;0,601493;2,089283;1,151350;18
7959;81;3;10;13;22;48;49;0;0;-0,600379;-0,2859;51;4;0;0,318856;-0,233106;0,019503;-1,306011;18
7960;153;3;11;13;30;32;48;0;0;-1,132838;-0,8184;51;4;0;-0,295948;-0,792807;-0,415752;-0,761169;18
7961;84;3;10;13;30;32;49;0;0;-0,271616;0,0428;51;4;0;-1,077920;0,803952;0,289447;-0,558711;18
7962;87;3;10;13;30;48;49;0;0;-0,762283;-0,4479;51;4;0;0,417919;1,398325;-0,597159;-2,743651;18
7963;21;3;10;11;13;48;49;0;0;-0,963194;-0,6488;51;4;0;-0,297187;-1,240444;-0,028790;-0,359967;18
7964;225;3;13;22;32;48;49;0;0;0,514380;0,8288;51;4;0;0,343622;1,442284;-0,051698;-0,705447;18
7965;5;3;10;11;13;15;48;0;0;-0,768784;-0,4544;51;4;0;0,535555;-1,062132;-0,436183;-0,574808;18
7966;444;13;15;22;43;48;49;0;0;0,323067;0,6375;51;4;0;1,849986;-2,056469;0,499335;0,353281;18
7967;432;11;22;30;43;48;49;0;0;-0,762284;-0,4479;51;4;0;-0,557225;-0,099991;-1,009506;0,142154;18
7968;249;3;22;30;32;48;49;0;0;0,124632;0,4391;51;4;0;-0,165310;1,371083;-0,384176;-0,572332;18
7969;193;3;11;30;32;43;49;0;0;-1,221065;-0,9066;51;4;0;-0,642047;-0,161286;-0,864627;-0,774171;18
7970;274;10;11;13;22;32;49;0;0;0,714053;1,0285;51;4;0;0,491596;-0,381080;1,289356;0,028233;18
7971;390;11;13;15;30;32;48;0;0;0,574746;0,8892;51;4;0;0,676099;-0,634308;0,150760;0,956941;18
7972;162;3;11;15;22;30;32;0;0;-1,215803;-0,9014;51;4;0;-2,234472;-0,479523;-0,184194;0,466583;18
7973;143;3;11;13;22;30;43;0;0;-0,114974;0,1995;51;4;0;0,431540;-0,527816;0,756897;-0,890569;18
7974;26;3;10;11;15;22;49;0;0;-0,582734;-0,2683;51;4;0;0,092871;-0,397797;-1,341983;0,481442;18
7975;244;3;15;30;32;48;49;0;0;0,837571;1,1520;51;4;0;0,863698;0,319166;-0,028790;0,521067;18
7976;132;3;11;13;15;30;32;0;0;0,071077;0,3855;51;4;0;0,617900;-1,020650;-0,869580;1,414484;18
7977;277;10;11;13;22;48;49;0;0;-0,240350;0,0741;51;4;0;0,351052;0,865865;-0,215151;-1,482466;18
7978;396;11;13;15;32;43;49;0;0;-1,057922;-0,7435;51;4;0;-0,678576;-0,620687;0,823145;-1,639727;18
7979;63;3;10;13;15;30;43;0;0;-0,412470;-0,0980;51;4;0;0,481071;0,149522;-1,171720;-0,283813;18
7980;302;10;11;15;30;43;49;0;0;-0,262949;0,0515;51;4;0;0,739252;0,472093;-0,491906;-1,245336;18
7981;20;3;10;11;13;43;49;0;0;1,819834;2,1343;51;4;0;1,024675;0,988455;0,091323;1,535216;18
7982;391;11;13;15;30;32;49;0;0;-1,085164;-0,7707;51;4;0;-0,312046;-0,815096;-0,588491;-0,454695;18
7983;103;3;10;15;30;32;48;0;0;0,081603;0,3960;51;4;0;0,673623;0,363125;0,723464;-1,597006;18
7984;439;13;15;22;30;43;49;0;0;0,924250;1,2387;51;4;0;0,617281;1,070181;-0,267158;0,428196;18
7985;372;10;15;32;43;48;49;0;0;1,079035;1,3935;51;4;0;1,331148;-0,535865;0,456615;0,906171;18
7986;109;3;10;15;32;43;49;0;0;-0,077207;0,2372;51;4;0;-0,692816;-0,086370;-0,502431;1,127204;18
7987;305;10;11;15;32;43;49;0;0;-0,249327;0,0651;51;4;0;1,379441;-1,283784;-1,547537;0,953226;18
7988;223;3;13;22;32;43;48;0;0;-1,883853;-1,5694;51;4;0;-1,523081;-0,636165;-0,535245;-1,073215;18
7989;226;3;13;22;43;48;49;0;0;0,937562;1,2520;51;4;0;-0,481690;0,804571;0,332168;1,220075;18
7990;431;11;22;30;32;48;49;0;0;0,254342;0,5688;51;4;0;1,032723;0,080798;-1,018174;0,413337;18
7991;83;3;10;13;30;32;48;0;0;-1,594406;-1,2800;51;4;0;-1,768879;-0,777329;1,625549;-2,268153;18
7992;261;10;11;13;15;30;49;0;0;0,230196;0,5446;51;4;0;0,380770;-0,148284;1,081945;-0,854040;18
7993;310;10;11;22;30;32;49;0;0;0,881220;1,1956;51;4;0;-1,027151;1,052226;1,919020;-0,181655;18
7994;330;10;13;15;22;43;48;0;0;-1,058541;-0,7441;51;4;0;-0,949759;0,026933;-0,732751;-0,461506;18
7995;378;10;30;32;43;48;49;0;0;-0,187103;0,1273;51;4;0;-0,641428;0,319785;0,549486;-0,602050;18
7996;399;11;13;22;30;32;43;0;0;-3,042881;-2,7285;51;4;0;-2,667249;-0,992170;-1,743804;-0,682538;18
7997;202;3;13;15;22;32;48;0;0;0,231124;0,5456;51;4;0;0,325667;1,068943;-0,299354;-0,633007;18
7998;59;3;10;13;15;22;43;0;0;-0,089280;0,2252;51;4;0;0,295948;-0,824383;0,413894;-0,064019;18
7999;19;3;10;11;13;43;48;0;0;-0,425163;-0,1107;51;4;0;1,225895;0,545771;-1,322790;-1,299201;18
8000;362;10;15;22;30;43;49;0;0;0,766680;1,0811;51;4;0;-0,269325;0,237440;1,024365;0,540880;18
