# elotto v3 mode=649 focus=off score=high items=6258/6468 ranked=6210 excl=48 void=0 blocks=40 paused_ms=0 pass_mean=-0,000810 pass_sigma=0,996517 pass_chi2=6165,8305 pass_stouffer=-0,0638 v_eff=1,0062 null_flags=0 drift_t=2.54 unlimited=on runs_cap=500 rounds=14 run_s=2,00 run_segs=52174 gap_s=0,80
# nodes=master,192.168.178.145,192.168.178.103,192.168.178.155
order;item;n1;n2;n3;n4;n5;n6;e1;e2;z_raw;z_ctr;block;k;skip_rank;z0;z1;z2;z3;round
1;97;3;5;23;24;26;40;0;0;0,278148;0,3768;0;4;0;0,803642;-0,089342;2,493024;-2,651028;1
2;247;3;24;25;26;38;40;0;0;-0,406310;-0,3077;0;4;0;1,090303;-1,154260;0,579266;-1,327929;1
3;334;5;22;23;25;26;40;0;0;1,209642;1,3083;0;4;0;0,772685;-0,500450;1,351332;0,795717;1
4;14;3;5;13;22;25;40;0;0;0,307867;0,4065;0;4;0;1,359629;0,100734;-0,025013;-0,819616;1
5;32;3;5;13;23;26;40;0;0;-0,680589;-0,5820;0;4;0;0,254466;-0,747486;-0,290005;-0,578152;1
6;172;3;13;23;25;26;38;0;0;-0,408167;-0,3096;0;4;0;-1,482837;0,204130;0,113055;0,349318;1
7;394;13;22;23;25;40;41;0;0;-0,147510;-0,0489;0;4;0;-0,051389;-0,499831;2,180978;-1,924778;1
8;233;3;23;24;25;26;40;0;0;-0,540973;-0,4424;0;4;0;-0,411108;-0,748724;1,066528;-0,988641;1
9;110;3;5;23;26;40;41;0;0;0,151844;0,2505;0;4;0;2,203515;-0,349380;-1,161133;-0,389314;1
10;448;22;23;25;38;40;41;0;0;1,197259;1,2959;0;4;0;0,566512;1,948244;1,584747;-1,704984;1
11;399;13;22;24;25;26;38;0;0;-0,175991;-0,0774;0;4;0;1,941000;-0,504165;-1,411265;-0,377551;1
12;261;5;13;22;23;25;41;0;0;-0,650869;-0,5523;0;4;0;-0,382009;0,311241;-0,396496;-0,834475;1
13;31;3;5;13;23;26;38;0;0;-0,017181;0,0814;0;4;0;1,485933;-0,931370;1,658425;-2,247350;1
14;187;3;13;24;25;40;41;0;0;1,357926;1,4565;0;4;0;1,443831;0,042535;1,173020;0,056465;1
15;424;13;23;25;26;38;40;0;0;0,105408;0,2040;0;4;0;1,025913;-1,115874;0,377427;-0,076649;1
16;385;13;22;23;24;26;41;0;0;0,445934;0,5445;0;4;0;-0,086060;0,381204;2,129589;-1,532864;1
17;304;5;13;23;26;38;40;0;0;-1,159492;-1,0609;0;4;0;0,284804;-1,839647;-1,057117;0,292976;1
18;42;3;5;13;24;26;40;0;0;-0,019348;0,0793;0;4;0;-1,290904;0,738447;-1,084359;1,598121;1
19;85;3;5;22;25;38;40;0;0;1,320159;1,4188;0;4;0;0,609232;1,573046;2,060246;-1,602207;1
20;59;3;5;22;23;24;38;0;0;2,038669;2,1373;0;4;0;1,596759;-0,234220;0,696902;2,017897;1
21;298;5;13;23;25;26;38;0;0;1,404052;1,5027;0;4;0;1,570136;-0,047240;1,468349;-0,183141;1
22;196;3;13;26;38;40;41;0;0;0,245334;0,3439;0;4;0;1,479122;0,432592;-1,047211;-0,373836;1
23;255;5;13;22;23;24;38;0;0;0,514040;0,6126;0;4;0;0,889083;-0,227410;0,558835;-0,192428;1
24;220;3;22;24;25;38;40;0;0;0,331703;0,4303;0;4;0;1,381298;-0,215646;0,008420;-0,510666;1
25;158;3;13;22;26;38;40;0;0;-0,596385;-0,4978;0;4;0;-1,145406;0,423305;0,181160;-0,651829;1
26;155;3;13;22;25;38;40;0;0;-0,104170;-0,0056;0;4;0;0,236511;1,825035;-1,928245;-0,341641;1
27;420;13;23;24;26;38;40;0;0;0,678421;0,7770;0;4;0;-0,316999;1,067209;1,013282;-0,406650;1
28;391;13;22;23;25;26;41;0;0;-1,180233;-1,0816;0;4;0;-2,073495;-0,349999;-0,651582;0,714610;1
29;454;22;24;26;38;40;41;0;0;0,399809;0,4984;0;4;0;-1,821506;0,405350;2,648428;-0,432654;1
30;285;5;13;22;26;38;41;0;0;0,780889;0,8795;0;4;0;1,250660;0,690154;1,974186;-2,353222;1
31;171;3;13;23;24;40;41;0;0;0,440362;0,5390;0;4;0;0,060056;-0,369192;1,714766;-0,524906;1
32;441;22;23;24;26;38;40;0;0;-0,688018;-0,5894;0;4;0;-1,729254;1,353251;-0,665203;-0,334830;1
33;4;3;5;13;22;23;38;0;0;-0,672849;-0,5742;0;4;0;-1,528034;-0,201406;1,172401;-0,788659;1
34;56;3;5;13;38;40;41;0;0;1,270937;1,3695;0;4;0;0,593135;-0,308517;1,520357;0,736899;1
35;243;3;23;25;26;38;41;0;0;-0,440053;-0,3414;0;4;0;0,056342;-1,044673;1,112964;-1,004738;1
36;192;3;13;25;26;38;40;0;0;-0,992324;-0,8937;0;4;0;-1,091542;-0,748724;-1,006967;0,862584;1
37;438;22;23;24;25;38;40;0;0;-0,981799;-0,8832;0;4;0;0,567131;0,255519;0,222023;-3,008271;1
38;208;3;22;23;25;26;40;0;0;0,170727;0,2693;0;4;0;-0,509551;0,291429;1,490019;-0,930442;1
39;382;13;22;23;24;25;41;0;0;0,736001;0,8346;0;4;0;0,610471;0,822650;-0,754359;0,793240;1
40;231;3;22;26;38;40;41;0;0;-1,818565;-1,7200;0;4;0;-0,339907;-0,572889;0,396620;-3,120954;1
41;248;3;24;25;26;38;41;0;0;-0,156178;-0,0576;0;4;0;0,594992;0,199796;0,441198;-1,548342;1
42;102;3;5;23;25;26;38;0;0;0,288673;0,3873;0;4;0;1,452499;-0,299849;0,463487;-1,038791;1
43;389;13;22;23;25;26;38;0;0;-1,393527;-1,2949;0;4;0;-0,180788;-1,624806;0,234406;-1,215865;1
44;257;5;13;22;23;24;41;0;0;-3,286233;-3,1876;0;4;0;-0,967714;-0,693621;-2,133180;-2,777951;1
45;449;22;23;26;38;40;41;0;0;1,590722;1,6893;0;4;0;0,234654;0,541561;1,969232;0,435997;1
46;416;13;23;24;25;26;41;0;0;0,289292;0,3879;0;4;0;0,326905;0,687677;0,356376;-0,792374;1
47;50;3;5;13;25;38;40;0;0;-1,371856;-1,2732;0;4;0;-0,972048;-0,891126;0,149584;-1,030123;1
48;165;3;13;23;24;25;41;0;0;0,663562;0,7622;0;4;0;2,095165;0,317432;-0,837942;-0,247532;1
49;269;5;13;22;24;25;38;0;0;0,059283;0,1579;0;4;0;-0,529364;-0,239173;1,287561;-0,400459;1
50;235;3;23;24;25;38;40;0;0;0,321488;0,4201;0;4;0;0,450114;-0,729531;0,627559;0,294834;1
51;410;13;22;25;26;38;41;0;0;-0,537877;-0,4393;0;4;0;-0,751015;0,166982;0,914839;-1,406559;1
52;89;3;5;22;26;38;41;0;0;0,584003;0,6826;0;4;0;-0,762160;-0,322757;1,301801;0,951121;1
53;387;13;22;23;24;38;41;0;0;-1,071265;-0,9727;0;4;0;0,638951;-2,112687;-0,381637;-0,287157;1
54;439;22;23;24;25;38;41;0;0;-0,881499;-0,7829;0;4;0;0,690959;-0,272607;-0,748786;-1,432563;1
55;54;3;5;13;26;38;41;0;0;-0,925148;-0,8265;0;4;0;0,042101;-0,059623;0,235644;-2,068418;1
56;435;22;23;24;25;26;38;0;0;1,478658;1,5773;0;4;0;-0,193790;-0,270130;2,658953;0,762284;1
57;293;5;13;23;24;26;40;0;0;0,526732;0,6253;0;4;0;0,677338;-1,041577;1,627468;-0,209764;1
58;203;3;22;23;24;26;41;0;0;0,822371;0,9210;0;4;0;1,412874;0,407827;0,662231;-0,838190;1
59;455;22;25;26;38;40;41;0;0;-0,404453;-0,3058;0;4;0;0,829027;-1,536269;-0,107359;0,005696;1
60;405;13;22;24;26;38;40;0;0;0,699782;0,7984;0;4;0;0,897132;0,337864;0,585458;-0,420890;1
61;295;5;13;23;24;38;40;0;0;-0,518374;-0,4198;0;4;0;-0,639570;0,433830;-0,188466;-0,642542;1
62;263;5;13;22;23;26;40;0;0;-0,611554;-0,5129;0;4;0;-1,243230;-0,000805;0,369378;-0,348451;1
63;99;3;5;23;24;38;40;0;0;-1,485778;-1,3872;0;4;0;-1,020960;-0,680619;0,347708;-1,617686;1
64;428;13;23;26;38;40;41;0;0;0,520231;0,6188;0;4;0;1,329910;-0,772871;-0,114788;0,598212;1
65;359;5;23;24;25;26;40;0;0;0,741264;0,8399;0;4;0;-0,975763;-0,498592;3,710250;-0,753368;1
66;140;3;13;22;23;38;41;0;0;-0,719594;-0,6210;0;4;0;-1,001766;1,547661;-0,550043;-1,435040;1
67;198;3;22;23;24;25;38;0;0;-0,333870;-0,2353;0;4;0;-0,412966;-1,239082;1,185403;-0,201096;1
68;10;3;5;13;22;24;40;0;0;1,210261;1,3089;0;4;0;1,632669;1,262238;0,683281;-1,157665;1
69;3;3;5;13;22;23;26;0;0;-0,424575;-0,3260;0;4;0;0,256943;-2,154169;1,013901;0,034176;1
70;65;3;5;22;23;25;41;0;0;-0,713712;-0,6151;0;4;0;-1,966384;0,483981;1,156303;-1,101324;1
71;106;3;5;23;25;38;41;0;0;0,379996;0,4786;0;4;0;0,036529;1,411450;-0,069591;-0,618396;1
72;348;5;22;24;25;40;41;0;0;0,339752;0,4384;0;4;0;-0,994956;0,750210;1,501783;-0,577533;1
73;306;5;13;23;26;40;41;0;0;-1,565028;-1,4664;0;4;0;-0,757826;-0,510356;-0,154413;-1,707461;1
74;413;13;22;26;38;40;41;0;0;-0,645297;-0,5467;0;4;0;-2,063589;0,822650;-0,405164;0,355509;1
75;181;3;13;23;38;40;41;0;0;0,315606;0,4142;0;4;0;-0,089775;1,843609;-0,850325;-0,272297;1
76;344;5;22;24;25;26;40;0;0;0,548402;0,6470;0;4;0;-0,365292;1,059161;1,444822;-1,041887;1
77;230;3;22;25;38;40;41;0;0;-1,289511;-1,1909;0;4;0;-1,247564;-0,478161;0,725383;-1,578680;1
78;326;5;22;23;24;25;41;0;0;0,029564;0,1282;0;4;0;0,572703;-0,982140;-0,184132;0,652696;1
79;76;3;5;22;24;26;38;0;0;-0,270100;-0,1715;0;4;0;-0,980097;1,527229;0,249265;-1,336597;1
80;20;3;5;13;22;38;41;0;0;-1,086124;-0,9875;0;4;0;-0,936138;-1,543079;0,606508;-0,299539;1
81;9;3;5;13;22;24;38;0;0;-1,516735;-1,4181;0;4;0;-0,564035;-0,285609;-0,077640;-2,106186;1
82;130;3;13;22;23;24;40;0;0;-0,007275;0,0913;0;4;0;-1,586852;-0,046002;0,726621;0,891684;1
83;63;3;5;22;23;25;38;0;0;-1,210881;-1,1123;0;4;0;0,052008;-2,323194;1,039286;-1,189861;1
84;271;5;13;22;24;25;41;0;0;0,062997;0,1616;0;4;0;-1,110116;-0,634803;2,056531;-0,185618;1
85;33;3;5;13;23;26;41;0;0;-0,873450;-0,7748;0;4;0;-0,572703;0,576232;0,802156;-2,552585;1
86;339;5;22;23;26;38;40;0;0;-0,973131;-0,8745;0;4;0;-0,156023;-1,647095;1,606417;-1,749562;1
87;373;5;24;25;26;38;40;0;0;-0,099217;-0,0006;0;4;0;-1,235801;1,026346;0,738385;-0,727364;1
88;84;3;5;22;25;26;41;0;0;-0,913075;-0,8145;0;4;0;-1,089065;-0,237935;-0,036777;-0,462373;1
89;249;3;24;25;26;40;41;0;0;0,133888;0,2325;0;4;0;-0,000000;-0,011330;2,200790;-1,921683;1
90;369;5;23;25;26;38;41;0;0;0,427051;0,5257;0;4;0;0,422253;-0,182832;0,539641;0,075040;1
91;129;3;13;22;23;24;38;0;0;0,814322;0,9129;0;4;0;-0,849458;1,319199;0,937747;0,221156;1
92;328;5;22;23;24;26;40;0;0;-0,122745;-0,0241;0;4;0;0,432778;-0,260843;0,272173;-0,689597;1
93;238;3;23;24;26;38;40;0;0;-1,370309;-1,2717;0;4;0;0,434635;-0,314089;0,520448;-3,381612;1
94;209;3;22;23;25;26;41;0;0;-0,490822;-0,3922;0;4;0;-1,415970;-0,565459;1,993998;-0,994213;1
95;259;5;13;22;23;25;38;0;0;0,070737;0,1693;0;4;0;-0,194410;0,127976;2,372292;-2,164385;1
96;167;3;13;23;24;26;40;0;0;-0,373186;-0,2746;0;4;0;-1,098352;-0,676904;0,048045;0,980839;1
97;157;3;13;22;25;40;41;0;0;-1,541500;-1,4429;0;4;0;-1,635764;-0,935085;-0,386590;-0,125561;1
98;100;3;5;23;24;38;41;0;0;-0,093954;0,0047;0;4;0;-0,092252;-1,016811;1,644185;-0,723030;1
99;64;3;5;22;23;25;40;0;0;-1,139060;-1,0405;0;4;0;-0,124447;-1,392009;-0,657773;-0,103891;1
100;303;5;13;23;25;40;41;0;0;0,983656;1,0823;0;4;0;-0,546080;-0,417485;1,969232;0,961646;1
101;5;3;5;13;22;23;40;0;0;0,749313;0,8479;0;4;0;0,647619;-0,115346;1,920940;-0,954588;1
102;284;5;13;22;26;38;40;0;0;-1,658827;-1,5602;0;4;0;-0,441446;-2,319479;0,548309;-1,105039;1
103;23;3;5;13;23;24;26;0;0;-0,487107;-0,3885;0;4;0;-0,138068;-0,115346;0,270316;-0,991117;1
104;434;13;25;26;38;40;41;0;0;2,703005;2,8016;0;4;0;1,897660;0,514938;1,150112;1,843300;1
105;41;3;5;13;24;26;38;0;0;-0,144724;-0,0461;0;4;0;0,983811;-0,805685;-0,077640;-0,389934;1
106;96;3;5;23;24;26;38;0;0;-1,084267;-0,9857;0;4;0;-2,233233;0,023342;-0,250380;0,291738;1
107;360;5;23;24;25;26;41;0;0;-0,546545;-0,4479;0;4;0;-0,715105;-1,509646;2,342573;-1,210911;1
108;307;5;13;23;38;40;41;0;0;-0,852709;-0,7541;0;4;0;-0,853173;-1,961617;1,618181;-0,508808;1
109;92;3;5;23;24;25;26;0;0;0,940007;1,0386;0;4;0;-0,212984;1,361300;2,139496;-1,407798;1
110;225;3;22;24;26;40;41;0;0;0,511873;0,6105;0;4;0;-1,646290;-0,347523;2,813738;0,203820;1
111;93;3;5;23;24;25;38;0;0;-0,019968;0,0786;0;4;0;0,919421;-2,067490;1,494353;-0,386219;1
112;173;3;13;23;25;26;40;0;0;-0,531995;-0,4334;0;4;0;-0,088537;-1,009382;1,335854;-1,301925;1
113;278;5;13;22;25;26;38;0;0;-0,037303;0,0613;0;4;0;-0,066867;-0,441632;1,007091;-0,573199;1
114;103;3;5;23;25;26;40;0;0;0,377210;0,4758;0;4;0;2,095165;-0,808162;-0,325915;-0,206668;1
115;213;3;22;23;26;38;40;0;0;-0,781817;-0,6832;0;4;0;0,625949;-1,486738;1,201501;-1,904347;1
116;327;5;22;23;24;26;38;0;0;-0,711236;-0,6126;0;4;0;-0,775162;-0,008235;-0,460268;-0,178807;1
117;268;5;13;22;24;25;26;0;0;0,202613;0,3012;0;4;0;0,287280;-0,036096;0,409622;-0,255580;1
118;73;3;5;22;24;25;38;0;0;-0,483393;-0,3848;0;4;0;0,930565;-0,265177;0,442436;-2,074610;1
119;184;3;13;24;25;26;41;0;0;0,039470;0,1381;0;4;0;-0,214841;-0,391481;0,383618;0,301644;1
120;17;3;5;13;22;26;40;0;0;-1,057334;-0,9587;0;4;0;-1,455595;-0,826117;-0,546328;0,713372;1
121;128;3;13;22;23;24;26;0;0;-0,527042;-0,4284;0;4;0;-1,139834;0,196700;0,686996;-0,797946;1
122;388;13;22;23;24;40;41;0;0;-1,799682;-1,7011;0;4;0;-1,483456;1,026965;-1,170420;-1,972452;1
123;51;3;5;13;25;38;41;0;0;0,251525;0,3501;0;4;0;0,461877;0,560135;0,441198;-0,960160;1
124;357;5;22;26;38;40;41;0;0;0,243476;0,3421;0;4;0;-0,218556;0,282141;0,168158;0,255209;1
125;423;13;23;24;38;40;41;0;0;-2,199026;-2,1004;0;4;0;-0,859984;-2,700869;-1,161133;0,323933;1
126;80;3;5;22;24;38;41;0;0;1,459155;1,5578;0;4;0;1,092780;-1,079964;1,232457;1,673037;1
127;332;5;22;23;24;40;41;0;0;0,071666;0,1703;0;4;0;0,314522;-0,605084;0,595364;-0,161471;1
128;264;5;13;22;23;26;41;0;0;0,779650;0,8783;0;4;0;-0,680433;0,457358;2,114730;-0,332354;1
129;122;3;5;25;26;38;40;0;0;-0,215924;-0,1173;0;4;0;-0,350432;-0,386528;0,140297;0,164815;1
130;13;3;5;13;22;25;38;0;0;1,715169;1,8138;0;4;0;1,786215;-0,195834;1,554410;0,285547;1
131;258;5;13;22;23;25;26;0;0;1,964062;2,0627;0;4;0;0,236511;0,953288;1,315422;1,422904;1
132;452;22;24;25;26;40;41;0;0;1,281153;1,3798;0;4;0;1,063680;0,984864;0,730336;-0,216575;1
133;377;5;24;26;38;40;41;0;0;0,373186;0,4718;0;4;0;-0,282327;0,970624;0,444294;-0,386219;1
134;447;22;23;25;26;40;41;0;0;0,608459;0,7071;0;4;0;-0,016098;-0,876886;1,367430;0,742471;1
135;83;3;5;22;25;26;40;0;0;-1,232550;-1,1339;0;4;0;-1,908805;-1,350527;1,368668;-0,574437;1
136;331;5;22;23;24;38;41;0;0;-2,468042;-2,3694;0;4;0;-1,867322;-1,014335;-0,561187;-1,493239;1
137;453;22;24;25;38;40;41;0;0;0,797915;0,8965;0;4;0;0,459401;1,538374;0,841781;-1,243726;1
138;458;23;24;25;26;40;41;0;0;0,187754;0,2864;0;4;0;0,836456;0,131691;-1,442222;0,849582;1
139;87;3;5;22;25;40;41;0;0;-0,916790;-0,8182;0;4;0;-1,090922;-1,164786;0,781724;-0,359596;1
140;105;3;5;23;25;38;40;0;0;-1,059501;-0,9609;0;4;0;-1,089065;0,137263;0,515495;-1,682695;1
141;297;5;13;23;24;40;41;0;0;1,529737;1,6283;0;4;0;2,041300;1,319818;0,942701;-1,244345;1
142;250;3;24;25;38;40;41;0;0;-1,104698;-1,0061;0;4;0;0,957188;-0,238554;-1,286199;-1,641832;1
143;16;3;5;13;22;26;38;0;0;-0,952390;-0,8538;0;4;0;-0,813548;-0,133920;0,565645;-1,522957;1
144;280;5;13;22;25;26;41;0;0;-0,733834;-0,6352;0;4;0;0,042721;-1,011239;0,346470;-0,845620;1
145;150;3;13;22;24;38;41;0;0;-0,035136;0,0635;0;4;0;-1,946572;0,386157;1,263414;0,226729;1
146;317;5;13;24;38;40;41;0;0;-2,305208;-2,2066;0;4;0;-0,837075;-1,476212;-0,608861;-1,688267;1
147;79;3;5;22;24;38;40;0;0;-0,251216;-0,1526;0;4;0;-0,724392;0,610285;0,483919;-0,872243;1
148;145;3;13;22;24;25;41;0;0;1,995639;2,0942;0;4;0;0,237749;0,766308;1,715386;1,271835;1
149;350;5;22;24;26;38;41;0;0;0,757980;0,8566;0;4;0;0,633998;-0,753058;0,660992;0,974029;1
150;354;5;22;25;26;38;41;0;0;0,111909;0,2105;0;4;0;-1,980006;-0,177879;2,123398;0,258305;1
151;380;13;22;23;24;25;38;0;0;1,477730;1,5763;0;4;0;-0,410489;1,537755;1,301182;0,527011;1
152;30;3;5;13;23;25;41;0;0;-0,061759;0,0368;0;4;0;-0,144878;0,087113;0,401573;-0,467326;1
153;415;13;23;24;25;26;40;0;0;1,615797;1,7144;0;4;0;2,265428;0,466026;1,568650;-1,068510;1
154;335;5;22;23;25;26;41;0;0;-0,369780;-0,2712;0;4;0;0,751634;-0,309755;0,706809;-1,888249;1
155;325;5;22;23;24;25;40;0;0;-0,459556;-0,3609;0;4;0;-1,079159;-0,027428;0,272173;-0,084698;1
156;456;23;24;25;26;38;40;0;0;1,166302;1,2649;0;4;0;0,302140;2,070214;0,663469;-0,703218;1
157;367;5;23;24;38;40;41;0;0;-1,799991;-1,7014;0;4;0;0,027861;-0,922702;-1,099219;-1,605922;1
158;156;3;13;22;25;38;41;0;0;0,163608;0,2622;0;4;0;-0,065629;0,100115;1,007710;-0,714981;1
159;6;3;5;13;22;23;41;0;0;-0,412192;-0,3136;0;4;0;0,447018;-0,276322;0,748910;-1,743990;1
160;62;3;5;22;23;25;26;0;0;-0,372876;-0,2743;0;4;0;-0,391915;0,293286;0,179303;-0,826426;1
161;58;3;5;22;23;24;26;0;0;0,818037;0,9166;0;4;0;1,713776;-0,298611;0,954464;-0,733555;1
162;425;13;23;25;26;38;41;0;0;-0,074761;0,0238;0;4;0;-2,440026;0,522367;2,078820;-0,310684;1
163;418;13;23;24;25;38;41;0;0;-0,135437;-0,0368;0;4;0;1,355295;-1,531316;1,618181;-1,713033;1
164;384;13;22;23;24;26;40;0;0;1,154229;1,2528;0;4;0;-0,293472;1,743309;1,134014;-0,275393;1
165;450;22;24;25;26;38;40;0;0;0,877783;0,9764;0;4;0;-0,683529;-0,624278;3,164170;-0,100796;1
166;392;13;22;23;25;38;40;0;0;-0,014085;0,0845;0;4;0;-0,952854;0,802218;1,054146;-0,931680;1
167;25;3;5;13;23;24;40;0;0;-1,218000;-1,1194;0;4;0;-0,824693;0,111878;-0,213850;-1,509336;1
168;252;3;25;26;38;40;41;0;0;-0,194255;-0,0956;0;4;0;0,639570;0,856702;0,259171;-2,143953;1
169;459;23;24;25;38;40;41;0;0;1,216143;1,3148;0;4;0;0,084822;0,165743;2,175406;0,006315;1
170;55;3;5;13;26;40;41;0;0;-0,624247;-0,5256;0;4;0;0,588182;-1,223604;-0,507941;-0,105130;1
171;288;5;13;23;24;25;26;0;0;-1,335327;-1,2367;0;4;0;-0,865556;-1,492310;0,612080;-0,924869;1
172;29;3;5;13;23;25;40;0;0;-0,638797;-0,5402;0;4;0;-0,142402;1,357585;-0,116027;-2,376750;1
173;300;5;13;23;25;26;41;0;0;-1,923819;-1,8252;0;4;0;-3,343968;0,170077;-0,484414;-0,189333;1
174;120;3;5;24;26;40;41;0;0;0,720523;0,8191;0;4;0;-0,716963;0,407827;2,982762;-1,232581;1
175;22;3;5;13;23;24;25;0;0;-1,617964;-1,5194;0;4;0;-1,403587;-0,942515;-1,225523;0,335697;1
176;12;3;5;13;22;25;26;0;0;-0,655203;-0,5566;0;4;0;0,868652;-0,766679;0,445532;-1,857911;1
177;57;3;5;22;23;24;25;0;0;0,049995;0,1486;0;4;0;0,214841;-1,307807;1,633040;-0,440084;1
178;245;3;23;25;38;40;41;0;0;0,777174;0,8758;0;4;0;-1,083493;0,424543;-0,411356;2,624653;1
179;154;3;13;22;25;26;41;0;0;0,060211;0,1588;0;4;0;-0,863698;0,460453;0,120484;0,403183;1
180;324;5;22;23;24;25;38;0;0;0,900692;0,9993;0;4;0;1,025913;-1,424824;0,966847;1,233448;1
181;37;3;5;13;24;25;26;0;0;0,177228;0,2758;0;4;0;-0,522553;-0,358048;0,820730;0,414328;1
182;163;3;13;23;24;25;38;0;0;-0,192398;-0,0938;0;4;0;0,656287;-1,402535;0,336564;0,024889;1
183;207;3;22;23;25;26;38;0;0;0,213448;0,3121;0;4;0;1,622762;-0,993284;1,069005;-1,271587;1
184;279;5;13;22;25;26;40;0;0;0,028326;0,1269;0;4;0;0,325667;0,470360;-0,216327;-0,523048;1
185;153;3;13;22;25;26;40;0;0;0,850232;0,9488;0;4;0;0,461877;-0,199548;1,160637;0,277498;1
186;178;3;13;23;26;38;40;0;0;-0,775936;-0,6773;0;4;0;-1,186270;-0,210074;1,400863;-1,556391;1
187;136;3;13;22;23;26;38;0;0;-0,766648;-0,6680;0;4;0;-1,958336;-1,019907;0,716096;0,728850;1
188;421;13;23;24;26;38;41;0;0;0,187754;0,2864;0;4;0;-0,591277;0,500697;-0,837323;1,303411;1
189;342;5;22;23;38;40;41;0;0;-0,293936;-0,1953;0;4;0;-1,955859;2,429934;-1,766650;0,704704;1
190;330;5;22;23;24;38;40;0;0;-0,600719;-0,5021;0;4;0;1,672294;-1,699102;0,164443;-1,339073;1
191;426;13;23;25;26;40;41;0;0;0,816179;0,9148;0;4;0;-0,270564;0,843081;1,253508;-0,193667;1
192;21;3;5;13;22;40;41;0;0;0,147510;0,2461;0;4;0;0,856888;-1,198219;1,699288;-1,062937;1
193;15;3;5;13;22;25;41;0;0;0,254930;0,3535;0;4;0;-0,030957;0,655482;-0,135220;0,020555;1
194;368;5;23;25;26;38;40;0;0;-1,109342;-1,0107;0;4;0;-0,939233;-0,206978;0,057332;-1,129804;1
195;229;3;22;25;26;40;41;0;0;-0,661704;-0,5631;0;4;0;-2,434453;1,097547;0,344613;-0,331115;1
196;125;3;5;25;38;40;41;0;0;-1,144632;-1,0460;0;4;0;-0,292233;-0,604465;1,398387;-2,790953;1
197;341;5;22;23;26;40;41;0;0;-0,818037;-0,7194;0;4;0;-0,288519;-0,136396;-0,000248;-1,210911;1
198;266;5;13;22;23;38;41;0;0;0,387426;0,4860;0;4;0;-0,045816;0,275950;1,484447;-0,939729;1
199;190;3;13;24;26;40;41;0;0;1,449559;1,5482;0;4;0;1,300191;-0,364858;1,244840;0,718944;1
200;176;3;13;23;25;38;41;0;0;-0,394237;-0,2956;0;4;0;-0,736775;0,122404;-0,161843;-0,012259;1
201;115;3;5;24;25;38;40;0;0;-1,526642;-1,4280;0;4;0;0,093490;-1,287994;-0,919669;-0,939110;1
202;239;3;23;24;26;38;41;0;0;-0,156487;-0,0579;0;4;0;0,260657;-0,862646;1,084483;-0,795469;1
203;175;3;13;23;25;38;40;0;0;0,029564;0,1282;0;4;0;-1,848129;0,043154;1,838594;0,025509;1
204;364;5;23;24;26;38;40;0;0;-0,087144;0,0115;0;4;0;-0,354147;-1,912705;1,711671;0,380894;1
205;111;3;5;23;38;40;41;0;0;2,627160;2,7258;0;4;0;0,289138;1,881996;3,393251;-0,310065;1
206;323;5;22;23;24;25;26;0;0;-0,119030;-0,0204;0;4;0;-0,868032;0,831317;-0,484414;0,283070;1
207;302;5;13;23;25;38;41;0;0;-0,667896;-0,5693;0;4;0;-2,308768;-0,088723;1,698669;-0,636970;1
208;222;3;22;24;25;40;41;0;0;0,660682;0,7886;1;4;0;-0,367768;2,025326;0,032009;-0,368202;1
209;152;3;13;22;25;26;38;0;0;0,268458;0,3964;1;4;0;0,999290;-1,030742;0,534131;0,034238;1
210;143;3;13;22;24;25;38;0;0;1,217598;1,3455;1;4;0;0,439588;-0,017831;1,695635;0,317804;1
211;312;5;13;24;25;38;41;0;0;-0,649724;-0,5218;1;4;0;0,357243;0,362320;-2,110829;0,091818;1
212;265;5;13;22;23;38;40;0;0;-0,984678;-0,8568;1;4;0;-0,939233;-1,606541;0,913663;-0,337245;1
213;353;5;22;25;26;38;40;0;0;0,992232;1,1201;1;4;0;-0,382628;0,355509;1,145221;0,866361;1
214;427;13;23;25;38;40;41;0;0;2,197075;2,3250;1;4;0;1,450642;1,874876;0,347770;0,720863;1
215;333;5;22;23;25;26;38;0;0;2,143830;2,2717;1;4;0;-0,486643;1,171534;1,860326;1,742442;1
216;60;3;5;22;23;24;40;0;0;-0,455005;-0,3271;1;4;0;-1,099590;-0,142897;-0,226171;0,558649;1
217;168;3;13;23;24;26;41;0;0;-0,969509;-0,8416;1;4;0;-2,533515;-0,158376;1,365015;-0,612142;1
218;40;3;5;13;24;25;41;0;0;1,215122;1,3430;1;4;0;1,396777;0,970314;-0,114726;0,177879;1
219;251;3;24;26;38;40;41;0;0;-0,792436;-0,6645;1;4;0;0,377055;-0,421510;0,339721;-1,880138;1
220;104;3;5;23;25;26;41;0;0;-0,508561;-0,3807;1;4;0;-0,151689;0,872490;-1,446494;-0,291429;1
221;66;3;5;22;23;26;38;0;0;0,265362;0,3933;1;4;0;0,281089;-0,532955;0,218989;0,563602;1
222;253;5;13;22;23;24;25;0;0;0,913601;1,0415;1;4;0;0,508313;-0,107606;0,214036;1,212459;1
223;299;5;13;23;25;26;40;0;0;0,760055;0,8880;1;4;0;1,858035;1,623505;-0,608180;-1,353251;1
224;108;3;5;23;26;38;40;0;0;-0,115408;0,0125;1;4;0;-1,000528;-0,067981;-0,030524;0,868218;1
225;146;3;13;22;24;26;38;0;0;-0,705137;-0,5772;1;4;0;-0,447637;-1,418323;-0,806304;1,261990;1
226;289;5;13;23;24;25;38;0;0;-0,831132;-0,7032;1;4;0;-0,180788;-0,004210;-1,429158;-0,048107;1
227;170;3;13;23;24;38;41;0;0;-1,245645;-1,1177;1;4;0;-0,692816;-1,592920;0,405350;-0,610904;1
228;414;13;23;24;25;26;38;0;0;-1,427052;-1,2992;1;4;0;-0,111445;-0,419652;-2,849462;0,526454;1
229;349;5;22;24;26;38;40;0;0;1,527477;1,6554;1;4;0;0,660621;0,772190;1,513608;0,108535;1
230;7;3;5;13;22;24;25;0;0;-0,687801;-0,5599;1;4;0;0,499645;0,553015;-1,343098;-1,085164;1
231;78;3;5;22;24;26;41;0;0;-1,447484;-1,3196;1;4;0;0,102777;-0,885244;-1,396963;-0,715539;1
232;193;3;13;25;26;38;41;0;0;0,459463;0,5874;1;4;0;0,204316;-1,439993;2,311059;-0,156456;1
233;319;5;13;25;26;38;41;0;0;-0,864875;-0,7370;1;4;0;-0,794974;-1,553295;-0,766060;1,384580;1
234;363;5;23;24;25;40;41;0;0;-0,887163;-0,7593;1;4;0;1,523700;-0,714362;-1,002571;-1,581094;1
235;144;3;13;22;24;25;40;0;0;0,253290;0,3812;1;4;0;-0,100920;0,085565;1,566854;-1,044920;1
236;197;3;22;23;24;25;26;0;0;-1,004800;-0,8769;1;4;0;-2,026441;0,468193;-0,978425;0,527073;1
237;286;5;13;22;26;40;41;0;0;1,041143;1,1690;1;4;0;0,215460;2,376997;0,464787;-0,974958;1
238;35;3;5;13;23;38;41;0;0;-0,675419;-0,5475;1;4;0;-0,663717;0,510913;0,325481;-1,523515;1
239;228;3;22;25;26;38;41;0;0;-0,922764;-0,7949;1;4;0;-1,201129;-0,909391;-0,409436;0,674428;1
240;283;5;13;22;25;40;41;0;0;-0,452838;-0,3249;1;4;0;-1,274806;-1,547723;1,534040;0,382813;1
241;315;5;13;24;26;38;41;0;0;0,822278;0,9502;1;4;0;-0,577037;2,454390;-0,115346;-0,117451;1
242;186;3;13;24;25;38;41;0;0;2,017215;2,1451;1;4;0;1,066157;2,204257;-0,458348;1,222365;1
243;267;5;13;22;23;40;41;0;0;0,055475;0,1834;1;4;0;0,099062;1,913881;-2,156646;0,254652;1
244;182;3;13;24;25;26;38;0;0;0,880167;1,0081;1;4;0;1,843176;-1,024551;0,350866;0,590844;1
245;430;13;24;25;26;38;41;0;0;-0,490915;-0,3630;1;4;0;-0,958427;0,408755;0,831317;-1,263476;1
246;232;3;23;24;25;26;38;0;0;0,673066;0,8010;1;4;0;1,580042;-1,307497;0,698203;0,375384;1
247;276;5;13;22;24;38;41;0;0;0,264125;0,3920;1;4;0;0,417919;-0,692073;0,854226;-0,051822;1
248;451;22;24;25;26;38;41;0;0;1,339259;1,4672;1;4;0;1,715633;0,302883;0,087732;0,572270;1
249;224;3;22;24;26;38;41;0;0;-0,492463;-0,3646;1;4;0;-0,987526;0,069467;-0,528930;0,462063;1
250;314;5;13;24;26;38;40;0;0;-0,969200;-0,8413;1;4;0;-0,711390;1,232829;-0,891745;-1,568093;1
251;390;13;22;23;25;26;40;0;0;-0,070520;0,0574;1;4;0;1,019102;-0,814044;-1,031052;0,684953;1
252;94;3;5;23;24;25;40;0;0;-0,108906;0,0190;1;4;0;1,974433;-1,120517;0,303811;-1,375540;1
253;444;22;23;24;38;40;41;0;0;-0,910072;-0,7822;1;4;0;-0,489120;-0,893293;0,877753;-1,315484;1
254;308;5;13;24;25;26;38;0;0;-1,045973;-0,9181;1;4;0;-0,264372;-0,035167;-0,150017;-1,642389;1
255;101;3;5;23;24;40;41;0;0;0,692878;0,8208;1;4;0;1,119403;-0,523048;-0,159924;0,949325;1
256;244;3;23;25;26;40;41;0;0;-0,679443;-0,5515;1;4;0;-2,176892;0,089280;0,159552;0,569174;1
257;179;3;13;23;26;38;41;0;0;1,126894;1,2548;1;4;0;1,280998;0,606880;-0,520262;0,886173;1
258;411;13;22;25;26;40;41;0;0;1,902055;2,0300;1;4;0;-0,090394;3,204166;1,612051;-0,921712;1
259;72;3;5;22;24;25;26;0;0;-0,208588;-0,0807;1;4;0;-1,934189;0,437236;1,381113;-0,301335;1
260;223;3;22;24;26;38;40;0;0;-1,510946;-1,3830;1;4;0;-1,562706;-0,699503;1,046778;-1,806461;1
261;409;13;22;25;26;38;40;0;0;0,023589;0,1515;1;4;0;-1,861750;1,224780;0,873419;-0,189271;1
262;121;3;5;24;38;40;41;0;0;0,602484;0,7304;1;4;0;0,659383;2,188160;-0,749963;-0,892612;1
263;311;5;13;24;25;38;40;0;0;-0,420333;-0,2924;1;4;0;-1,200510;0,743709;0,832556;-1,216422;1
264;216;3;22;23;38;40;41;0;0;-0,180107;-0,0522;1;4;0;-0,634617;-1,737179;1,173082;0,838500;1
265;162;3;13;23;24;25;26;0;0;-0,569545;-0,4416;1;4;0;-0,473022;0,722040;-0,887411;-0,500697;1
266;282;5;13;22;25;38;41;0;0;-0,510728;-0,3828;1;4;0;-0,184503;0,610595;-0,348142;-1,099405;1
267;226;3;22;24;38;40;41;0;0;0,140297;0,2682;1;4;0;1,090922;-0,129895;0,352723;-1,033157;1
268;270;5;13;22;24;25;40;0;0;0,914529;1,0424;1;4;0;0,017336;0,980839;0,857321;-0,026437;1
269;95;3;5;23;24;25;41;0;0;-1,078787;-0,9509;1;4;0;0,507075;-1,118660;0,046250;-1,592239;1
270;67;3;5;22;23;26;40;0;0;-1,653967;-1,5261;1;4;0;1,193699;-1,420799;-2,412350;-0,668484;1
271;376;5;24;25;38;40;41;0;0;0,292914;0,4208;1;4;0;-0,377055;1,135624;0,480266;-0,653006;1
272;292;5;13;23;24;26;38;0;0;0,314275;0,4422;1;4;0;0,055722;0,676842;-0,056527;-0,047488;1
273;345;5;22;24;25;26;41;0;0;-0,975081;-0,8472;1;4;0;-0,819120;-1,681457;0,568184;-0,017769;1
274;374;5;24;25;26;38;41;0;0;0,387643;0,5155;1;4;0;1,191842;-0,652448;0,631955;-0,396063;1
275;316;5;13;24;26;40;41;0;0;-1,931341;-1,8034;1;4;0;-0,038387;-0,322447;-0,579700;-2,922149;1
276;277;5;13;22;24;40;41;0;0;-2,130395;-2,0025;1;4;0;-0,433397;-0,662974;-0,102344;-3,062074;1
277;294;5;13;23;24;26;41;0;0;-0,276383;-0,1485;1;4;0;-0,382628;-0,781848;-0,991427;1,603136;1
278;401;13;22;24;25;26;41;0;0;-1,918649;-1,7907;1;4;0;-1,347865;-0,337307;-1,187075;-0,965051;1
279;118;3;5;24;26;38;40;0;0;-1,859212;-1,7313;1;4;0;-0,466211;-1,503764;-2,055107;0,306659;1
280;417;13;23;24;25;38;40;0;0;0,311489;0,4394;1;4;0;0,035910;-0,428320;0,889517;0,125871;1
281;19;3;5;13;22;38;40;0;0;-0,468316;-0,3404;1;4;0;-0,048912;-1,487666;0,383680;0,216265;1
282;310;5;13;24;25;26;41;0;0;0,348328;0,4762;1;4;0;1,016007;0,702227;-0,377860;-0,643718;1
283;52;3;5;13;25;40;41;0;0;-0,907906;-0,7800;1;4;0;-1,019102;-0,224624;-0,785254;0,213169;1
284;393;13;22;23;25;38;41;0;0;-1,472869;-1,3450;1;4;0;-1,148502;-0,411603;0,095162;-1,480794;1
285;98;3;5;23;24;26;41;0;0;0,682043;0,8099;1;4;0;0,043340;0,436617;1,494415;-0,610285;1
286;2;3;5;13;22;23;25;0;0;0,294772;0,4227;1;4;0;1,170791;0,396373;-0,429868;-0,547752;1
287;194;3;13;25;26;40;41;0;0;-1,193019;-1,0651;1;4;0;-2,420832;0,987031;-0,075102;-0,877134;1
288;433;13;24;26;38;40;41;0;0;1,501164;1,6291;1;4;0;1,349103;-0,643161;1,704303;0,592082;1
289;119;3;5;24;26;38;41;0;0;-2,217074;-2,0892;1;4;0;-1,135500;-1,933446;-0,879982;-0,485219;1
290;45;3;5;13;24;38;41;0;0;-2,061050;-1,9331;1;4;0;-1,646909;-0,326781;0,865370;-3,013781;1
291;240;3;23;24;26;40;41;0;0;-0,359967;-0,2321;1;4;0;-0,513266;0,523915;-0,056527;-0,674056;1
292;48;3;5;13;25;26;40;0;0;0,540570;0,6685;1;4;0;0,131877;-0,212241;0,046869;1,114635;1
293;437;22;23;24;25;26;41;0;0;-0,388448;-0,2605;1;4;0;-0,134972;0,674985;-0,659568;-0,657340;1
294;246;3;23;26;38;40;41;0;0;-0,482556;-0,3547;1;4;0;-0,463116;2,396810;-0,145683;-2,753124;1
295;183;3;13;24;25;26;40;0;0;-0,148222;-0,0203;1;4;0;0,230939;0,416804;-0,348761;-0,595426;1
296;212;3;22;23;25;40;41;0;0;0,208402;0,3363;1;4;0;2,479650;-0,001114;-1,451447;-0,610285;1
297;189;3;13;24;26;38;41;0;0;0,369687;0,4976;1;4;0;-0,251370;0,627311;0,704394;-0,340960;1
298;429;13;24;25;26;38;40;0;0;1,072410;1,2003;1;4;0;-0,126304;1,742999;0,295763;0,232363;1
299;148;3;13;22;24;26;41;0;0;-0,074234;0,0537;1;4;0;0,219175;0,020555;1,755692;-2,143891;1
300;432;13;24;25;38;40;41;0;0;0,314275;0,4422;1;4;0;-0,913230;0,495435;0,930999;0,115346;1
301;169;3;13;23;24;38;40;0;0;0,827231;0,9551;1;4;0;1,357152;1,536826;-1,110301;-0,129214;1
302;237;3;23;24;25;40;41;0;0;-1,773151;-1,6452;1;4;0;-0,983811;-0,580628;-1,543079;-0,438784;1
303;309;5;13;24;25;26;40;0;0;-0,046064;0,0818;1;4;0;0,486024;-0,464849;1,962484;-2,075786;1
304;305;5;13;23;26;38;41;0;0;0,165681;0,2936;1;4;0;0,557225;0,710276;-1,024241;0,088103;1
305;124;3;5;25;26;40;41;0;0;0,935890;1,0638;1;4;0;-0,440208;1,518871;1,113645;-0,320528;1
306;141;3;13;22;23;40;41;0;0;-1,189303;-1,0614;1;4;0;-0,336192;-1,778042;0,703156;-0,967528;1
307;1;3;5;13;22;23;24;0;0;-0,848777;-0,7209;1;4;0;-0,461877;-0,689597;-0,042287;-0,503793;1
308;281;5;13;22;25;38;40;0;0;-0,523730;-0,3958;1;4;0;0,833980;-0,446894;0,973719;-2,408264;1
309;402;13;22;24;25;38;40;0;0;-0,449433;-0,3215;1;4;0;0,718201;-0,279108;-1,306568;-0,031390;1
310;206;3;22;23;24;40;41;0;0;-1,039162;-0,9113;1;4;0;-1,061204;0,729469;-0,810638;-0,935952;1
311;365;5;23;24;26;38;41;0;0;1,103058;1,2310;1;4;0;-0,289757;0,803147;0,690154;1,002571;1
312;291;5;13;23;24;25;41;0;0;-1,179398;-1,0515;1;4;0;-1,237039;-1,509336;-0,075102;0,462682;1
313;407;13;22;24;26;40;41;0;0;-0,019131;0,1088;1;4;0;0,643904;-0,254961;2,163704;-2,590910;1
314;74;3;5;22;24;25;40;0;0;-0,768289;-0,6404;1;4;0;0,625330;-1,093894;-0,646567;-0,421448;1
315;397;13;22;23;26;40;41;0;0;-0,677895;-0,5500;1;4;0;0,526268;-0,053741;-1,541222;-0,287095;1
316;462;24;25;26;38;40;41;0;0;-0,499893;-0,3720;1;4;0;1,076063;-0,434512;-0,089342;-1,551995;1
317;287;5;13;22;38;40;41;0;0;1,143611;1,2715;1;4;0;1,478503;-1,384270;0,188032;2,004957;1
318;400;13;22;24;25;26;40;0;0;0,486705;0,6146;1;4;0;0,795593;-0,650591;2,044829;-1,216422;1
319;86;3;5;22;25;38;41;0;0;0,170634;0,2985;1;4;0;0,070582;-0,238245;1,551376;-1,042444;1
320;242;3;23;25;26;38;40;0;0;0,133486;0,2614;1;4;0;0,739871;0,286166;-0,463921;-0,295143;1
321;117;3;5;24;25;40;41;0;0;1,151660;1,2796;1;4;0;0,871128;-0,377551;-0,993903;2,803646;1
322;375;5;24;25;26;40;41;0;0;0,149584;0,2775;1;4;0;-0,196886;0,625454;1,083307;-1,212707;1
323;395;13;22;23;26;38;40;0;0;-1,007896;-0,8800;1;4;0;1,015387;-0,978734;-0,308517;-1,743928;1
324;69;3;5;22;23;38;40;0;0;-0,127481;0,0004;1;4;0;-0,272421;1,292885;-0,798875;-0,476551;1
325;440;22;23;24;25;40;41;0;0;-1,747147;-1,6192;1;4;0;0,076773;-1,696935;-0,040430;-1,833703;1
326;336;5;22;23;25;38;40;0;0;-2,450489;-2,3226;1;4;0;-0,694674;-1,144664;-2,662482;-0,399159;1
327;151;3;13;22;24;40;41;0;0;-1,397025;-1,2691;1;4;0;0,424110;-1,419561;-1,371578;-0,427020;1
328;260;5;13;22;23;25;40;0;0;-1,251836;-1,1239;1;4;0;0,371483;-1,558248;-0,174164;-1,142744;1
329;236;3;23;24;25;38;41;0;0;0,206545;0,3344;1;4;0;-0,516362;0,052751;0,327958;0,548743;1
330;164;3;13;23;24;25;40;0;0;-0,798627;-0,6707;1;4;0;0,193171;-0,246293;-0,889269;-0,654863;1
331;18;3;5;13;22;26;41;0;0;-1,147512;-1,0196;1;4;0;0,052008;-1,535340;-1,617995;0,806304;1
332;313;5;13;24;25;40;41;0;0;0,100981;0,2289;1;4;0;0,068105;1,180821;-1,442160;0,395196;1
333;191;3;13;24;38;40;41;0;0;-0,814415;-0,6865;1;4;0;-0,764017;0,240350;-0,013807;-1,091356;1
334;460;23;24;26;38;40;41;0;0;-0,811320;-0,6834;1;4;0;-1,549704;-0,409127;-0,526454;0,862646;1
335;461;23;25;26;38;40;41;0;0;-0,585333;-0,4574;1;4;0;-1,633288;0,023032;-0,319042;0,758631;1
336;205;3;22;23;24;38;41;0;0;-2,369072;-2,2412;1;4;0;-0,991860;0,629169;-2,007433;-2,368020;1
337;347;5;22;24;25;38;41;0;0;-0,645080;-0,5172;1;4;0;-0,111445;0,647743;-0,883077;-0,943382;1
338;147;3;13;22;24;26;40;0;0;-0,338916;-0,2110;1;4;0;0,205554;-0,127419;0,023961;-0,779929;1
339;262;5;13;22;23;26;38;0;0;0,047426;0,1753;1;4;0;-1,433925;1,167200;0,237564;0,124013;1
340;445;22;23;25;26;38;40;0;0;0,783892;0,9118;1;4;0;0,630902;0,642171;0,355819;-0,061109;1
341;149;3;13;22;24;38;40;0;0;-0,151627;-0,0237;1;4;0;-0,972667;1,218589;0,718015;-1,267191;1
342;135;3;13;22;23;25;41;0;0;0,278056;0,4060;1;4;0;1,639479;-0,255580;-0,819925;-0,007863;1
343;82;3;5;22;25;26;38;0;0;1,268058;1,3960;1;4;0;0,500883;0,806242;1,549518;-0,320528;1
344;180;3;13;23;26;40;41;0;0;0,092004;0,2199;1;4;0;0,106492;-0,715600;-0,460825;1,253942;1
345;356;5;22;25;38;40;41;0;0;-1,776557;-1,6487;1;4;0;0,422253;-1,573108;-1,362910;-1,039348;1
346;379;13;22;23;24;25;26;0;0;-0,645700;-0,5178;1;4;0;-0,944806;1,442098;-1,406250;-0,382442;1
347;386;13;22;23;24;38;40;0;0;1,720648;1,8486;1;4;0;0,470545;1,350465;0,160790;1,459496;1
348;337;5;22;23;25;38;41;0;0;-0,457791;-0,3299;1;4;0;0,245179;0,910258;-0,187166;-1,883853;1
349;77;3;5;22;24;26;40;0;0;-0,614124;-0,4862;1;4;0;-1,781881;0,655173;0,835651;-0,937190;1
350;26;3;5;13;23;24;41;0;0;-0,968271;-0,8404;1;4;0;-1,316289;-0,482185;-0,340712;0,202644;1
351;322;5;13;26;38;40;41;0;0;0,235025;0,3629;1;4;0;-1,147883;1,390090;0,009101;0,218742;1
352;355;5;22;25;26;40;41;0;0;1,857169;1,9851;1;4;0;0,741728;1,787577;0,480266;0,704766;1
353;39;3;5;13;24;25;40;0;0;-1,169182;-1,0413;1;4;0;-0,596231;1,791292;-2,124451;-1,408974;1
354;126;3;5;26;38;40;41;0;0;-0,562116;-0,4342;1;4;0;0,196886;0,710895;-1,248369;-0,783644;1
355;159;3;13;22;26;38;41;0;0;-0,255333;-0,1274;1;4;0;-0,282946;1,152341;-0,090580;-1,289480;1
356;436;22;23;24;25;26;40;0;0;-2,073743;-1,9458;1;4;0;-1,741637;-2,590352;-1,140020;1,324523;1
357;36;3;5;13;23;40;41;0;0;0,074978;0,2029;1;4;0;0,567750;-0,108225;0,237564;-0,547133;1
358;112;3;5;24;25;26;38;0;0;-0,772313;-0,6444;1;4;0;-0,250751;0,445904;-0,337616;-1,402163;1
359;139;3;13;22;23;38;40;0;0;0,364115;0,4920;1;4;0;-0,936757;0,699131;0,759497;0,206359;1
360;138;3;13;22;23;26;41;0;0;-1,353375;-1,2255;1;4;0;-0,756587;0,209393;-0,439155;-1,720401;1
361;107;3;5;23;25;40;41;0;0;0,031329;0,1592;1;4;0;1,033342;-1,428848;1,399068;-0,940905;1
362;109;3;5;23;26;38;41;0;0;-1,003562;-0,8757;1;4;0;-0,402440;-0,713743;0,312479;-1,203420;1
363;116;3;5;24;25;38;41;0;0;-0,473270;-0,3454;1;4;0;0,561559;-0,647495;-2,006195;1,145592;1
364;195;3;13;25;38;40;41;0;0;0,425719;0,5536;1;4;0;0,923755;1,728140;-0,137635;-1,662821;1
365;127;3;13;22;23;24;25;0;0;0,158871;0,2868;1;4;0;0,578895;2,042662;-1,468783;-0,835032;1
366;214;3;22;23;26;38;41;0;0;-0,193419;-0,0655;1;4;0;-2,209706;0,920783;0,339721;0,562364;1
367;38;3;5;13;24;25;38;0;0;0,898742;1,0266;1;4;0;-0,659383;1,005605;0,391729;1,059532;1
368;320;5;13;25;26;40;41;0;0;0,201901;0,3298;1;4;0;0,692197;-0,155899;-0,001424;-0,131072;1
369;366;5;23;24;26;40;41;0;0;-1,798226;-1,6703;1;4;0;-0,855650;0,088661;-0,958612;-1,870851;1
370;273;5;13;22;24;26;40;0;0;0,879239;1,0071;1;4;0;0,692197;1,224780;-1,146211;0,987712;1
371;11;3;5;13;22;24;41;0;0;-0,072068;0,0558;1;4;0;-1,856797;1,196300;0,098257;0,418104;1
372;123;3;5;25;26;38;41;0;0;1,152279;1,2802;1;4;0;0,477975;1,100952;0,118070;0,607561;1
373;34;3;5;13;23;38;40;0;0;0,924436;1,0523;1;4;0;-0,689101;1,062566;0,033867;1,441541;1
374;422;13;23;24;26;40;41;0;0;0,404979;0,5329;1;4;0;0,756587;0,794479;-1,074391;0,333282;1
375;81;3;5;22;24;40;41;0;0;0,131319;0,2592;1;4;0;2,591095;-0,770085;-0,607561;-0,950811;1
376;166;3;13;23;24;26;38;0;0;0,060118;0,1880;1;4;0;0,521934;0,605022;-0,593321;-0,413399;1
377;28;3;5;13;23;25;38;0;0;-0,399902;-0,2720;1;4;0;-0,825312;-0,282823;1,477079;-1,168748;1
378;431;13;24;25;26;40;41;0;0;-0,734855;-0,6070;1;4;0;-0,650715;0,489863;0,420829;-1,729688;1
379;210;3;22;23;25;38;40;0;0;1,383527;1,5114;1;4;0;2,179987;1,134386;-0,144445;-0,402874;1
380;27;3;5;13;23;25;26;0;0;0,942701;1,0706;1;4;0;0,456924;0,951121;0,804075;-0,326719;1
381;408;13;22;24;38;40;41;0;0;0,266911;0,3948;1;4;0;-0,154166;0,320838;0,379965;-0,012816;1
382;321;5;13;25;38;40;41;0;0;-0,998609;-0,8707;1;4;0;-0,395630;-0,958922;-0,198310;-0,444356;1
383;70;3;5;22;23;38;41;0;0;0,129152;0,2571;1;4;0;-1,323718;0,266973;0,134167;1,180883;1
384;227;3;22;25;26;38;40;0;0;0,337802;0,4657;1;4;0;-0,607994;0,442808;1,386066;-0,545275;1
385;134;3;13;22;23;25;40;0;0;0,579576;0,7075;1;4;0;-0,439588;-1,121755;1,150174;1,570321;1
386;406;13;22;24;26;38;41;0;0;0,352661;0,4806;1;4;0;-0,284185;-0,341641;1,376779;-0,045631;1
387;174;3;13;23;25;26;41;0;0;0,474012;0,6019;1;4;0;0,599326;0,331982;-0,544409;0,561125;1
388;199;3;22;23;24;25;40;0;0;-0,843205;-0,7153;1;4;0;0,890321;-0,467326;-2,164075;0,054670;1
389;132;3;13;22;23;25;26;0;0;1,793088;1,9210;1;4;0;-1,167696;1,814200;2,274530;0,665141;1
390;443;22;23;24;26;40;41;0;0;2,310688;2,4386;1;4;0;2,081544;0,294215;1,445503;0,800113;1
391;241;3;23;24;38;40;41;0;0;-0,619696;-0,4918;1;4;0;-0,507075;-1,848624;1,329105;-0,212798;1
392;211;3;22;23;25;38;41;0;0;-0,500822;-0,3729;1;4;0;-1,023436;0,005696;-0,764203;0,780300;1
393;351;5;22;24;26;40;41;0;0;-0,099619;0,0283;1;4;0;-0,185742;0,609975;0,510604;-1,134076;1
394;381;13;22;23;24;25;40;0;0;0,517043;0,6449;1;4;0;1,090922;-0,608489;0,741542;-0,189890;1
395;188;3;13;24;26;38;40;0;0;0,402193;0,5301;1;4;0;-0,453210;1,667464;-0,297991;-0,111878;1
396;90;3;5;22;26;40;41;0;0;0,094790;0,2227;1;4;0;0,043959;0,801908;-0,096152;-0,560135;1
397;137;3;13;22;23;26;40;0;0;1,650685;1,7786;1;4;0;0,422872;0,435997;1,441169;1,001333;1
398;133;3;13;22;23;25;38;0;0;-0,961770;-0,8339;1;4;0;-1,483456;0,297310;0,015293;-0,752687;1
399;272;5;13;22;24;26;38;0;0;0,805561;0,9335;1;4;0;-0,748539;0,520200;0,152742;1,686719;1
400;404;13;22;24;25;40;41;0;0;0,628178;0,7561;1;4;0;0,619139;1,360991;-0,458967;-0,264806;1
401;442;22;23;24;26;38;41;0;0;-1,607841;-1,4799;1;4;0;0,000619;-0,695788;-2,052011;-0,468502;1
402;161;3;13;22;38;40;41;0;0;-0,051017;0,0769;1;4;0;0,338669;-0,155280;-0,336378;0,050955;1
403;358;5;23;24;25;26;38;0;0;-1,323966;-1,1961;1;4;0;0,029100;0,408136;-1,328238;-1,756930;1
404;398;13;22;23;38;40;41;0;0;-0,348513;-0,2206;1;4;0;0,511409;1,577689;-0,882458;-1,903666;1
405;204;3;22;23;24;38;40;0;0;0,913911;1,0418;1;4;0;1,100829;0,030462;1,462839;-0,766308;1
406;372;5;23;26;38;40;41;0;0;0,723526;0,8514;1;4;0;-0,818501;-0,704456;1,103739;1,866270;1
407;396;13;22;23;26;38;41;0;0;0,892241;1,0201;1;4;0;-0,751015;1,785101;-0,696098;1,446494;1
408;352;5;22;24;38;40;41;0;0;0,552024;0,6799;1;4;0;0,334335;0,919545;0,626383;-0,776214;1
409;346;5;22;24;25;38;40;0;0;-0,298982;-0,1711;1;4;0;0,320714;0,386466;0,191128;-1,496272;1
410;24;3;5;13;23;24;38;0;0;0,316133;0,4440;1;4;0;-1,391824;1,097238;1,238711;-0,311860;1
411;68;3;5;22;23;26;41;0;0;0,259481;0,3874;1;4;0;1,563944;-0,780610;0,724826;-0,989198;1
412;221;3;22;24;25;38;41;0;0;-0,540756;-0,4129;1;4;0;-0,170263;0,381513;-1,001952;-0,290809;1
413;403;13;22;24;25;38;41;0;0;0,786988;0,9149;1;4;0;1,207320;1,619791;-1,190789;-0,062347;1
414;91;3;5;22;38;40;41;0;0;-0,592454;-0,4646;1;4;0;-0,955950;0,148717;-0,006996;-0,370678;1
415;200;3;22;23;24;25;41;0;0;-2,851722;-3,0231;2;4;1;-2,056159;-1,300810;-1,291709;-1,054765;1
416;160;3;13;22;26;40;41;0;0;-1,014118;-1,1855;2;4;1;-1,301430;-1,463644;-0,141968;0,878805;1
417;202;3;22;23;24;26;40;0;0;-0,242981;-0,4144;2;4;1;-0,221033;0,588801;-0,301706;-0,552024;1
418;46;3;5;13;24;40;41;0;0;-1,010094;-1,1815;2;4;1;-0,742347;-0,137449;-0,664522;-0,475870;1
419;44;3;5;13;24;38;40;0;0;-0,076123;-0,2475;2;4;1;0,358481;-0,235273;0,324243;-0,599698;1
420;290;5;13;23;24;25;40;0;0;1,297436;1,1260;2;4;1;0,042101;0,942329;-0,018141;1,628582;1
421;131;3;13;22;23;24;41;0;0;-0,830853;-1,0023;2;4;1;-1,761450;-0,084203;-0,210693;0,394639;1
422;343;5;22;24;25;26;38;0;0;-0,164969;-0,3364;2;4;1;-0,842029;-0,000000;0,487696;0,024394;1
423;234;3;23;24;25;26;41;0;0;0,262546;0,0911;2;4;1;1,090922;-1,433925;-0,731389;1,599483;1
424;254;5;13;22;23;24;26;0;0;-0,333375;-0,5048;2;4;1;-2,334772;0,118255;0,963813;0,585953;1
425;419;13;23;24;25;40;41;0;0;-0,070241;-0,2417;2;4;1;0,777019;-0,433397;-0,427391;-0,056713;1
426;383;13;22;23;24;26;38;0;0;-1,415939;-1,5874;2;4;1;-2,577474;1,461167;-0,993284;-0,722287;1
427;142;3;13;22;24;25;26;0;0;-0,858095;-1,0295;2;4;1;-1,834508;-0,136830;-0,067672;0,322819;1
428;274;5;13;22;24;26;41;0;0;0,352631;0,1812;2;4;1;-0,102158;0,757207;1,059780;-1,009568;1
429;113;3;5;24;25;26;40;0;0;-1,561437;-1,7329;2;4;1;-2,262952;0,210507;-1,094204;0,023775;1
430;378;5;25;26;38;40;41;0;0;0,827819;0,6564;2;4;1;-0,810453;3,082072;-0,592082;-0,023899;1
431;361;5;23;24;25;38;40;0;0;1,791819;1,6204;2;4;1;0,178931;1,544132;1,322914;0,537660;1
432;218;3;22;24;25;26;40;0;0;-0,810421;-0,9818;2;4;1;-2,558281;1,087208;-0,280656;0,130886;1
433;177;3;13;23;25;40;41;0;0;0,872707;0,7013;2;4;1;-1,254375;1,214750;1,443027;0,342012;1
434;340;5;22;23;26;38;41;0;0;-0,117915;-0,2893;2;4;1;0,056342;-0,383866;-0,788968;0,880663;1
435;215;3;22;23;26;40;41;0;0;2,032354;1,8609;2;4;1;-0,389438;2,106310;0,997247;1,350589;1
436;275;5;13;22;24;38;40;0;0;-0,155992;-0,3274;2;4;1;-0,944806;0,099062;1,282050;-0,748291;1
437;201;3;22;23;24;26;38;0;0;2,654279;2,4829;2;4;1;2,127980;3,186707;0,118689;-0,124818;1
438;185;3;13;24;25;38;40;0;0;0,045847;-0,1256;2;4;1;0,100920;0,058818;0,307526;-0,375570;1
439;412;13;22;25;38;40;41;0;0;0,832153;0,6607;2;4;1;0,271183;1,272949;0,312479;-0,192304;1
440;53;3;5;13;26;38;40;0;0;-0,214191;-0,3856;2;4;1;-0,759064;0,185122;-0,577842;0,723402;1
441;362;5;23;24;25;38;41;0;0;-0,769249;-0,9407;2;4;1;0,133734;-2,635054;0,983626;-0,020803;1
442;371;5;23;25;38;40;41;0;0;-1,676287;-1,8477;2;4;1;-2,073495;0,493454;-0,429868;-1,342664;1
443;370;5;23;25;26;40;41;0;0;-1,170760;-1,3422;2;4;1;-1,178221;0,019812;-0,374145;-0,808967;1
444;43;3;5;13;24;26;41;0;0;1,373899;1,2025;2;4;1;-1,232086;1,921806;1,411450;0,646628;1
445;256;5;13;22;23;24;40;0;0;1,798939;1,6275;2;4;1;-0,388200;-0,589420;1,324771;3,250726;1
446;61;3;5;22;23;24;41;0;0;1,628366;1,4569;2;4;1;1,408540;-1,295857;2,759934;0,384114;1
447;75;3;5;22;24;25;41;0;0;-1,594560;-1,7660;2;4;1;-1,084731;-2,095165;-2,102781;2,093556;1
448;49;3;5;13;25;26;41;0;0;0,039966;-0,1315;2;4;1;-1,827697;2,056779;0,573137;-0,722287;1
449;217;3;22;24;25;26;38;0;0;2,293321;2,1219;2;4;1;-0,256943;2,470363;1,547042;0,826179;1
450;301;5;13;23;25;38;40;0;0;2,638490;2,4671;2;4;1;0,998671;0,485405;1,955054;1,837851;1
451;318;5;13;25;26;38;40;0;0;0,505557;0,3341;2;4;1;0,453829;0,014859;-0,188404;0,730831;1
452;457;23;24;25;26;38;41;0;0;0,098474;-0,0729;2;4;1;-1,223418;1,232086;1,465315;-1,277035;1
453;114;3;5;24;25;26;41;0;0;0,451074;0,2797;2;4;1;0,048912;1,217846;0,751449;-1,116059;1
454;338;5;22;23;25;40;41;0;0;2,110365;1,9389;2;4;1;0,212984;1,337959;1,595335;1,074453;1
455;296;5;13;23;24;38;41;0;0;-0,165588;-0,3370;2;4;1;-0,806738;-0,255085;0,332911;0,397735;1
456;47;3;5;13;25;26;38;0;0;0,134074;-0,0373;2;4;1;-0,516362;0,162214;0,753306;-0,131010;1
457;446;22;23;25;26;38;41;0;0;1,085381;0,9140;2;4;1;1,802932;-1,269853;0,272854;1,364829;1
458;329;5;22;23;24;26;41;0;0;-1,792376;-1,9638;2;4;1;-0,099681;-1,227133;-1,549271;-0,708666;1
459;8;3;5;13;22;24;26;0;0;0,629385;0,4580;2;4;1;-0,485405;1,469216;-2,532463;2,807422;1
460;219;3;22;24;25;26;41;0;0;-0,258150;-0,4296;2;4;1;-0,801165;-0,606137;0,644957;0,246046;1
461;71;3;5;22;23;40;41;0;0;2,632299;2,4609;2;4;1;1,573231;2,241901;0,614619;0,834847;1
462;88;3;5;22;26;38;40;0;0;-1,005450;-1,1769;2;4;1;-0,607994;0,021051;-1,342478;-0,081479;1
463;420;14;24;28;45;46;47;0;0;-1,320385;-0,6561;3;3;0;0,087299;-0,744638;-0,725321;-1,648952;2
464;279;2;14;15;33;45;47;0;0;-0,824231;-0,1599;3;3;0;-0,105254;0,109154;-0,862770;-0,459587;2
465;193;1;14;33;45;46;49;0;0;-0,345950;0,3184;3;3;0;-1,045106;0,741295;-0,251061;0,696964;2
466;208;1;15;24;33;45;47;0;0;-0,274458;0,3899;3;3;0;0,339288;-0,227657;-1,028699;0,214036;2
467;303;2;14;24;33;47;49;0;0;-0,132189;0,5321;3;3;0;-0,461258;-0,545275;0,742657;-0,510356;2
468;118;1;2;28;45;46;47;0;0;-0,710559;-0,0462;3;3;0;-0,480452;-0,717396;-0,503669;-0,246603;2
469;73;1;2;15;28;33;46;0;0;0,972005;1,6363;3;3;0;0,028480;0,379099;1,438569;0,216513;2
470;245;1;24;33;46;47;49;0;0;-1,812965;-1,1486;3;3;0;-0,744205;1,021765;-0,387890;-2,008052;2
471;201;1;15;24;28;45;46;0;0;0,311419;0,9757;3;3;0;-0,133734;0,934466;0,578585;0,094542;2
472;182;1;14;28;33;45;46;0;0;-1,555237;-0,8909;3;3;0;-1,910662;0,808781;0,476427;-1,259514;2
473;290;2;14;24;28;33;47;0;0;-1,123068;-0,4587;3;3;0;-1,178840;-0,687677;-1,324028;0,557658;2
474;54;1;2;14;45;46;49;0;0;-0,566502;0,0978;3;3;0;-0,503979;-0,674056;-0,675790;0,198558;2
475;218;1;15;28;33;45;47;0;0;-0,340945;0,3234;3;3;0;-0,098443;-0,651767;-0,267777;-0,224314;2
476;99;1;2;24;28;46;47;0;0;-1,444781;-0,7805;3;3;0;-2,160175;-0,274093;-0,257871;-0,084389;2
477;23;1;2;14;24;28;45;0;0;-1,051576;-0,3873;3;3;0;-0,716963;0,406341;-0,657216;-0,447204;2
478;306;2;14;24;45;47;49;0;0;-3,158801;-2,4945;3;3;0;-1,909424;-1,229424;-1,313503;-2,248278;2
479;341;2;15;24;45;47;49;0;0;-0,917885;-0,2536;3;3;0;0,172121;2,193175;-0,008358;-1,753586;2
480;40;1;2;14;28;33;49;0;0;-1,560598;-0,8963;3;3;0;-0,297187;0,879982;-0,756897;-1,648952;2
481;36;1;2;14;24;47;49;0;0;-1,604208;-0,9399;3;3;0;0,592516;-1,234377;-0,439898;-2,931188;2
482;179;1;14;24;45;46;49;0;0;0,851899;1,5162;3;3;0;0,174597;0,141349;1,197105;0,103830;2
483;402;14;15;28;33;46;47;0;0;-1,084462;-0,4201;3;3;0;-0,825312;1,721391;-1,501721;0,448690;2
484;84;1;2;15;33;45;49;0;0;0,521606;1,1859;3;3;0;-0,108349;0,689906;0,277684;0,734113;2
485;321;2;14;33;46;47;49;0;0;0,771112;1,4354;3;3;0;0,657525;-0,622049;-0,192243;0,870323;2
486;379;14;15;24;28;33;45;0;0;-1,252110;-0,5878;3;3;0;0,193171;1,013716;-1,093708;-1,268182;2
487;206;1;15;24;28;47;49;0;0;-0,345235;0,3191;3;3;0;0,710152;-0,573756;-0,920969;-0,387147;2
488;148;1;14;15;28;45;49;0;0;-0,315923;0,3484;3;3;0;0,149212;-0,873419;-0,200910;-0,495497;2
489;209;1;15;24;33;45;49;0;0;-0,168650;0,4957;3;3;0;-0,754111;0,171068;1,680652;-1,218651;2
490;333;2;15;24;33;45;46;0;0;0,588093;1,2524;3;3;0;-0,414204;-0,469741;0,923445;0,509365;2
491;293;2;14;24;28;45;47;0;0;0,381481;1,0458;3;3;0;-0,394391;0,297372;0,909205;0,145931;2
492;135;1;14;15;24;33;49;0;0;-1,605639;-0,9413;3;3;0;-2,110025;1,092965;-1,446618;0,775595;2
493;404;14;15;28;33;47;49;0;0;-0,673025;-0,0087;3;3;0;-0,035910;-0,598521;-0,588491;-0,541313;2
494;354;2;15;33;45;46;49;0;0;-1,328249;-0,6639;3;3;0;-0,871128;0,402626;0,256633;-1,686100;2
495;132;1;14;15;24;33;45;0;0;0,462982;1,1273;3;3;0;0,059437;-0,466645;-0,030028;0,772499;2
496;398;14;15;24;46;47;49;0;0;0,963069;1,6274;3;3;0;0,688482;1,842123;0,951307;0,028295;2
497;100;1;2;24;28;46;49;0;0;1,323388;1,9877;3;3;0;0,609852;0,085008;0,784139;0,898184;2
498;18;1;2;14;15;45;49;0;0;-0,867126;-0,2028;3;3;0;0,469307;1,265086;-0,981025;-0,990188;2
499;455;15;33;45;46;47;49;0;0;-1,144158;-0,4798;3;3;0;-0,761541;1,037862;-0,571775;-0,648424;2
500;253;2;14;15;24;28;33;0;0;0,040464;0,7048;3;3;0;0,772066;-0,316194;-0,635546;-0,066434;2
501;129;1;14;15;24;28;46;0;0;-0,444608;0,2197;3;3;0;0,159119;0,138873;-1,248493;0,319290;2
502;63;1;2;15;24;33;46;0;0;-2,984003;-2,3197;3;3;0;-1,657434;2,824077;-1,043558;-2,467453;2
503;143;1;14;15;28;33;46;0;0;0,079070;0,7434;3;3;0;-1,460548;0,546266;0,957498;0,640004;2
504;326;2;15;24;28;33;49;0;0;-1,623154;-0,9588;3;3;0;-1,262424;1,044054;-1,778476;0,229515;2
505;225;1;15;28;45;47;49;0;0;-1,066946;-0,4026;3;3;0;-0,667431;-0,383061;0,119184;-1,299758;2
506;421;14;24;28;45;46;49;0;0;-1,700723;-1,0364;3;3;0;-1,267996;-0,928522;-1,023746;-0,653996;2
507;386;14;15;24;28;46;47;0;0;-1,628158;-0,9638;3;3;0;-1,115069;0,610656;-0,740799;-0,964185;2
508;155;1;14;15;33;46;47;0;0;0,100875;0,7652;3;3;0;-0,723773;0,813115;0,612638;0,285856;2
509;50;1;2;14;33;46;47;0;0;-1,376507;-0,7122;3;3;0;-0,024146;0,912796;-0,904252;-1,455781;2
510;277;2;14;15;28;47;49;0;0;-3,062287;-2,3980;3;3;0;-1,412255;1,171596;-2,106619;-1,785163;2
511;20;1;2;14;15;46;49;0;0;-0,418515;0,2458;3;3;0;-1,354675;0,098010;-0,169954;0,799741;2
512;320;2;14;33;45;47;49;0;0;-1,273200;-0,6089;3;3;0;-1,342293;1,392629;-0,971738;0,108783;2
513;294;2;14;24;28;45;49;0;0;0,998457;1,6628;3;3;0;1,681581;-1,473364;-0,051079;0,098876;2
514;230;1;15;33;46;47;49;0;0;-1,061227;-0,3969;3;3;0;-0,534936;1,373435;-0,764327;-0,538836;2
515;94;1;2;24;28;33;47;0;0;1,616505;2,2808;3;3;0;0,466211;0,860788;1,826150;0,507508;2
516;411;14;15;33;45;47;49;0;0;-0,560068;0,1043;3;3;0;-0,152927;-1,657248;0,484476;-1,301615;2
517;46;1;2;14;28;47;49;0;0;-0,343805;0,3205;3;3;0;1,009196;-0,358915;-0,470236;-1,134448;2
518;51;1;2;14;33;46;49;0;0;-1,264264;-0,5999;3;3;0;-1,445689;1,344336;-0,587253;-0,156828;2
519;415;14;24;28;33;45;47;0;0;-0,805643;-0,1413;3;3;0;1,300191;-0,019627;-1,179769;-1,515837;2
520;27;1;2;14;24;33;45;0;0;0,258872;0,9232;3;3;0;1,516890;-0,912425;-0,348885;-0,719625;2
521;329;2;15;24;28;45;49;0;0;-1,404031;-0,7397;3;3;0;0,663098;0,891126;-2,504725;-0,590225;2
522;96;1;2;24;28;45;46;0;0;-2,920733;-2,2564;3;3;0;-2,049349;0,776586;-2,154293;-0,855216;2
523;299;2;14;24;33;45;47;0;0;-0,957206;-0,2929;3;3;0;0,378913;1,037243;-2,143768;0,106925;2
524;105;1;2;24;33;46;47;0;0;0,054762;0,7191;3;3;0;0,086060;0,850882;-0,041173;0,049964;2
525;144;1;14;15;28;33;47;0;0;-0,926107;-0,2618;3;3;0;-0,429063;1,795069;-0,758135;-0,416866;2
526;24;1;2;14;24;28;46;0;0;-0,693043;-0,0287;3;3;0;-0,399344;0,038572;-1,444141;0,643099;2
527;387;14;15;24;28;46;49;0;0;1,019547;1,6839;3;3;0;1,149121;1,354861;-0,653501;1,270287;2
528;296;2;14;24;28;46;49;0;0;1,111772;1,7761;3;3;0;1,875371;0,676285;0,246727;-0,196453;2
529;247;1;28;33;45;46;47;0;0;-0,788843;-0,1245;3;3;0;-1,399253;-1,197228;1,077611;-1,044673;2
530;10;1;2;14;15;28;47;0;0;-2,906792;-2,2425;3;3;0;-0,508313;0,987093;-1,693654;-2,832745;2
531;422;14;24;28;45;47;49;0;0;-0,633348;0,0310;3;3;0;-0,568988;1,274992;1,324028;-1,852030;2
532;180;1;14;24;45;47;49;0;0;0,381481;1,0458;3;3;0;-0,144878;-0,766308;-0,081417;0,887040;2
533;349;2;15;28;45;46;47;0;0;-0,833168;-0,1688;3;3;0;-0,526268;-1,187941;0,154475;-1,071296;2
534;309;2;14;28;33;45;47;0;0;-0,999744;-0,3354;3;3;0;-0,981335;1,686100;0,644214;-1,394486;2
535;423;14;24;28;46;47;49;0;0;-1,800811;-1,1365;3;3;0;-1,663006;-0,235087;-1,488719;0,032629;2
536;395;14;15;24;45;46;47;0;0;-0,464626;0,1997;3;3;0;2,539707;0,104201;-1,926450;-1,418013;2
537;397;14;15;24;45;47;49;0;0;-1,496971;-0,8326;3;3;0;-1,205463;1,294805;-1,163671;-0,223695;2
538;2;1;2;14;15;24;33;0;0;-0,963998;-0,2997;3;3;0;0,289757;1,439064;-0,698698;-1,260752;2
539;66;1;2;15;24;45;46;0;0;-0,754169;-0,0898;3;3;0;-0,138068;-1,074639;-1,335173;0,166982;2
540;373;2;28;33;45;46;47;0;0;-1,659615;-0,9953;3;3;0;-1,019721;-0,129214;-1,300501;-0,554315;2
541;439;15;24;28;33;46;49;0;0;-2,803487;-2,1392;3;3;0;-2,755167;-1,277716;1,169243;-3,269857;2
542;460;24;28;45;46;47;49;0;0;-3,309650;-2,6453;3;3;0;-2,787362;-2,157513;0,243631;-3,188750;2
543;183;1;14;28;33;45;47;0;0;-0,453903;0,2104;3;3;0;-1,293381;0,619944;0,320404;0,186794;2
544;257;2;14;15;24;28;49;0;0;-0,731291;-0,0670;3;3;0;0,113302;0,555553;0,444851;-1,824787;2
545;173;1;14;24;33;45;47;0;0;-0,788485;-0,1242;3;3;0;-1,906947;0,258367;0,458472;0,082779;2
546;445;15;24;33;45;46;47;0;0;-1,233165;-0,5688;3;3;0;-0,947901;-0,734732;-0,039934;-1,148069;2
547;358;2;24;28;33;45;46;0;0;-0,596529;0,0678;3;3;0;0,319476;0,621182;-0,082655;-1,270039;2
548;286;2;14;15;45;47;49;0;0;-0,698048;-0,0337;3;3;0;-0,561559;-0,509985;0,846053;-1,493548;2
549;37;1;2;14;28;33;45;0;0;-1,713949;-1,0496;3;3;0;-0,676719;1,582704;-1,603260;-0,688668;2
550;153;1;14;15;33;45;47;0;0;-0,429595;0,2347;3;3;0;0,942948;1,015573;-1,131476;-0,555553;2
551;216;1;15;24;46;47;49;0;0;-0,508594;0,1557;3;3;0;-0,350432;-0,246851;0,505527;-1,036005;2
552;263;2;14;15;24;45;47;0;0;-0,103949;0,5604;3;3;0;-0,749158;2,003718;0,474570;0,094542;2
553;308;2;14;28;33;45;46;0;0;0,956276;1,6206;3;3;0;1,979386;0,077578;-0,165620;-0,157447;2
554;177;1;14;24;33;47;49;0;0;-1,800096;-1,1358;3;3;0;-1,412255;-0,416495;-1,057179;-0,648424;2
555;111;1;2;24;46;47;49;0;0;-0,655867;0,0085;3;3;0;-0,513266;-0,008482;0,134044;-0,756773;2
556;441;15;24;28;45;46;47;0;0;0,109454;0,7738;3;3;0;1,509460;0,306659;-0,899918;-0,419962;2
557;198;1;15;24;28;33;46;0;0;0,376477;1,0408;3;3;0;-1,179459;-0,130453;0,275826;1,555710;2
558;370;2;24;33;45;47;49;0;0;-1,321100;-0,6568;3;3;0;-0,703342;1,101633;0,096895;-1,681766;2
559;383;14;15;24;28;45;46;0;0;-1,183478;-0,5192;3;3;0;-0,226605;-1,145840;-1,215060;-0,608180;2
560;261;2;14;15;24;33;49;0;0;-1,071593;-0,4073;3;3;0;-1,292142;-0,467883;-1,306073;0,742162;2
561;170;1;14;24;28;46;49;0;0;-0,547915;0,1164;3;3;0;-0,460639;-0,705013;0,350742;-0,839119;2
562;171;1;14;24;28;47;49;0;0;-0,233707;0,4306;3;3;0;-0,004953;0,458967;0,497478;-0,897318;2
563;302;2;14;24;33;46;49;0;0;1,082460;1,7468;3;3;0;0,520696;-0,162648;1,436711;-0,082531;2
564;256;2;14;15;24;28;47;0;0;0,170580;0,8349;3;3;0;0,596850;-1,170605;0,563726;-0,865122;2
565;112;1;2;28;33;45;46;0;0;-1,340045;-0,6757;3;3;0;-1,579423;2,522557;-0,855340;0,113736;2
566;272;2;14;15;28;45;46;0;0;-1,702152;-1,0378;3;3;0;-0,546080;-0,725445;-1,738232;-0,663902;2
567;210;1;15;24;33;46;47;0;0;-1,558811;-0,8945;3;3;0;-0,730584;-0,886421;-0,397797;-1,571560;2
568;234;1;24;28;33;45;49;0;0;-2,091784;-1,4275;3;3;0;-1,936666;1,106587;-0,855959;-0,830451;2
569;382;14;15;24;28;33;49;0;0;-0,506807;0,1575;3;3;0;-0,226605;0,186546;0,572394;-1,223604;2
570;200;1;15;24;28;33;49;0;0;-0,763106;-0,0988;3;3;0;-1,428972;0,618705;1,236110;-1,128876;2
571;194;1;14;33;45;47;49;0;0;-0,656582;0,0077;3;3;0;-0,151689;-0,690154;-1,070800;0,085255;2
572;175;1;14;24;33;46;47;0;0;1,066374;1,7307;3;3;0;2,105691;0,994522;-0,316689;0,058013;2
573;146;1;14;15;28;45;46;0;0;1,120351;1,7847;3;3;0;1,178221;2,159122;0,077702;0,684582;2
574;55;1;2;14;45;47;49;0;0;-0,695546;-0,0312;3;3;0;-1,497077;0,415628;-0,288828;0,581185;2
575;363;2;24;28;33;47;49;0;0;0,525180;1,1895;3;3;0;-0,198124;-0,809648;0,112374;0,995389;2
576;196;1;14;45;46;47;49;0;0;0,945196;1,6095;3;3;0;-0,254466;0,635422;0,372412;1,519181;2
577;89;1;2;15;45;46;49;0;0;-0,545412;0,1189;3;3;0;0,167167;0,122156;-1,078849;-0,033000;2
578;44;1;2;14;28;46;47;0;0;-0,360606;0,3037;3;3;0;-0,911991;-0,693250;0,337740;-0,050336;2
579;429;14;28;33;45;46;47;0;0;0,166291;0,8306;3;3;0;-0,968952;-0,293286;0,407703;0,849273;2
580;28;1;2;14;24;33;46;0;0;-1,452288;-0,7880;3;3;0;-0,900228;0,922083;-1,454666;-0,160543;2
581;102;1;2;24;33;45;46;0;0;-0,218337;0,4460;3;3;0;0,585086;0,637279;-0,350742;-0,612514;2
582;399;14;15;28;33;45;46;0;0;-2,185080;-1,5208;3;3;0;-1,282855;-0,769404;-0,789711;-1,712104;2
583;310;2;14;28;33;45;49;0;0;-1,927352;-1,2630;3;3;0;-2,058636;0,086865;-1,085041;-0,194595;2
584;456;24;28;33;45;46;47;0;0;-0,313063;0,3513;3;3;0;-0,456305;0,826736;-0,065319;-0,020617;2
585;446;15;24;33;45;46;49;0;0;-1,143800;-0,4795;3;3;0;-0,420395;-0,973100;0,020741;-1,581466;2
586;337;2;15;24;33;46;49;0;0;-0,274100;0,3902;3;3;0;0,661240;1,661954;0,369935;-1,505931;2
587;437;15;24;28;33;45;49;0;0;-0,576868;0,0875;3;3;0;0,695293;0,082531;-0,888154;-0,806304;2
588;16;1;2;14;15;45;46;0;0;-1,514129;-0,8498;3;3;0;-1,272330;-0,522986;-0,442375;-0,907843;2
589;165;1;14;24;28;33;49;0;0;0,783623;1,4479;3;3;0;1,277902;-0,186175;-0,403369;0,482742;2
590;119;1;2;28;45;46;49;0;0;0,761461;1,4258;3;3;0;1,035200;-0,472217;0,968023;-0,684334;2
591;417;14;24;28;33;46;47;0;0;-1,979899;-1,3156;3;3;0;-1,324338;-0,358915;-1,050988;-1,053960;2
592;425;14;24;33;45;46;49;0;0;-3,027614;-2,3633;3;3;0;-2,117454;0,606323;-1,002076;-2,124451;2
593;281;2;14;15;33;46;47;0;0;-0,300553;0,3638;3;3;0;0,475498;0,452157;0,276445;-1,272516;2
594;231;1;15;45;46;47;49;0;0;-0,067846;0,5965;3;3;0;0,453829;-1,078973;-0,452900;-0,118441;2
595;405;14;15;28;45;46;47;0;0;-2,184009;-1,5197;3;3;0;-2,942766;0,572889;0,713557;-1,553605;2
596;114;1;2;28;33;45;49;0;0;1,478526;2,1428;3;3;0;1,019721;0,732008;1,688701;-0,147541;2
597;371;2;24;33;46;47;49;0;0;-1,110914;-0,4466;3;3;0;-1,150979;1,089870;1,092470;-1,865651;2
598;345;2;15;28;33;45;49;0;0;-0,822444;-0,1581;3;3;0;-0,416061;-0,974958;-0,368078;-0,640375;2
599;75;1;2;15;28;33;49;0;0;-1,222799;-0,5585;3;3;0;-1,244469;-1,038729;0,041792;-0,915273;2
600;178;1;14;24;45;46;47;0;0;-0,443894;0,2204;3;3;0;0,605518;-1,823797;0,578585;-1,952949;2
601;147;1;14;15;28;45;47;0;0;0,179159;0,8435;3;3;0;-0,341765;0,072625;0,317928;0,334149;2
602;242;1;24;33;45;46;47;0;0;-2,178646;-1,5143;3;3;0;-2,127980;1,304092;-1,218774;-0,426772;2
603;328;2;15;24;28;45;47;0;0;0,667091;1,3314;3;3;0;-1,076682;-0,175650;0,704270;1,527848;2
604;317;2;14;28;46;47;49;0;0;-0,594027;0,0703;3;3;0;-0,118255;0,217503;-0,325357;-0,585272;2
605;258;2;14;15;24;33;45;0;0;-1,994197;-1,3299;3;3;0;-0,992479;0,755535;-1,011982;-1,449589;2
606;17;1;2;14;15;45;47;0;0;-1,756486;-1,0922;3;3;0;-1,393681;0,430487;0,076464;-1,725106;2
607;380;14;15;24;28;33;46;0;0;0,435457;1,0998;3;3;0;0,850077;-0,132929;-0,404607;0,308764;2
608;419;14;24;28;33;47;49;0;0;-0,740228;-0,0759;3;3;0;0,323810;-1,087022;-1,550014;-0,055908;2
609;141;1;14;15;24;47;49;0;0;0,883712;1,5480;3;3;0;1,363963;0,870076;0,505527;-0,338855;2
610;6;1;2;14;15;24;49;0;0;-2,496786;-1,8325;3;3;0;-1,578804;-0,167601;-1,574160;-1,171596;2
611;138;1;14;15;24;45;49;0;0;-0,363823;0,3005;3;3;0;0,100920;0,801970;0,185432;-0,916511;2
612;391;14;15;24;33;45;49;0;0;0,444037;1,1084;3;3;0;-0,239607;-0,357057;-0,870199;1,878900;2
613;5;1;2;14;15;24;47;0;0;0,221339;0,8857;3;3;0;1,735446;0,252175;-0,931494;-0,420581;2
614;372;2;24;45;46;47;49;0;0;0,160213;0,8245;3;3;0;1,096495;1,098538;-1,150050;0,331053;2
615;336;2;15;24;33;46;47;0;0;0,772542;1,4369;3;3;0;0,477356;0,239173;0,168715;0,692011;2
616;426;14;24;33;45;47;49;0;0;-2,356304;-1,6920;3;3;0;-2,769407;-1,545184;-0,010216;-1,301615;2
617;428;14;24;45;46;47;49;0;0;-2,804559;-2,1402;3;3;0;-0,864937;-0,150884;-1,143240;-2,849462;2
618;264;2;14;15;24;45;49;0;0;-0,622981;0,0413;3;3;0;-0,177693;0,187166;-0,092561;-0,808781;2
619;110;1;2;24;45;47;49;0;0;1,104265;1,7686;3;3;0;0,415442;-1,355728;0,944496;0,552705;2
620;236;1;24;28;33;46;49;0;0;-2,366670;-1,7023;3;3;0;-1,340435;0,212550;-0,750706;-2,008052;2
621;267;2;14;15;24;47;49;0;0;-0,640497;0,0238;3;3;0;-1,995484;-1,370587;1,493053;-0,606942;2
622;67;1;2;15;24;45;47;0;0;1,351627;2,0160;3;3;0;0,699627;-2,510422;0,932732;0,708728;2
623;121;1;2;28;46;47;49;0;0;-0,072136;0,5922;3;3;0;-0,676099;0,314089;1,574160;-1,023003;2
624;407;14;15;28;45;47;49;0;0;-1,099118;-0,4348;3;3;0;-2,127980;2,087302;1,525248;-1,300996;2
625;239;1;24;28;45;46;49;0;0;1,027053;1,6914;3;3;0;1,972576;0,072625;0,732131;-0,925798;2
626;352;2;15;28;46;47;49;0;0;0,469774;1,1341;3;3;0;-0,379532;0,740676;0,558154;0,635051;2
627;32;1;2;14;24;45;47;0;0;-1,193845;-0,5295;3;3;0;0,800546;0,755535;-0,514814;-2,353532;2
628;266;2;14;15;24;46;49;0;0;-2,351299;-1,6870;3;3;0;0,473022;-2,174229;-1,985268;-2,560324;2
629;202;1;15;24;28;45;47;0;0;-2,386330;-1,7220;3;3;0;-0,699008;0,051574;-2,676227;-0,758011;2
630;250;1;28;33;46;47;49;0;0;0,571649;1,2360;3;3;0;0,155404;0,091199;-1,125285;1,960007;2
631;164;1;14;24;28;33;47;0;0;-0,768467;-0,1041;3;3;0;-2,119312;-1,652915;0,626878;0,161409;2
632;412;14;15;33;46;47;49;0;0;-0,005648;0,6587;3;3;0;-1,372011;-0,241897;1,293071;0,069158;2
633;30;1;2;14;24;33;49;0;0;0,814722;1,4790;3;3;0;0,761541;2,001242;0,441755;0,207845;2
634;330;2;15;24;28;46;47;0;0;-0,930039;-0,2657;3;3;0;-0,822216;1,746776;-0,057889;-0,730769;2
635;376;2;28;33;46;47;49;0;0;-1,112344;-0,4480;3;3;0;-0,798070;0,882458;-0,724083;-0,404483;2
636;364;2;24;28;45;46;47;0;0;-1,260332;-0,5960;3;3;0;0,298425;0,927655;-1,068324;-1,413060;2
637;365;2;24;28;45;46;49;0;0;-0,423518;0,2408;3;3;0;-0,957808;0,912177;-0,246727;0,470979;2
638;432;14;28;33;46;47;49;0;0;-0,731649;-0,0673;3;3;0;0,440827;0,294896;-0,995885;-0,712195;2
639;48;1;2;14;33;45;47;0;0;-0,780264;-0,1159;3;3;0;-1,716252;0,069529;-0,281399;0,646195;2
640;249;1;28;33;45;47;49;0;0;-0,828878;-0,1646;3;3;0;-0,208031;-1,266572;-0,604589;-0,623039;2
641;145;1;14;15;28;33;49;0;0;0,719638;1,3840;3;3;0;0,876700;2,231562;0,118565;0,251185;2
642;157;1;14;15;33;47;49;0;0;0,597387;1,2617;3;3;0;1,347865;0,148160;-1,385942;1,072782;2
643;389;14;15;24;33;45;46;0;0;-0,779191;-0,1149;3;3;0;0,513885;-1,883234;0,324738;-2,188222;2
644;327;2;15;24;28;45;46;0;0;-0,216549;0,4478;3;3;0;0,141783;0,198310;0,290066;-0,806923;2
645;375;2;28;33;45;47;49;0;0;0,934829;1,5992;3;3;0;0,019812;2,066871;0,732751;0,866608;2
646;101;1;2;24;28;47;49;0;0;0,228488;0,8928;3;3;0;-0,106492;-0,164505;1,046654;-0,544409;2
647;408;14;15;28;46;47;49;0;0;-1,537721;-0,8734;3;3;0;-0,448256;-0,804695;-0,545771;-1,669384;2
648;350;2;15;28;45;46;49;0;0;-2,108942;-1,4446;3;3;0;-1,899517;0,343189;-0,172430;-1,580847;2
649;115;1;2;28;33;46;47;0;0;-0,874275;-0,2100;3;3;0;-0,942329;0,501688;-1,150050;0,578090;2
650;287;2;14;15;46;47;49;0;0;0,961996;1,6263;3;3;0;-0,144878;0,339474;1,607594;0,203511;2
651;126;1;2;45;46;47;49;0;0;-0,393849;0,2705;3;3;0;-0,665574;-0,920473;0,199053;-0,215646;2
652;215;1;15;24;45;47;49;0;0;-2,604024;-1,9397;3;3;0;-0,952235;-0,003529;-1,566730;-1,991336;2
653;270;2;14;15;28;33;47;0;0;-0,447469;0,2169;3;3;0;-0,193171;-0,121165;-0,157571;-0,424296;2
654;374;2;28;33;45;46;49;0;0;0,064414;0,7287;3;3;0;0,011764;2,120736;0,983502;-0,883697;2
655;159;1;14;15;45;46;49;0;0;0,400784;1,0651;3;3;0;-0,364054;0,371669;0,252299;0,805933;2
656;418;14;24;28;33;46;49;0;0;-2,526455;-1,8621;3;3;0;-0,523172;-0,025818;-1,227442;-2,625334;2
657;462;28;33;45;46;47;49;0;0;-0,609755;0,0546;3;3;0;-1,215988;-0,610285;-0,344551;0,504412;2
658;91;1;2;15;46;47;49;0;0;-1,140225;-0,4759;3;3;0;-0,603041;1,707770;-0,088846;-1,283041;2
659;11;1;2;14;15;28;49;0;0;0,726787;1,3911;3;3;0;0,032195;1,394486;0,521624;0,705013;2
660;347;2;15;28;33;46;49;0;0;-1,353629;-0,6893;3;3;0;1,687153;-0,716777;-2,065137;-1,966570;2
661;187;1;14;28;33;47;49;0;0;-1,233523;-0,5692;3;3;0;-1,205463;0,225552;-1,854630;0,923569;2
662;305;2;14;24;45;46;49;0;0;-1,495541;-0,8312;3;3;0;0,069344;-2,038019;-0,893727;-1,765969;2
663;95;1;2;24;28;33;49;0;0;0,518746;1,1831;3;3;0;-1,387490;-1,437454;1,446618;0,839366;2
664;227;1;15;33;45;46;47;0;0;-1,836200;-1,1719;3;3;0;-1,505126;2,450737;0,229391;-1,904656;2
665;207;1;15;24;33;45;46;0;0;-0,727002;-0,0627;3;3;0;-0,082345;0,054051;-0,252918;-0,923941;2
666;313;2;14;28;33;47;49;0;0;-0,080356;0,5840;3;3;0;0,484786;-2,398977;1,821816;-2,445783;2
667;228;1;15;33;45;46;49;0;0;-1,284639;-0,6203;3;3;0;0,316380;-1,457886;-0,133424;-2,408016;2
668;70;1;2;15;24;46;49;0;0;-0,869986;-0,2057;3;3;0;0,934899;-0,375012;0,538960;-2,980719;2
669;190;1;14;28;45;47;49;0;0;-0,543982;0,1203;3;3;0;1,068014;0,508499;-0,096276;-1,913943;2
670;312;2;14;28;33;46;49;0;0;-0,748449;-0,0841;3;3;0;0,167167;1,144354;0,093180;-1,556700;2
671;83;1;2;15;33;45;47;0;0;-0,824874;-0,8885;4;3;0;-0,291614;2,825254;-0,260595;-0,876515;2
672;185;1;14;28;33;46;47;0;0;0,697547;0,6340;4;3;0;-0,019812;-0,779991;1,138658;0,089342;2
673;244;1;24;33;45;47;49;0;0;0,304699;0,2411;4;3;0;-0,801165;-0,070458;0,505898;0,823021;2
674;452;15;28;33;45;47;49;0;0;0,132761;0,0692;4;3;0;-2,304434;1,426619;1,780705;0,753678;2
675;233;1;24;28;33;45;47;0;0;-1,180547;-1,2441;4;3;0;-2,139743;0,226109;0,596292;-0,501317;2
676;237;1;24;28;33;47;49;0;0;0,815152;0,7516;4;3;0;-1,387490;2,362138;1,958398;0,840976;2
677;450;15;28;33;45;46;47;0;0;-0,011296;-0,0749;4;3;0;-1,910662;-1,051793;1,833951;0,057146;2
678;359;2;24;28;33;45;47;0;0;0,734008;0,6704;4;3;0;0,221033;-0,235149;1,521286;-0,470979;2
679;97;1;2;24;28;45;47;0;0;-1,924064;-1,9876;4;3;0;-1,731731;-0,645638;0,580195;-2,181040;2
680;69;1;2;15;24;46;47;0;0;-0,094941;-0,1585;4;3;0;-2,308768;-0,835713;0,659445;1,484880;2
681;53;1;2;14;45;46;47;0;0;-0,669022;-0,7326;4;3;0;-1,775690;0,959170;1,589391;-0,972481;2
682;443;15;24;28;45;47;49;0;0;-0,621122;-0,6847;4;3;0;-1,991150;-1,233820;2,325547;-1,410212;2
683;86;1;2;15;33;46;49;0;0;-0,034889;-0,0985;4;3;0;-0,619139;-1,325452;-1,297034;1,855744;2
684;35;1;2;14;24;46;49;0;0;1,148662;1,0851;4;3;0;0,444542;0,731327;2,279731;-0,734732;2
685;338;2;15;24;33;47;49;0;0;0,286826;0,2232;4;3;0;0,191933;0,341888;-0,098381;0,403245;2
686;199;1;15;24;28;33;47;0;0;-0,493867;-0,5575;4;3;0;-0,637094;-0,149089;0,497230;-0,715539;2
687;58;1;2;15;24;28;45;0;0;-1,255614;-1,3192;4;3;0;-3,060402;-1,022693;1,623444;-0,737828;2
688;7;1;2;14;15;28;33;0;0;0,147059;0,0835;4;3;0;-0,949140;-0,634493;1,020402;0,183451;2
689;280;2;14;15;33;45;49;0;0;-1,608069;-1,6717;4;3;0;-2,745880;2,030899;0,079312;-0,118689;2
690;80;1;2;15;28;46;49;0;0;0,193171;0,1296;4;3;0;0,702722;2,094670;0,201901;-0,570041;2
691;229;1;15;33;45;47;49;0;0;-1,233094;-1,2967;4;3;0;-1,650624;0,807481;1,534907;-2,020064;2
692;400;14;15;28;33;45;47;0;0;0,986375;0,9228;4;3;0;-0,514504;-1,140949;2,335453;-0,112497;2
693;142;1;14;15;28;33;45;0;0;0,241071;0,1775;4;3;0;-1,751543;-0,521810;1,965208;0,203882;2
694;52;1;2;14;33;47;49;0;0;-2,516374;-2,5800;4;3;0;-3,033160;1,006843;-0,680371;-0,644957;2
695;125;1;2;33;46;47;49;0;0;-0,616832;-0,6804;4;3;0;-1,646909;0,385847;0,306536;0,271988;2
696;431;14;28;33;45;47;49;0;0;0,261088;0,1975;4;3;0;-0,453829;0,413708;1,323161;-0,417114;2
697;265;2;14;15;24;46;47;0;0;0,012654;-0,0509;4;3;0;-1,719348;1,144292;2,233295;-0,492030;2
698;262;2;14;15;24;45;46;0;0;-1,350698;-1,4143;4;3;0;-2,352108;-0,716839;0,298487;-0,285856;2
699;49;1;2;14;33;45;49;0;0;1,187625;1,1240;4;3;0;-0,769589;2,381950;1,710742;1,115874;2
700;232;1;24;28;33;45;46;0;0;1,028197;0,9646;4;3;0;0,044578;0,442808;2,402939;-0,666627;2
701;45;1;2;14;28;46;49;0;0;-0,507450;-0,5710;4;3;0;-1,043868;-0,063028;-2,078387;2,243325;2
702;434;14;33;45;46;47;49;0;0;-1,769999;-1,8336;4;3;0;-0,957188;0,222395;-0,373279;-1,735260;2
703;447;15;24;33;45;47;49;0;0;1,234452;1,1709;4;3;0;0,978239;-1,158904;1,536145;-0,376251;2
704;292;2;14;24;28;45;46;0;0;0,752596;0,6890;4;3;0;-1,060585;-0,003591;0,645204;1,718915;2
705;459;24;28;33;46;47;49;0;0;-0,561426;-0,6250;4;3;0;-0,615424;1,945458;-0,598645;0,241650;2
706;254;2;14;15;24;28;45;0;0;1,361351;1,2978;4;3;0;1,033342;-0,237625;0,734980;0,589606;2
707;78;1;2;15;28;45;49;0;0;2,025868;1,9623;4;3;0;1,191223;-1,010310;1,754082;0,563602;2
708;251;1;28;45;46;47;49;0;0;-1,249894;-1,3135;4;3;0;-1,643194;-2,041176;0,303440;-0,825126;2
709;8;1;2;14;15;28;45;0;0;0,186737;0,1232;4;3;0;-0,655049;-0,952111;1,373931;-0,395444;2
710;116;1;2;28;33;46;49;0;0;-0,293689;-0,3573;4;3;0;-2,095165;0,578399;1,467421;0,119060;2
711;344;2;15;28;33;45;47;0;0;0,064486;0,0009;4;3;0;-2,028298;-0,948397;0,956012;1,183979;2
712;81;1;2;15;28;47;49;0;0;0,434099;0,3705;4;3;0;0,220413;-0,688358;0,210569;0,320900;2
713;435;15;24;28;33;45;46;0;0;-0,223984;-0,2876;4;3;0;-1,425257;0,179055;0,809276;0,228029;2
714;26;1;2;14;24;28;49;0;0;0,153494;0,0899;4;3;0;-2,103833;-1,183050;1,721887;0,647805;2
715;238;1;24;28;45;46;47;0;0;0,243931;0,1803;4;3;0;-1,105163;0,985173;2,184383;-0,656720;2
716;410;14;15;33;45;46;49;0;0;-0,064558;-0,1281;4;3;0;-0,580133;0,818006;0,375879;0,092437;2
717;430;14;28;33;45;46;49;0;0;0,204610;0,1410;4;3;0;-1,383775;-0,408508;2,577536;-0,839366;2
718;346;2;15;28;33;46;47;0;0;0,435529;0,3719;4;3;0;-0,595611;-0,384361;1,720029;-0,370059;2
719;427;14;24;33;46;47;49;0;0;0,570292;0,5067;4;3;0;-0,999909;-0,139802;0,746743;1,240940;2
720;325;2;15;24;28;33;47;0;0;0,732221;0,6686;4;3;0;0,121351;0,439093;1,082935;0,063957;2
721;339;2;15;24;45;46;47;0;0;-1,592341;-1,6559;4;3;0;-1,805408;-0,457420;-0,021608;-0,930999;2
722;152;1;14;15;33;45;46;0;0;0,860906;0,7973;4;3;0;-1,142311;0,086184;3,259827;-0,626383;2
723;14;1;2;14;15;33;47;0;0;0,047685;-0,0159;4;3;0;-0,970809;0,479956;1,568340;-0,514938;2
724;139;1;14;15;24;46;47;0;0;-0,312277;-0,3759;4;3;0;-1,420304;1,185155;1,668021;-0,788597;2
725;90;1;2;15;45;47;49;0;0;-0,472419;-0,5360;4;3;0;-2,118073;0,884254;1,308302;-0,008482;2
726;71;1;2;15;24;47;49;0;0;1,470375;1,4068;4;3;0;0,097824;-0,397363;1,896484;0,552457;2
727;174;1;14;24;33;45;49;0;0;-0,689040;-0,7526;4;3;0;-0,993718;1,551066;1,312017;-1,511751;2
728;298;2;14;24;33;45;46;0;0;0,061626;-0,0020;4;3;0;-0,467450;1,107144;0,303440;0,270749;2
729;360;2;24;28;33;45;49;0;0;-0,636136;-0,6997;4;3;0;-0,385104;0,899113;-0,190014;-0,526701;2
730;33;1;2;14;24;45;49;0;0;1,210502;1,1469;4;3;0;-1,126213;0,330125;1,277345;1,945519;2
731;390;14;15;24;33;45;47;0;0;1,117920;1,0543;4;3;0;-0,305854;0,320219;0,955393;1,286756;2
732;136;1;14;15;24;45;46;0;0;-0,495654;-0,5592;4;3;0;-2,411545;1,236544;1,862431;-0,309384;2
733;243;1;24;33;45;46;49;0;0;-0,246504;-0,3101;4;3;0;-1,380060;-1,185527;1,713838;-0,760736;2
734;454;15;28;45;46;47;49;0;0;-1,482958;-1,5465;4;3;0;-2,470363;1,553543;0,660683;-0,758878;2
735;68;1;2;15;24;45;49;0;0;0,128471;0,0649;4;3;0;0,344860;0,561063;0,674304;-0,796646;2
736;331;2;15;24;28;46;49;0;0;0,928109;0,8645;4;3;0;-0,865556;-0,366406;2,098942;0,374145;2
737;74;1;2;15;28;33;47;0;0;-1,705656;-1,7692;4;3;0;-3,023873;-1,577442;1,326876;-1,257285;2
738;34;1;2;14;24;46;47;0;0;1,155453;1,0919;4;3;0;-1,131786;0,551776;2,734178;0,398911;2
739;304;2;14;24;45;46;47;0;0;-0,774473;-0,8381;4;3;0;-1,235801;-1,026408;0,482990;-0,588615;2
740;108;1;2;24;45;46;47;0;0;0,102734;0,0391;4;3;0;-0,442684;-0,004829;1,331829;-0,711205;2
741;57;1;2;15;24;28;33;0;0;0,459121;0,3955;4;3;0;-0,482309;-1,428229;0,877381;0,400149;2
742;416;14;24;28;33;45;49;0;0;1,228733;1,1651;4;3;0;0,559082;0,596354;1,142373;0,426772;2
743;3;1;2;14;15;24;45;0;0;0,307201;0,2436;4;3;0;-1,185031;-1,155808;1,492186;0,224933;2
744;385;14;15;24;28;45;49;0;0;1,073595;1,0100;4;3;0;1,113211;0,057704;0,918245;-0,171935;2
745;297;2;14;24;28;47;49;0;0;-1,216651;-1,2802;4;3;0;-2,687062;0,486767;0,461320;0,118441;2
746;140;1;14;15;24;46;49;0;0;-0,660443;-0,7240;4;3;0;-1,297096;-0,111321;1,040215;-0,887040;2
747;300;2;14;24;33;45;49;0;0;-2,018075;-2,0817;4;3;0;-1,817791;-0,082841;-0,270502;-1,407116;2
748;275;2;14;15;28;46;47;0;0;0,889860;0,8263;4;3;0;-0,779496;-0,665450;1,022879;1,297900;2
749;278;2;14;15;33;45;46;0;0;2,183865;2,1203;4;3;0;-0,772685;-0,740985;3,852343;0,702908;2
750;377;2;28;45;46;47;49;0;0;0,627128;0,5635;4;3;0;-0,003715;-1,168191;2,004214;-0,914282;2
751;424;14;24;33;45;46;47;0;0;0,306486;0,2429;4;3;0;-0,595611;-0,137325;0,920102;0,206359;2
752;213;1;15;24;45;46;47;0;0;0,846608;0,7830;4;3;0;-1,424019;-0,240102;2,400463;0,489924;2
753;133;1;14;15;24;33;46;0;0;-0,858833;-0,9224;4;3;0;-1,875990;0,057704;0,694116;-0,305669;2
754;189;1;14;28;45;46;49;0;0;-0,839530;-0,9031;4;3;0;-2,760739;-1,883296;1,921868;-0,615238;2
755;283;2;14;15;33;47;49;0;0;-1,026482;-1,0901;4;3;0;-1,537321;-0,883387;0,382690;-0,623287;2
756;355;2;15;33;45;47;49;0;0;-0,040607;-0,1042;4;3;0;1,500173;-1,804046;-0,838252;-0,732255;2
757;109;1;2;24;45;46;49;0;0;0,466270;0,4027;4;3;0;0,151070;-1,526053;0,800608;-0,144074;2
758;284;2;14;15;45;46;47;0;0;0,569219;0,5056;4;3;0;-0,496549;-1,141568;0,843948;0,638518;2
759;150;1;14;15;28;46;49;0;0;0,327576;0,2640;4;3;0;-0,013621;-1,191099;0,167229;0,413770;2
760;436;15;24;28;33;45;47;0;0;1,171896;1,1083;4;3;0;1,385013;0,044083;2,349074;-1,704303;2
761;414;14;24;28;33;45;46;0;0;0,772971;0,7094;4;3;0;-0,090394;-0,511285;0,720120;0,709100;2
762;88;1;2;15;45;46;47;0;0;-0,048829;-0,1124;4;3;0;0,219175;-0,557720;1,366501;-1,670250;2
763;316;2;14;28;45;47;49;0;0;0,772614;0,7090;4;3;0;-0,489120;0,390800;1,167138;0,660188;2
764;356;2;15;33;46;47;49;0;0;-0,197175;-0,2608;4;3;0;-0,065010;-0,838809;0,388262;-0,664769;2
765;47;1;2;14;33;45;46;0;0;-0,671882;-0,7355;4;3;0;-1,672294;0,394515;2,676598;-2,168038;2
766;311;2;14;28;33;46;47;0;0;0,431597;0,3680;4;3;0;-0,378913;-0,758321;1,398696;-0,272235;2
767;131;1;14;15;24;28;49;0;0;-0,909235;-0,9728;4;3;0;-1,666721;0,125809;1,373311;-1,281431;2
768;324;2;15;24;28;33;46;0;0;-0,151420;-0,2150;4;3;0;-1,174506;-0,230815;0,754173;0,158066;2
769;104;1;2;24;33;45;49;0;0;-0,070634;-0,1342;4;3;0;-0,653810;-2,205867;0,628488;-0,097019;2
770;212;1;15;24;33;47;49;0;0;1,008180;0,9446;4;3;0;-0,387581;-1,194195;1,392505;0,741295;2
771;384;14;15;24;28;45;47;0;0;-0,552490;-0,6161;4;3;0;-0,617900;0,144383;-0,051327;-0,287714;2
772;342;2;15;24;46;47;49;0;0;-1,219510;-1,2831;4;3;0;-2,109406;0,928832;0,350494;-0,353342;2
773;60;1;2;15;24;28;47;0;0;-1,466515;-1,5301;4;3;0;-0,725011;-1,258585;0,724454;-2,539521;2
774;274;2;14;15;28;45;49;0;0;1,627300;1,5637;4;3;0;0,921897;-1,514909;1,366501;0,530168;2
775;167;1;14;24;28;45;47;0;0;-0,413081;-0,4767;4;3;0;0,590658;-0,391791;0,268149;-1,574284;2
776;38;1;2;14;28;33;46;0;0;1,315238;1,2517;4;3;0;-0,837075;-0,363930;2,337930;0,777205;2
777;176;1;14;24;33;46;49;0;0;0,774758;0,7112;4;3;0;-0,830884;0,276879;2,340406;-0,167601;2
778;226;1;15;28;46;47;49;0;0;-2,526026;-2,5896;4;3;0;-1,906328;0,800051;0,502183;-2,971061;2
779;12;1;2;14;15;33;45;0;0;1,047500;0,9839;4;3;0;0,151689;-1,289542;2,462996;-0,800361;2
780;268;2;14;15;28;33;45;0;0;1,167965;1,1044;4;3;0;1,348484;0,088661;0,842091;-0,167601;2
781;59;1;2;15;24;28;46;0;0;-0,447397;-0,5110;4;3;0;-1,314431;0,011268;-0,401140;0,940657;2
782;273;2;14;15;28;45;47;0;0;-1,950158;-2,0137;4;3;0;-1,762688;-2,085754;-0,342941;-1,272144;2
783;288;2;14;24;28;33;45;0;0;1,739900;1,6763;4;3;0;0,409870;-0,687739;2,312545;0,291181;2
784;378;2;33;45;46;47;49;0;0;0,382983;0,3194;4;3;0;-0,533698;-0,058694;0,806800;0,390243;2
785;65;1;2;15;24;33;49;0;0;1,426765;1,3632;4;3;0;1,253137;-0,857383;2,604778;-1,386685;2
786;381;14;15;24;28;33;47;0;0;-1,460081;-1,5237;4;3;0;-1,905709;0,501626;-0,277312;-0,345913;2
787;162;1;14;24;28;33;45;0;0;1,628373;1,5648;4;3;0;0,739252;-1,173144;2,566392;-0,485219;2
788;93;1;2;24;28;33;46;0;0;0,536690;0,4731;4;3;0;-1,243850;1,843300;1,183236;0,990188;2
789;269;2;14;15;28;33;46;0;0;-0,246861;-0,3104;4;3;0;-2,327342;-0,220909;0,918245;0,981521;2
790;315;2;14;28;45;46;49;0;0;-0,043110;-0,1067;4;3;0;-0,843886;-0,506951;1,147945;-0,378727;2
791;361;2;24;28;33;46;47;0;0;0,796564;0,7330;4;3;0;-0,297806;-0,543480;0,923817;0,753678;2
792;77;1;2;15;28;45;47;0;0;0,981013;0,9174;4;3;0;0,392534;-1,422038;2,347217;-1,040586;2
793;314;2;14;28;45;46;47;0;0;1,684851;1,6213;4;3;0;0,716963;0,349937;2,350312;-0,149027;2
794;217;1;15;28;33;45;46;0;0;-0,052404;-0,1160;4;3;0;-1,293381;-1,906204;1,494663;-0,292048;2
795;191;1;14;28;46;47;49;0;0;0,137765;0,0742;4;3;0;-0,099681;-1,828812;1,412936;-1,074639;2
796;362;2;24;28;33;46;49;0;0;-0,709415;-0,7730;4;3;0;-0,185742;-1,129185;-0,515681;-0,527320;2
797;322;2;14;45;46;47;49;0;0;-1,832911;-1,8965;4;3;0;-1,427115;1,500916;-0,270502;-1,477079;2
798;388;14;15;24;28;47;49;0;0;0,742587;0,6790;4;3;0;-1,014149;-0,731079;2,280350;0,019998;2
799;160;1;14;15;45;47;49;0;0;1,198706;1,1351;4;3;0;-0,033433;-0,588677;0,850758;1,258895;2
800;457;24;28;33;45;46;49;0;0;1,656612;1,5930;4;3;0;0,045197;-0,762036;2,791139;0,033000;2
801;285;2;14;15;45;46;49;0;0;-0,503518;-0,5671;4;3;0;-0,893417;-1,361362;1,179521;-1,158223;2
802;248;1;28;33;45;46;49;0;0;0,073065;0,0095;4;3;0;-1,073586;-0,335449;2,933541;-1,733403;2
803;181;1;14;24;46;47;49;0;0;-0,851684;-0,9153;4;3;0;-1,203606;0,309074;1,071791;-1,343345;2
804;107;1;2;24;33;47;49;0;0;0,449113;0,3855;4;3;0;-1,120641;-0,088413;0,885430;1,013097;2
805;458;24;28;33;45;47;49;0;0;1,776719;1,7131;4;3;0;1,828936;0,369130;1,798041;-0,549609;2
806;158;1;14;15;45;46;47;0;0;1,307374;1,2438;4;3;0;1,420304;1,458815;0,534379;0,309755;2
807;291;2;14;24;28;33;49;0;0;-0,384126;-0,4477;4;3;0;-0,988145;0,318980;1,828998;-1,506179;2
808;451;15;28;33;45;46;49;0;0;-0,790559;-0,8541;4;3;0;-0,976382;0,244064;0,600626;-0,993532;2
809;319;2;14;33;45;46;49;0;0;0,510953;0,4474;4;3;0;0,151070;-0,549052;0,435316;0,298611;2
810;224;1;15;28;45;46;49;0;0;1,661617;1,5980;4;3;0;0,391915;-0,562673;0,208093;2,277997;2
811;43;1;2;14;28;45;49;0;0;-0,711202;-0,7748;4;3;0;-1,517509;-1,399130;0,612390;-0,326719;2
812;433;14;28;45;46;47;49;0;0;0,684679;0,6211;4;3;0;-0,383866;0,443427;2,542864;-0,973100;2
813;334;2;15;24;33;45;47;0;0;1,245176;1,1816;4;3;0;0,180169;0,714610;1,216050;0,760488;2
814;413;14;15;45;46;47;49;0;0;-0,582874;-0,6465;4;3;0;-0,621615;-0,586200;-0,438288;0,050336;2
815;392;14;15;24;33;46;47;0;0;-0,162502;-0,2261;4;3;0;-1,017864;-0,295824;-0,659940;1,396343;2
816;137;1;14;15;24;45;47;0;0;1,005320;0,9417;4;3;0;-0,128781;1,700279;1,955302;-0,085255;2
817;29;1;2;14;24;33;47;0;0;-0,454903;-0,5185;4;3;0;-2,798507;0,201963;1,973257;0,037334;2
818;79;1;2;15;28;46;47;0;0;1,571894;1,5083;4;3;0;0,034053;-1,987311;1,404268;1,284279;2
819;332;2;15;24;28;47;49;0;0;0,570291;0,5067;4;3;0;-0,554748;-1,186146;1,332448;0,210074;2
820;134;1;14;15;24;33;47;0;0;-0,136049;-0,1996;4;3;0;0,761541;-1,444946;0,212426;-1,209611;2
821;276;2;14;15;28;46;49;0;0;-0,505305;-0,5689;4;3;0;-1,004243;-0,965732;0,164753;-0,035724;2
822;449;15;24;45;46;47;49;0;0;-2,194660;-2,2582;4;3;0;-3,595958;0,210631;0,837757;-1,043063;2
823;335;2;15;24;33;45;49;0;0;0,908091;0,8445;4;3;0;0,464973;-0,767608;1,544813;-0,436926;2
824;195;1;14;33;46;47;49;0;0;-0,744804;-0,8084;4;3;0;-1,562087;2,761482;0,257004;0,015045;2
825;323;2;15;24;28;33;45;0;0;-0,488505;-0,5521;4;3;0;-0,721297;0,049655;-0,257500;0,132681;2
826;444;15;24;28;46;47;49;0;0;-1,673127;-1,7367;4;3;0;-2,210944;-0,767608;-0,300839;-0,386157;2
827;62;1;2;15;24;33;45;0;0;-0,196818;-0,2604;4;3;0;-1,371392;0,627930;-0,039563;1,070057;2
828;106;1;2;24;33;46;49;0;0;0,216764;0,1532;4;3;0;0,553510;0,748662;0,365354;-0,543418;2
829;9;1;2;14;15;28;46;0;0;-2,229692;-2,2933;4;3;0;-2,872184;1,593787;0,839614;-1,829369;2
830;259;2;14;15;24;33;46;0;0;-0,373045;-0,4366;4;3;0;-0,662478;0,034796;-0,688420;0,704766;2
831;219;1;15;28;33;45;49;0;0;1,297722;1,2341;4;3;0;-1,868561;0,478718;2,586823;1,529458;2
832;87;1;2;15;33;47;49;0;0;0,500945;0,4374;4;3;0;-0,720058;-0,139182;2,020931;-0,433211;2
833;203;1;15;24;28;45;49;0;0;1,500402;1,4368;4;3;0;1,573851;-0,401078;1,764607;-0,739685;2
834;128;1;14;15;24;28;45;0;0;0,514170;0,4506;4;3;0;-0,884130;-1,800331;1,631492;0,143207;2
835;161;1;14;15;46;47;49;0;0;-1,395380;-1,4590;4;3;0;-1,614094;0,562921;0,271864;-1,074639;2
836;31;1;2;14;24;45;46;0;0;-0,504948;-0,5685;4;3;0;-1,776928;0,001362;-0,594311;1,496644;2
837;246;1;24;45;46;47;49;0;0;-0,377692;-0,4413;4;3;0;-1,350961;-0,278489;-1,672851;2,369629;2
838;122;1;2;33;45;46;47;0;0;1,390304;1,3267;4;3;0;0,486024;-1,742752;1,119465;0,802589;2
839;240;1;24;28;45;47;49;0;0;2,108084;2,0445;4;3;0;1,843795;-1,117421;-0,038944;1,846457;2
840;461;24;33;45;46;47;49;0;0;0,125254;0,0617;4;3;0;-0,772066;-1,029504;0,721978;0,267035;2
841;19;1;2;14;15;46;47;0;0;-0,271527;-0,3351;4;3;0;-1,490267;-0,523048;0,494754;0,525215;2
842;186;1;14;28;33;46;49;0;0;0,330078;0,2665;4;3;0;-0,702103;-0,833237;-0,064329;1,338144;2
843;271;2;14;15;28;33;49;0;0;1,245891;1,1823;4;3;0;-1,741637;-1,236296;1,419747;2,479836;2
844;98;1;2;24;28;45;49;0;0;-0,543911;-0,6075;4;3;0;-0,945425;-0,253723;-0,097762;0,101105;2
845;438;15;24;28;33;46;47;0;0;-1,115489;-1,1791;4;3;0;-1,550323;-0,162091;0,445842;-0,827603;2
846;123;1;2;33;45;46;49;0;0;-0,725143;-0,7887;4;3;0;-1,892707;0,205059;0,619820;0,016902;2
847;192;1;14;33;45;46;47;0;0;-1,263477;-1,3271;4;3;0;-1,500792;0,112188;0,645824;-1,333439;2
848;348;2;15;28;33;47;49;0;0;-0,536762;-0,6003;4;3;0;-0,377055;-0,771942;0,325110;-0,877753;2
849;64;1;2;15;24;33;47;0;0;-0,405931;-0,4695;4;3;0;-0,299044;2,007371;1,156613;-1,560663;2
850;163;1;14;24;28;33;46;0;0;2,288601;2,2250;4;3;0;0,000000;-0,058694;2,777518;1,186455;2
851;15;1;2;14;15;33;49;0;0;-0,183234;-0,2468;4;3;0;-2,181845;-0,583724;2,144139;-0,279665;2
852;4;1;2;14;15;24;46;0;0;-1,353558;-1,4171;4;3;0;-1,253756;-1,083988;-0,355324;-0,735351;2
853;117;1;2;28;33;47;49;0;0;-0,568933;-0,6325;4;3;0;-0,837695;-0,656782;0,027923;-0,175650;2
854;166;1;14;24;28;45;46;0;0;1,224086;1,1605;4;3;0;-0,873605;0,442189;2,910633;0,083150;2
855;85;1;2;15;33;46;47;0;0;-0,976437;-1,0400;4;3;0;-0,625330;-0,193667;-0,112621;-0,953288;2
856;169;1;14;24;28;46;47;0;0;0,338300;0,2747;4;3;0;-0,853173;-1,648642;1,134324;0,304802;2
857;39;1;2;14;28;33;47;0;0;1,649105;1,5855;4;3;0;0,253847;0,153051;1,943538;0,658949;2
858;340;2;15;24;45;46;49;0;0;-0,013440;-0,0770;4;3;0;-1,149121;-1,185527;-0,098381;1,224223;2
859;282;2;14;15;33;46;49;0;0;0,800139;0,7366;4;3;0;-0,599945;-0,588677;1,485376;0,500450;2
860;188;1;14;28;45;46;47;0;0;2,409065;2,3455;4;3;0;-0,439588;-0,039501;2,897631;1,714581;2
861;366;2;24;28;45;47;49;0;0;0,616046;0,5525;4;3;0;0,025385;2,981896;0,744886;0,296753;2
862;343;2;15;28;33;45;46;0;0;-1,783582;-1,8472;4;3;0;-2,657343;-1,713652;-0,098381;-0,333530;2
863;21;1;2;14;15;47;49;0;0;0,171009;0,1074;4;3;0;-1,803551;-1,344026;1,538622;0,561125;2
864;260;2;14;15;24;33;47;0;0;1,109698;1,0461;4;3;0;-1,667340;-0,768227;1,260009;2,329385;2
865;357;2;15;45;46;47;49;0;0;0,830880;0,7673;4;3;0;-0,833980;0,713991;3,178720;-0,905614;2
866;351;2;15;28;45;47;49;0;0;-0,639353;-0,7029;4;3;0;-1,211035;0,489243;0,931866;-0,828222;2
867;318;2;14;33;45;46;47;0;0;-1,693144;-1,7567;4;3;0;-2,154603;0,839057;-0,880972;0,102963;2
868;353;2;15;33;45;46;47;0;0;1,196561;1,1330;4;3;0;-0,157261;0,268211;1,738603;0,491163;2
869;92;1;2;24;28;33;45;0;0;-1,224515;-1,2881;4;3;0;-0,666193;-0,020927;-0,131815;-1,322914;2
870;25;1;2;14;24;28;47;0;0;-0,792703;-0,8563;4;3;0;-1,570755;0,270687;1,072410;-0,874657;2
871;221;1;15;28;33;46;49;0;0;0,357603;0,2940;4;3;0;-0,238988;-0,567626;1,153517;-0,295143;2
872;453;15;28;33;46;47;49;0;0;-0,741943;-0,8055;4;3;0;-1,788692;-0,632636;0,008111;0,495497;2
873;255;2;14;15;24;28;46;0;0;2,865184;2,8016;4;3;0;-0,014240;-0,673499;3,479621;1,497263;2
874;301;2;14;24;33;46;47;0;0;-0,126398;-0,1900;4;3;0;-0,937376;-0,118132;0,541189;0,177259;2
875;1;1;2;14;15;24;28;0;0;-0,021305;-0,0849;4;3;0;-0,333716;0,325172;-0,411665;0,708480;2
876;295;2;14;24;28;46;47;0;0;-1,013614;-1,0772;4;3;0;-1,358390;1,290409;-0,619077;0,221837;2
877;442;15;24;28;45;46;49;0;0;0,762605;0,6990;4;3;0;0,637094;-0,512523;0,700927;-0,017150;2
878;220;1;15;28;33;46;47;0;0;-0,983300;-1,3973;5;3;0;-0,898989;0,056775;0,989260;-1,793397;2
879;289;2;14;24;28;33;46;0;0;-0,119677;-0,5337;5;3;0;-0,837075;-0,839738;0,602298;0,027490;2
880;149;1;14;15;28;46;47;0;0;0,438317;0,0243;5;3;0;0,084203;-0,664522;0,759559;-0,084574;2
881;401;14;15;28;33;45;49;0;0;1,303013;0,8890;5;3;0;0,144259;0,588615;1,827574;0,285051;2
882;197;1;15;24;28;33;45;0;0;0,190955;-0,2230;5;3;0;0,836456;2,083835;-0,172244;-0,333468;2
883;168;1;14;24;28;45;49;0;0;1,749837;1,3359;5;3;0;2,216516;1,070924;0,619015;0,195276;2
884;184;1;14;28;33;45;49;0;0;1,459223;1,0452;5;3;0;-0,629045;-0,353095;0,730460;2,426033;2
885;369;2;24;33;45;46;49;0;0;1,803456;1,3895;5;3;0;0,625949;1,347679;1,044363;1,453366;2
886;82;1;2;15;33;45;46;0;0;0,381839;-0,0321;5;3;0;-0,252609;0,178745;-0,177197;1,091170;2
887;440;15;24;28;33;47;49;0;0;-0,020303;-0,4343;5;3;0;-0,431540;-1,074391;-1,608027;2,004400;2
888;222;1;15;28;33;47;49;0;0;0,688182;0,2742;5;3;0;0,684148;-0,054670;0,641923;-0,134105;2
889;151;1;14;15;28;47;49;0;0;0,996312;0,5823;5;3;0;0,596850;-1,027337;1,147759;-0,018946;2
890;448;15;24;33;46;47;49;0;0;1,098545;0,6846;5;3;0;0,001238;-0,792064;0,429558;1,471940;2
891;61;1;2;15;24;28;49;0;0;2,391120;1,9771;5;3;0;0,272421;-0,125252;2,459714;1,409407;2
892;130;1;14;15;24;28;47;0;0;0,178444;-0,2355;5;3;0;-0,240226;-0,238554;1,241249;-0,691949;2
893;205;1;15;24;28;46;49;0;0;1,015615;0,6016;5;3;0;0,515123;0,593568;0,241959;1,002014;2
894;406;14;15;28;45;46;49;0;0;-0,485359;-0,8993;5;3;0;-0,032195;-1,565368;-0,429806;-0,378665;2
895;393;14;15;24;33;46;49;0;0;0,982014;0,5680;5;3;0;-1,027151;1,504321;1,370649;1,357400;2
896;42;1;2;14;28;45;47;0;0;-0,595099;-1,0091;5;3;0;0,524410;-0,823021;0,362072;-1,917225;2
897;124;1;2;33;45;47;49;0;0;1,456721;1,0427;5;3;0;-0,236511;0,098876;1,916110;0,843515;2
898;72;1;2;15;28;33;45;0;0;-0,091796;-0,5058;5;3;0;-1,628954;-2,679199;0,598583;0,871376;2
899;211;1;15;24;33;46;49;0;0;2,801127;2,3871;5;3;0;0,862460;-0,526454;1,360124;2,629110;2
900;367;2;24;28;46;47;49;0;0;-0,699835;-1,1138;5;3;0;-1,253756;1,360062;0,189952;-0,148346;2
901;172;1;14;24;33;45;46;0;0;1,074953;0,6610;5;3;0;0,922517;1,673965;0,842524;0,096833;2
902;403;14;15;28;33;46;49;0;0;0,874776;0,4608;5;3;0;0,777019;0,082160;0,978115;-0,239978;2
903;223;1;15;28;45;46;47;0;0;-0,080714;-0,4947;5;3;0;-0,858126;2,491228;0,316875;0,401450;2
904;120;1;2;28;45;47;49;0;0;0,255298;-0,1587;5;3;0;-1,016007;-1,964094;-0,224871;1,683067;2
905;394;14;15;24;33;47;49;0;0;-1,221369;-1,6354;5;3;0;-0,471165;1,282050;-0,920164;-0,724145;2
906;204;1;15;24;28;46;47;0;0;-0,851398;-1,2654;5;3;0;-1,706346;0,155837;-1,577070;1,808752;2
907;76;1;2;15;28;45;46;0;0;1,259760;0,8458;5;3;0;-1,375107;0,175031;1,961927;1,595149;2
908;56;1;2;14;46;47;49;0;0;1,076383;0,6624;5;3;0;0,868652;0,883325;0,688358;0,307340;2
909;113;1;2;28;33;45;47;0;0;2,136252;1,7223;5;3;0;0,884749;-2,074300;2,148287;0,667060;2
910;13;1;2;14;15;33;46;0;0;1,017044;0,6031;5;3;0;-1,202986;-0,511594;1,434420;1,530139;2
911;214;1;15;24;45;46;49;0;0;-0,590095;-1,0041;5;3;0;-1,342912;-0,149398;0,080364;0,240473;2
912;235;1;24;28;33;46;47;0;0;-0,741300;-1,1553;5;3;0;-0,763398;-0,166734;-0,697893;0,177321;2
913;368;2;24;33;45;46;47;0;0;-0,747377;-1,1614;5;3;0;-0,878558;-0,793922;-0,627311;0,211374;2
914;41;1;2;14;28;45;46;0;0;-0,816367;-1,2304;5;3;0;0,016717;-0,649662;-0,802528;-0,628178;2
915;127;1;14;15;24;28;33;0;0;0,888717;0,4747;5;3;0;1,437021;-1,365387;-0,670032;0,772314;2
916;307;2;14;24;46;47;49;0;0;-0,341660;-0,7556;5;3;0;-0,543604;-1,083059;1,176240;-1,224409;2
917;396;14;15;24;45;46;49;0;0;1,037778;0,6238;5;3;0;0,281708;-0,232982;1,675885;-0,160109;2
918;154;1;14;15;33;45;49;0;0;-0,480712;-0,8947;5;3;0;-0,609852;1,368730;-0,070086;-0,152680;2
919;103;1;2;24;33;45;47;0;0;-0,901442;-1,3154;5;3;0;-0,972048;-0,262081;-0,844629;0,255333;2
920;22;1;2;14;24;28;33;0;0;-0,033172;-0,4472;5;3;0;-0,684148;-1,651429;1,410893;-0,784201;2
921;409;14;15;33;45;46;47;0;0;-0,513598;-0,9276;5;3;0;-0,544842;-0,614371;-0,650219;0,305483;2
922;252;1;33;45;46;47;49;0;0;1,040280;0,6263;5;3;0;-0,314522;-0,092437;1,582395;0,533945;2
923;241;1;24;28;46;47;49;0;0;-0,085004;-0,4990;5;3;0;-0,616043;-1,229795;-0,009411;0,478223;2
924;156;1;14;15;33;46;49;0;0;0,261017;-0,1530;5;3;0;0,042721;-0,723959;0,913106;-0,503731;2
925;73;1;5;14;18;27;45;0;0;-1,091719;-1,2175;6;3;0;0,191933;-0,435750;0,134105;-2,216950;3
926;56;1;5;6;45;47;49;0;0;0,032493;-0,0933;6;3;0;-1,007339;0,687987;-0,082593;1,146211;3
927;390;6;14;17;27;43;47;0;0;-1,207893;-1,3337;6;3;0;-1,409160;1,144911;-0,594002;-0,088970;3
928;438;14;17;18;27;45;47;0;0;-0,997707;-1,1235;6;3;0;-0,414204;-0,056218;-0,527135;-0,786740;3
929;227;1;14;27;43;45;47;0;0;-0,722462;-0,8483;6;3;0;-0,225986;0,122713;0,230072;-1,255427;3
930;94;1;5;17;18;27;47;0;0;-0,836135;-0,9619;6;3;0;-1,163362;-0,447513;-0,114169;-0,170697;3
931;156;1;6;14;27;45;49;0;0;-0,558745;-0,6846;6;3;0;-1,852463;1,013035;1,518500;-0,633812;3
932;204;1;14;17;18;45;47;0;0;-0,780013;-0,9058;6;3;0;-2,083402;-1,309974;0,031948;0,700432;3
933;422;6;17;18;43;47;49;0;0;-0,155174;-0,2810;6;3;0;-0,430921;0,634122;0,423243;-0,261091;3
934;4;1;5;6;14;17;45;0;0;0,802819;0,6770;6;3;0;-0,130019;1,022941;1,961184;-0,440641;3
935;350;5;14;18;43;45;49;0;0;-2,111909;-2,2377;6;3;0;-0,808595;-0,407269;-0,575427;-2,273911;3
936;321;5;6;27;45;47;49;0;0;1,848747;1,7229;6;3;0;1,388728;0,036034;1,719720;0,093676;3
937;241;1;17;18;45;47;49;0;0;-0,078677;-0,2045;6;3;0;0,406774;-0,019069;0,051141;-0,594187;3
938;284;5;6;14;43;45;47;0;0;1,392270;1,2665;6;3;0;0,225366;-1,471569;2,371053;-0,184937;3
939;10;1;5;6;14;18;47;0;0;1,158492;1,0327;6;3;0;1,018483;-1,079654;0,103149;0,884935;3
940;388;6;14;17;18;47;49;0;0;2,406742;2,2809;6;3;0;1,586233;-0,518095;3,011862;-0,429496;3
941;165;1;6;17;18;27;49;0;0;0,948305;0,8225;6;3;0;0,632760;-0,853668;1,377336;-0,367583;3
942;425;6;17;27;43;45;49;0;0;2,486813;2,3610;6;3;0;1,861750;0,626073;1,910414;0,535122;3
943;41;1;5;6;18;43;45;0;0;-2,115484;-2,2413;6;3;0;-0,768351;1,495963;-1,684924;-1,210850;3
944;170;1;6;17;18;45;49;0;0;-0,166612;-0,2924;6;3;0;-0,793736;0,328267;2,576607;-2,071452;3
945;64;1;5;14;17;27;47;0;0;-0,255262;-0,3811;6;3;0;0,032814;-0,662355;-0,091880;-0,383061;3
946;37;1;5;6;18;27;43;0;0;0,223019;0,0972;6;3;0;-0,580752;0,865061;-0,276384;1,243416;3
947;218;1;14;18;27;43;47;0;0;-0,036139;-0,1619;6;3;0;-0,460020;0,203201;0,995946;-0,598521;3
948;31;1;5;6;17;43;45;0;0;0,774222;0,6484;6;3;0;-0,333097;-1,105658;1,361238;0,312851;3
949;51;1;5;6;27;45;49;0;0;-0,139445;-0,2653;6;3;0;0,981335;-2,148907;-0,897380;-0,325481;3
950;29;1;5;6;17;27;47;0;0;0,829986;0,7042;6;3;0;-0,684767;-2,668364;1,797112;0,325234;3
951;14;1;5;6;14;27;47;0;0;0,772078;0,6463;6;3;0;0,370245;1,060089;1,181069;-0,214036;3
952;460;17;18;43;45;47;49;0;0;-0,097623;-0,2234;6;3;0;-1,532987;-0,099557;1,231219;0,132681;3
953;219;1;14;18;27;43;49;0;0;-0,321750;-0,4476;6;3;0;-2,525467;-1,018359;1,935799;0,032381;3
954;1;1;5;6;14;17;18;0;0;-1,549624;-1,6754;6;3;0;-0,928708;-2,143334;0,136582;-1,891902;3
955;410;6;14;27;43;45;49;0;0;2,214786;2,0890;6;3;0;0,747919;-0,722411;1,983473;1,104729;3
956;184;1;6;18;27;43;49;0;0;-1,226838;-1,3526;6;3;0;-1,690868;0,900971;0,137201;-0,571279;3
957;455;14;27;43;45;47;49;0;0;-0,754276;-0,8801;6;3;0;-0,892179;1,170915;-0,121599;-0,292667;3
958;379;6;14;17;18;27;43;0;0;0,990843;0,8650;6;3;0;0,046435;1,073091;1,917844;-0,248089;3
959;48;1;5;6;27;43;47;0;0;-0,826483;-0,9523;6;3;0;0,542985;1,220446;-1,224285;-0,750210;3
960;193;1;6;27;43;45;49;0;0;0,414260;0,2885;6;3;0;0,133734;-0,590534;0,608366;-0,024580;3
961;173;1;6;17;27;43;47;0;0;0,594063;0,4683;6;3;0;0,440827;0,803147;0,585458;0,002662;3
962;348;5;14;18;27;47;49;0;0;-0,394671;-0,5205;6;3;0;-1,436402;2,002418;1,275178;-0,522367;3
963;93;1;5;17;18;27;45;0;0;0,071099;-0,0547;6;3;0;-0,639570;-0,002972;1,103677;-0,340960;3
964;370;5;17;27;43;47;49;0;0;0,649469;0,5237;6;3;0;0,170882;0,445904;1,207073;-0,253042;3
965;442;14;17;18;43;45;49;0;0;-0,723177;-0,8490;6;3;0;-0,109588;-2,120426;0,359472;-1,502464;3
966;8;1;5;6;14;18;43;0;0;-1,542832;-1,6686;6;3;0;-1,370773;0,983935;-0,083831;-1,217660;3
967;368;5;17;27;43;45;47;0;0;-0,093332;-0,2191;6;3;0;0,226605;0,410613;-0,727116;0,338855;3
968;418;6;17;18;27;45;49;0;0;2,442488;2,3167;6;3;0;1,069252;0,865680;1,376717;1,784543;3
969;162;1;6;17;18;27;43;0;0;1,430876;1,3051;6;3;0;0,604279;0,495435;1,873885;0,000186;3
970;32;1;5;6;17;43;47;0;0;0,977617;0,8518;6;3;0;-0,933042;0,282451;1,275178;1,351146;3
971;23;1;5;6;17;18;43;0;0;1,427302;1,3015;6;3;0;-0,266849;-1,379317;1,266510;1,472498;3
972;399;6;14;18;27;43;45;0;0;1,985654;1,8598;6;3;0;0,038387;-0,010402;2,930755;0,470112;3
973;242;1;17;27;43;45;47;0;0;-0,978046;-1,1039;6;3;0;-0,471784;-0,180046;0,256076;-1,478317;3
974;302;5;6;17;27;45;49;0;0;-0,462946;-0,5888;6;3;0;-0,445161;0,487386;0,722906;-1,079592;3
975;39;1;5;6;18;27;47;0;0;2,825685;2,6999;6;3;0;2,666630;0,424234;-0,151317;2,378917;3
976;326;5;14;17;18;27;49;0;0;-1,273308;-1,3991;6;3;0;-0,870509;-0,560197;-1,069500;-0,265425;3
977;17;1;5;6;14;43;47;0;0;1,675022;1,5492;6;3;0;0,836456;0,798813;0,828160;1,236606;3
978;115;1;5;18;27;45;47;0;0;-0,334618;-0,4604;6;3;0;-1,170791;0,101043;0,112436;0,478780;3
979;220;1;14;18;27;45;47;0;0;1,277168;1,1514;6;3;0;-0,728107;-0,939729;1,821258;1,118969;3
980;291;5;6;17;18;27;49;0;0;0,665555;0,5397;6;3;0;0,279232;0,658268;0,431292;0,442251;3
981;88;1;5;14;43;45;47;0;0;-1,033810;-1,1596;6;3;0;-0,672385;0,562921;0,884502;-2,002728;3
982;137;1;6;14;17;43;47;0;0;0,348130;0,2223;6;3;0;1,434544;0,902828;-0,062162;-0,769404;3
983;397;6;14;17;43;47;49;0;0;0,791380;0,6656;6;3;0;0,518838;0,274402;0,909267;-0,057394;3
984;141;1;6;14;17;47;49;0;0;-0,445073;-0,5709;6;3;0;-0,994337;0,166053;1,256604;-1,033157;3
985;195;1;6;27;45;47;49;0;0;1,127750;1,0019;6;3;0;0,096586;-0,505093;2,077582;-0,220847;3
986;342;5;14;17;45;47;49;0;0;1,645352;1,5195;6;3;0;1,680342;2,172062;1,409531;-0,240040;3
987;235;1;17;18;27;45;47;0;0;-0,252045;-0,3779;6;3;0;-0,319476;0,081231;0,403431;-0,520510;3
988;344;5;14;18;27;43;47;0;0;1,121316;0,9955;6;3;0;-0,113922;1,695945;1,512927;0,543170;3
989;430;6;18;27;43;45;49;0;0;-0,044718;-0,1705;6;3;0;-1,124356;-1,421419;1,012044;0,034858;3
990;297;5;6;17;18;47;49;0;0;-0,570184;-0,6960;6;3;0;0,323810;0,488005;-0,433026;-0,878372;3
991;104;1;5;17;27;43;49;0;0;0,976902;0,8511;6;3;0;0,574561;-1,127947;0,303130;0,814353;3
992;21;1;5;6;14;47;49;0;0;0,124003;-0,0018;6;3;0;1,565183;0,260781;-0,350061;-1,000342;3
993;281;5;6;14;27;45;47;0;0;-0,849718;-0,9755;6;3;0;-1,620905;0,331982;0,327277;-0,178126;3
994;268;5;6;14;18;27;43;0;0;-0,739978;-0,8658;6;3;0;-1,695202;0,119618;-0,538279;0,951802;3
995;377;5;18;43;45;47;49;0;0;-1,569285;-1,6951;6;3;0;-1,548466;-0,776276;-0,487510;-0,682105;3
996;248;1;18;27;43;45;49;0;0;1,321136;1,1953;6;3;0;0,489120;0,203820;2,667002;-0,867847;3
997;458;17;18;27;43;47;49;0;0;0,238033;0,1122;6;3;0;0,194410;-0,963256;0,853545;-0,635670;3
998;20;1;5;6;14;45;49;0;0;-0,672060;-0,7979;6;3;0;-0,681053;-0,261772;0,633131;-1,116121;3
999;126;1;5;43;45;47;49;0;0;0,422482;0,2967;6;3;0;1,221561;-2,823768;-0,357491;-0,132310;3
1000;214;1;14;17;43;45;49;0;0;-0,622016;-0,7478;6;3;0;-0,999290;-0,184379;-1,015635;0,937562;3
1001;249;1;18;27;43;47;49;0;0;0,551167;0,4254;6;3;0;-0,393153;-1,074701;1,368668;-0,020865;3
1002;112;1;5;18;27;43;45;0;0;-2,448278;-2,5741;6;3;0;-2,019011;0,221775;-1,135748;-1,085783;3
1003;409;6;14;27;43;45;47;0;0;-0,787877;-0,9137;6;3;0;-1,604188;0,909639;0,223881;0,015664;3
1004;54;1;5;6;43;45;49;0;0;-0,344984;-0,4708;6;3;0;-0,256943;0,484909;0,204068;-0,544656;3
1005;83;1;5;14;27;43;47;0;0;0,775652;0,6498;6;3;0;0,822835;1,558496;1,168067;-0,647433;3
1006;276;5;6;14;18;45;49;0;0;-0,160535;-0,2863;6;3;0;-1,262424;-1,318642;0,864689;0,119680;3
1007;222;1;14;18;27;47;49;0;0;1,405854;1,2800;6;3;0;-0,287899;1,377707;2,580322;0,142588;3
1008;337;5;14;17;27;45;49;0;0;0,554385;0,4286;6;3;0;0,829646;-1,415846;0,340279;-0,209702;3
1009;151;1;6;14;18;47;49;0;0;0,820335;0,6945;6;3;0;-0,801785;-2,115473;2,551223;-0,328577;3
1010;142;1;6;14;18;27;43;0;0;0,620157;0,4943;6;3;0;-0,703961;-0,308826;0,834970;0,943134;3
1011;59;1;5;14;17;18;45;0;0;0,637316;0,5115;6;3;0;-0,740490;-0,191190;1,412008;0,432345;3
1012;378;5;27;43;45;47;49;0;0;-0,716385;-0,8422;6;3;0;-0,307712;-0,107606;-0,952483;0,019379;3
1013;132;1;6;14;17;27;43;0;0;-0,379658;-0,5055;6;3;0;-0,087299;-0,040120;-0,616910;0,046621;3
1014;448;14;17;27;45;47;49;0;0;0,357067;0,2313;6;3;0;0,599945;0,525773;1,703003;-1,684491;3
1015;384;6;14;17;18;43;47;0;0;-1,046679;-1,1725;6;3;0;0,601184;0,559206;-0,312294;-2,101790;3
1016;310;5;6;18;27;43;49;0;0;0,152957;0,0271;6;3;0;-0,131877;1,129433;0,919173;-0,522367;3
1017;230;1;14;27;45;47;49;0;0;0,709165;0,5834;6;3;0;0,553510;-0,742223;-0,746310;1,421109;3
1018;105;1;5;17;27;45;47;0;0;1,467694;1,3419;6;3;0;0,279851;-0,731698;0,571836;1,690434;3
1019;330;5;14;17;18;45;47;0;0;0,009616;-0,1162;6;3;0;0,136211;1,596882;0,211498;-0,331053;3
1020;91;1;5;14;45;47;49;0;0;-0,792167;-0,9180;6;3;0;0,279851;-0,300158;-1,285580;-0,366344;3
1021;217;1;14;18;27;43;45;0;0;-0,957313;-1,0831;6;3;0;-1,765784;-0,738509;-0,471412;0,579080;3
1022;277;5;6;14;18;47;49;0;0;-0,556958;-0,6828;6;3;0;-0,007430;-0,506951;1,368049;-2,325299;3
1023;334;5;14;17;27;43;47;0;0;-0,526931;-0,6527;6;3;0;-0,404917;1,590072;1,416342;-1,924097;3
1024;405;6;14;18;43;45;47;0;0;-2,050426;-2,1762;6;3;0;-1,463025;0,174721;0,114912;-2,203329;3
1025;80;1;5;14;18;45;49;0;0;-2,327100;-2,4529;6;3;0;-2,459838;-0,407889;-0,313532;-1,257285;3
1026;72;1;5;14;18;27;43;0;0;0,919709;0,7939;6;3;0;-0,838933;-1,395415;1,954373;0,477542;3
1027;158;1;6;14;43;45;47;0;0;0,668414;0,5426;6;3;0;0,916944;0,409374;0,464725;-0,223942;3
1028;233;1;17;18;27;43;47;0;0;-0,621301;-0,7471;6;3;0;0,134353;0,339412;-0,992727;-0,217751;3
1029;393;6;14;17;27;45;49;0;0;0,015335;-0,1105;6;3;0;1,142930;0,611833;0,419528;-1,535897;3
1030;445;14;17;27;43;45;47;0;0;0,464662;0,3389;6;3;0;1,057489;0,494196;-0,226852;-0,025818;3
1031;30;1;5;6;17;27;49;0;0;-1,271520;-1,3973;6;3;0;-1,326195;1,901499;-1,029875;0,153732;3
1032;75;1;5;14;18;27;49;0;0;1,071986;0,9462;6;3;0;0,716343;0,315265;0,527258;0,613133;3
1033;331;5;14;17;18;45;49;0;0;-0,244538;-0,3703;6;3;0;0,112064;-0,105130;0,973038;-1,508655;3
1034;166;1;6;17;18;43;45;0;0;1,283603;1,1578;6;3;0;0,988145;-0,723649;1,570507;-0,335387;3
1035;236;1;17;18;27;45;49;0;0;0,219802;0,0940;6;3;0;0,288519;-0,186856;0,638703;-0,546514;3
1036;103;1;5;17;27;43;47;0;0;-0,901192;-1,0270;6;3;0;-0,155404;-0,934156;0,525401;-1,930908;3
1037;92;1;5;17;18;27;43;0;0;-0,260624;-0,3864;6;3;0;0,446399;0,650839;0,587934;-1,485747;3
1038;292;5;6;17;18;43;45;0;0;0,635886;0,5101;6;3;0;1,201129;0,086184;0,922888;-1,022631;3
1039;182;1;6;18;27;43;45;0;0;0,730612;0,6048;6;3;0;0,574561;-1,418323;1,362477;-0,671580;3
1040;406;6;14;18;43;45;49;0;0;-1,270091;-1,3959;6;3;0;-0,539889;1,552924;-0,161843;-1,498130;3
1041;231;1;14;43;45;47;49;0;0;1,517024;1,3912;6;3;0;0,601803;0,062657;1,894936;0,130824;3
1042;429;6;18;27;43;45;47;0;0;-0,592705;-0,7185;6;3;0;-1,047583;0,957312;-0,036158;0,057146;3
1043;419;6;17;18;27;47;49;0;0;-0,490471;-0,6163;6;3;0;-1,476027;-0,974400;0,999042;-0,372536;3
1044;109;1;5;17;43;45;49;0;0;1,977433;1,8516;6;3;0;1,922426;0,435997;3,016196;-1,513608;3
1045;273;5;6;14;18;43;47;0;0;-1,068840;-1,1946;6;3;0;-0,088537;0,959170;-2,141848;0,379099;3
1046;325;5;14;17;18;27;47;0;0;-0,360713;-0,4865;6;3;0;-0,385104;-0,158995;0,477727;-0,717396;3
1047;174;1;6;17;27;43;49;0;0;-0,301732;-0,4275;6;3;0;-1,027151;1,188870;0,673994;-0,169458;3
1048;232;1;17;18;27;43;45;0;0;-0,150169;-0,2760;6;3;0;-0,761541;0,118379;1,486304;-0,984864;3
1049;135;1;6;14;17;27;49;0;0;-1,504585;-1,6304;6;3;0;-1,311955;1,094142;-0,264620;-1,029442;3
1050;372;5;17;43;45;47;49;0;0;-0,042216;-0,1680;6;3;0;-0,884130;0,075659;1,320994;-0,509985;3
1051;369;5;17;27;43;45;49;0;0;2,063938;1,9381;6;3;0;0,513885;-0,952731;2,266419;0,794541;3
1052;417;6;17;18;27;45;47;0;0;1,065195;0,9394;6;3;0;-0,466211;-0,160852;0,390429;1,920754;3
1053;155;1;6;14;27;45;47;0;0;1,718989;1,5932;6;3;0;1,134262;-0,583724;0,667803;1,175311;3
1054;394;6;14;17;27;47;49;0;0;-0,458299;-0,5841;6;3;0;-2,181845;-0,756464;1,109249;0,278798;3
1055;110;1;5;17;43;47;49;0;0;0,012118;-0,1137;6;3;0;-0,008668;-0,994213;1,108011;-1,078354;3
1056;272;5;6;14;18;43;45;0;0;-0,989485;-1,1153;6;3;0;-2,194847;0,379037;-0,077021;0,558030;3
1057;119;1;5;18;43;45;49;0;0;-0,114423;-0,2402;6;3;0;0,393772;-1,717367;-0,212612;-0,379346;3
1058;462;18;27;43;45;47;49;0;0;0,226951;0,1011;6;3;0;-1,523081;-0,761417;1,762440;0,153732;3
1059;78;1;5;14;18;43;49;0;0;1,283245;1,1574;6;3;0;-0,293472;1,023560;1,253508;1,262609;3
1060;177;1;6;17;27;47;49;0;0;0,309167;0,1834;6;3;0;-0,279232;-2,326599;0,265363;0,549362;3
1061;153;1;6;14;27;43;47;0;0;0,965463;0,8397;6;3;0;-0,180788;1,801198;2,270134;-0,417114;3
1062;128;1;6;14;17;18;43;0;0;0,554027;0,4282;6;3;0;-0,508313;1,733712;1,218217;0,249699;3
1063;11;1;5;6;14;18;49;0;0;0,025344;-0,1005;6;3;0;-0,673623;0,436617;0,649229;0,068291;3
1064;2;1;5;6;14;17;27;0;0;0,816403;0,6906;6;3;0;-0,942948;-0,006068;0,102529;2,254470;3
1065;152;1;6;14;27;43;45;0;0;0,194780;0,0690;6;3;0;-0,167787;-0,469802;-0,013869;0,519024;3
1066;252;1;27;43;45;47;49;0;0;2,290568;2,1648;6;3;0;0,716963;1,382041;1,996475;1,253942;3
1067;311;5;6;18;27;45;47;0;0;0,268774;0,1430;6;3;0;-0,134972;-0,007306;0,660992;-0,060490;3
1068;125;1;5;27;45;47;49;0;0;-1,070986;-1,1968;6;3;0;0,134353;-1,361362;-1,250908;-0,738447;3
1069;210;1;14;17;27;45;47;0;0;-0,361427;-0,4872;6;3;0;-1,484694;-0,107606;1,180450;-0,321766;3
1070;328;5;14;17;18;43;47;0;0;1,185301;1,0595;6;3;0;0,551033;-1,175001;0,352042;1,149926;3
1071;391;6;14;17;27;43;49;0;0;0,015335;-0,1105;6;3;0;-0,036529;1,635269;0,098815;-0,035724;3
1072;209;1;14;17;27;43;49;0;0;-0,282786;-0,4086;6;3;0;0,356005;-0,063028;0,306226;-1,152031;3
1073;57;1;5;14;17;18;27;0;0;-1,688319;-1,8141;6;3;0;-2,152126;1,234686;-0,250999;-0,521129;3
1074;61;1;5;14;17;18;49;0;0;2,220505;2,0947;6;3;0;1,072967;0,572208;2,457733;0,315327;3
1075;127;1;6;14;17;18;27;0;0;0,224449;0,0986;6;3;0;0,922517;-0,880911;-0,417547;-0,116212;3
1076;424;6;17;27;43;45;47;0;0;-0,945160;-1,0710;6;3;0;-1,146645;0,470050;0,660992;-1,151412;3
1077;44;1;5;6;18;45;47;0;0;-1,543905;-1,6697;6;3;0;0,378913;-0,545956;-0,410117;-2,642917;3
1078;380;6;14;17;18;27;45;0;0;-0,140517;-0,2663;6;3;0;0,115160;-0,078507;-1,208806;0,850263;3
1079;3;1;5;6;14;17;43;0;0;0,276996;0,1512;6;3;0;-1,430830;-1,216484;1,595273;0,315327;3
1080;194;1;6;27;43;47;49;0;0;-0,028990;-0,1548;6;3;0;1,086588;-0,874100;-1,197043;0,060242;3
1081;423;6;17;18;45;47;49;0;0;-0,224878;-0,3507;6;3;0;-0,735537;0,585829;1,236172;-0,890136;3
1082;85;1;5;14;27;45;47;0;0;-0,336763;-0,4626;6;3;0;-0,684767;0,735661;0,873976;-0,772499;3
1083;411;6;14;27;43;47;49;0;0;0,529005;0,4032;6;3;0;0,429682;-1,088941;1,639232;-1,152650;3
1084;457;17;18;27;43;45;49;0;0;1,170288;1,0445;6;3;0;0,102777;0,465716;0,895646;1,028575;3
1085;244;1;17;27;43;47;49;0;0;0,708093;0,5823;6;3;0;-0,264991;-0,358357;1,862741;-0,371297;3
1086;106;1;5;17;27;45;49;0;0;-0,464376;-0,5902;6;3;0;-0,832122;-0,431416;-0,100548;0,128347;3
1087;280;5;6;14;27;43;49;0;0;1,825512;1,6997;6;3;0;0,231558;0,166672;2,328333;0,601989;3
1088;294;5;6;17;18;43;49;0;0;0,385663;0,2599;6;3;0;-0,131877;-1,172525;0,601555;0,198310;3
1089;265;5;6;14;17;45;47;0;0;-0,298158;-0,4240;6;3;0;-1,609141;-0,701979;-1,245336;2,338053;3
1090;121;1;5;18;45;47;49;0;0;0,793526;0,6677;6;3;0;0,735537;1,369039;1,639232;-1,000342;3
1091;205;1;14;17;18;45;49;0;0;-0,328899;-0,4547;6;3;0;-1,199891;-0,333592;0,610223;0,019998;3
1092;89;1;5;14;43;45;49;0;0;0,786019;0,6602;6;3;0;0,419157;-0,018450;1,143921;-0,201653;3
1093;359;5;17;18;27;43;47;0;0;1,029448;0,9036;6;3;0;-1,062442;0,261400;2,339477;0,506022;3
1094;108;1;5;17;43;45;47;0;0;-0,830058;-0,9559;6;3;0;-0,722535;-1,176859;-0,122218;-0,592949;3
1095;412;6;14;27;45;47;49;0;0;1,062693;0,9369;6;3;0;0,996194;-0,326781;-0,030585;0,875029;3
1096;395;6;14;17;43;45;47;0;0;-1,011647;-1,1375;6;3;0;-0,134353;0,467574;-0,613195;-1,004676;3
1097;164;1;6;17;18;27;47;0;0;-1,081351;-1,2072;6;3;0;-1,074206;0,241588;0,420767;-1,219517;3
1098;257;5;6;14;17;18;49;0;0;0,205146;0,0793;6;3;0;-0,267468;-1,462282;0,681424;-0,058632;3
1099;251;1;18;43;45;47;49;0;0;0,647324;0,5215;6;3;0;-0,177074;-1,187384;0,568122;0,730150;3
1100;159;1;6;14;43;45;49;0;0;2,911475;2,7857;6;3;0;1,901994;0,375941;0,853545;2,287284;3
1101;111;1;5;17;45;47;49;0;0;-0,413259;-0,5391;6;3;0;-0,803642;0,187723;0,923507;-0,835651;3
1102;266;5;6;14;17;45;49;0;0;-0,173761;-0,2996;6;3;0;-0,843886;0,847725;-0,257809;0,800732;3
1103;19;1;5;6;14;45;47;0;0;-0,468308;-0,5941;6;3;0;-1,667960;0,286166;0,608985;0,247841;3
1104;278;5;6;14;27;43;45;0;0;-1,269733;-1,3955;6;3;0;-1,503269;1,474912;-0,169892;-0,526082;3
1105;82;1;5;14;27;43;45;0;0;0,926500;0,8007;6;3;0;0,385104;-0,937252;0,711762;0,507879;3
1106;414;6;17;18;27;43;45;0;0;-0,244896;-0,3707;6;3;0;0,130019;-1,157665;0,633131;-1,187322;3
1107;402;6;14;18;27;45;47;0;0;-1,033452;-1,1593;6;3;0;-0,909515;0,625454;-0,421881;-0,458596;3
1108;200;1;14;17;18;27;49;0;0;-0,646681;-0,7725;6;3;0;-0,038387;-1,146521;-0,231186;-0,850511;3
1109;42;1;5;6;18;43;47;0;0;0,115781;-0,0100;6;3;0;0,923136;2,080430;-0,010154;-0,712443;3
1110;228;1;14;27;43;45;49;0;0;0,741336;0,6155;6;3;0;1,158408;0,481195;0,858498;-0,732874;3
1111;136;1;6;14;17;43;45;0;0;-0,244896;-0,3707;6;3;0;0,582609;-0,802280;-0,974153;-0,032629;3
1112;286;5;6;14;43;47;49;0;0;0,225522;0,0997;6;3;0;0,275517;1,695945;-0,257190;0,372288;3
1113;52;1;5;6;27;47;49;0;0;0,739548;0,6137;6;3;0;-1,051917;-0,380027;1,972328;0,360524;3
1114;124;1;5;27;43;47;49;0;0;0,427843;0,3020;6;3;0;0,770828;0,268211;1,850977;-1,880758;3
1115;282;5;6;14;27;45;49;0;0;0,500765;0,3750;6;3;0;0,527506;-0,578771;-0,511037;0,850882;3
1116;324;5;14;17;18;27;45;0;0;-0,090116;-0,2159;6;3;0;-0,365911;-0,746557;0,747672;-0,537846;3
1117;116;1;5;18;27;45;49;0;0;-1,142477;-1,2683;6;3;0;-1,418447;0,603784;0,938986;-1,499368;3
1118;354;5;14;27;43;45;49;0;0;-0,069026;-0,1948;6;3;0;-1,181936;-1,632545;1,029380;0,033000;3
1119;256;5;6;14;17;18;47;0;0;1,840168;1,7144;6;3;0;-0,063771;0,590163;1,654091;1,596944;3
1120;449;14;17;43;45;47;49;0;0;0,393170;0,2674;6;3;0;0,349813;-1,094513;0,844257;-0,513080;3
1121;147;1;6;14;18;43;47;0;0;-0,293153;-0,4190;6;3;0;-0,444542;-1,247441;1,329043;-1,392257;3
1122;450;14;18;27;43;45;47;0;0;0,570828;0,4450;6;3;0;0,825312;1,813581;0,773057;-0,609666;3
1123;459;17;18;27;45;47;49;0;0;-1,110664;-1,2365;6;3;0;-0,546080;-1,958831;-0,965485;-0,412161;3
1124;318;5;6;27;43;45;47;0;0;-1,002353;-1,1282;6;3;0;-0,739871;0,194533;0,171254;-1,167510;3
1125;262;5;6;14;17;43;45;0;0;0,139373;0,0136;6;3;0;-0,848839;-0,489615;0,597221;0,493020;3
1126;275;5;6;14;18;45;47;0;0;1,112737;0,9869;6;3;0;1,084731;-1,197290;0,603413;0,239173;3
1127;247;1;18;27;43;45;47;0;0;0,434636;0,3088;6;3;0;-0,416061;-0,388695;-0,162462;1,331334;3
1128;401;6;14;18;27;43;49;0;0;-0,286718;-0,4125;6;3;0;-2,316198;-1,072843;0,675233;1,144354;3
1129;427;6;17;27;45;47;49;0;0;1,599598;1,4738;6;3;0;-0,239607;0,694797;1,326567;1,683624;3
1130;98;1;5;17;18;43;49;0;0;0,733114;0,6073;6;3;0;-1,053155;0,416185;2,280659;0,042287;3
1131;305;5;6;17;43;45;49;0;0;0,653759;0,5280;6;3;0;-0,159119;0,372845;1,283227;0,008235;3
1132;313;5;6;18;27;47;49;0;0;-0,260982;-0,3868;6;3;0;-0,449495;-0,524906;0,365044;-0,367583;3
1133;169;1;6;17;18;45;47;0;0;0,230419;0,3349;7;3;0;-0,532459;-1,336658;1,044487;-0,112931;3
1134;364;5;17;18;43;45;47;0;0;0,647932;0,7524;7;3;0;-0,777638;-1,786153;0,968333;0,931556;3
1135;180;1;6;17;43;47;49;0;0;-0,431240;-0,3268;7;3;0;0,638332;-0,738571;-0,416680;-0,968581;3
1136;283;5;6;14;27;47;49;0;0;1,277776;1,3822;7;3;0;-0,317618;0,770890;0,938614;1,592177;3
1137;163;1;6;17;18;27;45;0;0;-1,220868;-1,1164;7;3;0;-0,980716;-0,231496;-0,804261;-0,329629;3
1138;426;6;17;27;43;47;49;0;0;-0,320427;-0,2160;7;3;0;-0,008668;-1,510636;-1,090922;0,544594;3
1139;389;6;14;17;27;43;45;0;0;-1,134721;-1,0303;7;3;0;-1,163981;0,192614;-1,370154;0,568741;3
1140;428;6;17;43;45;47;49;0;0;1,699221;1,8037;7;3;0;0,212365;0,851997;0,926231;1,804542;3
1141;260;5;6;14;17;27;47;0;0;0,947483;1,0519;7;3;0;-0,427825;-0,973843;1,087208;0,981706;3
1142;154;1;6;14;27;43;49;0;0;-0,307916;-0,2035;7;3;0;-0,670527;0,167848;0,032814;0,104387;3
1143;362;5;17;18;27;45;49;0;0;-1,230163;-1,1257;7;3;0;-0,143640;-1,016564;-1,141073;-0,845991;3
1144;238;1;17;18;43;45;47;0;0;-1,555093;-1,4507;7;3;0;0,216079;2,008548;-1,763926;-1,145654;3
1145;452;14;18;27;43;47;49;0;0;-0,015514;0,0889;7;3;0;-0,566512;-0,671084;1,196176;-0,656535;3
1146;84;1;5;14;27;43;49;0;0;-0,624983;-0,5205;7;3;0;0,633379;-0,964556;-1,304525;-0,411356;3
1147;316;5;6;18;43;47;49;0;0;-1,115418;-1,0110;7;3;0;0,007430;-1,396096;-0,850077;-1,089313;3
1148;308;5;6;18;27;43;45;0;0;0,470274;0,5747;7;3;0;0,295329;0,822278;0,238988;0,280222;3
1149;301;5;6;17;27;45;47;0;0;0,816295;0,9207;7;3;0;0,224128;1,331210;0,817882;0,371855;3
1150;157;1;6;14;27;47;49;0;0;-1,093255;-0,9888;7;3;0;-0,923136;0,452033;0,013621;-0,984059;3
1151;58;1;5;14;17;18;43;0;0;0,878493;0,9829;7;3;0;1,420304;0,817944;0,481690;-0,380399;3
1152;343;5;14;18;27;43;45;0;0;1,025409;1,1298;7;3;0;1,504507;-1,545927;1,330529;-1,058975;3
1153;26;1;5;6;17;18;49;0;0;-0,668950;-0,5645;7;3;0;-1,183174;-1,946510;0,516981;-0,492463;3
1154;346;5;14;18;27;45;47;0;0;-0,150991;-0,0466;7;3;0;0,885987;-2,174972;-1,502030;0,354519;3
1155;203;1;14;17;18;43;49;0;0;0,529970;0,6344;7;3;0;-0,632760;0,520138;0,289138;1,261557;3
1156;320;5;6;27;43;47;49;0;0;0,139624;0,2441;7;3;0;-0,167787;-0,320033;-0,249513;0,659135;3
1157;340;5;14;17;43;45;49;0;0;-0,550274;-0,4458;7;3;0;-0,308950;-3,188502;-1,284713;0,640561;3
1158;258;5;6;14;17;27;43;0;0;-0,269310;-0,1649;7;3;0;0,424729;0,009349;1,019102;-1,910290;3
1159;317;5;6;18;45;47;49;0;0;-0,966714;-0,8623;7;3;0;-1,318146;-0,287218;-0,290995;-0,065257;3
1160;447;14;17;27;43;47;49;0;0;-1,204068;-1,0996;7;3;0;-1,291523;1,140515;-0,362196;-0,431787;3
1161;161;1;6;14;45;47;49;0;0;2,257931;2,3624;7;3;0;2,074734;0,142464;1,637622;0,198496;3
1162;289;5;6;17;18;27;45;0;0;-0,012297;0,0921;7;3;0;-0,779496;0,762222;0,183884;0,574313;3
1163;255;5;6;14;17;18;45;0;0;0,177157;0,2816;7;3;0;0,283566;0,907100;0,907038;-0,883759;3
1164;179;1;6;17;43;45;49;0;0;0,227202;0,3316;7;3;0;-1,174506;1,129990;-1,277902;2,845933;3
1165;145;1;6;14;18;27;49;0;0;1,007894;1,1123;7;3;0;0,803642;1,338640;2,230137;-1,288056;3
1166;269;5;6;14;18;27;45;0;0;-1,058224;-0,9538;7;3;0;-0,219794;-0,746619;-0,492834;-1,120270;3
1167;12;1;5;6;14;27;43;0;0;0,337299;0,4417;7;3;0;0,619139;0,482990;0,662478;-0,697398;3
1168;100;1;5;17;18;45;49;0;0;0,784124;0,8886;7;3;0;-0,740490;-0,754668;0,654430;1,444203;3
1169;408;6;14;18;45;47;49;0;0;-0,343305;-0,2389;7;3;0;0,133115;0,599388;0,251370;-0,979106;3
1170;454;14;18;43;45;47;49;0;0;-1,218008;-1,1136;7;3;0;-0,082965;1,567721;-0,443303;-1,583385;3
1171;68;1;5;14;17;43;49;0;0;0,579300;0,6837;7;3;0;-1,077301;1,890911;1,463025;0,617653;3
1172;250;1;18;27;45;47;49;0;0;0,098516;0,2030;7;3;0;0,709533;-0,220351;1,061204;-1,600102;3
1173;373;5;18;27;43;45;47;0;0;0,102091;0,2065;7;3;0;-0,139925;-1,045044;0,065010;0,251742;3
1174;5;1;5;6;14;17;47;0;0;-1,100047;-0,9956;7;3;0;-0,907038;0,874905;0,072439;-1,070738;3
1175;327;5;14;17;18;43;45;0;0;-0,030170;0,0743;7;3;0;0,235273;0,484847;0,469307;-0,756835;3
1176;175;1;6;17;27;45;47;0;0;-0,822301;-0,7179;7;3;0;-0,276136;0,530045;-0,928089;-0,220042;3
1177;239;1;17;18;43;45;49;0;0;-1,097545;-0,9931;7;3;0;-1,355295;-1,552738;-0,697769;0,152060;3
1178;167;1;6;17;18;43;47;0;0;0,262233;0,3667;7;3;0;1,118164;-0,278550;1,337959;-2,001923;3
1179;353;5;14;27;43;45;47;0;0;0,232564;0,3370;7;3;0;0,652572;-0,290314;0,914468;-1,164228;3
1180;40;1;5;6;18;27;49;0;0;-1,460367;-1,3559;7;3;0;-2,292670;-1,162681;0,082345;-0,319104;3
1181;150;1;6;14;18;45;49;0;0;1,743546;1,8480;7;3;0;1,668579;-0,885926;2,342202;-0,990870;3
1182;456;17;18;27;43;45;47;0;0;0,391275;0,4957;7;3;0;-0,506455;-0,744143;1,246945;-0,062781;3
1183;185;1;6;18;27;45;47;0;0;0,734080;0,8385;7;3;0;-0,227224;-2,150207;0,661240;0,837447;3
1184;243;1;17;27;43;45;49;0;0;-0,708628;-0,6042;7;3;0;-1,201129;-1,527972;0,591897;-0,618148;3
1185;69;1;5;14;17;45;47;0;0;0,132833;0,2373;7;3;0;-0,300282;-1,460486;1,315051;-0,784696;3
1186;225;1;14;18;43;47;49;0;0;-1,378508;-1,2741;7;3;0;-0,344860;-0,110764;-1,108258;-0,934528;3
1187;439;14;17;18;27;45;49;0;0;1,893680;1,9981;7;3;0;0,650096;0,092933;0,913230;1,716624;3
1188;296;5;6;17;18;45;49;0;0;0,048114;0,1526;7;3;0;1,133643;-0,697088;-0,588801;-0,461506;3
1189;76;1;5;14;18;43;45;0;0;0,931755;1,0362;7;3;0;2,220231;1,239578;-0,778876;0,172492;3
1190;9;1;5;6;14;18;45;0;0;2,050247;2,1547;7;3;0;3,249859;-0,377613;0,801785;-0,500512;3
1191;65;1;5;14;17;27;49;0;0;-0,145272;-0,0408;7;3;0;-0,175216;-1,579980;0,955950;-1,032352;3
1192;176;1;6;17;27;45;49;0;0;-0,323644;-0,2192;7;3;0;1,301430;-0,518776;-0,143021;-1,718977;3
1193;441;14;17;18;43;45;47;0;0;-0,384412;-0,2800;7;3;0;0,168406;-1,705665;-0,532459;-0,301768;3
1194;216;1;14;17;45;47;49;0;0;-1,214077;-1,1096;7;3;0;-0,756587;0,699069;1,007339;-2,353594;3
1195;16;1;5;6;14;43;45;0;0;-2,665363;-2,5609;7;3;0;-2,034490;0,125747;-0,841409;-1,740646;3
1196;130;1;6;14;17;18;47;0;0;1,273844;1,3783;7;3;0;0,773923;-0,383804;1,888992;-0,456553;3
1197;392;6;14;17;27;45;47;0;0;0,783052;0,8875;7;3;0;-1,328672;-0,371421;2,101976;0,582981;3
1198;181;1;6;17;45;47;49;0;0;-1,346694;-1,2423;7;3;0;-1,373869;-0,183203;-0,129400;-0,829274;3
1199;314;5;6;18;43;45;47;0;0;-0,681461;-0,5770;7;3;0;-0,204316;-0,232115;-1,111973;0,135963;3
1200;60;1;5;14;17;18;47;0;0;0,512455;0,6169;7;3;0;-0,381389;0,040306;0,415442;0,853545;3
1201;253;5;6;14;17;18;27;0;0;1,553020;1,6575;7;3;0;0,430301;-1,322418;-0,468069;2,727677;3
1202;226;1;14;18;45;47;49;0;0;-1,620509;-1,5161;7;3;0;-0,246417;0,673066;-1,258090;-1,302296;3
1203;67;1;5;14;17;43;47;0;0;-0,881639;-0,7772;7;3;0;-0,962761;0,332539;-0,006811;-0,557472;3
1204;315;5;6;18;43;45;49;0;0;0,831309;0,9357;7;3;0;0,220413;-0,900785;1,306383;-0,086927;3
1205;365;5;17;18;43;45;49;0;0;0,271169;0,3756;7;3;0;-0,162214;0,128843;0,079250;0,552643;3
1206;453;14;18;27;45;47;49;0;0;-1,765280;-1,6608;7;3;0;-0,855650;-0,464292;-0,464354;-1,737551;3
1207;421;6;17;18;43;45;49;0;0;0,013440;0,1179;7;3;0;-0,588182;0,446461;0,148593;0,462868;3
1208;299;5;6;17;27;43;47;0;0;0,055978;0,1604;7;3;0;-1,149740;-1,267934;0,759064;0,487634;3
1209;123;1;5;27;43;45;49;0;0;-0,521677;-0,4172;7;3;0;0,679195;-1,204782;-0,542985;-1,039781;3
1210;79;1;5;14;18;45;47;0;0;0,465985;0,5704;7;3;0;-1,227133;-1,549023;1,370773;0,663469;3
1211;360;5;17;18;27;43;49;0;0;-0,784410;-0,6800;7;3;0;0,872366;1,381979;-1,482218;-0,748786;3
1212;312;5;6;18;27;45;49;0;0;-0,446967;-0,3425;7;3;0;0,811691;-1,227690;-0,377055;-1,208806;3
1213;287;5;6;14;45;47;49;0;0;1,301369;1,4058;7;3;0;0,065010;-0,786244;1,360867;0,828160;3
1214;192;1;6;27;43;45;47;0;0;1,375006;1,4794;7;3;0;1,222180;-0,573880;1,020341;0,139059;3
1215;420;6;17;18;43;45;47;0;0;-1,650893;-1,5465;7;3;0;-0,440827;-1,199829;-1,903851;-0,514752;3
1216;188;1;6;18;43;45;47;0;0;1,497256;1,6017;7;3;0;0,492215;-0,295886;0,516362;1,584747;3
1217;13;1;5;6;14;27;45;0;0;-0,241071;-0,1366;7;3;0;-0,074297;-2,909271;-0,056961;-0,286290;3
1218;99;1;5;17;18;45;47;0;0;-0,309346;-0,2049;7;3;0;0,305235;-1,160204;0,671146;-1,512184;3
1219;138;1;6;14;17;43;49;0;0;0,402357;0,5068;7;3;0;0,834599;-0,839490;0,131877;-0,269573;3
1220;363;5;17;18;27;47;49;0;0;-0,123824;-0,0194;7;3;0;1,639479;0,504660;-0,432159;-1,421790;3
1221;22;1;5;6;17;18;27;0;0;1,080816;1,1853;7;3;0;1,409160;-1,043806;-0,374579;0,837447;3
1222;396;6;14;17;43;45;49;0;0;0,178587;0,2830;7;3;0;-0,892798;-0,506394;0,879177;0,322943;3
1223;81;1;5;14;18;47;49;0;0;-0,216406;-0,1120;7;3;0;-1,363343;-0,020989;0,468069;0,520448;3
1224;403;6;14;18;27;45;49;0;0;-0,160285;-0,0558;7;3;0;-1,484694;1,925583;2,019011;-0,811938;3
1225;25;1;5;6;17;18;47;0;0;0,677243;0,7817;7;3;0;-1,035200;0,040306;0,670527;1,537693;3
1226;36;1;5;6;17;47;49;0;0;-1,444280;-1,3398;7;3;0;-0,567750;0,081788;-2,407830;0,474013;3
1227;347;5;14;18;27;45;49;0;0;-1,384585;-1,2801;7;3;0;-0,446399;0,479275;-1,746590;-0,205183;3
1228;246;1;17;43;45;47;49;0;0;0,598960;0,7034;7;3;0;0,846982;0,725692;-0,530602;0,721049;3
1229;202;1;14;17;18;43;47;0;0;0,326933;0,4314;7;3;0;-1,075444;0,300963;0,307712;1,333996;3
1230;279;5;6;14;27;43;47;0;0;0,930325;1,0348;7;3;0;0,963380;0,988826;1,547228;-0,899237;3
1231;431;6;18;27;43;47;49;0;0;-1,815681;-1,7112;7;3;0;-0,234654;1,728697;-3,002203;0,092004;3
1232;15;1;5;6;14;27;49;0;0;0,600747;0,7052;7;3;0;0,474260;-0,785006;-0,255085;0,821349;3
1233;97;1;5;17;18;43;47;0;0;-0,689683;-0,5852;7;3;0;1,100829;-1,898217;-0,336811;-1,958583;3
1234;122;1;5;27;43;45;47;0;0;0,661873;0,7663;7;3;0;0,409251;-0,950935;0,614805;0,122342;3
1235;224;1;14;18;43;45;49;0;0;-0,851970;-0,7475;7;3;0;0,088537;-0,767051;-1,632669;0,068477;3
1236;197;1;14;17;18;27;43;0;0;-0,578870;-0,4744;7;3;0;-0,286042;-0,793055;-0,534317;-0,182274;3
1237;433;6;18;43;45;47;49;0;0;-0,997813;-0,8934;7;3;0;-0,114541;0,799370;-1,454976;-0,158747;3
1238;307;5;6;17;45;47;49;0;0;-0,772971;-0,6685;7;3;0;0,549795;-2,270320;-0,835218;-1,053403;3
1239;443;14;17;18;43;47;49;0;0;0,673311;0,7777;7;3;0;0,493454;-0,944125;0,102158;0,570598;3
1240;46;1;5;6;18;47;49;0;0;-0,280034;-0,1756;7;3;0;-1,043249;2,166428;-0,745443;1,303658;3
1241;288;5;6;17;18;27;43;0;0;-0,646073;-0,5416;7;3;0;-1,534845;-1,810300;2,160175;-1,744361;3
1242;386;6;14;17;18;45;47;0;0;-0,623553;-0,5191;7;3;0;-0,294091;0,143702;-0,305235;-0,480699;3
1243;338;5;14;17;27;47;49;0;0;-0,513456;-0,4090;7;3;0;-1,683438;0,525711;0,746681;0,047426;3
1244;47;1;5;6;27;43;45;0;0;-1,676630;-1,5722;7;3;0;-0,722535;0,334397;-1,724301;-0,457172;3
1245;436;14;17;18;27;43;47;0;0;0,763391;0,8678;7;3;0;0,350432;-1,613413;-0,436493;1,408293;3
1246;117;1;5;18;27;47;49;0;0;0,417728;0,5222;7;3;0;1,034581;-0,424667;-0,492834;0,181779;3
1247;213;1;14;17;43;45;47;0;0;-1,485746;-1,3813;7;3;0;-0,572703;0,195710;-0,757826;-1,242859;3
1248;101;1;5;17;18;47;49;0;0;0,364824;0,4693;7;3;0;0,379532;0,750458;0,473641;-0,221280;3
1249;356;5;14;27;45;47;49;0;0;0,445609;0,5500;7;3;0;0,624092;0,034734;0,559082;-0,411356;3
1250;63;1;5;14;17;27;45;0;0;-0,186022;-0,0816;7;3;0;-0,803642;0,635298;0,472403;0,009039;3
1251;212;1;14;17;27;47;49;0;0;0,335512;0,4399;7;3;0;-0,227224;-1,471631;-0,669908;1,478255;3
1252;333;5;14;17;27;43;45;0;0;0,453474;0,5579;7;3;0;0,167167;-1,319942;0,081726;0,536546;3
1253;133;1;6;14;17;27;45;0;0;-2,103437;-1,9990;7;3;0;-1,074206;0,098505;-2,430738;-0,138316;3
1254;293;5;6;17;18;43;47;0;0;0,458478;0,5629;7;3;0;0,039006;1,189427;0,867413;-0,112312;3
1255;271;5;6;14;18;27;49;0;0;0,789486;0,8939;7;3;0;-0,253228;1,184474;1,619048;0,001610;3
1256;398;6;14;17;45;47;49;0;0;-0,867341;-0,7629;7;3;0;-0,255085;0,176516;-0,575799;-0,671394;3
1257;416;6;17;18;27;43;49;0;0;-0,463411;-0,3590;7;3;0;-0,474879;1,251960;-0,534317;0,206545;3
1258;171;1;6;17;18;47;49;0;0;0,344091;0,4485;7;3;0;1,108258;0,855092;-1,402968;0,890693;3
1259;160;1;6;14;43;47;49;0;0;-0,664303;-0,5599;7;3;0;-1,224656;0,193852;0,724392;-0,650343;3
1260;107;1;5;17;27;47;49;0;0;1,222012;1,3264;7;3;0;0,901466;0,933104;0,475498;0,739623;3
1261;187;1;6;18;27;47;49;0;0;0,673669;0,7781;7;3;0;0,081107;0,936819;0,620996;0,464725;3
1262;148;1;6;14;18;43;49;0;0;0,767324;0,8718;7;3;0;2,247473;0,799989;-0,214222;-0,704208;3
1263;352;5;14;18;45;47;49;0;0;-0,176371;-0,0719;7;3;0;0,214841;-0,720615;0,694674;-1,214998;3
1264;90;1;5;14;43;47;49;0;0;2,212534;2,3170;7;3;0;1,490886;0,322014;1,116926;1,224409;3
1265;178;1;6;17;43;45;47;0;0;0,002002;0,1064;7;3;0;-0,247655;-0,539827;1,350961;-1,099838;3
1266;198;1;14;17;18;27;45;0;0;1,155882;1,2603;7;3;0;0,367149;-0,766432;1,175125;0,459772;3
1267;237;1;17;18;27;47;49;0;0;-0,304699;-0,2003;7;3;0;-0,900847;1,715076;0,572703;-0,199610;3
1268;201;1;14;17;18;43;45;0;0;0,702623;0,8071;7;3;0;2,264190;-0,763955;-0,499645;-0,547566;3
1269;435;14;17;18;27;43;45;0;0;-0,089508;0,0149;7;3;0;-0,663098;0,229143;-0,391915;0,899980;3
1270;146;1;6;14;18;43;45;0;0;-0,480926;-0,3765;7;3;0;-0,414823;0,011826;-0,186980;-0,231186;3
1271;329;5;14;17;18;43;49;0;0;-0,989592;-0,8852;7;3;0;-0,772066;-0,736713;-0,225986;-0,715972;3
1272;172;1;6;17;27;43;45;0;0;-0,366897;-0,2625;7;3;0;-1,120641;2,141663;1,175744;-0,690587;3
1273;261;5;6;14;17;27;49;0;0;-0,760103;-0,6557;7;3;0;-0,908896;-1,071667;-0,672385;0,264744;3
1274;183;1;6;18;27;43;47;0;0;-0,076639;0,0278;7;3;0;1,002385;-0,814725;-0,288519;-0,846610;3
1275;267;5;6;14;17;47;49;0;0;-1,147947;-1,0435;7;3;0;-2,213421;-1,126151;0,419776;-0,194657;3
1276;264;5;6;14;17;43;49;0;0;-0,696117;-0,5917;7;3;0;0,238988;1,118845;-1,863607;0,418909;3
1277;332;5;14;17;18;47;49;0;0;0,299766;0,4042;7;3;0;-0,073058;-0,776957;-0,889702;1,481970;3
1278;298;5;6;17;27;43;45;0;0;-0,779048;-0,6746;7;3;0;0,299663;0,169706;0,362815;-2,011829;3
1279;375;5;18;27;43;47;49;0;0;-1,617291;-1,5129;7;3;0;-0,686006;-0,667370;-1,098971;-1,016254;3
1280;382;6;14;17;18;27;49;0;0;-1,542582;-1,4381;7;3;0;-1,104543;-1,976848;-0,809833;-0,757454;3
1281;300;5;6;17;27;43;49;0;0;0,914597;1,0190;7;3;0;0,294091;-1,882739;1,897660;-0,607623;3
1282;322;5;6;43;45;47;49;0;0;0,580372;0,6848;7;3;0;-0,659383;-1,877167;1,267377;0,397239;3
1283;186;1;6;18;27;45;49;0;0;-0,220338;-0,1159;7;3;0;-0,144878;0,787606;0,674242;-0,911001;3
1284;339;5;14;17;43;45;47;0;0;0,957849;1,0623;7;3;0;0,783210;0,229762;-0,075535;0,951368;3
1285;71;1;5;14;17;47;49;0;0;-0,166004;-0,0616;7;3;0;0,540508;-1,158966;-0,403678;-0,424358;3
1286;27;1;5;6;17;27;43;0;0;-0,671452;-0,5670;7;3;0;0,340526;-1,290842;-0,406774;-1,096742;3
1287;118;1;5;18;43;45;47;0;0;2,033088;2,1375;7;3;0;1,712538;-0,638889;1,510079;0,298796;3
1288;149;1;6;14;18;45;47;0;0;0,077069;0,1815;7;3;0;-0,760921;-2,302515;0,945425;-0,051017;3
1289;49;1;5;6;27;43;49;0;0;0,566073;0,6705;7;3;0;-0,240845;-1,086526;0,304616;0,916697;3
1290;50;1;5;6;27;45;47;0;0;0,435243;0,5397;7;3;0;-0,287280;-0,053184;0,349813;0,691330;3
1291;28;1;5;6;17;27;45;0;0;-1,629445;-1,5250;7;3;0;-1,063680;-0,308269;-1,116307;-0,642294;3
1292;234;1;17;18;27;43;49;0;0;0,187166;0,2916;7;3;0;0,311427;-1,644370;-0,080488;0,093242;3
1293;211;1;14;17;27;45;49;0;0;-0,180303;-0,0759;7;3;0;0,471165;-1,685234;-0,708914;-0,074544;3
1294;38;1;5;6;18;27;45;0;0;-0,748307;-0,6439;7;3;0;0,642047;-1,610937;-1,102686;-0,835466;3
1295;306;5;6;17;43;47;49;0;0;-1,103622;-0,9992;7;3;0;-0,927470;-0,934837;0,229700;-1,213759;3
1296;7;1;5;6;14;18;27;0;0;-0,601033;-0,4966;7;3;0;0,378294;-0,039563;-1,454357;0,035043;3
1297;87;1;5;14;27;47;49;0;0;0,705483;0,8099;7;3;0;0,320714;1,115750;0,517600;0,383618;3
1298;95;1;5;17;18;27;49;0;0;-1,294863;-1,1904;7;3;0;-0,820359;-0,578214;-1,297715;-0,124695;3
1299;45;1;5;6;18;45;49;0;0;0,553920;0,6584;7;3;0;0,921897;-1,364520;0,973905;-0,936385;3
1300;319;5;6;27;43;45;49;0;0;-0,122037;-0,0176;7;3;0;-0,094109;0,420457;0,035291;-0,152556;3
1301;285;5;6;14;43;45;49;0;0;-0,651792;-0,5474;7;3;0;-0,746681;-0,927408;0,029719;-0,411975;3
1302;366;5;17;18;43;47;49;0;0;-0,145987;-0,0415;7;3;0;0,526268;1,005543;-0,096586;-0,682538;3
1303;70;1;5;14;17;45;49;0;0;0,052403;0,1568;7;3;0;0,027242;-0,824012;0,684767;-0,621244;3
1304;196;1;6;43;45;47;49;0;0;-0,908806;-0,8044;7;3;0;-0,845124;-0,157818;-0,129400;-0,599574;3
1305;168;1;6;17;18;43;49;0;0;-0,383340;-0,2789;7;3;0;-0,077392;0,403740;-0,289138;-0,297434;3
1306;446;14;17;27;43;45;49;0;0;0,695832;0,8003;7;3;0;-0,486643;0,145560;0,427206;1,264653;3
1307;461;17;27;43;45;47;49;0;0;0,784481;0,8889;7;3;0;1,453118;0,601865;-0,204316;0,109959;3
1308;113;1;5;18;27;43;47;0;0;-0,108811;-0,0044;7;3;0;-0,156642;-1,552119;-1,740399;1,708575;3
1309;381;6;14;17;18;27;47;0;0;0,369828;0,4743;7;3;0;0,681672;-0,937933;-0,542985;0,501874;3
1310;400;6;14;18;27;43;47;0;0;-0,488434;-0,3840;7;3;0;-0,932423;-0,820916;0,050769;0,035662;3
1311;367;5;17;18;45;47;49;0;0;-0,355101;-0,2507;7;3;0;-0,055103;-1,203544;0,784449;-1,344398;3
1312;55;1;5;6;43;47;49;0;0;2,396268;2,5007;7;3;0;2,921715;0,997494;0,602422;0,626321;3
1313;407;6;14;18;43;47;49;0;0;-0,055549;0,0489;7;3;0;-0,722535;0,481752;-0,532459;1,158780;3
1314;34;1;5;6;17;45;47;0;0;-0,666091;-0,5617;7;3;0;-0,349813;1,390647;-1,437021;0,633131;3
1315;355;5;14;27;43;47;49;0;0;-1,550804;-1,4464;7;3;0;-1,870418;-2,500639;0,456305;-1,271958;3
1316;415;6;17;18;27;43;47;0;0;0,577155;0,6816;7;3;0;-0,467450;-1,599792;1,029008;0,438103;3
1317;245;1;17;27;45;47;49;0;0;-1,586193;-1,4818;7;3;0;-1,377584;1,586295;-0,490358;-0,879425;3
1318;53;1;5;6;43;45;47;0;0;-1,934716;-1,8303;7;3;0;-0,714486;-1,343469;-0,504598;-2,131942;3
1319;199;1;14;17;18;27;47;0;0;-0,108096;-0,0037;7;3;0;-0,048912;0,750458;0,822216;-0,960532;3
1320;254;5;6;14;17;18;43;0;0;1,007536;1,1120;7;3;0;1,353437;1,723744;0,078011;0,313656;3
1321;440;14;17;18;27;47;49;0;0;1,393593;1,4980;7;3;0;1,630192;-1,184970;0,921897;-0,138316;3
1322;404;6;14;18;27;47;49;0;0;2,647920;2,7524;7;3;0;0,704580;-1,090241;1,472931;2,408821;3
1323;35;1;5;6;17;45;49;0;0;-1,525067;-1,4206;7;3;0;-0,983811;0,702165;-0,416680;-1,241002;3
1324;323;5;14;17;18;27;43;0;0;-0,325789;-0,2214;7;3;0;-0,496549;-1,417147;-0,697150;0,629416;3
1325;143;1;6;14;18;27;45;0;0;-0,236781;-0,1323;7;3;0;-0,065010;0,410551;-1,440736;1,095628;3
1326;263;5;6;14;17;43;47;0;0;-1,444996;-1,3406;7;3;0;0,121970;0,881096;-0,855031;-1,769746;3
1327;336;5;14;17;27;45;47;0;0;-0,115602;-0,0112;7;3;0;-1,446927;-1,464820;-0,268706;1,515404;3
1328;206;1;14;17;18;47;49;0;0;0,709415;0,8139;7;3;0;-0,377055;1,390028;1,325576;0,280222;3
1329;413;6;14;43;45;47;49;0;0;-0,503804;-0,3994;7;3;0;-0,767732;0,296010;-0,284804;0,179922;3
1330;270;5;6;14;18;27;47;0;0;0,613258;0,7177;7;3;0;-0,603041;-0,901404;0,902085;0,763150;3
1331;190;1;6;18;43;47;49;0;0;-1,782438;-1,6780;7;3;0;-1,304525;0,918864;-1,401111;-0,381637;3
1332;304;5;6;17;43;45;47;0;0;-0,689326;-0,5849;7;3;0;-1,562087;-0,329320;-0,596231;0,964370;3
1333;432;6;18;27;45;47;49;0;0;-0,030527;0,0739;7;3;0;-0,924993;-0,217256;1,458072;-0,585953;3
1334;74;1;5;14;18;27;47;0;0;-0,879852;-0,7754;7;3;0;-1,631430;0,994399;0,417299;-0,309817;3
1335;345;5;14;18;27;43;49;0;0;0,763034;0,8675;7;3;0;0,516362;-0,045135;0,156642;0,648610;3
1336;361;5;17;18;27;45;47;0;0;-1,231950;-1,1275;7;3;0;-0,603660;0,107792;-0,944186;-0,585953;3
1337;114;1;5;18;27;43;49;0;0;-1,546872;-1,4424;7;3;0;-0,986907;-0,900785;-0,378913;-1,313441;3
1338;134;1;6;14;17;27;47;0;0;-0,449112;-0,3447;7;3;0;0,247655;-0,772623;0,181408;-1,206949;3
1339;102;1;5;17;27;43;45;0;0;0,321214;0,4257;7;3;0;-1,077920;-0,032752;0,495311;1,138968;3
1340;139;1;6;14;17;45;47;0;0;0,327934;0,1822;8;3;0;-0,637713;-1,644556;1,283351;-0,077640;3
1341;374;5;18;27;43;45;49;0;0;-1,857576;-2,0033;8;3;0;-0,895275;1,339692;-1,574593;-0,747548;3
1342;385;6;14;17;18;43;49;0;0;-0,834169;-0,9799;8;3;0;-0,011144;0,786182;-0,062657;-1,371021;3
1343;335;5;14;17;27;43;49;0;0;-1,040065;-1,1858;8;3;0;-1,901994;1,992264;0,140421;-0,039873;3
1344;451;14;18;27;43;45;49;0;0;-0,454903;-0,6007;8;3;0;0,373341;-1,721329;-0,627311;-0,533945;3
1345;207;1;14;17;27;43;45;0;0;0,400140;0,2544;8;3;0;0,091013;-0,522058;-1,981987;2,584037;3
1346;303;5;6;17;27;47;49;0;0;-1,257759;-1,4035;8;3;0;-1,230848;-0,010030;-0,535679;-0,411975;3
1347;140;1;6;14;17;45;49;0;0;-1,504406;-1,6502;8;3;0;-1,311336;-2,313845;-0,164196;-1,130176;3
1348;387;6;14;17;18;45;49;0;0;-1,113345;-1,2591;8;3;0;0,123828;1,405321;-0,207535;-1,844662;3
1349;191;1;6;18;45;47;49;0;0;-2,470977;-2,6168;8;3;0;-1,693963;-0,933166;-1,443336;-1,142559;3
1350;371;5;17;27;45;47;49;0;0;0,925607;0,7798;8;3;0;-0,507075;0,978734;2,060370;0,049903;3
1351;24;1;5;6;17;18;45;0;0;-0,765536;-0,9113;8;3;0;-0,822835;-0,493577;0,019689;-0,522801;3
1352;444;14;17;18;45;47;49;0;0;0,080571;-0,0652;8;3;0;0,034672;-0,369750;-0,828531;0,933413;3
1353;66;1;5;14;17;43;45;0;0;1,517918;1,3721;8;3;0;0,190076;-0,146241;1,614590;0,824445;3
1354;351;5;14;18;43;47;49;0;0;0,332580;0,1868;8;3;0;-0,414823;-1,957221;0,588677;0,402192;3
1355;144;1;6;14;18;27;47;0;0;-0,868484;-1,0143;8;3;0;-0,549795;-0,036653;-1,116431;0,161967;3
1356;223;1;14;18;43;45;47;0;0;0,381553;0,2358;8;3;0;-2,109406;-0,851440;0,830760;1,939514;3
1357;290;5;6;17;18;27;47;0;0;1,895395;1,7496;8;3;0;1,394300;-0,136953;0,547814;1,340807;3
1358;295;5;6;17;18;45;47;0;0;1,094328;0,9486;8;3;0;-0,694054;1,435040;1,100086;1,489400;3
1359;358;5;17;18;27;43;45;0;0;-0,706555;-0,8523;8;3;0;0,154785;-0,794479;-0,429187;-0,949387;3
1360;259;5;6;14;17;27;45;0;0;1,884314;1,7385;8;3;0;1,857416;0,406031;1,491381;-0,085070;3
1361;120;1;5;18;43;47;49;0;0;1,372431;1,2267;8;3;0;0,312046;-0,631026;2,324742;-0,259667;3
1362;309;5;6;18;27;43;47;0;0;-0,312277;-0,4581;8;3;0;-0,075535;1,235677;0,898246;-1,363591;3
1363;349;5;14;18;43;45;47;0;0;0,108454;-0,0373;8;3;0;-0,611709;1,465377;-0,330744;1,130300;3
1364;131;1;6;14;17;18;49;0;0;1,945440;1,7997;8;3;0;1,922426;-0,409374;0,660497;0,786678;3
1365;43;1;5;6;18;43;49;0;0;1,172969;1,0272;8;3;0;-0,788783;1,290161;1,522957;1,297467;3
1366;434;6;27;43;45;47;49;0;0;0,163860;0,0181;8;3;0;1,487790;0,971924;-0,985793;-0,218184;3
1367;86;1;5;14;27;45;49;0;0;0,987805;0,8420;8;3;0;0,779496;1,937161;1,281493;-0,350061;3
1368;357;5;14;43;45;47;49;0;0;1,551519;1,4057;8;3;0;0,853173;0,702599;0,241959;1,592177;3
1369;189;1;6;18;43;45;49;0;0;0,945267;0,7995;8;3;0;0,325667;-1,481723;0,749653;0,561930;3
1370;208;1;14;17;27;43;47;0;0;0,139910;-0,0059;8;3;0;-1,111973;0,427701;-0,457048;1,811352;3
1371;376;5;18;27;45;47;49;0;0;1,445711;1,2999;8;3;0;0,635236;-0,233539;0,695788;1,173020;3
1372;6;1;5;6;14;17;49;0;0;-0,094584;-0,2404;8;3;0;-0,624711;0,313779;-1,021083;1,481970;3
1373;33;1;5;6;17;43;49;0;0;-0,518889;-0,6647;8;3;0;-0,211126;-0,818625;-0,788287;0,100672;3
1374;437;14;17;18;27;43;49;0;0;1,597274;1,4515;8;3;0;0,477356;-1,351084;1,831288;0,457915;3
1375;96;1;5;17;18;43;45;0;0;0,232849;0,0871;8;3;0;-0,736156;-0,579018;1,222675;-0,083212;3
1376;341;5;14;17;43;47;49;0;0;-1,596630;-1,7424;8;3;0;-0,404298;0,702599;-1,211778;-1,149369;3
1377;221;1;14;18;27;45;49;0;0;1,065731;0,9200;8;3;0;0,673004;-0,260162;0,971924;0,200972;3
1378;77;1;5;14;18;43;47;0;0;-0,913525;-1,0593;8;3;0;-1,196795;0,858622;-0,106616;-0,278860;3
1379;229;1;14;27;43;47;49;0;0;-0,517459;-0,6632;8;3;0;-0,723154;-1,534969;0,193047;-0,366159;3
1380;274;5;6;14;18;43;49;0;0;0,207827;0,0621;8;3;0;0,690959;-0,110331;-1,204349;0,873357;3
1381;18;1;5;6;14;43;49;0;0;-1,138366;-1,2841;8;3;0;0,068724;0,461134;-1,199395;-0,841038;3
1382;215;1;14;17;43;47;49;0;0;1,668766;1,5230;8;3;0;1,187508;0,272297;0,728602;0,974277;3
1383;240;1;17;18;43;47;49;0;0;-0,106022;-0,2518;8;3;0;0,240226;1,596635;-0,331982;-0,091880;3
1384;129;1;6;14;17;18;45;0;0;-0,137122;-0,2829;8;3;0;0,926851;-1,543017;-1,037800;-0,126552;3
1385;62;1;5;14;17;27;43;0;0;0,779763;0,6340;8;3;0;0,403059;-1,066900;1,560106;-0,612576;3
1386;383;6;14;17;18;43;45;0;0;0,834097;0,6883;8;3;0;-0,573942;-3,403529;0,132372;1,886268;3
1387;441;22;29;31;39;44;48;0;0;-0,247970;-0,5646;9;3;0;0,095966;0,448009;-0,964123;0,438660;4
1388;184;1;10;31;37;39;49;0;0;-0,623660;-0,9403;9;3;0;-1,209178;0,070334;-0,448999;0,577966;4
1389;422;10;29;31;39;48;49;0;0;1,134327;0,8177;9;3;0;0,321333;0,606508;-0,949883;2,593262;4
1390;245;1;29;37;44;48;49;0;0;-0,363430;-0,6801;9;3;0;-0,297806;-0,620005;0,018450;-0,350123;4
1391;110;1;6;29;39;48;49;0;0;0,384019;0,0674;9;3;0;0,849458;-1,345017;-0,135715;-0,048602;4
1392;261;6;10;22;29;37;49;0;0;0,709308;0,3927;9;3;0;1,850605;0,397859;-2,954034;2,331986;4
1393;409;10;22;37;39;44;48;0;0;1,432092;1,1154;9;3;0;-0,850077;0,085193;0,983688;2,346845;4
1394;281;6;10;22;37;44;48;0;0;0,763641;0,4470;9;3;0;2,035109;1,224409;-0,872490;0,160047;4
1395;196;1;10;39;44;48;49;0;0;0,640318;0,3237;9;3;0;-1,027770;-0,643533;-0,126428;2,263261;4
1396;60;1;6;22;29;31;48;0;0;-3,648486;-3,9651;9;3;0;-1,649385;-1,096123;-3,183735;-1,486242;4
1397;135;1;10;22;29;37;49;0;0;-0,805250;-1,1219;9;3;0;-1,280998;-0,363682;0,554624;-0,668360;4
1398;275;6;10;22;31;44;48;0;0;0,513062;0,1964;9;3;0;-1,679723;0,636227;0,421510;2,146863;4
1399;75;1;6;22;31;37;49;0;0;-0,509631;-0,8263;9;3;0;-1,237658;0,652944;-0,719563;1,074515;4
1400;432;10;31;37;44;48;49;0;0;1,983295;1,6666;9;3;0;0,776400;-0,266477;0,345356;2,313412;4
1401;298;6;10;29;37;39;44;0;0;1,712697;1,3960;9;3;0;0,882273;-0,774790;0,186856;1,897350;4
1402;439;22;29;31;37;44;49;0;0;1,298044;0,9814;9;3;0;0,874224;2,218745;-0,418042;1,792097;4
1403;123;1;6;37;39;44;49;0;0;0,844427;0,5278;9;3;0;0,916325;-1,044735;-1,418571;1,964837;4
1404;127;1;10;22;29;31;37;0;0;1,718060;1,4014;9;3;0;0,767113;0,634989;0,609109;1,599545;4
1405;205;1;22;29;31;44;49;0;0;0,569541;0,2529;9;3;0;0,562797;-0,624339;0,204192;0,219485;4
1406;224;1;22;31;39;44;49;0;0;1,102156;0,7855;9;3;0;0,005572;-0,218804;-0,419281;2,322699;4
1407;273;6;10;22;31;39;48;0;0;0,926285;0,6096;9;3;0;-0,115779;0,026994;2,130951;-0,410799;4
1408;252;1;37;39;44;48;49;0;0;-0,815258;-1,1319;9;3;0;-1,012911;0,464106;-1,332510;0,933352;4
1409;260;6;10;22;29;37;48;0;0;-0,273349;-0,5900;9;3;0;-0,547938;-0,475127;-1,811104;1,885587;4
1410;201;1;22;29;31;39;44;0;0;-0,228310;-0,5450;9;3;0;-1,097733;-0,148841;-1,138720;1,841009;4
1411;174;1;10;29;37;39;49;0;0;-0,247970;-0,5646;9;3;0;-0,089775;0,368140;-1,404949;1,065228;4
1412;42;1;6;10;31;39;48;0;0;-0,173618;-0,4903;9;3;0;0,443922;0,169396;-0,840295;0,095657;4
1413;55;1;6;10;39;48;49;0;0;-0,184700;-0,5014;9;3;0;-0,622234;0,111197;-0,839676;1,142001;4
1414;361;6;29;31;37;44;48;0;0;-0,445645;-0,7623;9;3;0;-0,565893;-0,533945;-0,351175;0,145188;4
1415;57;1;6;22;29;31;37;0;0;0,664982;0,3483;9;3;0;-0,878558;-0,644152;0,683405;1,346936;4
1416;101;1;6;29;31;48;49;0;0;-0,076032;-0,3927;9;3;0;-1,541655;-1,049069;-0,375941;1,785905;4
1417;52;1;6;10;37;48;49;0;0;2,597410;2,2808;9;3;0;1,471074;-1,564192;1,786710;1,241063;4
1418;376;6;31;37;44;48;49;0;0;1,249072;0,9324;9;3;0;0,281708;-0,273288;-0,282451;2,164199;4
1419;181;1;10;29;44;48;49;0;0;-0,394528;-0,7112;9;3;0;0,364054;0,255457;-0,757330;-0,290066;4
1420;399;10;22;31;37;39;44;0;0;0,146309;-0,1703;9;3;0;0,183884;1,865836;-0,524534;0,594064;4
1421;105;1;6;29;37;44;48;0;0;0,586699;0,2700;9;3;0;1,679104;1,087579;-1,274930;0,612019;4
1422;223;1;22;31;39;44;48;0;0;0,497334;0,1807;9;3;0;-0,510170;-0,131505;0,807233;0,564345;4
1423;330;6;22;29;31;44;48;0;0;-0,483178;-0,7998;9;3;0;-0,962142;-1,309726;0,209764;-0,084512;4
1424;344;6;22;31;37;39;48;0;0;0,975973;0,6593;9;3;0;-1,043868;0,675852;1,735941;0,998361;4
1425;165;1;10;29;31;37;49;0;0;0,009044;-0,3076;9;3;0;-0,640809;-0,219423;-0,248398;0,904871;4
1426;140;1;10;22;29;44;49;0;0;1,518597;1,2019;9;3;0;1,915615;-0,315389;-0,406898;1,121570;4
1427;426;10;29;37;39;48;49;0;0;1,884636;1,5680;9;3;0;0,534317;-0,737642;1,209054;1,520914;4
1428;450;22;31;37;39;44;48;0;0;0,530220;0,2136;9;3;0;2,812128;0,319228;-0,781477;-1,112283;4
1429;299;6;10;29;37;39;48;0;0;2,570959;2,2543;9;3;0;1,801694;-0,437360;2,350127;0,301211;4
1430;443;22;29;31;39;48;49;0;0;0,962389;0,6457;9;3;0;0,200601;-0,731450;1,516766;-0,050460;4
1431;266;6;10;22;29;44;49;0;0;0,807252;0,4906;9;3;0;-0,778876;-0,290005;0,108845;2,068233;4
1432;317;6;10;31;44;48;49;0;0;0,788306;0,4717;9;3;0;-0,009906;1,609513;-0,270687;1,645980;4
1433;100;1;6;29;31;44;49;0;0;0,741836;0,4252;9;3;0;-0,123828;1,871409;1,309354;0,099372;4
1434;323;6;22;29;31;37;39;0;0;-0,236174;-0,5528;9;3;0;0,551033;0,939605;-1,555400;0,595302;4
1435;170;1;10;29;31;44;49;0;0;0,031564;-0,2851;9;3;0;-1,263043;0,527258;-0,762903;2,080616;4
1436;302;6;10;29;37;44;49;0;0;1,458901;1,1423;9;3;0;0,342384;1,782872;1,066033;1,118474;4
1437;83;1;6;22;37;39;48;0;0;0,655331;0,3387;9;3;0;-0,286042;2,397057;-0,512771;1,933880;4
1438;301;6;10;29;37;44;48;0;0;0,867663;0,5510;9;3;0;0,694674;-1,552428;-0,522677;1,330839;4
1439;231;1;22;39;44;48;49;0;0;1,319134;1,0025;9;3;0;1,298334;-1,167943;-0,684891;1,671365;4
1440;414;10;29;31;37;39;44;0;0;0,473384;0,1567;9;3;0;0,386962;-0,341393;-1,183298;1,616262;4
1441;200;1;22;29;31;37;49;0;0;-1,022586;-1,3392;9;3;0;-0,988764;-0,262143;-1,054517;0,272111;4
1442;169;1;10;29;31;44;48;0;0;-0,211509;-0,5282;9;3;0;-0,804261;-1,155560;0,623968;-0,186051;4
1443;218;1;22;31;37;39;48;0;0;-0,751274;-1,0679;9;3;0;-0,691578;0,905552;-1,535588;0,925922;4
1444;349;6;22;31;39;44;48;0;0;0,496261;0,1796;9;3;0;-0,140544;-0,229329;0,232672;0,767422;4
1445;444;22;29;31;44;48;49;0;0;1,638703;1,3221;9;3;0;0,391296;-0,634865;0,931680;1,515342;4
1446;51;1;6;10;37;44;49;0;0;0,088757;-0,2279;9;3;0;0,186980;-0,147603;-0,342508;0,309260;4
1447;270;6;10;22;31;37;48;0;0;-0,012404;-0,3291;9;3;0;-0,576418;-0,335202;-0,209393;0,764327;4
1448;87;1;6;22;37;48;49;0;0;-0,274065;-0,5907;9;3;0;-0,853792;-1,281246;-0,079993;0,459091;4
1449;417;10;29;31;37;44;48;0;0;0,301803;-0,0148;9;3;0;1,147264;0,867785;-0,246541;-0,377984;4
1450;217;1;22;31;37;39;44;0;0;1,352735;1,0361;9;3;0;2,356442;1,419437;0,215336;-0,228772;4
1451;321;6;10;37;44;48;49;0;0;1,210109;0,8935;9;3;0;1,141073;-0,473270;-0,712133;1,667031;4
1452;98;1;6;29;31;39;49;0;0;-1,258151;-1,5748;9;3;0;-1,500792;-1,106648;-0,239111;-0,439279;4
1453;265;6;10;22;29;44;48;0;0;0,039070;-0,2776;9;3;0;-0,973286;0,388571;0,559578;0,481380;4
1454;445;22;29;37;39;44;48;0;0;0,170258;-0,1464;9;3;0;-0,038387;-1,077549;-0,148098;0,481380;4
1455;132;1;10;22;29;37;39;0;0;0,950950;0,6343;9;3;0;0,884749;1,389719;-0,437855;1,200200;4
1456;452;22;31;37;39;48;49;0;0;0,071599;-0,2451;9;3;0;-0,494692;0,185494;-0,219918;0,838623;4
1457;377;6;31;39;44;48;49;0;0;0,030492;-0,2862;9;3;0;-1,290285;1,928369;-0,331363;1,674461;4
1458;45;1;6;10;31;44;49;0;0;1,144336;0,8277;9;3;0;0,271183;-0,995823;1,696935;0,013931;4
1459;221;1;22;31;37;44;49;0;0;-0,221160;-0,5378;9;3;0;0,009287;1,860264;-0,000743;-0,391605;4
1460;97;1;6;29;31;39;48;0;0;-0,908198;-1,2248;9;3;0;-0,500883;-1,221808;-2,403001;1,330839;4
1461;31;1;6;10;29;39;44;0;0;-0,702302;-1,0190;9;3;0;-2,389256;-0,321581;0,259295;0,913539;4
1462;405;10;22;31;39;44;48;0;0;0,590274;0,2736;9;3;0;0,595611;-2,244625;-0,351175;0,777948;4
1463;292;6;10;29;31;39;44;0;0;1,314487;0,9978;9;3;0;0,900847;-0,038634;-0,184008;1,559920;4
1464;456;29;31;37;39;44;48;0;0;1,291253;0,9746;9;3;0;0,389438;-2,094794;1,573727;0,273350;4
1465;297;6;10;29;31;48;49;0;0;-1,333219;-1,6499;9;3;0;-0,894036;0,879548;-2,017278;0,602112;4
1466;249;1;31;37;39;48;49;0;0;-0,067452;-0,3841;9;3;0;-1,638860;-2,043405;0,314399;1,207630;4
1467;171;1;10;29;31;48;49;0;0;-0,759852;-1,0765;9;3;0;0,509551;-0,624959;-1,919454;0,093800;4
1468;367;6;29;31;44;48;49;0;0;1,659078;1,3424;9;3;0;1,871037;1,065909;-0,132620;1,135191;4
1469;236;1;29;31;37;44;49;0;0;-0,633669;-0,9503;9;3;0;-1,441974;-1,170420;-0,964123;1,308550;4
1470;149;1;10;22;31;44;48;0;0;-2,150371;-2,4670;9;3;0;-0,977001;2,224318;-1,314555;-1,432996;4
1471;126;1;6;39;44;48;49;0;0;1,299117;0,9825;9;3;0;1,539798;0,507446;-0,105377;0,815715;4
1472;74;1;6;22;31;37;48;0;0;0,710022;0,3934;9;3;0;0,745443;-0,128409;-0,144383;0,628735;4
1473;37;1;6;10;31;37;39;0;0;-1,208107;-1,5248;9;3;0;-0,499645;-2,034118;-1,655081;0,062223;4
1474;120;1;6;31;39;48;49;0;0;-1,262441;-1,5791;9;3;0;-0,299663;0,331611;-2,144201;0,257252;4
1475;14;1;6;10;22;37;48;0;0;1,725566;1,4089;9;3;0;0,121970;1,023808;0,213479;2,653319;4
1476;86;1;6;22;37;44;49;0;0;1,153273;0,8366;9;3;0;0,764636;1,916606;0,612204;0,620687;4
1477;50;1;6;10;37;44;48;0;0;0,935222;0,6186;9;3;0;1,378203;-1,816801;0,167044;0,074606;4
1478;309;6;10;31;37;39;48;0;0;-0,828842;-1,1455;9;3;0;-1,468597;1,220075;-0,333840;0,366840;4
1479;233;1;29;31;37;39;48;0;0;-0,624375;-0,9410;9;3;0;-0,342384;-1,115316;-1,418571;0,679505;4
1480;238;1;29;31;39;44;48;0;0;1,292683;0,9760;9;3;0;-0,513885;-0,960532;1,470331;1,282546;4
1481;336;6;22;29;37;44;48;0;0;0,134869;-0,1818;9;3;0;-0,550414;-1,678113;1,108134;-0,324119;4
1482;138;1;10;22;29;39;49;0;0;1,429589;1,1129;9;3;0;1,234563;0,794107;-0,985173;2,226732;4
1483;383;10;22;29;31;39;44;0;0;1,138617;0,8220;9;3;0;0,261896;-1,499182;0,264868;1,445379;4
1484;95;1;6;29;31;37;49;0;0;2,001525;1,6849;9;3;0;0,309569;-1,094266;1,097609;2,059565;4
1485;178;1;10;29;39;44;48;0;0;1,315559;0,9989;9;3;0;0,530602;0,655420;0,447513;1,300501;4
1486;186;1;10;31;37;44;49;0;0;-0,715885;-1,0325;9;3;0;0,087299;1,149493;0,092747;-1,419995;4
1487;28;1;6;10;29;37;44;0;0;-0,651542;-0,9682;9;3;0;-1,376345;-0,951864;0,049407;0,198434;4
1488;164;1;10;29;31;37;48;0;0;-0,379157;-0,6958;9;3;0;1,455595;-1,333872;-1,331272;-0,781043;4
1489;192;1;10;37;39;44;48;0;0;0,087685;-0,2290;9;3;0;-0,697769;0,659754;0,837571;0,012073;4
1490;128;1;10;22;29;31;39;0;0;0,085183;-0,2315;9;3;0;-0,220413;2,252798;-1,204968;1,572922;4
1491;102;1;6;29;37;39;44;0;0;-0,279069;-0,5957;9;3;0;0,506455;-0,233044;-1,494105;0,504288;4
1492;327;6;22;29;31;39;44;0;0;1,411359;1,0947;9;3;0;0,765875;-2,124512;-0,390181;2,068852;4
1493;341;6;22;29;39;48;49;0;0;2,359700;2,0430;9;3;0;0,816025;-0,020060;2,359414;0,911682;4
1494;262;6;10;22;29;39;44;0;0;0,150955;-0,1657;9;3;0;-0,403678;1,175497;-0,798194;1,463334;4
1495;93;1;6;29;31;37;44;0;0;0,091259;-0,2254;9;3;0;-0,495930;-1,112221;0,144135;0,509861;4
1496;92;1;6;29;31;37;39;0;0;-0,233671;-0,5503;9;3;0;-2,347774;-0,026251;-0,841533;2,784576;4
1497;29;1;6;10;29;37;48;0;0;-0,204717;-0,5214;9;3;0;-0,681053;0,695045;-1,296600;1,623072;4
1498;343;6;22;31;37;39;44;0;0;-0,441713;-0,7584;9;3;0;0,396868;0,705570;-2,920601;1,758663;4
1499;1;1;6;10;22;29;31;0;0;1,373468;1,0568;9;3;0;0,243321;-1,741266;0,603536;1,532059;4
1500;387;10;22;29;31;44;49;0;0;-0,458156;-0,7748;9;3;0;-1,260566;-0,025632;0,250627;0,216389;4
1501;214;1;22;29;39;44;49;0;0;0,462303;0,1457;9;3;0;0,476737;0,519210;0,208526;0,115469;4
1502;155;1;10;22;37;44;48;0;0;1,372396;1,0557;9;3;0;0,758445;0,798441;0,968209;0,650405;4
1503;251;1;31;39;44;48;49;0;0;-0,067095;-0,3837;9;3;0;-0,554129;0,620748;-0,569731;1,007648;4
1504;137;1;10;22;29;39;48;0;0;1,463548;1,1469;9;3;0;0,348575;1,095009;0,321209;1,865155;4
1505;89;1;6;22;39;44;49;0;0;0,992059;0,6754;9;3;0;0,558463;1,292514;0,065505;1,094328;4
1506;258;6;10;22;29;37;39;0;0;-1,153059;-1,4697;9;3;0;0,450733;0,898742;-1,579547;-0,868342;4
1507;206;1;22;29;31;48;49;0;0;0,352920;0,0363;9;3;0;0,057580;-0,041111;-0,246541;0,800237;4
1508;212;1;22;29;37;48;49;0;0;-0,282644;-0,5993;9;3;0;-0,541746;-0,248522;-0,705323;0,757516;4
1509;20;1;6;10;22;44;49;0;0;0,261410;-0,0552;9;3;0;-0,363434;1,298705;-0,822340;1,638550;4
1510;118;1;6;31;39;44;48;0;0;-1,099797;-1,4164;9;3;0;-2,059874;-0,766741;0,284680;-0,129710;4
1511;234;1;29;31;37;39;49;0;0;0,647109;0,3305;9;3;0;-0,924374;-0,237378;0,004829;2,040371;4
1512;271;6;10;22;31;37;49;0;0;-1,696398;-2,0130;9;3;0;-2,155222;-0,265239;-0,852059;0,069034;4
1513;19;1;6;10;22;44;48;0;0;0,316102;-0,0005;9;3;0;-0,617900;1,306754;-0,906543;2,071948;4
1514;148;1;10;22;31;39;49;0;0;1,195096;0,8784;9;3;0;-1,664245;1,494972;1,048697;2,685514;4
1515;365;6;29;31;39;44;49;0;0;1,194023;0,8774;9;3;0;0,320714;0,804633;0,145993;1,601402;4
1516;241;1;29;31;44;48;49;0;0;1,668373;1,3517;9;3;0;1,854320;-0,345727;0,006687;1,028699;4
1517;458;29;31;37;39;48;49;0;0;0,646395;0,3297;9;3;0;-0,706437;-1,270101;0,796708;1,029318;4
1518;69;1;6;22;29;44;48;0;0;-0,240463;-0,5571;9;3;0;-1,014768;1,233077;0,123704;0,474570;4
1519;407;10;22;31;39;48;49;0;0;0,167041;-0,1496;9;3;0;-0,109588;-0,864565;0,153423;0,245488;4
1520;43;1;6;10;31;39;49;0;0;1,056759;0,7401;9;3;0;1,154074;0,652944;0,763274;-0,086989;4
1521;368;6;29;37;39;44;48;0;0;0,883748;0,5671;9;3;0;0,600565;1,031237;0,519953;0,410179;4
1522;73;1;6;22;31;37;44;0;0;1,060691;0,7440;9;3;0;0,532459;-1,037924;-0,759188;2,063899;4
1523;71;1;6;22;29;48;49;0;0;-0,041001;-0,3577;9;3;0;-0,567131;-0,858993;-0,460144;0,956260;4
1524;38;1;6;10;31;37;44;0;0;0,589201;0,2726;9;3;0;-0,146117;-1,032352;-1,105905;2,272548;4
1525;434;10;37;39;44;48;49;0;0;0,092332;-0,2243;9;3;0;-0,212984;-0,142030;0,331735;0,041173;4
1526;119;1;6;31;39;44;49;0;0;2,001167;1,6845;9;3;0;-0,390057;1,021331;2,018268;1,837913;4
1527;395;10;22;29;39;44;48;0;0;-0,731613;-1,0483;9;3;0;-3,113648;1,087579;1,392938;0,453519;4
1528;70;1;6;22;29;44;49;0;0;1,264443;0,9478;9;3;0;0,592516;-0,556853;-0,090518;1,688082;4
1529;112;1;6;31;37;39;44;0;0;-0,215084;-0,5317;9;3;0;-1,672294;0,745195;0,092128;1,207630;4
1530;286;6;10;22;39;48;49;0;0;-0,962889;-1,2795;9;3;0;-0,385104;0,602793;-2,386903;1,104234;4
1531;62;1;6;22;29;37;39;0;0;-0,495690;-0,8123;9;3;0;-0,038387;-0,728974;-0,217442;-0,602731;4
1532;333;6;22;29;37;39;44;0;0;1,249430;0,9328;9;3;0;0,001857;2,711580;0,001114;2,161104;4
1533;243;1;29;37;39;44;49;0;0;-1,508373;-1,8250;9;3;0;-1,367677;-0,241093;-1,639603;0,394701;4
1534;12;1;6;10;22;37;39;0;0;-0,159677;-0,4763;9;3;0;-0,900847;1,680095;-0,872490;1,496768;4
1535;193;1;10;37;39;44;49;0;0;-0,764142;-1,0808;9;3;0;-0,837075;-0,826798;-0,810576;0,324119;4
1536;248;1;31;37;39;44;49;0;0;0,043717;-0,2729;9;3;0;-1,607903;-1,075692;-0,095471;1,779095;4
1537;175;1;10;29;37;44;48;0;0;-1,038671;-1,3553;9;3;0;-0,677957;0,800299;-1,631554;0,510480;4
1538;160;1;10;22;39;48;49;0;0;0,625662;0,3090;9;3;0;1,271092;0,462868;-0,078135;-0,109278;4
1539;310;6;10;31;37;39;49;0;0;-0,894615;-1,2113;9;3;0;-0,232796;-0,629293;-0,631026;-0,685696;4
1540;36;1;6;10;29;48;49;0;0;0,642463;0,3258;9;3;0;-0,866175;1,046716;-0,408755;2,387708;4
1541;44;1;6;10;31;44;48;0;0;0,255334;-0,0613;9;3;0;-1,427115;0,191685;0,171997;1,697369;4
1542;166;1;10;29;31;39;44;0;0;1,129323;0,8127;9;3;0;0,682910;-0,188466;-0,141907;1,415041;4
1543;313;6;10;31;37;48;49;0;0;-0,893185;-1,2098;9;3;0;-2,214659;-0,662726;-0,078754;0,746372;4
1544;329;6;22;29;31;39;49;0;0;-0,793453;-1,1101;9;3;0;-0,877939;-0,060304;-0,435378;-0,060985;4
1545;437;22;29;31;37;39;49;0;0;0,161322;-0,1553;9;3;0;0,971429;-0,398354;-0,531964;-0,160047;4
1546;156;1;10;22;37;44;49;0;0;1,126463;0,8098;9;3;0;-0,260657;-1,188994;1,092656;1,119093;4
1547;242;1;29;37;39;44;48;0;0;-0,145736;-0,4624;9;3;0;0,648238;-0,335821;-1,562211;0,661550;4
1548;279;6;10;22;37;39;48;0;0;1,206177;0,8895;9;3;0;0,604898;-0,711638;-0,357986;1,842247;4
1549;257;6;10;22;29;31;49;0;0;1,406712;1,0901;9;3;0;-0,432778;-1,331396;1,944591;0,924684;4
1550;447;22;29;37;39;48;49;0;0;0,259981;-0,0567;9;3;0;1,182555;-0,727736;0,389934;-1,122189;4
1551;229;1;22;37;39;48;49;0;0;0,043002;-0,2736;9;3;0;-0,403678;-0,970438;-0,052751;0,530911;4
1552;27;1;6;10;29;37;39;0;0;1,470340;1,1537;9;3;0;0,983811;0,856640;0,071077;1,491815;4
1553;211;1;22;29;37;44;49;0;0;0,900906;0,5843;9;3;0;0,854411;-0,388448;-0,073182;0,779186;4
1554;82;1;6;22;37;39;44;0;0;-0,356280;-0,6729;9;3;0;-0,910753;-0,109835;-0,757330;1,050988;4
1555;106;1;6;29;37;44;49;0;0;1,192236;0,8756;9;3;0;-0,599945;1,028761;1,620781;1,044177;4
1556;177;1;10;29;37;48;49;0;0;-0,847787;-1,1644;9;3;0;-0,438969;-0,854040;-1,190727;0,161286;4
1557;264;6;10;22;29;39;49;0;0;-1,808640;-2,1253;9;3;0;-0,428444;0,241836;-1,351084;-1,353128;4
1558;420;10;29;31;39;44;48;0;0;1,004570;0,6879;9;3;0;-0,559701;-0,447266;0,123085;2,176582;4
1559;2;1;6;10;22;29;37;0;0;0,166326;-0,1503;9;3;0;-1,036438;-2,759130;-1,631554;2,956078;4
1560;33;1;6;10;29;39;49;0;0;-2,071373;-2,3880;9;3;0;-0,824074;1,435535;-2,263695;-0,499954;4
1561;400;10;22;31;37;39;48;0;0;1,314845;0,9982;9;3;0;-0,793736;-0,449742;1,724797;1,346317;4
1562;15;1;6;10;22;37;49;0;0;0,972756;0,6561;9;3;0;0,162214;1,269606;1,417085;0,105563;4
1563;342;6;22;29;44;48;49;0;0;1,013863;0,6972;9;3;0;0,256323;-1,061451;0,893293;0,606446;4
1564;195;1;10;37;44;48;49;0;0;0,342196;0,0255;9;3;0;-1,230229;0,989755;1,978024;-0,155094;4
1565;416;10;29;31;37;39;49;0;0;0,881603;0,5650;9;3;0;0,261277;-0,321581;-1,079283;2,344988;4
1566;398;10;22;29;44;48;49;0;0;0,741479;0,4248;9;3;0;-0,134353;0,321704;0,180046;1,238587;4
1567;68;1;6;22;29;39;49;0;0;1,187231;0,8706;9;3;0;0,964618;-0,452838;-1,219208;2,310935;4
1568;277;6;10;22;31;48;49;0;0;-1,607033;-1,9237;9;3;0;-1,214750;-0,962389;-1,362848;-0,205864;4
1569;23;1;6;10;29;31;39;0;0;1,957200;1,6405;9;3;0;1,355914;0,182398;0,280965;1,753091;4
1570;16;1;6;10;22;39;44;0;0;0,378300;0,0616;9;3;0;-1,095256;1,083864;-0,450857;2,201348;4
1571;412;10;22;37;44;48;49;0;0;-0,067095;-0,3837;9;3;0;-1,087827;-0,365539;0,766989;0,204625;4
1572;78;1;6;22;31;39;49;0;0;-0,886393;-1,2030;9;3;0;-0,450114;-0,150079;-1,746714;0,661550;4
1573;66;1;6;22;29;39;44;0;0;1,654432;1,3378;9;3;0;1,904471;-0,931432;0,732317;0,228772;4
1574;26;1;6;10;29;31;49;0;0;-0,704089;-1,0207;9;3;0;-0,090394;-0,738880;-1,422904;0,293781;4
1575;375;6;31;37;39;48;49;0;0;0,283573;-0,0331;9;3;0;0,042101;-0,062162;0,308826;0,140235;4
1576;11;1;6;10;22;31;49;0;0;0,466235;0,1496;9;3;0;0,334335;-0,594002;-0,119618;0,592825;4
1577;346;6;22;31;37;44;48;0;0;-0,321249;-0,6379;9;3;0;-1,689010;-0,029966;0,065505;1,067086;4
1578;325;6;22;29;31;37;48;0;0;0,453724;0,1371;9;3;0;-0,770208;0,163205;0,279108;1,276974;4
1579;348;6;22;31;37;48;49;0;0;-1,624906;-1,9416;9;3;0;-1,593663;0,764389;-2,108910;0,888154;4
1580;77;1;6;22;31;39;48;0;0;1,014221;0,6976;9;3;0;1,780024;0,020803;-1,703374;1,680033;4
1581;460;29;31;39;44;48;49;0;0;0,779727;0,4631;9;3;0;-1,321861;-1,084979;-0,592640;3,265028;4
1582;442;22;29;31;39;44;49;0;0;1,542546;1,2259;9;3;0;1,971957;0,396001;-1,214874;1,914686;4
1583;358;6;29;31;37;39;44;0;0;1,266230;0,9496;9;3;0;0,933042;1,026284;-1,113335;2,373468;4
1584;289;6;10;29;31;37;44;0;0;-2,192909;-2,5096;9;3;0;-2,036966;-0,143888;-1,887258;0,125995;4
1585;7;1;6;10;22;31;37;0;0;0,010473;-0,3062;9;3;0;0,725631;1,880696;-1,643937;0,936447;4
1586;125;1;6;37;44;48;49;0;0;1,671590;1,3549;9;3;0;0,916944;0,355138;0,513761;1,464573;4
1587;91;1;6;22;44;48;49;0;0;1,944689;1,6280;9;3;0;1,597378;0,903076;-0,519581;2,290504;4
1588;276;6;10;22;31;44;49;0;0;-0,320534;-0,6372;9;3;0;-1,012911;0,938367;0,324305;0,133424;4
1589;220;1;22;31;37;44;48;0;0;1,246212;0,9296;9;3;0;0,637713;0,938367;0,945301;0,575489;4
1590;129;1;10;22;29;31;44;0;0;-1,324639;-1,6413;9;3;0;-1,614714;0,113674;-0,315265;-0,364363;4
1591;32;1;6;10;29;39;48;0;0;-0,327326;-0,6440;9;3;0;-0,886607;0,605889;-0,609356;0,929018;4
1592;382;10;22;29;31;37;49;0;0;0,683570;0,3669;9;3;0;-0,585705;2,042910;1,198529;0,571155;4
1593;355;6;22;37;39;48;49;0;0;0,049794;-0,2669;9;3;0;-0,545461;-0,134601;-1,063804;1,695511;4
1594;455;22;37;39;44;48;49;0;0;1,031200;0,9784;10;3;0;0,732441;1,601588;1,477884;-0,424234;4
1595;111;1;6;29;44;48;49;0;0;2,486419;2,4336;10;3;0;-0,170263;1,087703;2,318674;2,158194;4
1596;65;1;6;22;29;37;49;0;0;-0,654938;-0,7078;10;3;0;0,294091;-0,605641;0,250132;-1,678609;4
1597;305;6;10;29;39;44;49;0;0;0,828521;0,7757;10;3;0;-0,812310;0,061171;1,427734;0,819616;4
1598;404;10;22;31;37;48;49;0;0;-1,706942;-1,7598;10;3;0;-1,218465;-0,787668;-1,017864;-0,720182;4
1599;152;1;10;22;37;39;44;0;0;-0,149133;-0,2020;10;3;0;0,468069;-0,884873;-0,274898;-0,451476;4
1600;180;1;10;29;39;48;49;0;0;-0,527682;-0,5805;10;3;0;-0,728107;-1,255118;0,073678;-0,259543;4
1601;213;1;22;29;39;44;48;0;0;0,760603;0,7078;10;3;0;-0,905800;0,695788;0,573322;1,649881;4
1602;146;1;10;22;31;39;44;0;0;0,211187;0,1583;10;3;0;-1,347246;0,986783;1,037057;0,675976;4
1603;435;22;29;31;37;39;44;0;0;-0,314279;-0,3671;10;3;0;0,077392;-1,165343;0,074297;-0,696036;4
1604;209;1;22;29;37;39;49;0;0;-0,640640;-0,6935;10;3;0;-1,112592;0,473517;-0,763398;0,766370;4
1605;167;1;10;29;31;39;48;0;0;-0,081930;-0,1348;10;3;0;0,347956;0,963256;0,063152;-0,553015;4
1606;194;1;10;37;39;48;49;0;0;1,078742;1,0259;10;3;0;-0,398725;0,796708;0,345479;1,921683;4
1607;56;1;6;10;44;48;49;0;0;-0,574153;-0,6270;10;3;0;-1,484075;-2,524352;1,229609;-0,739995;4
1608;54;1;6;10;39;44;49;0;0;0,415654;0,3628;10;3;0;0,183884;0,417795;0,822835;-0,286785;4
1609;88;1;6;22;39;44;48;0;0;0,405646;0,3528;10;3;0;-0,608613;0,789278;1,370773;-0,059561;4
1610;390;10;22;29;37;39;48;0;0;-0,217765;-0,2706;10;3;0;0,188218;-0,649600;0,559701;-1,125099;4
1611;431;10;31;37;39;48;49;0;0;0,615832;0,5630;10;3;0;-0,742347;-1,505869;2,435692;-0,626692;4
1612;459;29;31;37;44;48;49;0;0;0,160786;0,1079;10;3;0;0,262515;-1,559734;-0,335573;0,351547;4
1613;79;1;6;22;31;44;48;0;0;0,381338;0,3285;10;3;0;-1,150979;-1,986321;1,461786;0,349690;4
1614;284;6;10;22;39;44;48;0;0;-1,638668;-1,6915;10;3;0;-1,778785;0,106368;-0,726250;-0,333220;4
1615;228;1;22;37;39;44;49;0;0;0,539336;0,4865;10;3;0;0,302140;0,113798;0,008049;0,623968;4
1616;403;10;22;31;37;44;49;0;0;-0,739299;-0,7921;10;3;0;-1,422781;-0,598831;-0,020432;0,162710;4
1617;331;6;22;29;31;44;49;0;0;-0,170222;-0,2231;10;3;0;-0,413585;1,526053;-0,262515;0,381266;4
1618;287;6;10;22;44;48;49;0;0;-0,552347;-0,6052;10;3;0;-1,172029;1,735941;-0,814167;1,029504;4
1619;13;1;6;10;22;37;44;0;0;0,093225;0,0404;10;3;0;-1,074825;-0,390181;1,168934;0,067362;4
1620;308;6;10;31;37;39;44;0;0;-0,916241;-0,9691;10;3;0;-0,391915;2,797145;-0,696531;-0,498530;4
1621;392;10;22;29;37;44;48;0;0;0,429238;0,3764;10;3;0;-0,443922;-0,991984;0,609852;0,577533;4
1622;307;6;10;29;44;48;49;0;0;0,737368;0,6845;10;3;0;0,969571;2,158813;0,062533;0,245055;4
1623;283;6;10;22;37;48;49;0;0;-0,392920;-0,4458;10;3;0;-1,220941;-1,624125;0,987526;-0,447142;4
1624;230;1;22;37;44;48;49;0;0;0,078212;0,0254;10;3;0;-0,341765;0,162710;-0,533698;1,010930;4
1625;247;1;31;37;39;44;48;0;0;0,989377;0,9365;10;3;0;-0,734298;0,584962;0,997432;1,450518;4
1626;373;6;31;37;39;44;48;0;0;-0,740729;-0,7936;10;3;0;-0,276136;-0,569112;-0,221652;-0,785192;4
1627;389;10;22;29;37;39;44;0;0;-0,211687;-0,2645;10;3;0;-0,296567;1,396034;0,066867;-0,136953;4
1628;207;1;22;29;37;39;44;0;0;-0,555207;-0,6081;10;3;0;-1,137977;0,612204;-0,156023;0,332354;4
1629;303;6;10;29;37;48;49;0;0;0,951844;0,8990;10;3;0;2,199181;0,308826;0,636475;-1,187013;4
1630;295;6;10;29;31;44;48;0;0;0,251580;0,1987;10;3;0;-0,704580;0,335449;1,292142;-0,151813;4
1631;113;1;6;31;37;39;48;0;0;0,117533;0,0647;10;3;0;-0,120732;-1,223542;-0,671765;0,996070;4
1632;239;1;29;31;39;44;49;0;0;-0,070491;-0,1233;10;3;0;-0,201220;0,605394;-0,738013;0,817139;4
1633;39;1;6;10;31;37;48;0;0;1,239957;1,1871;10;3;0;-0,247036;0,656782;1,438878;0,955826;4
1634;124;1;6;37;39;48;49;0;0;0,108954;0,0561;10;3;0;-1,723063;-1,026656;0,947901;0,963875;4
1635;357;6;22;39;44;48;49;0;0;-1,851714;-1,9046;10;3;0;-3,095074;-0,286166;-0,300901;0,188713;4
1636;151;1;10;22;31;48;49;0;0;0,566145;0,5133;10;3;0;0,525649;1,368173;-0,481071;0,936014;4
1637;61;1;6;22;29;31;49;0;0;0,530756;0,4779;10;3;0;-0,888464;0,677214;1,622143;0,185618;4
1638;5;1;6;10;22;29;48;0;0;-0,040464;-0,0933;10;3;0;0,417919;-1,210540;-1,067395;0,579390;4
1639;131;1;10;22;29;31;49;0;0;1,809033;1,7562;10;3;0;0,416061;0,744081;0,758445;1,958831;4
1640;269;6;10;22;31;37;44;0;0;0,209042;0,1562;10;3;0;-0,338669;-0,372226;1,375726;-0,674985;4
1641;396;10;22;29;39;44;49;0;0;-0,528040;-0,5809;10;3;0;-1,047583;0,831379;-0,262515;0,395506;4
1642;17;1;6;10;22;39;48;0;0;0,460337;0,4075;10;3;0;-0,965237;-0,059561;0,461258;1,301306;4
1643;424;10;29;37;39;44;48;0;0;-0,021161;-0,0740;10;3;0;0,684148;0,214717;-0,943567;0,222766;4
1644;244;1;29;37;39;48;49;0;0;-0,907662;-0,9605;10;3;0;0,011764;0,587439;0,650096;-2,233976;4
1645;10;1;6;10;22;31;48;0;0;-0,344663;-0,3975;10;3;0;-1,725539;1,112468;0,694674;0,433892;4
1646;324;6;22;29;31;37;44;0;0;0,332723;0,2799;10;3;0;0,151070;-0,177817;0,078011;0,347213;4
1647;267;6;10;22;29;48;49;0;0;-0,168077;-0,2209;10;3;0;-0,764017;-1,572736;-0,162833;0,635732;4
1648;190;1;10;31;39;48;49;0;0;-0,357889;-0,4107;10;3;0;-0,171501;1,285208;-1,606046;1,157665;4
1649;46;1;6;10;31;48;49;0;0;-0,436530;-0,4894;10;3;0;-1,251279;0,033929;1,848129;-1,352942;4
1650;374;6;31;37;39;44;49;0;0;0,905017;0,8522;10;3;0;-0,684767;0,370121;0,267468;1,984835;4
1651;81;1;6;22;31;48;49;0;0;0,016014;-0,0368;10;3;0;1,096495;0,316875;0,325048;-1,393805;4
1652;278;6;10;22;37;39;44;0;0;0,830665;0,7778;10;3;0;1,212893;0,245674;-1,215369;1,441231;4
1653;116;1;6;31;37;44;49;0;0;-0,935187;-0,9880;10;3;0;-1,324957;-0,308455;-0,004953;-0,289881;4
1654;428;10;29;39;44;48;49;0;0;-0,065129;-0,1180;10;3;0;-0,777019;-1,327557;0,855031;-0,190819;4
1655;232;1;29;31;37;39;44;0;0;-1,759847;-1,8127;10;3;0;-0,551653;-1,169677;-0,694674;-1,801817;4
1656;462;31;37;39;44;48;49;0;0;-0,673168;-0,7260;10;3;0;-0,946663;-1,000652;-1,340435;1,121136;4
1657;235;1;29;31;37;44;48;0;0;0,281964;0,2291;10;3;0;-0,635236;-0,062657;1,589329;-0,465716;4
1658;161;1;10;22;44;48;49;0;0;-1,343406;-1,3963;10;3;0;-1,157789;0,074173;-1,396777;0,227719;4
1659;315;6;10;31;39;44;49;0;0;-1,107840;-1,1607;10;3;0;-1,391824;0,358977;1,086588;-1,613599;4
1660;256;6;10;22;29;31;48;0;0;-0,413653;-0,4665;10;3;0;-1,251279;-0,954217;-1,154074;1,688886;4
1661;406;10;22;31;39;44;49;0;0;-0,263877;-0,3167;10;3;0;0,635236;0,317494;-0,431540;-0,660745;4
1662;162;1;10;29;31;37;39;0;0;0,177229;0,1244;10;3;0;-1,196795;0,495806;1,060585;0,443179;4
1663;76;1;6;22;31;39;44;0;0;3,930557;3,8777;10;3;0;2,195466;0,173854;2,256141;2,356318;4
1664;415;10;29;31;37;39;48;0;0;-0,613830;-0,6667;10;3;0;-0,508932;1,640594;-1,820887;1,266634;4
1665;351;6;22;31;39;48;49;0;0;-0,478710;-0,5316;10;3;0;-0,058199;1,319261;-0,185122;-0,585829;4
1666;288;6;10;29;31;37;39;0;0;-0,279248;-0,3321;10;3;0;0,638951;-1,799341;0,788783;-1,911405;4
1667;371;6;29;37;44;48;49;0;0;1,253898;1,2011;10;3;0;-0,147355;2,170576;-0,015478;2,334648;4
1668;94;1;6;29;31;37;48;0;0;-0,671739;-0,7246;10;3;0;-0,876700;-0,635979;0,617281;-0,904066;4
1669;328;6;22;29;31;39;48;0;0;0,777404;0,7246;10;3;0;-0,198124;0,254961;-0,094728;1,639355;4
1670;364;6;29;31;39;44;48;0;0;0,226558;0,1737;10;3;0;-1,254375;0,211622;0,355386;1,291399;4
1671;22;1;6;10;29;31;37;0;0;-0,418657;-0,4715;10;3;0;-1,924902;-1,192585;0,721297;0,478470;4
1672;147;1;10;22;31;39;48;0;0;1,267124;1,2143;10;3;0;-1,259328;0,012878;3,906146;-0,452095;4
1673;454;22;31;39;44;48;49;0;0;-0,170938;-0,2238;10;3;0;-0,696531;0,437607;1,439497;-1,039039;4
1674;354;6;22;37;39;44;49;0;0;-1,215435;-1,2683;10;3;0;-0,438350;1,345265;-1,050059;-0,616786;4
1675;157;1;10;22;37;48;49;0;0;1,265694;1,2128;10;3;0;0,050150;1,438754;0,787544;1,354552;4
1676;446;22;29;37;39;44;49;0;0;-0,303198;-0,3560;10;3;0;0,742966;2,130332;-0,848220;-0,419900;4
1677;6;1;6;10;22;29;49;0;0;0,186523;0,1337;10;3;0;-0,613566;0,501378;-0,188218;1,124851;4
1678;254;6;10;22;29;31;39;0;0;-0,173440;-0,2263;10;3;0;-0,537412;-0,332601;0,258800;-0,021794;4
1679;159;1;10;22;39;44;49;0;0;-0,664947;-0,7178;10;3;0;-2,918620;-1,248927;0,674861;1,092037;4
1680;47;1;6;10;37;39;44;0;0;1,382583;1,3297;10;3;0;1,329910;0,900104;-0,456305;1,521100;4
1681;326;6;22;29;31;37;49;0;0;1,046571;0,9937;10;3;0;-1,173887;0,908772;3,215187;-0,228586;4
1682;316;6;10;31;39;48;49;0;0;0,265879;0,2130;10;3;0;-0,754111;0,568865;0,791878;0,422748;4
1683;345;6;22;31;37;39;49;0;0;1,534504;1,4817;10;3;0;1,411636;-0,913973;1,760211;-0,514009;4
1684;433;10;31;39;44;48;49;0;0;1,204211;1,1514;10;3;0;-0,238988;-1,736189;1,844414;0,480328;4
1685;372;6;29;39;44;48;49;0;0;-0,057623;-0,1105;10;3;0;-0,913849;-1,221065;0,152927;0,661116;4
1686;208;1;22;29;37;39;48;0;0;-2,067262;-2,1201;10;3;0;-0,952235;-0,437236;-0,840790;-1,787577;4
1687;8;1;6;10;22;31;39;0;0;-1,020262;-1,0731;10;3;0;-2,756405;-2,404858;-0,286661;1,275921;4
1688;237;1;29;31;37;48;49;0;0;-2,553050;-2,6059;10;3;0;-2,250569;1,049935;-1,328052;-0,843391;4
1689;304;6;10;29;39;44;48;0;0;-0,287827;-0,3407;10;3;0;-0,467450;-0,322695;1,084112;-1,115193;4
1690;198;1;22;29;31;37;44;0;0;-0,407933;-0,4608;10;3;0;-1,175125;0,786801;1,376345;-0,907781;4
1691;108;1;6;29;39;44;48;0;0;-0,694616;-0,7475;10;3;0;-1,230229;0,476613;0,211126;-0,184008;4
1692;240;1;29;31;39;48;49;0;0;-0,558067;-0,6109;10;3;0;-1,785596;-1,243354;0,206792;0,612204;4
1693;290;6;10;29;31;37;48;0;0;-1,023121;-1,0760;10;3;0;0,100920;0,870385;-2,088974;0,215956;4
1694;199;1;22;29;31;37;48;0;0;-0,867984;-0,9208;10;3;0;0,054484;-0,344365;0,656906;-2,214783;4
1695;141;1;10;22;29;48;49;0;0;0,191884;0,1390;10;3;0;-0,015478;-0,449619;0,172740;0,175092;4
1696;216;1;22;29;44;48;49;0;0;-1,917843;-1,9707;10;3;0;-1,902613;-1,376469;-0,546699;-0,872490;4
1697;107;1;6;29;37;48;49;0;0;-0,221339;-0,2742;10;3;0;-0,476737;2,334029;0,385104;-0,291738;4
1698;176;1;10;29;37;44;49;0;0;0,076782;0,0239;10;3;0;0,839552;-0,352414;-1,896422;1,189861;4
1699;391;10;22;29;37;39;49;0;0;-0,049759;-0,1026;10;3;0;-1,508222;0,425224;1,033342;0,388695;4
1700;338;6;22;29;37;48;49;0;0;2,517161;2,4643;10;3;0;1,106401;-0,476861;1,373869;1,879581;4
1701;30;1;6;10;29;37;49;0;0;0,441391;0,3885;10;3;0;-1,549704;-0,939357;1,533606;0,780610;4
1702;430;10;31;37;39;44;49;0;0;-0,127327;-0,1802;10;3;0;-1,514413;0,292729;1,904471;-0,610595;4
1703;340;6;22;29;39;44;49;0;0;0,407433;0,3546;10;3;0;-1,029628;-0,035415;1,396777;0,338545;4
1704;255;6;10;22;29;31;44;0;0;-0,577727;-0,6306;10;3;0;0,635855;0,058075;-0,806738;-0,829770;4
1705;337;6;22;29;37;44;49;0;0;0,727717;0,6749;10;3;0;0,314522;0,867289;0,657525;0,288395;4
1706;136;1;10;22;29;39;44;0;0;0,882854;0,8300;10;3;0;-0,662478;-0,083708;-0,425967;2,617594;4
1707;449;22;29;39;44;48;49;0;0;0,856402;0,8036;10;3;0;-0,359100;1,737798;1,030247;0,812186;4
1708;296;6;10;29;31;44;49;0;0;-0,539836;-0,5927;10;3;0;-1,441355;0,505712;0,253228;0,253104;4
1709;332;6;22;29;31;48;49;0;0;0,235494;0,1826;10;3;0;0,325667;-0,100424;-0,342384;0,424605;4
1710;9;1;6;10;22;31;44;0;0;1,449070;1,3962;10;3;0;0,788164;-1,710185;0,898989;0,822711;4
1711;203;1;22;29;31;39;49;0;0;-0,619907;-0,6728;10;3;0;-0,759064;0,253723;0,688482;-1,003128;4
1712;448;22;29;37;44;48;49;0;0;0,299837;0,2470;10;3;0;-1,106401;1,393557;-0,084822;1,710556;4
1713;294;6;10;29;31;39;49;0;0;-1,217580;-1,2704;10;3;0;-0,495930;0,229577;-0,247655;-1,365325;4
1714;64;1;6;22;29;37;48;0;0;-0,316066;-0,3689;10;3;0;-0,910753;-0,445904;-0,069963;0,433273;4
1715;226;1;22;31;44;48;49;0;0;-0,441892;-0,4947;10;3;0;-0,905800;-1,117669;-1,693344;1,833765;4
1716;59;1;6;22;29;31;44;0;0;-0,554134;-0,6070;10;3;0;-1,477884;2,056036;0,430301;0,087794;4
1717;99;1;6;29;31;44;48;0;0;1,163103;1,1103;10;3;0;-0,032814;-0,382752;1,690868;0,356500;4
1718;378;6;37;39;44;48;49;0;0;0,678745;0,6259;10;3;0;1,508841;-1,573974;-0,152308;-0,180912;4
1719;280;6;10;22;37;39;49;0;0;-0,436888;-0,4897;10;3;0;-1,122498;-0,123952;-0,279851;0,645638;4
1720;312;6;10;31;37;44;49;0;0;0,347022;0,2942;10;3;0;-1,023436;-1,165962;0,500264;1,124232;4
1721;121;1;6;31;44;48;49;0;0;-1,161101;-1,2139;10;3;0;-0,186980;0,609728;-0,963999;-0,860107;4
1722;263;6;10;22;29;39;48;0;0;-0,094440;-0,1473;10;3;0;-0,114541;0,814663;-0,586943;0,537908;4
1723;215;1;22;29;39;48;49;0;0;1,032272;0,9794;10;3;0;1,523081;0,098319;0,045197;0,219670;4
1724;253;6;10;22;29;31;37;0;0;-0,171652;-0,2245;10;3;0;0,460639;1,644928;-1,366439;0,608489;4
1725;4;1;6;10;22;29;44;0;0;0,690183;0,6373;10;3;0;-1,132405;-0,782715;0,920659;1,407178;4
1726;369;6;29;37;39;44;49;0;0;-0,439390;-0,4922;10;3;0;-0,729964;-0,507818;-0,006811;-0,024270;4
1727;142;1;10;22;31;37;39;0;0;0,679460;0,6266;10;3;0;-0,295329;0,503236;-0,076154;1,548342;4
1728;436;22;29;31;37;39;48;0;0;-0,751094;-0,8039;10;3;0;-0,640809;-0,506579;-0,224128;-0,435997;4
1729;49;1;6;10;37;39;49;0;0;0,786698;0,7339;10;3;0;-0,492215;2,213916;1,293381;0,561435;4
1730;421;10;29;31;39;44;49;0;0;-0,191313;-0,2442;10;3;0;-0,988145;-0,846486;0,305235;0,351547;4
1731;179;1;10;29;39;44;49;0;0;-1,360206;-1,4131;10;3;0;-1,895183;0,407269;0,124447;-0,585210;4
1732;144;1;10;22;31;37;48;0;0;1,137723;1,0849;10;3;0;-1,408540;1,303782;0,162833;3,216302;4
1733;25;1;6;10;29;31;48;0;0;-1,116419;-1,1693;10;3;0;-1,020960;0,386219;-1,641337;0,728602;4
1734;21;1;6;10;22;48;49;0;0;0,312349;0,2595;10;3;0;-1,516890;0,490234;2,806556;-0,748662;4
1735;117;1;6;31;37;48;49;0;0;0,507879;0,4550;10;3;0;0,927470;1,399749;-0,479832;0,432035;4
1736;408;10;22;31;44;48;49;0;0;1,221011;1,1682;10;3;0;2,019630;-0,452095;0,063152;0,032071;4
1737;402;10;22;31;37;44;48;0;0;0,414582;0,3617;10;3;0;-0,147355;0,488377;0,941710;-0,076278;4
1738;35;1;6;10;29;44;49;0;0;0,540765;0,4879;10;3;0;-0,065629;0,033310;0,248894;0,753368;4
1739;300;6;10;29;37;39;49;0;0;-0,074781;-0,1276;10;3;0;-1,008577;0,394268;0,373341;0,505712;4
1740;67;1;6;22;29;39;48;0;0;-0,203466;-0,2563;10;3;0;-0,519457;0,498283;0,775781;-0,608737;4
1741;425;10;29;37;39;44;49;0;0;1,341833;1,2890;10;3;0;-0,132496;0,138563;1,367058;1,089560;4
1742;384;10;22;29;31;39;48;0;0;1,022979;0,9701;10;3;0;1,459929;-0,203201;-0,625330;0,937252;4
1743;153;1;10;22;37;39;48;0;0;0,551131;0,4983;10;3;0;0,104634;0,745938;0,849458;0,000495;4
1744;115;1;6;31;37;44;48;0;0;1,544155;1,4913;10;3;0;1,256232;-2,113244;2,148411;-0,730088;4
1745;359;6;29;31;37;39;48;0;0;-1,978254;-2,0311;10;3;0;-3,464700;-2,797392;-0,800546;0,838809;4
1746;187;1;10;31;37;48;49;0;0;1,011540;0,9587;10;3;0;-0,047674;1,688886;0,694054;1,105658;4
1747;366;6;29;31;39;48;49;0;0;0,343090;0,2902;10;3;0;-1,371392;-0,115903;0,518838;1,446803;4
1748;311;6;10;31;37;44;48;0;0;2,551119;2,4983;10;3;0;2,596048;1,519242;0,513885;1,308735;4
1749;103;1;6;29;37;39;48;0;0;0,632275;0,5794;10;3;0;-0,612947;-0,355509;1,922426;-0,214346;4
1750;183;1;10;31;37;39;48;0;0;-0,368613;-0,4215;10;3;0;0,434016;1,295733;-1,346627;0,274155;4
1751;334;6;22;29;37;39;48;0;0;0,971862;0,9190;10;3;0;-1,578184;0,054980;1,833889;1,427610;4
1752;172;1;10;29;37;39;44;0;0;-0,826876;-0,8797;10;3;0;0,763398;0,571960;-1,326195;-0,869395;4
1753;356;6;22;37;44;48;49;0;0;-0,888717;-0,9416;10;3;0;-0,356624;1,403464;0,258181;-1,440860;4
1754;163;1;10;29;31;37;44;0;0;0,580086;0,5272;10;3;0;0,214222;-0,249637;-0,485405;1,275921;4
1755;173;1;10;29;37;39;48;0;0;-1,536077;-1,5889;10;3;0;-2,178749;-2,767674;-0,672385;0,190571;4
1756;418;10;29;31;37;44;49;0;0;0,879637;0,8268;10;3;0;-0,286661;2,017030;1,281617;0,528621;4
1757;222;1;22;31;37;48;49;0;0;0,347022;0,2942;10;3;0;1,129928;0,329877;-0,114541;-0,414328;4
1758;401;10;22;31;37;39;49;0;0;-0,267809;-0,3207;10;3;0;-1,758973;-1,274930;0,045197;1,249917;4
1759;114;1;6;31;37;39;49;0;0;1,032630;0,9798;10;3;0;0,164691;1,515528;2,210325;-0,586448;4
1760;419;10;29;31;37;48;49;0;0;-0,613473;-0,6663;10;3;0;-1,409160;0,718077;0,190076;0,156518;4
1761;274;6;10;22;31;39;49;0;0;-1,255113;-1,3080;10;3;0;-2,202895;1,641213;0,585086;-0,556110;4
1762;84;1;6;22;37;39;49;0;0;0,582589;0,5297;10;3;0;-0,259419;0,571960;0,904562;0,363930;4
1763;139;1;10;22;29;44;48;0;0;0,732364;0,6795;10;3;0;0,676719;1,298210;-0,771447;1,363220;4
1764;40;1;6;10;31;37;49;0;0;0,037462;-0,0154;10;3;0;-0,403059;0,841905;2,006628;-1,538683;4
1765;427;10;29;37;44;48;49;0;0;2,087852;2,0350;10;3;0;1,853082;-1,213016;0,790021;0,973162;4
1766;58;1;6;22;29;31;39;0;0;0,909306;0,8565;10;3;0;-0,217937;-1,088570;2,113120;-0,320219;4
1767;109;1;6;29;39;44;49;0;0;-0,312849;-0,3657;10;3;0;-0,718820;-0,161100;0,263134;-0,086184;4
1768;219;1;22;31;37;39;49;0;0;-0,057980;-0,1108;10;3;0;-0,091633;1,986073;-1,173268;1,164476;4
1769;282;6;10;22;37;44;49;0;0;0,070705;0,0179;10;3;0;-0,156642;1,099466;0,702103;-0,422996;4
1770;319;6;10;37;39;44;49;0;0;-0,791488;-0,8443;10;3;0;-1,602950;1,942733;-0,317618;0,549671;4
1771;80;1;6;22;31;44;49;0;0;0,675170;0,6223;10;3;0;0,831503;0,961399;1,035819;-0,697893;4
1772;210;1;22;29;37;44;48;0;0;0,495725;0,4429;10;3;0;-1,178840;1,640594;0,796212;1,241249;4
1773;314;6;10;31;39;44;48;0;0;1,236025;1,1832;10;3;0;-0,386343;0,583724;1,027770;1,499430;4
1774;268;6;10;22;31;37;39;0;0;-0,845106;-0,8980;10;3;0;-1,817791;1,214007;1,399873;-1,045849;4
1775;227;1;22;37;39;44;48;0;0;0,131116;0,0783;10;3;0;-0,807357;-1,232829;-0,060676;1,095132;4
1776;347;6;22;31;37;44;49;0;0;-0,269953;-0,3228;10;3;0;-1,477265;0,445037;0,034672;0,975020;4
1777;451;22;31;37;39;44;49;0;0;-0,540908;-0,5938;10;3;0;-2,122407;-1,205587;1,588091;-0,402564;4
1778;423;10;29;31;44;48;49;0;0;1,287142;1,2343;10;3;0;-0,607994;0,071696;2,692015;0,145374;4
1779;339;6;22;29;39;44;48;0;0;0,632990;0,5801;10;3;0;0,815406;0,701360;0,816644;-0,535679;4
1780;363;6;29;31;37;48;49;0;0;-0,379693;-0,4325;10;3;0;-1,626477;3,333319;0,811072;0,157757;4
1781;3;1;6;10;22;29;39;0;0;-0,368612;-0,4215;10;3;0;-0,634617;-0,755473;0,280470;-0,284308;4
1782;72;1;6;22;31;37;39;0;0;0,686967;0,6341;10;3;0;0,675480;0,646257;0,855650;-0,341269;4
1783;381;10;22;29;31;37;48;0;0;0,283394;0,2305;10;3;0;0,014859;-0,340031;1,211654;-0,735661;4
1784;322;6;10;39;44;48;49;0;0;-0,101948;-0,1548;10;3;0;0,332477;0,875957;0,412346;-0,921402;4
1785;41;1;6;10;31;39;44;0;0;-0,832595;-0,8854;10;3;0;-1,636384;-0,372845;0,024766;0,169520;4
1786;154;1;10;22;37;39;49;0;0;0,124324;0,0715;10;3;0;-0,003096;-1,001890;0,746062;-0,527630;4
1787;453;22;31;37;44;48;49;0;0;-0,340373;-0,3932;10;3;0;-0,925612;-0,803766;-0,933661;1,269730;4
1788;188;1;10;31;39;44;48;0;0;0,108239;0,0554;10;3;0;-1,055012;-0,128286;1,280998;-0,038510;4
1789;306;6;10;29;39;48;49;0;0;-0,571292;-0,6241;10;3;0;-2,130456;0,407269;1,650624;-0,509675;4
1790;440;22;29;31;37;48;49;0;0;-0,586663;-0,6395;10;3;0;-1,030866;0,441941;-0,218556;0,233291;4
1791;197;1;22;29;31;37;39;0;0;-0,689612;-0,7425;10;3;0;-1,578184;1,252394;-1,331767;1,715509;4
1792;413;10;22;39;44;48;49;0;0;-0,678531;-0,7314;10;3;0;-0,725631;-1,578308;-0,383866;-0,065753;4
1793;360;6;29;31;37;39;49;0;0;-0,714634;-0,7675;10;3;0;-1,168934;0,172616;0,692197;-0,761045;4
1794;182;1;10;31;37;39;44;0;0;-1,156812;-1,2097;10;3;0;-1,406064;1,228866;0,861841;-1,459434;4
1795;134;1;10;22;29;37;48;0;0;-0,445824;-0,4987;10;3;0;-0,817263;0,106368;-0,594992;0,640066;4
1796;429;10;31;37;39;44;48;0;0;0,825661;0,7728;10;3;0;-0,066867;-0,362939;-0,772066;2,269019;4
1797;259;6;10;22;29;37;44;0;0;0,040321;-0,0125;10;3;0;-1,105163;1,662883;1,562706;-0,387705;4
1798;352;6;22;31;44;48;49;0;0;-0,207398;-0,2602;10;3;0;-0,747919;1,311212;1,499554;-1,110859;4
1799;394;10;22;29;37;48;49;0;0;0,071063;0,0182;10;3;0;-0,583848;1,721082;-1,381298;2,088231;4
1800;250;1;31;37;44;48;49;0;0;1,953089;1,9002;10;3;0;1,107639;0,021546;1,906947;0,368264;4
1801;410;10;22;37;39;44;49;0;0;-0,499908;0,1562;11;3;0;-0,471165;-0,802899;-0,271864;-0,122837;4
1802;350;6;22;31;39;44;49;0;0;-0,425556;0,2306;11;3;0;-2,605335;-0,064267;1,071048;0,797203;4
1803;438;22;29;31;37;44;48;0;0;-1,414290;-0,7581;11;3;0;-2,802841;-0,284680;-0,331301;0,684520;4
1804;85;1;6;22;37;44;48;0;0;-1,667729;-1,0116;11;3;0;-2,025822;1,627220;-0,781415;-0,081355;4
1805;168;1;10;29;31;39;49;0;0;-0,320820;0,3353;11;3;0;0,228462;2,240787;-0,201901;-0,582238;4
1806;48;1;6;10;37;39;48;0;0;-0,678280;-0,0221;11;3;0;-0,920659;-2,559395;-1,473612;1,219456;4
1807;388;10;22;29;31;48;49;0;0;-0,811255;-0,1551;11;3;0;-0,707676;1,520109;1,305082;-2,002542;4
1808;18;1;6;10;22;39;49;0;0;-2,022329;-1,3662;11;3;0;0,029100;0,110950;-1,837046;-1,694830;4
1809;293;6;10;29;31;39;48;0;0;-1,803206;-1,1471;11;3;0;-2,947100;-0,056837;0,404236;-0,580381;4
1810;246;1;29;39;44;48;49;0;0;-0,762640;-0,1065;11;3;0;-0,325048;1,398139;-0,979539;-0,016345;4
1811;457;29;31;37;39;44;49;0;0;-1,430018;-0,7739;11;3;0;-0,884130;0,034796;-0,562859;-1,029875;4
1812;411;10;22;37;39;48;49;0;0;-0,338694;0,3175;11;3;0;-2,376873;-1,508098;-0,196329;1,986568;4
1813;285;6;10;22;39;44;49;0;0;-0,389453;0,2667;11;3;0;0,339907;-1,010310;0,442622;-1,457081;4
1814;130;1;10;22;29;31;48;0;0;-2,969240;-2,3131;11;3;0;-2,126122;-0,743462;-1,050121;-1,966632;4
1815;191;1;10;31;44;48;49;0;0;-0,942085;-0,2859;11;3;0;-0,391296;0,453333;-0,022970;-1,217474;4
1816;379;10;22;29;31;37;39;0;0;1,896146;2,5523;11;3;0;-0,199982;0,755473;1,222118;2,262085;4
1817;291;6;10;29;31;37;49;0;0;-1,514736;-0,8586;11;3;0;-0,202458;-1,452375;-2,126803;-0,294339;4
1818;386;10;22;29;31;44;48;0;0;-1,258437;-0,6023;11;3;0;-0,283566;-0,819616;-0,854473;-1,041639;4
1819;145;1;10;22;31;37;49;0;0;-0,923140;-0,2670;11;3;0;-1,118784;-0,955826;-0,660683;0,180541;4
1820;53;1;6;10;39;44;48;0;0;-0,686144;-0,0300;11;3;0;-1,219703;-0,092128;-0,438412;0,469679;4
1821;63;1;6;22;29;37;44;0;0;-0,212510;0,4436;11;3;0;-0,635855;-0,282823;-0,318299;0,586077;4
1822;189;1;10;31;39;44;49;0;0;-2,139933;-1,4838;11;3;0;-2,059874;0,171625;-1,219765;-0,426834;4
1823;353;6;22;37;39;44;48;0;0;-0,176406;0,4797;11;3;0;-0,678576;1,055755;1,837542;-1,464511;4
1824;362;6;29;31;37;44;49;0;0;0,087756;0,7439;11;3;0;-2,023964;0,781477;1,347803;0,828160;4
1825;24;1;6;10;29;31;44;0;0;-1,682027;-1,0259;11;3;0;-1,555895;0,212488;-0,563478;-0,793983;4
1826;385;10;22;29;31;39;49;0;0;0,059875;0,7160;11;3;0;-1,078540;-0,192428;-0,002538;1,184784;4
1827;104;1;6;29;37;39;49;0;0;0,366575;1,0227;11;3;0;-0,316999;0,719563;0,807295;0,144631;4
1828;133;1;10;22;29;37;44;0;0;0,640389;1,2965;11;3;0;-1,432687;-0,134229;1,735384;0,806490;4
1829;318;6;10;37;39;44;48;0;0;0,060947;0,7171;11;3;0;-1,107639;1,366563;1,238215;-0,025013;4
1830;320;6;10;37;39;48;49;0;0;-0,779441;-0,1233;11;3;0;-1,401730;0,828531;0,302697;-0,250999;4
1831;335;6;22;29;37;39;49;0;0;-0,610363;0,0458;11;3;0;-0,532459;-1,105039;-0,234715;-0,290005;4
1832;380;10;22;29;31;37;44;0;0;-1,485067;-0,8289;11;3;0;0,136211;-2,714799;-0,960346;-1,748076;4
1833;150;1;10;22;31;44;49;0;0;-1,255935;-0,5998;11;3;0;-0,399964;0,710276;-0,943629;-0,831751;4
1834;202;1;22;29;31;39;48;0;0;-0,062377;0,5938;11;3;0;-0,198744;0,331363;0,105192;-0,014488;4
1835;122;1;6;37;39;44;48;0;0;-0,598209;0,0579;11;3;0;-0,155404;-1,424514;-0,767794;-0,112931;4
1836;34;1;6;10;29;44;48;0;0;0,195352;0,8515;11;3;0;0,318856;0,414328;-0,941772;0,961275;4
1837;90;1;6;22;39;48;49;0;0;-1,358883;-0,7027;11;3;0;-1,155932;-0,449371;0,426525;-1,624248;4
1838;397;10;22;29;39;48;49;0;0;-0,412330;0,2438;11;3;0;-0,849458;-1,124232;-0,070644;0,205926;4
1839;461;29;37;39;44;48;49;0;0;1,143692;1,7998;11;3;0;0,390057;0,498530;0,059375;1,531501;4
1840;272;6;10;22;31;39;44;0;0;-0,287934;0,3682;11;3;0;0,529983;0,304121;-0,095409;-0,933290;4
1841;96;1;6;29;31;39;44;0;0;-1,017509;-0,3614;11;3;0;-1,790549;-1,142806;0,435812;-0,407641;4
1842;370;6;29;37;39;48;49;0;0;-1,747085;-1,0909;11;3;0;-1,512556;0,592640;-1,400554;-0,112931;4
1843;204;1;22;29;31;44;48;0;0;0,198926;0,8551;11;3;0;-0,128162;-1,893821;0,429620;0,043092;4
1844;393;10;22;29;37;44;49;0;0;-0,364430;0,2917;11;3;0;-0,781353;0,313408;-0,160419;0,310560;4
1845;143;1;10;22;31;37;44;0;0;0,526360;1,1825;11;3;0;-0,791878;0,372226;0,821535;0,882025;4
1846;225;1;22;31;39;48;49;0;0;-1,702402;-1,0462;11;3;0;-2,475317;0,933785;-0,420457;-0,052874;4
1847;158;1;10;22;39;44;48;0;0;-0,258980;0,3972;11;3;0;0,112064;-1,506860;-1,661830;1,101200;4
1848;185;1;10;31;37;44;48;0;0;0,338336;0,9945;11;3;0;-0,411727;-0,239483;1,219022;-0,221280;4
1849;287;5;11;13;37;39;41;0;0;-1,834055;-0,9897;12;3;0;-0,469926;-2,290689;-1,472931;-1,233820;5
1850;374;5;17;29;34;37;41;0;0;-0,869271;-0,0249;12;3;0;-0,150451;0,364177;-0,248275;-1,106896;5
1851;139;1;11;13;16;37;39;0;0;-1,786871;-0,9425;12;3;0;-2,145315;0,270687;0,607994;-1,557629;5
1852;116;1;5;17;29;37;41;0;0;-1,613502;-0,7691;12;3;0;-0,887845;-0,511285;-1,219703;-0,687120;5
1853;38;1;5;11;17;29;37;0;0;-0,934686;-0,0903;12;3;0;-1,571993;-0,719934;0,167167;-0,214098;5
1854;44;1;5;11;17;37;39;0;0;-0,245146;0,5993;12;3;0;-0,623473;-1,689506;-0,401821;0,600688;5
1855;327;5;13;16;17;34;37;0;0;0,706770;1,5512;12;3;0;0,032814;-2,212059;1,343531;-0,152184;5
1856;455;13;29;34;37;39;41;0;0;-0,734509;0,1099;12;3;0;-0,742966;-0,037024;-0,853792;0,324552;5
1857;198;1;13;16;17;29;37;0;0;-1,457292;-0,6129;12;3;0;-2,274715;-0,308826;-0,799927;0,550538;5
1858;339;5;13;16;34;37;39;0;0;-1,587408;-0,7430;12;3;0;-1,945953;-0,277869;0,019193;-0,822711;5
1859;186;1;11;17;29;37;41;0;0;-1,065517;-0,2211;12;3;0;-1,602950;2,003037;-0,547938;0,305359;5
1860;189;1;11;17;34;37;41;0;0;-0,934329;-0,0899;12;3;0;-2,659820;-0,308826;0,994956;0,046559;5
1861;343;5;13;17;29;34;37;0;0;-0,575797;0,2686;12;3;0;-0,638951;0,648362;0,071820;-0,430178;5
1862;388;11;13;16;17;39;41;0;0;-1,682849;-0,8384;12;3;0;-1,100829;0,403802;-1,326814;-0,487138;5
1863;331;5;13;16;17;37;41;0;0;-1,239957;-0,3956;12;3;0;-2,371920;-0,358977;-0,419776;0,644028;5
1864;310;5;11;17;29;34;41;0;0;-0,481070;0,3633;12;3;0;-1,435163;-1,959450;0,175835;0,426091;5
1865;347;5;13;17;29;37;41;0;0;-0,702694;0,1417;12;3;0;-0,596231;0,117760;0,378913;-0,999785;5
1866;51;1;5;11;29;37;41;0;0;-2,304830;-1,4604;12;3;0;-2,516180;-0,541003;-1,142930;-0,332973;5
1867;167;1;11;16;17;34;39;0;0;-0,442821;0,4016;12;3;0;-0,620996;-0,144755;1,012911;-1,158904;5
1868;48;1;5;11;29;34;39;0;0;0,522678;1,3671;12;3;0;-3,068451;0,176578;2,916143;1,057613;5
1869;101;1;5;16;17;39;41;0;0;0,170580;1,0150;12;3;0;-0,954712;-0,960160;0,963380;0,286785;5
1870;112;1;5;17;29;34;37;0;0;0,038320;0,8827;12;3;0;-0,559701;-1,174382;0,407393;0,218680;5
1871;80;1;5;13;17;37;41;0;0;-0,258015;0,5864;12;3;0;-1,323718;-0,471660;1,186889;-0,310065;5
1872;138;1;11;13;16;34;41;0;0;-1,611358;-0,7670;12;3;0;-0,304616;-2,719752;-1,220941;-1,265396;5
1873;246;1;16;34;37;39;41;0;0;-0,821729;0,0227;12;3;0;-1,038915;-2,224441;-1,024055;0,639694;5
1874;54;1;5;11;34;37;41;0;0;-0,075710;0,7687;12;3;0;0,050769;1,728140;-0,689101;0,507198;5
1875;82;1;5;13;29;34;37;0;0;-0,732364;0,1120;12;3;0;1,213512;0,317742;-1,193699;-1,288304;5
1876;129;1;11;13;16;17;37;0;0;-0,538978;0,3054;12;3;0;-0,194410;-2,436806;-2,379969;1,640841;5
1877;211;1;13;16;29;37;41;0;0;0,272099;1,1165;12;3;0;0,012383;-0,427701;1,440117;-0,981211;5
1878;16;1;5;11;13;34;37;0;0;-1,631018;-0,7866;12;3;0;-0,398725;0,315265;-0,590039;-1,836241;5
1879;259;5;11;13;16;29;37;0;0;0,596672;1,4411;12;3;0;-1,362724;0,073801;1,191842;1,204349;5
1880;120;1;5;17;34;39;41;0;0;-0,918958;-0,0746;12;3;0;-1,504507;-0,558339;-0,959046;0,871871;5
1881;414;11;16;17;29;34;37;0;0;-3,619567;-2,7752;12;3;0;-2,377492;-2,457857;-2,451789;-1,439993;5
1882;216;1;13;16;37;39;41;0;0;-1,055865;-0,2115;12;3;0;-1,855559;-2,004028;-0,968333;0,995080;5
1883;289;5;11;16;17;29;37;0;0;-1,014757;-0,1704;12;3;0;-2,631339;-1,337216;0,399344;0,474384;5
1884;90;1;5;13;34;39;41;0;0;-0,522535;0,3219;12;3;0;-1,111973;0,806242;-0,552891;0,759807;5
1885;181;1;11;16;37;39;41;0;0;0,482642;1,3270;12;3;0;-0,844505;0,640932;0,767113;0,913353;5
1886;238;1;16;17;34;37;39;0;0;-0,088578;0,7558;12;3;0;-0,603041;-1,277159;0,114541;0,335078;5
1887;26;1;5;11;16;17;41;0;0;-2,576857;-1,7325;12;3;0;-3,222617;-0,307588;-1,783119;0,542489;5
1888;7;1;5;11;13;17;29;0;0;-2,591513;-1,7471;12;3;0;-3,260384;-0,441322;-0,775162;-0,453086;5
1889;37;1;5;11;17;29;34;0;0;-0,993309;-0,1489;12;3;0;-2,210325;-0,529859;-0,229081;0,718944;5
1890;88;1;5;13;34;37;39;0;0;-0,516101;0,3283;12;3;0;-1,946572;-1,923540;0,237749;0,814910;5
1891;140;1;11;13;16;37;41;0;0;-0,323429;0,5210;12;3;0;0,449495;-0,164567;-0,271802;-0,737889;5
1892;57;1;5;13;16;17;29;0;0;-0,748449;0,0960;12;3;0;-0,573322;1,325081;-0,125066;-0,597964;5
1893;184;1;11;17;29;34;41;0;0;0,004003;0,8484;12;3;0;-0,858126;-1,643070;1,376345;-0,511285;5
1894;55;1;5;11;34;39;41;0;0;0,254225;1,0986;12;3;0;-1,213512;-1,218341;-0,828408;2,482251;5
1895;385;11;13;16;17;34;41;0;0;-0,518602;0,3258;12;3;0;-1,160266;-2,154479;-1,327433;1,589453;5
1896;320;5;11;29;34;39;41;0;0;-0,729504;0,1149;12;3;0;-1,316289;-1,503764;-1,453118;1,505869;5
1897;126;1;5;34;37;39;41;0;0;-0,396352;0,4480;12;3;0;-1,241373;-0,567626;1,170791;-0,615919;5
1898;308;5;11;17;29;34;37;0;0;-2,094643;-1,2502;12;3;0;-0,811072;1,034085;-0,380151;-2,436806;5
1899;407;11;13;17;34;39;41;0;0;-1,341833;-0,4974;12;3;0;-0,890321;-0,560197;-0,005572;-1,428229;5
1900;350;5;13;17;34;37;41;0;0;0,994525;1,8389;12;3;0;-1,898898;0,725135;1,650005;1,971461;5
1901;4;1;5;11;13;16;37;0;0;-1,084462;-0,2401;12;3;0;-2,342821;-0,384361;0,144259;0,320219;5
1902;370;5;16;29;34;39;41;0;0;-1,474093;-0,6297;12;3;0;-1,656815;-1,002881;-0,690340;-0,206049;5
1903;202;1;13;16;17;34;39;0;0;-0,714491;0,1299;12;3;0;-1,030866;-0,614062;-0,682910;0,476241;5
1904;47;1;5;11;29;34;37;0;0;0,545555;1,3900;12;3;0;-0,176455;-1,066652;0,388819;0,732565;5
1905;276;5;11;13;17;37;41;0;0;-0,559353;0,2850;12;3;0;-1,156551;-1,272206;-0,279851;0,467574;5
1906;271;5;11;13;17;29;41;0;0;0,981299;1,8257;12;3;0;-0,586943;-1,422038;1,498316;0,788287;5
1907;200;1;13;16;17;29;41;0;0;-1,515558;-0,6712;12;3;0;-2,812747;-0,389314;0,417919;-0,230196;5
1908;379;11;13;16;17;29;34;0;0;-0,829951;0,0145;12;3;0;-1,382537;-0,649353;-1,409779;1,354799;5
1909;444;13;16;17;37;39;41;0;0;-2,039952;-1,1956;12;3;0;-0,780115;-0,804756;-1,976291;-0,776895;5
1910;447;13;16;29;34;39;41;0;0;-1,065874;-0,2215;12;3;0;-1,654958;-1,815810;-0,165310;-0,025880;5
1911;107;1;5;16;29;39;41;0;0;0,354672;1,1991;12;3;0;-0,190695;-1,921063;1,032104;-0,227100;5
1912;190;1;11;17;34;39;41;0;0;-0,014227;0,8302;12;3;0;-0,417919;-0,651829;-0,332477;0,725754;5
1913;335;5;13;16;29;34;41;0;0;-2,337001;-1,4926;12;3;0;-3,549522;-1,526053;0,660002;-1,158285;5
1914;283;5;11;13;29;39;41;0;0;-0,533259;0,3111;12;3;0;-1,122498;-0,537908;0,308331;-0,109464;5
1915;353;5;13;29;34;37;39;0;0;-0,605465;0,2389;12;3;0;-1,775690;-0,279727;-0,273040;1,000033;5
1916;249;1;17;29;34;39;41;0;0;-1,185980;-0,3416;12;3;0;-1,800455;0,847106;-0,700246;0,446523;5
1917;11;1;5;11;13;17;41;0;0;-2,637268;-1,7929;12;3;0;-1,948429;-0,675976;-1,647528;-0,971924;5
1918;224;1;13;17;34;37;41;0;0;-2,814925;-1,9705;12;3;0;-2,103833;1,095380;-1,566421;-1,205339;5
1919;176;1;11;16;29;37;41;0;0;-1,079100;-0,2347;12;3;0;-3,171228;-1,412131;0,928708;0,373464;5
1920;193;1;11;29;34;37;41;0;0;-0,003861;0,8405;12;3;0;-1,188746;-0,292729;1,018483;0,163576;5
1921;311;5;11;17;29;37;39;0;0;0,217050;1,0615;12;3;0;-1,530511;-0,948397;1,628335;0,278117;5
1922;313;5;11;17;29;39;41;0;0;-0,175084;0,6693;12;3;0;-0,401202;-2,584161;-1,803551;1,901499;5
1923;134;1;11;13;16;29;39;0;0;-0,574366;0,2700;12;3;0;-0,752253;0,491101;-0,997432;0,754854;5
1924;136;1;11;13;16;34;37;0;0;-2,764881;-1,9205;12;3;0;-2,269762;-0,773180;-0,279851;-2,239301;5
1925;18;1;5;11;13;34;41;0;0;-0,725215;0,1192;12;3;0;-1,144168;-0,004210;0,033433;-0,145374;5
1926;223;1;13;17;34;37;39;0;0;-1,287141;-0,4427;12;3;0;-0,796212;0,062038;-1,220941;-0,212241;5
1927;425;11;16;29;34;37;41;0;0;-0,515743;0,3287;12;3;0;-1,840699;0,630407;-0,451352;1,398758;5
1928;13;1;5;11;13;29;37;0;0;0,152707;0,9971;12;3;0;-0,933661;-0,879672;-0,107111;1,305268;5
1929;162;1;11;16;17;29;34;0;0;-1,791518;-0,9471;12;3;0;-2,667869;0,024889;-1,404207;0,969076;5
1930;391;11;13;16;29;34;41;0;0;-1,635665;-0,7913;12;3;0;-2,007248;0,023651;-1,031485;0,205678;5
1931;316;5;11;17;34;39;41;0;0;-0,290543;0,5539;12;3;0;-0,713867;-0,092128;-0,190076;0,400707;5
1932;6;1;5;11;13;16;41;0;0;-2,698751;-1,8544;12;3;0;-2,612146;-1,385509;-0,747920;-1,314308;5
1933;324;5;13;16;17;29;37;0;0;-1,748265;-0,9039;12;3;0;-2,465410;1,071853;-0,458782;-0,103891;5
1934;426;11;16;29;34;39;41;0;0;-0,277317;0,5671;12;3;0;-0,947282;-2,021983;-1,238896;1,705851;5
1935;114;1;5;17;29;34;41;0;0;-1,706442;-0,8620;12;3;0;-2,023964;-0,315018;-0,284804;-0,646876;5
1936;132;1;11;13;16;29;34;0;0;-2,237985;-1,3936;12;3;0;-2,139743;0,078754;-0,372102;-1,364458;5
1937;459;16;17;29;37;39;41;0;0;-0,264806;0,5796;12;3;0;-1,182555;-0,633255;-0,847601;1,571498;5
1938;69;1;5;13;16;37;39;0;0;-1,378294;-0,5339;12;3;0;-1,623382;-0,827665;-1,323099;0,559206;5
1939;329;5;13;16;17;34;41;0;0;-1,979899;-1,1355;12;3;0;-1,398634;0,480575;-0,606137;-1,424514;5
1940;9;1;5;11;13;17;37;0;0;0,244216;1,0886;12;3;0;2,456742;0,048417;-0,879177;-1,154570;5
1941;270;5;11;13;17;29;39;0;0;0,366110;1,2105;12;3;0;-1,417208;-0,623349;0,847601;1,203729;5
1942;234;1;16;17;29;34;41;0;0;-1,519490;-0,6751;12;3;0;-1,344769;-1,427610;-0,577037;-0,710028;5
1943;257;5;11;13;16;17;41;0;0;-0,531829;0,3126;12;3;0;-1,063061;0,019936;-0,770828;0,912734;5
1944;254;5;11;13;16;17;34;0;0;-1,067661;-0,2233;12;3;0;-0,300901;-2,820672;-1,580042;0,031700;5
1945;415;11;16;17;29;34;39;0;0;0,135191;0,9796;12;3;0;0,592516;-1,750181;0,220413;-0,578771;5
1946;451;13;17;29;34;37;41;0;0;-0,963997;-0,1196;12;3;0;-0,734918;-1,564440;-0,027242;-0,907533;5
1947;179;1;11;16;34;37;41;0;0;-2,562201;-1,7178;12;3;0;-2,030775;1,287932;-0,631521;-1,775566;5
1948;35;1;5;11;16;37;41;0;0;-1,258902;-0,4145;12;3;0;-1,672294;-2,433091;-0,560320;0,052131;5
1949;419;11;16;17;29;39;41;0;0;0,115173;0,9596;12;3;0;-1,316289;-0,816520;-0,021051;1,536826;5
1950;461;16;29;34;37;39;41;0;0;-0,234065;0,6103;12;3;0;-1,673532;-0,726745;0,444542;0,823578;5
1951;292;5;11;16;17;34;37;0;0;-0,146487;0,6979;12;3;0;-0,695293;-1,822620;0,759683;-0,318113;5
1952;245;1;16;29;37;39;41;0;0;-1,819757;-0,9754;12;3;0;-1,830793;-1,368792;-2,064827;0,743709;5
1953;373;5;17;29;34;37;39;0;0;-1,648891;-0,8045;12;3;0;-1,537321;2,631463;1,563944;-2,882586;5
1954;304;5;11;16;34;37;39;0;0;-1,163460;-0,3191;12;3;0;-1,241992;0,119618;0,190076;-0,963256;5
1955;22;1;5;11;16;17;29;0;0;-0,933971;-0,0896;12;3;0;-0,313284;1,073091;-0,555367;-0,749034;5
1956;109;1;5;16;34;37;41;0;0;0,083002;0,9274;12;3;0;-1,795502;0,408136;-0,163453;2,102719;5
1957;321;5;11;29;37;39;41;0;0;-0,977581;-0,1332;12;3;0;-1,114450;-1,365077;-0,752253;0,173483;5
1958;93;1;5;16;17;29;37;0;0;0,407576;1,2520;12;3;0;0,730584;-0,554624;-0,345479;0,320838;5
1959;164;1;11;16;17;29;39;0;0;-1,232450;-0,3880;12;3;0;-0,736775;0,063276;-0,854411;-0,543480;5
1960;337;5;13;16;29;37;41;0;0;-1,535576;-0,6912;12;3;0;-0,553510;1,051421;-1,777547;-0,328639;5
1961;315;5;11;17;34;37;41;0;0;-0,864266;-0,0199;12;3;0;-0,965856;0,429187;0,087299;-0,618396;5
1962;445;13;16;29;34;37;39;0;0;-1,024766;-0,1804;12;3;0;0,707676;-0,620872;-1,104543;-1,378079;5
1963;153;1;11;13;29;34;39;0;0;-0,313421;0,5310;12;3;0;-2,020869;-1,287685;0,095347;1,382660;5
1964;446;13;16;29;34;37;41;0;0;-0,591882;0,2525;12;3;0;-0,438969;0,782715;-1,578804;0,992603;5
1965;209;1;13;16;29;34;41;0;0;-0,735938;0,1085;12;3;0;-1,840080;-0,736032;-0,318237;0,883635;5
1966;314;5;11;17;34;37;39;0;0;-2,435660;-1,5913;12;3;0;-2,415879;0,461382;-1,604188;-0,198620;5
1967;256;5;11;13;16;17;39;0;0;-3,383644;-2,5392;12;3;0;-2,079687;-0,478470;-2,415260;-1,365696;5
1968;105;1;5;16;29;37;39;0;0;-0,546127;0,2983;12;3;0;-0,417299;-0,350928;0,268706;-0,797327;5
1969;354;5;13;29;34;37;41;0;0;-1,052290;-0,2079;12;3;0;-1,845652;0,499150;0,672385;-0,649353;5
1970;118;1;5;17;34;37;39;0;0;-0,955061;-0,1107;12;3;0;-1,427734;-0,744700;1,512556;-1,739037;5
1971;392;11;13;16;29;37;39;0;0;-1,189198;-0,3448;12;3;0;-2,108167;-0,441941;0,684148;-0,635732;5
1972;17;1;5;11;13;34;39;0;0;-0,133976;0,7104;12;3;0;0,328144;-1,844909;0,811072;-1,371268;5
1973;428;11;16;34;37;39;41;0;0;2,142329;2,9867;12;3;0;2,240663;0,179674;0,133734;1,336225;5
1974;53;1;5;11;34;37;39;0;0;-1,481600;-0,6372;12;3;0;-1,666102;-2,241158;-0,618520;-0,281584;5
1975;229;1;13;29;34;39;41;0;0;-2,238342;-1,3939;12;3;0;-1,904471;-0,308207;-1,262424;-0,710028;5
1976;122;1;5;29;34;37;39;0;0;-0,115031;0,7294;12;3;0;-0,942948;1,513918;0,737394;0,006315;5
1977;298;5;11;16;29;34;37;0;0;-1,497685;-0,6533;12;3;0;-0,309569;-0,115655;-1,009815;-1,274683;5
1978;2;1;5;11;13;16;29;0;0;-2,918946;-2,0745;12;3;0;-0,783830;-1,813952;-2,498225;-1,773708;5
1979;450;13;17;29;34;37;39;0;0;-2,411353;-1,5670;12;3;0;-2,605955;-1,127947;-1,506984;-0,063647;5
1980;378;5;29;34;37;39;41;0;0;-1,120565;-0,2762;12;3;0;-1,919330;-1,593539;-0,360339;0,338793;5
1981;431;11;17;29;34;39;41;0;0;-1,264979;-0,4206;12;3;0;-1,773832;-0,602917;0,693435;-1,110611;5
1982;294;5;11;16;17;34;41;0;0;-1,105909;-0,2615;12;3;0;-2,849895;-0,889578;-0,546080;1,480484;5
1983;279;5;11;13;29;34;39;0;0;-0,901085;-0,0567;12;3;0;0,616043;1,372754;-1,352199;-0,824569;5
1984;322;5;11;34;37;39;41;0;0;-1,609570;-0,7652;12;3;0;-3,399690;0,965361;0,026004;0,585829;5
1985;70;1;5;13;16;37;41;0;0;-0,493223;0,3512;12;3;0;-2,093927;-0,887721;0,042101;1,197538;5
1986;135;1;11;13;16;29;41;0;0;-1,302512;-0,4581;12;3;0;-1,100209;-0,960779;-0,961522;-0,194286;5
1987;231;1;13;34;37;39;41;0;0;-1,478740;-0,6343;12;3;0;-1,435783;-0,902580;0,693435;-1,818906;5
1988;33;1;5;11;16;34;41;0;0;-1,222441;-0,3780;12;3;0;-1,126213;0,853297;-0,868032;-0,123085;5
1989;423;11;16;17;37;39;41;0;0;-2,337001;-1,4926;12;3;0;-1,807266;-2,301834;-1,832650;-0,407889;5
1990;382;11;13;16;17;29;41;0;0;0,903730;1,7481;12;3;0;-0,372721;-1,148378;0,274278;1,663749;5
1991;239;1;16;17;34;37;41;0;0;-1,078028;-0,2336;12;3;0;-3,348302;-1,374364;0,692197;0,788906;5
1992;366;5;16;17;34;39;41;0;0;-1,113058;-0,2687;12;3;0;-1,574470;-1,643689;-0,488500;0,135096;5
1993;46;1;5;11;17;39;41;0;0;-0,105379;0,7390;12;3;0;0,435254;-1,081511;-1,505126;0,887350;5
1994;345;5;13;17;29;34;41;0;0;-0,553276;0,2911;12;3;0;-0,741728;-0,142897;-0,359100;0,142526;5
1995;421;11;16;17;34;37;41;0;0;-0,899655;-0,0553;12;3;0;-1,744733;0,356748;-0,525649;0,712133;5
1996;148;1;11;13;17;34;41;0;0;-1,709659;-0,8653;12;3;0;-1,144168;0,837199;-1,754639;-0,062409;5
1997;191;1;11;17;37;39;41;0;0;0,787198;1,6316;12;3;0;-1,016626;-0,435131;1,780643;0,599450;5
1998;389;11;13;16;29;34;37;0;0;-0,002788;0,8416;12;3;0;0,138687;0,422996;-0,715724;0,572208;5
1999;386;11;13;16;17;37;39;0;0;-1,807246;-0,9628;12;3;0;-1,574470;-0,158995;-2,584285;1,028513;5
2000;344;5;13;17;29;34;39;0;0;0,214548;1,0589;12;3;0;0,005572;-0,921155;-0,561559;0,927594;5
2001;241;1;16;17;37;39;41;0;0;0,068346;0,9127;12;3;0;-1,040153;1,022941;-0,338669;1,497201;5
2002;384;11;13;16;17;34;39;0;0;-1,767925;-0,9235;12;3;0;-1,366439;-1,022693;-1,201748;-0,493949;5
2003;369;5;16;29;34;37;41;0;0;-1,121995;-0,2776;12;3;0;-0,843886;-1,477760;-1,504507;0,405041;5
2004;332;5;13;16;17;39;41;0;0;-0,961853;-0,1175;12;3;0;-0,864318;-0,888340;-1,588091;0,786430;5
2005;206;1;13;16;17;39;41;0;0;-1,014042;-0,1696;12;3;0;-0,975143;-0,661735;-0,679195;-0,102034;5
2006;220;1;13;17;29;37;39;0;0;-1,608855;-0,7645;12;3;0;-1,801074;-0,967590;-0,484166;-0,501378;5
2007;172;1;11;16;29;34;37;0;0;-0,648003;0,1964;12;3;0;-1,187508;-0,796708;-0,229081;0,294215;5
2008;348;5;13;17;29;39;41;0;0;-0,246576;0,5978;12;3;0;-1,307621;-3,152530;0,176455;0,704084;5
2009;351;5;13;17;34;39;41;0;0;-0,789200;0,0552;12;3;0;-1,701393;0,007553;-0,026004;0,360463;5
2010;41;1;5;11;17;34;37;0;0;-1,183120;-0,3387;12;3;0;-0,619758;-1,327309;-1,352818;-0,076649;5
2011;273;5;11;13;17;34;39;0;0;-0,691971;0,1524;12;3;0;-0,163453;-0,756464;0,224747;-1,259823;5
2012;457;16;17;29;34;37;41;0;0;0,051903;0,8963;12;3;0;-0,941710;-1,438754;0,829027;0,202582;5
2013;441;13;16;17;34;37;39;0;0;-0,570792;0,2736;12;3;0;-1,072967;1,330034;0,608613;-0,524287;5
2014;286;5;11;13;34;39;41;0;0;1,038135;1,8825;12;3;0;0,827169;-1,521100;0,338050;0,632884;5
2015;429;11;17;29;34;37;39;0;0;-0,005648;0,8388;12;3;0;-0,876081;-0,900723;-0,818501;1,684800;5
2016;400;11;13;17;29;34;39;0;0;-2,192587;-1,3482;12;3;0;-3,963726;-0,204811;0,950997;-0,784944;5
2017;133;1;11;13;16;29;37;0;0;-0,319140;0,5253;12;3;0;-0,100920;-3,903545;-1,430829;0,978982;5
2018;371;5;16;29;37;39;41;0;0;0,446539;1,2909;12;3;0;-0,600565;-0,119370;1,577565;-0,203573;5
2019;352;5;13;17;37;39;41;0;0;-0,908949;-0,0645;12;3;0;-2,605335;-1,286446;-0,549176;1,580166;5
2020;66;1;5;13;16;34;37;0;0;-1,706084;-0,8617;12;3;0;-0,869890;-1,771232;-0,392534;-1,692601;5
2021;99;1;5;16;17;37;39;0;0;-0,551489;0,2929;12;3;0;0,721297;-1,157665;-0,745443;-0,931061;5
2022;58;1;5;13;16;17;34;0;0;-0,286969;0,5574;12;3;0;0,384485;0,263877;-0,097824;-0,783706;5
2023;213;1;13;16;34;37;39;0;0;-1,332539;-0,4881;12;3;0;-0,902085;-1,231962;-1,409779;0,003839;5
2024;291;5;11;16;17;29;41;0;0;-0,990092;-0,1457;12;3;0;-0,817882;-0,469183;-0,246417;-0,650591;5
2025;72;1;5;13;17;29;34;0;0;-0,584375;0,2600;12;3;0;0,278612;-2,054797;-0,495930;-0,794850;5
2026;233;1;16;17;29;34;39;0;0;-0,703767;0,1406;12;3;0;-0,816025;-1,613971;-0,938614;0,535679;5
2027;418;11;16;17;29;37;41;0;0;-0,801711;0,0427;12;3;0;-1,554038;-1,563820;-0,282946;0,448380;5
2028;108;1;5;16;34;37;39;0;0;-1,057295;-0,2129;12;3;0;-0,505836;-1,862245;-1,407302;0,081850;5
2029;250;1;17;29;37;39;41;0;0;-0,178659;0,6657;12;3;0;0,981335;1,979510;-0,292853;-0,997928;5
2030;19;1;5;11;13;37;39;0;0;-2,427439;-1,5830;12;3;0;-1,874752;-0,615919;-1,552181;-0,777514;5
2031;274;5;11;13;17;34;41;0;0;-0,555421;0,2890;12;3;0;0,911372;-2,025079;-0,539889;-1,333501;5
2032;284;5;11;13;34;37;39;0;0;-0,377049;0,4674;12;3;0;-0,344860;-0,752130;-0,045197;-0,263010;5
2033;123;1;5;29;34;37;41;0;0;-0,680532;0,1639;12;3;0;-0,637094;0,751139;-1,204225;0,662602;5
2034;130;1;11;13;16;17;39;0;0;-0,754526;0,0899;12;3;0;-2,039443;-0,627683;0,669289;0,063276;5
2035;460;16;17;34;37;39;41;0;0;0,932327;1,7767;12;3;0;0,175216;-0,739128;0,255704;1,183917;5
2036;240;1;16;17;34;39;41;0;0;-1,919845;-1,0754;12;3;0;-0,936757;-0,596107;-0,954712;-1,433801;5
2037;157;1;11;13;29;39;41;0;0;-0,024593;0,8198;12;3;0;-0,562178;-0,645638;0,291614;0,227967;5
2038;247;1;17;29;34;37;39;0;0;-0,452472;0,3919;12;3;0;-1,062442;-1,584871;1,466740;-1,188003;5
2039;301;5;11;16;29;37;39;0;0;-2,814925;-1,9705;12;3;0;-2,513084;-1,224532;-1,172649;-1,189861;5
2040;427;11;16;29;37;39;41;0;0;-0,451401;0,3930;12;3;0;0,063152;0,673128;-1,316289;0,471288;5
2041;334;5;13;16;29;34;39;0;0;-0,605823;0,2386;12;3;0;-2,778694;-0,502617;0,435254;1,294124;5
2042;228;1;13;29;34;37;41;0;0;-1,165248;-0,3208;12;3;0;-2,330438;-2,034366;0,356624;-0,044454;5
2043;39;1;5;11;17;29;39;0;0;-1,436917;-0,5925;12;3;0;-1,952144;-1,068510;-0,991860;0,455191;5
2044;67;1;5;13;16;34;39;0;0;0,775759;1,6202;12;3;0;-0,582609;0,453333;-0,607375;2,533639;5
2045;338;5;13;16;29;39;41;0;0;0,832953;1,6774;12;3;0;-0,482928;-0,347213;1,196795;0,728850;5
2046;288;5;11;16;17;29;34;0;0;0,321428;1,1658;12;3;0;-1,892088;0,010649;1,420304;1,028513;5
2047;255;5;11;13;16;17;37;0;0;-0,605108;0,2393;12;3;0;-2,073495;-0,568865;0,679814;0,345603;5
2048;149;1;11;13;17;37;39;0;0;0,964498;1,8089;12;3;0;-0,921278;-0,195524;1,432687;1,159151;5
2049;131;1;11;13;16;17;41;0;0;0,634563;1,4790;12;3;0;-0,043340;-0,763893;-0,254466;1,396901;5
2050;361;5;16;17;29;37;39;0;0;-1,138438;-0,2940;12;3;0;-0,994956;-0,391791;-1,123118;0,146241;5
2051;104;1;5;16;29;34;41;0;0;-0,773472;0,0709;12;3;0;-0,460020;-1,877724;0,243941;-1,123613;5
2052;410;11;13;29;34;37;41;0;0;-0,219766;0,6246;12;3;0;-0,622854;-2,236205;0,570846;-0,328639;5
2053;309;5;11;17;29;34;39;0;0;-2,009926;-1,1655;12;3;0;-1,242611;-0,557101;-2,295147;0,056465;5
2054;94;1;5;16;17;29;39;0;0;-0,323430;0,5210;12;3;0;-1,175125;-0,755225;-0,788783;1,403711;5
2055;77;1;5;13;17;34;39;0;0;-1,240315;-0,3959;12;3;0;-0,562797;-1,805904;-0,640809;-0,944682;5
2056;293;5;11;16;17;34;39;0;0;0,044790;-0,0560;13;3;0;-0,369007;-1,245955;-0,306907;0,753492;5
2057;219;1;13;17;29;34;41;0;0;0,425842;0,3251;13;3;0;-0,915706;-1,178469;1,458257;0,195029;5
2058;404;11;13;17;29;39;41;0;0;-1,273879;-1,3746;13;3;0;-1,102686;0,549547;-0,898184;-0,205554;5
2059;197;1;13;16;17;29;34;0;0;1,162924;1,0622;13;3;0;1,139834;-0,776648;-0,056775;0,931185;5
2060;187;1;11;17;29;39;41;0;0;0,001179;-0,0996;13;3;0;-0,857507;0,542737;2,346102;-1,486552;5
2061;201;1;13;16;17;34;37;0;0;-1,127322;-1,2281;13;3;0;0,825312;-0,868280;-1,462220;-1,315670;5
2062;78;1;5;13;17;34;41;0;0;-1,088716;-1,1895;13;3;0;-0,185122;-0,459649;-0,670961;-1,029628;5
2063;317;5;11;17;37;39;41;0;0;1,395630;1,2949;13;3;0;1,059965;0,376189;2,038390;-0,681053;5
2064;435;13;16;17;29;34;37;0;0;0,345413;0,2447;13;3;0;-0,034053;-2,208715;0,158685;0,473641;5
2065;207;1;13;16;29;34;37;0;0;1,280171;1,1794;13;3;0;0,836456;-1,345017;0,870695;0,510170;5
2066;230;1;13;29;37;39;41;0;0;0,464805;0,3641;13;3;0;-1,143549;-0,329629;0,836023;1,112592;5
2067;68;1;5;13;16;34;41;0;0;-0,549308;-0,6501;13;3;0;0,008668;0,380523;0,073244;-1,033342;5
2068;36;1;5;11;16;39;41;0;0;-1,051182;-1,1519;13;3;0;0,298425;0,822588;-0,269759;-1,849367;5
2069;355;5;13;29;34;39;41;0;0;-0,587914;-0,6887;13;3;0;-0,901466;1,062194;-0,731636;0,614805;5
2070;14;1;5;11;13;29;39;0;0;-0,372723;-0,4735;13;3;0;-0,859984;-0,761169;-0,405350;0,619758;5
2071;341;5;13;16;34;39;41;0;0;0,812256;0,7115;13;3;0;0,894036;-0,402688;-0,930380;1,443212;5
2072;290;5;11;16;17;29;39;0;0;-0,828485;-0,9292;13;3;0;0,628426;0,540880;0,780920;-2,844323;5
2073;147;1;11;13;17;34;39;0;0;-0,038856;-0,1396;13;3;0;0,825931;0,293224;-1,153270;0,260038;5
2074;226;1;13;17;37;39;41;0;0;1,016723;0,9160;13;3;0;1,887754;0,695664;0,171068;-0,297806;5
2075;159;1;11;13;34;37;41;0;0;0,822265;0,7215;13;3;0;0,003096;0,411480;1,279945;0,141164;5
2076;300;5;11;16;29;34;41;0;0;-0,062448;-0,1632;13;3;0;-0,502741;0,540260;1,859459;-1,464882;5
2077;326;5;13;16;17;29;41;0;0;0,441928;0,3412;13;3;0;0,495930;1,389719;0,509118;-0,239607;5
2078;25;1;5;11;16;17;39;0;0;-1,027590;-1,1283;13;3;0;0,478594;-1,366068;-0,754544;-1,503888;5
2079;64;1;5;13;16;29;39;0;0;1,393486;1,2927;13;3;0;0,755968;0,183637;-0,072253;1,729873;5
2080;62;1;5;13;16;29;34;0;0;0,474099;0,3733;13;3;0;0,483547;0,032567;0,010711;0,326905;5
2081;381;11;13;16;17;29;39;0;0;0,752560;0,6518;13;3;0;0,479832;-0,346965;-0,362630;1,186270;5
2082;183;1;11;17;29;34;39;0;0;-1,772179;-1,8729;13;3;0;-0,629664;1,086341;-1,496892;-0,942948;5
2083;387;11;13;16;17;37;41;0;0;-1,048323;-1,1491;13;3;0;-0,479213;0,871500;-1,693778;0,357243;5
2084;195;1;11;29;37;39;41;0;0;1,199385;1,0986;13;3;0;0,612947;-0,950006;0,543170;0,921278;5
2085;454;13;17;34;37;39;41;0;0;-0,941442;-1,0422;13;3;0;-0,864937;-0,410737;0,007615;-0,773304;5
2086;124;1;5;29;34;39;41;0;0;-0,284430;-0,3852;13;3;0;-0,477975;-0,272050;0,941277;-0,955950;5
2087;50;1;5;11;29;37;39;0;0;-0,657619;-0,7584;13;3;0;-1,375107;0,644276;-0,679629;0,915706;5
2088;359;5;16;17;29;34;39;0;0;-0,314100;-0,4149;13;3;0;-1,191842;0,600317;0,811877;-0,164072;5
2089;86;1;5;13;29;37;41;0;0;0,122001;0,0212;13;3;0;-0,135591;1,474541;0,501069;-0,154166;5
2090;49;1;5;11;29;34;41;0;0;-1,317132;-1,4179;13;3;0;-1,615333;-0,797698;1,026718;-1,692725;5
2091;127;1;11;13;16;17;29;0;0;-0,098909;-0,1997;13;3;0;-0,351671;-0,542613;-0,071015;0,251370;5
2092;362;5;16;17;29;37;41;0;0;-2,058862;-2,1596;13;3;0;-2,483984;-0,271430;-1,002819;-0,079250;5
2093;160;1;11;13;34;39;41;0;0;-2,066368;-2,1671;13;3;0;-1,523081;1,488781;-1,633721;-0,422253;5
2094;376;5;17;29;37;39;41;0;0;-0,328756;-0,4295;13;3;0;-1,506984;0,668422;0,277560;0,660002;5
2095;203;1;13;16;17;34;41;0;0;-1,577721;-1,6785;13;3;0;-0,877939;-0,002105;-0,640623;-1,214131;5
2096;15;1;5;11;13;29;41;0;0;-0,098552;-0,1993;13;3;0;0,398725;0,025137;-0,817077;0,247655;5
2097;113;1;5;17;29;34;39;0;0;1,324139;1,2234;13;3;0;-0,234654;0,964370;1,006286;1,521843;5
2098;409;11;13;29;34;37;39;0;0;0,373295;0,2725;13;3;0;-1,381298;-0,283194;1,862555;0,165310;5
2099;330;5;13;16;17;37;39;0;0;-0,111421;-0,2122;13;3;0;-0,205554;0,293224;0,203263;-0,190695;5
2100;158;1;11;13;34;37;39;0;0;1,377758;1,2770;13;3;0;0,978858;0,304988;0,635422;0,772066;5
2101;323;5;13;16;17;29;34;0;0;1,814574;1,7138;13;3;0;0,043340;-0,299292;2,204939;0,894655;5
2102;266;5;11;13;16;37;41;0;0;-2,332676;-2,4334;13;3;0;-0,699627;0,782963;-0,022103;-3,318583;5
2103;396;11;13;16;34;37;41;0;0;-0,898547;-0,9993;13;3;0;-0,473022;0,109959;-0,147169;-0,936138;5
2104;150;1;11;13;17;37;41;0;0;1,545406;1,4447;13;3;0;1,747828;-1,420552;0,434202;0,494692;5
2105;97;1;5;16;17;34;39;0;0;1,771678;1,6709;13;3;0;-0,362196;-0,428692;1,551747;1,879086;5
2106;356;5;13;29;37;39;41;0;0;0,049794;-0,0510;13;3;0;1,087208;1,044858;-1,863422;0,862460;5
2107;163;1;11;16;17;29;37;0;0;0,707877;0,6071;13;3;0;0,007430;-0,364301;-0,416495;1,635145;5
2108;449;13;16;34;37;39;41;0;0;0,980262;0,8795;13;3;0;0,170882;-1,445936;0,624278;0,902704;5
2109;87;1;5;13;29;39;41;0;0;-0,007042;-0,1078;13;3;0;0,026004;-0,384733;1,297281;-1,335482;5
2110;393;11;13;16;29;37;41;0;0;0,699656;0,5989;13;3;0;-0,985669;-0,597716;1,552986;0,644523;5
2111;142;1;11;13;17;29;34;0;0;-1,046893;-1,1476;13;3;0;-2,576855;0,221404;0,016902;0,746681;5
2112;307;5;11;16;37;39;41;0;0;-0,605787;-0,7065;13;3;0;-0,211745;0,738385;-0,501317;-0,336192;5
2113;161;1;11;13;37;39;41;0;0;1,676236;1,5755;13;3;0;0,624092;-0,056589;0,556172;1,723063;5
2114;368;5;16;29;34;37;39;0;0;-0,011689;-0,1124;13;3;0;-0,814167;-1,814324;0,993284;-0,199363;5
2115;325;5;13;16;17;29;39;0;0;-0,817046;-0,9178;13;3;0;0,884749;0,430054;-0,942143;-1,357771;5
2116;413;11;13;34;37;39;41;0;0;0,322178;0,2214;13;3;0;-0,298425;-0,429930;1,016192;-0,159738;5
2117;221;1;13;17;29;37;41;0;0;0,845858;0,7451;13;3;0;0,228462;-0,813177;0,643471;0,593135;5
2118;319;5;11;29;34;37;41;0;0;0,227809;0,1271;13;3;0;0,495930;-1,213140;0,075102;-0,176455;5
2119;390;11;13;16;29;34;39;0;0;0,980620;0,8799;13;3;0;1,298953;-0,878186;-0,550229;0,949759;5
2120;215;1;13;16;34;39;41;0;0;1,167214;1,0665;13;3;0;0,076154;0,042473;0,241650;1,703870;5
2121;103;1;5;16;29;34;39;0;0;-0,155388;-0,2561;13;3;0;-0,263753;0,114293;0,098629;-0,104015;5
2122;227;1;13;29;34;37;39;0;0;-0,415618;-0,5164;13;3;0;-0,772685;0,415194;0,470112;-0,417299;5
2123;100;1;5;16;17;37;41;0;0;0,137729;0,0370;13;3;0;0,580133;1,127204;-1,409593;1,068014;5
2124;295;5;11;16;17;37;39;0;0;0,200642;0,0999;13;3;0;-0,617900;0,207164;0,361144;0,604279;5
2125;199;1;13;16;17;29;39;0;0;-0,826340;-0,9271;13;3;0;-1,025913;1,412008;-0,879610;0,474260;5
2126;31;1;5;11;16;34;37;0;0;-0,150026;-0,2508;13;3;0;-1,967623;0,319847;1,176549;0,531221;5
2127;155;1;11;13;29;37;39;0;0;-0,541087;-0,6418;13;3;0;0,554129;-0,436121;-0,498221;-0,993098;5
2128;263;5;11;13;16;34;39;0;0;-0,865303;-0,9661;13;3;0;-2,764454;-0,787792;0,442251;0,823454;5
2129;260;5;11;13;16;29;39;0;0;-1,713555;-1,8143;13;3;0;-1,950906;1,228743;0,393958;-1,411017;5
2130;422;11;16;17;34;39;41;0;0;-0,263341;-0,3641;13;3;0;-0,783830;0,699379;0,127109;0,200601;5
2131;336;5;13;16;29;37;39;0;0;-0,027060;-0,1278;13;3;0;-0,792498;0,374950;0,518405;0,227224;5
2132;144;1;11;13;17;29;39;0;0;0,799745;0,6990;13;3;0;0,804880;1,649138;-0,843081;1,423400;5
2133;383;11;13;16;17;34;37;0;0;-0,550381;-0,6511;13;3;0;-0,948520;0,634369;-1,526610;1,521843;5
2134;8;1;5;11;13;17;34;0;0;1,203674;1,1029;13;3;0;1,004862;0,539641;0,185927;0,894036;5
2135;433;11;17;34;37;39;41;0;0;-1,603458;-1,7042;13;3;0;-2,160794;-0,303006;-0,752068;0,135591;5
2136;328;5;13;16;17;34;39;0;0;0,663195;0,5624;13;3;0;-0,091013;0,064143;0,819925;0,419776;5
2137;168;1;11;16;17;34;41;0;0;1,237991;1,1372;13;3;0;0,954712;-1,319013;0,039191;1,150360;5
2138;182;1;11;17;29;34;37;0;0;0,566324;0,4656;13;3;0;0,217937;-0,364301;0,134539;0,628426;5
2139;268;5;11;13;17;29;34;0;0;0,122359;0,0216;13;3;0;0,590658;0,992232;-0,140359;-0,238368;5
2140;265;5;11;13;16;37;39;0;0;0,920924;0,8202;13;3;0;0,385723;1,572984;1,291090;-0,081726;5
2141;210;1;13;16;29;37;39;0;0;-0,054584;-0,1553;13;3;0;-0,885368;-1,562335;0,005139;0,785687;5
2142;128;1;11;13;16;17;34;0;0;-0,437066;-0,5378;13;3;0;-1,396158;0,207783;-0,272854;0,911991;5
2143;417;11;16;17;29;37;39;0;0;-0,541444;-0,6422;13;3;0;-1,077301;-0,636722;1,335668;-1,196176;5
2144;194;1;11;29;34;39;41;0;0;-0,683714;-0,7845;13;3;0;-1,056870;-0,011392;0,675666;-0,803023;5
2145;408;11;13;17;37;39;41;0;0;0,524501;0,4237;13;3;0;1,653100;-0,473889;-0,865370;0,120732;5
2146;28;1;5;11;16;29;37;0;0;-0,592919;-0,6937;13;3;0;-1,044487;-1,084359;0,708480;-0,690959;5
2147;258;5;11;13;16;29;34;0;0;-0,355923;-0,4567;13;3;0;0,213603;-0,727736;0,780920;-1,610999;5
2148;358;5;16;17;29;34;37;0;0;2,203490;2,1027;13;3;0;2,020869;-0,349442;-1,293814;3,089502;5
2149;462;17;29;34;37;39;41;0;0;0,554885;0,4541;13;3;0;-0,694674;-1,624248;0,257128;1,398634;5
2150;299;5;11;16;29;34;39;0;0;1,868907;1,7682;13;3;0;-0,302759;0,235025;2,721300;0,818501;5
2151;171;1;11;16;17;39;41;0;0;-0,666555;-0,7673;13;3;0;-1,042629;0,525401;-0,661054;0,549176;5
2152;403;11;13;17;29;37;41;0;0;0,216370;0,1156;13;3;0;-0,238368;-0,428692;0,803209;-0,190076;5
2153;91;1;5;13;37;39;41;0;0;0,884463;0,7837;13;3;0;0,765255;-0,692445;0,583414;0,183265;5
2154;401;11;13;17;29;34;41;0;0;0,656761;0,5560;13;3;0;1,371392;0,747672;-0,809029;0,575180;5
2155;405;11;13;17;34;37;39;0;0;1,394201;1,2934;13;3;0;0,531840;-0,606384;-0,362630;2,245616;5
2156;63;1;5;13;16;29;37;0;0;1,943974;1,8432;13;3;0;2,482746;-1,626725;0,892984;-0,008668;5
2157;375;5;17;29;34;39;41;0;0;0,347558;0,2468;13;3;0;0,867413;-0,980344;0,112869;-0,378294;5
2158;3;1;5;11;13;16;34;0;0;-0,683356;-0,7841;13;3;0;-0,455067;-1,400120;-0,481504;-0,247036;5
2159;10;1;5;11;13;17;39;0;0;-0,271562;-0,3723;13;3;0;1,526177;0,295081;-0,665388;-1,331148;5
2160;98;1;5;16;17;34;41;0;0;-1,140905;-1,2417;13;3;0;-0,739252;1,089436;-0,355819;-0,881034;5
2161;196;1;11;34;37;39;41;0;0;-0,686930;-0,7877;13;3;0;-0,479213;-0,992108;0,612514;-1,323099;5
2162;175;1;11;16;29;37;39;0;0;2,353265;2,2525;13;3;0;1,555276;1,114821;1,913324;0,607375;5
2163;395;11;13;16;34;37;39;0;0;-0,692650;-0,7934;13;3;0;0,127543;1,063433;-1,017678;-0,309569;5
2164;372;5;16;34;37;39;41;0;0;1,143621;1,0429;13;3;0;0,689101;0,815158;0,596416;0,695293;5
2165;394;11;13;16;29;39;41;0;0;-0,246183;-0,3469;13;3;0;0,679814;2,151878;-0,638146;-0,468069;5
2166;225;1;13;17;34;39;41;0;0;-0,230812;-0,3316;13;3;0;0,367768;0,726621;-0,934714;0,167167;5
2167;89;1;5;13;34;37;41;0;0;1,297686;1,1969;13;3;0;1,436402;-0,145745;0,680619;0,130638;5
2168;74;1;5;13;17;29;39;0;0;-1,774323;-1,8751;13;3;0;-1,937904;-0,718449;-0,244993;-0,890321;5
2169;143;1;11;13;17;29;37;0;0;-0,921782;-1,0225;13;3;0;-0,720677;-0,016345;-0,636289;-0,239607;5
2170;416;11;16;17;29;34;41;0;0;-0,442071;-0,5428;13;3;0;-0,579514;-0,394639;-0,064824;-0,121351;5
2171;285;5;11;13;34;37;41;0;0;0,644607;0,5439;13;3;0;-0,391915;1,078292;0,890507;0,617900;5
2172;60;1;5;13;16;17;39;0;0;-0,143234;-0,2440;13;3;0;0,133115;0,101291;0,107297;-0,488500;5
2173;115;1;5;17;29;37;39;0;0;-0,624375;-0,7251;13;3;0;-1,181317;-0,007677;0,124013;-0,024146;5
2174;251;1;17;34;37;39;41;0;0;-0,672275;-0,7730;13;3;0;-1,088446;-0,540137;-0,231372;0,155404;5
2175;117;1;5;17;29;39;41;0;0;0,644250;0,5435;13;3;0;1,614094;-0,475127;0,369812;-0,868032;5
2176;192;1;11;29;34;37;39;0;0;-0,872095;-0,9728;13;3;0;-0,471784;0,521686;-0,989817;-0,048912;5
2177;61;1;5;13;16;17;41;0;0;0,848717;0,7480;13;3;0;-0,988145;-2,131323;2,722538;-0,264372;5
2178;242;1;16;29;34;37;39;0;0;0,052654;-0,0481;13;3;0;-0,194410;0,192924;-0,225800;0,511409;5
2179;217;1;13;17;29;34;37;0;0;0,553813;0,4531;13;3;0;0,225366;-0,153794;0,264558;0,469307;5
2180;269;5;11;13;17;29;37;0;0;0,330757;0,2300;13;3;0;-1,537321;0,474632;1,014335;1,095875;5
2181;12;1;5;11;13;29;34;0;0;0,626377;0,5256;13;3;0;0,453210;-0,982202;0,461444;0,170263;5
2182;342;5;13;16;37;39;41;0;0;1,630839;1,5301;13;3;0;0,487262;1,062194;0,501688;1,835746;5
2183;365;5;16;17;34;37;41;0;0;0,337191;0,2364;13;3;0;0,101539;-1,034828;-0,166363;0,648857;5
2184;79;1;5;13;17;37;39;0;0;-0,156103;-0,2569;13;3;0;0,582609;-0,994584;-0,524225;-0,328763;5
2185;262;5;11;13;16;34;37;0;0;-2,143937;-2,2447;13;3;0;-1,864846;1,065909;-0,654244;-1,194318;5
2186;166;1;11;16;17;34;37;0;0;0,046577;-0,0542;13;3;0;0,383247;1,824973;-0,085255;-0,217318;5
2187;174;1;11;16;29;34;41;0;0;-0,143591;-0,2443;13;3;0;-0,908276;-0,420643;0,432345;0,227224;5
2188;73;1;5;13;17;29;37;0;0;1,024945;0,9242;13;3;0;0,705818;2,067056;0,995142;0,074297;5
2189;65;1;5;13;16;29;41;0;0;0,474099;0,3733;13;3;0;-1,337340;-1,312203;0,582176;1,576327;5
2190;92;1;5;16;17;29;34;0;0;-0,984338;-1,0851;13;3;0;0,224747;0,184256;-0,909329;-1,020341;5
2191;406;11;13;17;34;37;41;0;0;0,085898;-0,0149;13;3;0;0,165929;0,573694;0,135777;-0,152927;5
2192;152;1;11;13;29;34;37;0;0;-0,084254;-0,1850;13;3;0;-0,578276;-1,287437;1,110301;-0,677957;5
2193;297;5;11;16;17;39;41;0;0;1,028877;0,9281;13;3;0;0,217937;0,075906;1,491072;0,073058;5
2194;40;1;5;11;17;29;41;0;0;-1,518383;-1,6191;13;3;0;-1,066157;0,139678;-1,618862;0,055103;5
2195;169;1;11;16;17;37;39;0;0;-1,958415;-2,0592;13;3;0;-0,334954;0,054856;-1,413927;-1,643194;5
2196;333;5;13;16;29;34;37;0;0;1,327713;1,2270;13;3;0;0,690959;-0,359348;0,625516;0,983192;5
2197;236;1;16;17;29;37;41;0;0;-0,781658;-0,8824;13;3;0;-2,146554;0,004086;0,622420;0,170263;5
2198;456;16;17;29;34;37;39;0;0;0,120928;0,0202;13;3;0;0,403059;-2,546765;0,567936;-0,761541;5
2199;154;1;11;13;29;34;41;0;0;0,350060;0,2493;13;3;0;0,617900;-0,882520;-0,727302;0,715724;5
2200;443;13;16;17;34;39;41;0;0;-1,733215;-1,8340;13;3;0;-1,094018;-0,494320;-0,878991;-1,029008;5
2201;424;11;16;29;34;37;39;0;0;-0,245468;-0,3462;13;3;0;-0,318237;-0,160605;-0,110640;0,003715;5
2202;453;13;17;29;37;39;41;0;0;0,827627;0,7269;13;3;0;-1,069872;1,824354;1,538745;0,964618;5
2203;244;1;16;29;34;39;41;0;0;-1,360385;-1,4611;13;3;0;-2,568806;1,147635;-0,094542;0,307093;5
2204;185;1;11;17;29;37;39;0;0;0,267487;0,1667;13;3;0;-0,565893;-0,122837;-0,587996;1,617190;5
2205;29;1;5;11;16;29;39;0;0;-0,331616;-0,4324;13;3;0;-0,947282;-1,109125;0,891126;-0,518219;5
2206;75;1;5;13;17;29;41;0;0;1,934680;1,8339;13;3;0;-0,502121;0,264744;1,384580;2,468506;5
2207;208;1;13;16;29;34;39;0;0;1,027804;0,9271;13;3;0;0,462497;0,384857;-0,409065;1,726778;5
2208;237;1;16;17;29;39;41;0;0;0,321821;0,2211;13;3;0;1,260566;-0,671394;0,210693;-0,913849;5
2209;261;5;11;13;16;29;41;0;0;0,448719;0,3480;13;3;0;0,610471;-0,277622;-0,069777;0,236511;5
2210;212;1;13;16;29;39;41;0;0;0,806179;0,7054;13;3;0;-1,072348;-0,798937;1,242178;1,226514;5
2211;264;5;11;13;16;34;41;0;0;0,489827;0,3891;13;3;0;0,772066;-1,677494;1,312141;-1,235801;5
2212;141;1;11;13;16;39;41;0;0;0,697869;0,5971;13;3;0;-0,346718;0,966228;1,507788;0,047674;5
2213;397;11;13;16;34;39;41;0;0;0,619227;0,5185;13;3;0;0,411727;0,599698;-0,921712;1,582518;5
2214;119;1;5;17;34;37;41;0;0;0,157389;0,0566;13;3;0;-0,760921;0,405907;0,257747;0,775781;5
2215;52;1;5;11;29;39;41;0;0;0,457298;0,3565;13;3;0;-1,053155;0,221404;1,334430;0,510789;5
2216;380;11;13;16;17;29;37;0;0;0,437639;0,3369;13;3;0;1,300810;0,493206;-1,880138;1,337340;5
2217;106;1;5;16;29;37;41;0;0;0,962031;0,8613;13;3;0;1,014149;0,935890;-0,483362;1,135500;5
2218;83;1;5;13;29;34;39;0;0;0,727181;0,6264;13;3;0;0,726869;-0,195276;0,198310;0,334335;5
2219;363;5;16;17;29;39;41;0;0;-0,741980;-0,8427;13;3;0;-0,730584;-0,197753;-0,595426;0,040863;5
2220;272;5;11;13;17;34;37;0;0;0,865517;0,7648;13;3;0;-0,704580;0,391048;0,609418;1,594282;5
2221;340;5;13;16;34;37;41;0;0;0,530220;0,4295;13;3;0;-0,199982;-0,688730;1,200076;-0,081726;5
2222;76;1;5;13;17;34;37;0;0;0,613866;0,5131;13;3;0;-0,911991;2,666383;1,978334;-0,003096;5
2223;402;11;13;17;29;37;39;0;0;-0,244038;-0,3448;13;3;0;-1,298334;0,478347;0,736961;0,138687;5
2224;280;5;11;13;29;34;41;0;0;-1,213826;-1,3146;13;3;0;-1,576327;0,813301;0,510975;-1,037057;5
2225;412;11;13;29;37;39;41;0;0;-0,915705;-1,0165;13;3;0;-2,508131;0,469059;1,994431;-1,072348;5
2226;188;1;11;17;34;37;39;0;0;2,060863;1,9601;13;3;0;1,037057;1,008948;3,030250;-0,497787;5
2227;178;1;11;16;34;37;39;0;0;-0,775223;-0,8760;13;3;0;0,079250;-1,234810;-1,348917;-0,073058;5
2228;1;1;5;11;13;16;17;0;0;0,440140;0,3394;13;3;0;-2,266667;-0,267096;1,800022;1,228990;5
2229;305;5;11;16;34;37;41;0;0;1,295184;1,1944;13;3;0;0,158499;0,426958;0,762345;1,322480;5
2230;34;1;5;11;16;37;39;0;0;-0,295154;-0,3959;13;3;0;0,775162;1,386623;0,030524;-1,316908;5
2231;458;16;17;29;34;39;41;0;0;0,272849;0,1721;13;3;0;-0,518838;-0,442313;1,312760;-0,321333;5
2232;252;1;29;34;37;39;41;0;0;-1,070843;-1,1716;13;3;0;-0,032195;0,298177;-0,492030;-1,330529;5
2233;137;1;11;13;16;34;39;0;0;-0,032422;-0,1332;13;3;0;-0,048293;-0,525277;-0,273474;0,265610;5
2234;437;13;16;17;29;34;41;0;0;-0,030992;-0,1317;13;3;0;-0,527506;0,392286;0,417485;0,056342;5
2235;204;1;13;16;17;37;39;0;0;-0,728754;-0,8295;13;3;0;-0,500883;-1,242240;0,509118;-1,270473;5
2236;170;1;11;16;17;37;41;0;0;0,196710;0,0960;13;3;0;-1,251279;0,711762;0,743771;0,848220;5
2237;96;1;5;16;17;34;37;0;0;1,443887;1,3431;13;3;0;1,328052;-0,228710;1,020526;0,152308;5
2238;360;5;16;17;29;34;41;0;0;-0,212581;-0,3133;13;3;0;-0,461258;1,177973;0,478780;-0,385723;5
2239;452;13;17;29;34;39;41;0;0;0,574903;0,4742;13;3;0;0,525030;0,282080;2,066251;-1,595520;5
2240;438;13;16;17;29;37;39;0;0;0,387236;0,2865;13;3;0;-0,863698;1,255366;1,239082;0,295329;5
2241;95;1;5;16;17;29;41;0;0;2,042990;1,9422;13;3;0;-0,569608;-2,539954;1,521409;2,586761;5
2242;434;11;29;34;37;39;41;0;0;-0,615438;-0,7162;13;3;0;-0,395010;-0,805747;-0,308145;-0,362815;5
2243;243;1;16;29;34;37;41;0;0;-0,338050;-0,4388;13;3;0;-0,538651;-1,172896;1,172215;-1,219084;5
2244;364;5;16;17;34;37;39;0;0;0,472670;0,3719;13;3;0;-0,769589;-1,476274;0,491163;1,097114;5
2245;430;11;17;29;34;37;41;0;0;0,599568;0,4988;13;3;0;0,148593;-0,635484;0,668856;0,221033;5
2246;45;1;5;11;17;37;41;0;0;0,272134;0,1714;13;3;0;0,590039;-0,496797;-0,810267;0,691578;5
2247;214;1;13;16;34;37;41;0;0;0,347558;0,2468;13;3;0;0,425967;0,810824;0,707242;-0,531221;5
2248;357;5;13;34;37;39;41;0;0;-0,588629;-0,6894;13;3;0;-0,013621;0,297558;-0,041297;-0,964618;5
2249;85;1;5;13;29;37;39;0;0;-0,601855;-0,7026;13;3;0;-1,958336;-0,581619;1,647714;-0,731822;5
2250;165;1;11;16;17;29;41;0;0;0,575260;0,4745;13;3;0;0,264372;-0,293100;0,161162;0,570846;5
2251;306;5;11;16;34;39;41;0;0;-0,123932;-0,2247;13;3;0;-0,614805;-0,962389;0,704146;-0,303997;5
2252;173;1;11;16;29;34;39;0;0;0,588844;0,4881;13;3;0;-0,422872;-0,384114;0,738199;0,704580;5
2253;346;5;13;17;29;37;39;0;0;0,551311;0,4506;13;3;0;1,089684;-0,626816;-0,397920;0,263134;5
2254;145;1;11;13;17;29;41;0;0;0,159891;0,0591;13;3;0;-0,393153;-0,754978;0,860788;-0,190695;5
2255;436;13;16;17;29;34;39;0;0;0,285003;0,1843;13;3;0;-0,946663;-1,190232;-0,225181;1,665483;5
2256;151;1;11;13;17;39;41;0;0;-0,711953;-0,8127;13;3;0;-0,683529;-0,886854;0,549362;-1,098971;5
2257;312;5;11;17;29;37;41;0;0;0,113780;0,0130;13;3;0;0,429063;0,453581;1,475593;-1,707584;5
2258;281;5;11;13;29;37;39;0;0;1,713055;1,6123;13;3;0;0,635855;0,416433;0,533264;1,797979;5
2259;275;5;11;13;17;37;39;0;0;0,403322;0,3026;13;3;0;-0,109588;-0,751882;-0,277808;1,085969;5
2260;302;5;11;16;29;37;41;0;0;1,197598;1,0968;13;3;0;0,923136;-0,914096;1,205649;-0,054484;5
2261;222;1;13;17;29;39;41;0;0;-1,582725;-1,6835;13;3;0;-0,734298;-0,850944;-1,365634;-0,641428;5
2262;439;13;16;17;29;37;41;0;0;1,793841;1,6931;13;3;0;0,450114;-0,921526;2,211749;0,445161;5
2263;102;1;5;16;29;34;37;0;0;1,195596;0,9297;14;3;0;-0,560940;0,499212;1,450085;1,181688;5
2264;30;1;5;11;16;29;41;0;0;-1,202603;-1,4685;14;3;0;-2,048730;0,350618;-0,207969;0,173730;5
2265;5;1;5;11;13;16;39;0;0;0,038498;-0,2274;14;3;0;-0,971429;0,961708;-0,042659;1,080768;5
2266;448;13;16;29;37;39;41;0;0;0,728039;0,4621;14;3;0;-0,565893;0,179736;0,575242;1,251651;5
2267;156;1;11;13;29;37;41;0;0;0,950736;0,6848;14;3;0;-0,136211;1,196362;1,380122;0,402812;5
2268;56;1;5;11;37;39;41;0;0;-0,215298;-0,4812;14;3;0;-2,242520;-0,032009;0,346780;1,522833;5
2269;71;1;5;13;16;39;41;0;0;0,993274;0,7274;14;3;0;-0,128162;0,104820;0,774604;1,073958;5
2270;420;11;16;17;34;37;39;0;0;1,269948;1,0040;14;3;0;-0,237130;1,547413;2,152188;0,284556;5
2271;59;1;5;13;16;17;37;0;0;1,723564;1,4577;14;3;0;1,443831;1,216174;1,720029;-0,178560;5
2272;218;1;13;17;29;34;39;0;0;1,082996;0,8171;14;3;0;-0,442065;-1,280812;1,456276;0,861593;5
2273;84;1;5;13;29;34;41;0;0;2,540360;2,2745;14;3;0;1,197414;-0,889517;1,607346;1,595273;5
2274;235;1;16;17;29;37;39;0;0;0,650828;0,3849;14;3;0;0,224747;0,134539;0,521377;0,381142;5
2275;377;5;17;34;37;39;41;0;0;-0,671060;-0,9370;14;3;0;-1,175744;1,268182;-1,953940;1,967375;5
2276;24;1;5;11;16;17;37;0;0;-0,174190;-0,4401;14;3;0;-0,650715;-0,823269;0,638394;-0,289385;5
2277;146;1;11;13;17;34;37;0;0;-1,093934;-1,3598;14;3;0;-1,147264;-0,410303;-0,102096;-0,645390;5
2278;177;1;11;16;29;39;41;0;0;-0,852292;-1,1182;14;3;0;0,560940;0,138254;-1,560168;-0,476984;5
2279;432;11;17;29;37;39;41;0;0;1,766102;1,5002;14;3;0;0,396249;0,546266;0,708976;1,953754;5
2280;180;1;11;16;34;39;41;0;0;-0,142376;-0,4083;14;3;0;-0,653191;2,264376;0,509613;-0,103025;5
2281;20;1;5;11;13;37;41;0;0;1,054757;0,7889;14;3;0;1,047583;-0,423924;1,246388;-0,467078;5
2282;282;5;11;13;29;37;41;0;0;1,338580;1,0727;14;3;0;0,590039;1,458257;-0,226543;1,954992;5
2283;253;5;11;13;16;17;29;0;0;-1,173291;-1,4392;14;3;0;-2,047492;0,019998;0,564716;-0,549424;5
2284;267;5;11;13;16;39;41;0;0;-0,525215;-0,7911;14;3;0;-0,972667;0,204502;-0,098381;0,161348;5
2285;205;1;13;16;17;37;41;0;0;-0,208506;-0,4744;14;3;0;-0,859364;0,046002;1,476089;-0,977868;5
2286;32;1;5;11;16;34;39;0;0;-1,742367;-2,0083;14;3;0;-1,078540;0,463301;0,777081;-2,716409;5
2287;121;1;5;17;37;39;41;0;0;0,162180;-0,1037;14;3;0;0,953474;-0,988579;0,222952;-0,895522;5
2288;277;5;11;13;17;39;41;0;0;-0,526646;-0,7925;14;3;0;-1,567659;-1,737117;0,044640;0,610842;5
2289;349;5;13;17;34;37;39;0;0;-0,365074;-0,6310;14;3;0;0,049531;-0,420829;-0,759621;0,077764;5
2290;278;5;11;13;29;34;37;0;0;0,685858;0,4200;14;3;0;-1,034581;0,818687;0,482990;1,739532;5
2291;27;1;5;11;16;29;34;0;0;0,906769;0,6409;14;3;0;0,632141;0,837261;-0,166486;1,104915;5
2292;21;1;5;11;13;39;41;0;0;0,798816;0,5329;14;3;0;0,393153;1,163547;2,332357;-1,341921;5
2293;398;11;13;16;37;39;41;0;0;-0,455154;-0,7211;14;3;0;-0,071820;0,327091;0,491658;-1,208187;5
2294;248;1;17;29;34;37;41;0;0;-0,101626;-0,3675;14;3;0;-2,126741;-0,455500;2,028360;-0,077640;5
2295;318;5;11;29;34;37;39;0;0;0,177193;-0,0887;14;3;0;-0,064390;0,377241;0,680495;-0,309198;5
2296;440;13;16;17;29;39;41;0;0;1,256721;0,9908;14;3;0;1,515651;-1,229424;-0,038325;0,699379;5
2297;42;1;5;11;17;34;39;0;0;1,283531;1,0176;14;3;0;-0,028480;1,479308;1,071172;1,180450;5
2298;125;1;5;29;37;39;41;0;0;-0,516994;-0,7829;14;3;0;-0,917563;0,254033;0,562859;-0,540756;5
2299;23;1;5;11;16;17;34;0;0;-0,076603;-0,3425;14;3;0;0,269944;0,519024;-0,425905;0,023280;5
2300;367;5;16;17;37;39;41;0;0;2,071016;1,8051;14;3;0;2,126741;-0,675914;0,797513;0,662850;5
2301;111;1;5;16;37;39;41;0;0;-0,972755;-1,2387;14;3;0;-0,887845;-1,787268;-0,003034;-0,793983;5
2302;303;5;11;16;29;39;41;0;0;0,402393;0,1365;14;3;0;-0,038387;-0,153980;0,845186;-0,109835;5
2303;411;11;13;29;34;39;41;0;0;0,744839;0,4789;14;3;0;-1,189365;-1,433120;0,619201;1,860264;5
2304;43;1;5;11;17;34;41;0;0;-1,485711;-1,7516;14;3;0;-1,750924;-0,037582;-0,334892;-0,487510;5
2305;442;13;16;17;34;37;41;0;0;0,093190;-0,1727;14;3;0;0,100920;2,626572;-0,010463;0,070953;5
2306;232;1;16;17;29;34;37;0;0;-0,152385;-0,4183;14;3;0;-0,156023;0,587748;-0,440765;0,332849;5
2307;81;1;5;13;17;39;41;0;0;1,034382;0,7685;14;3;0;0,124447;0,809400;1,329353;0,337802;5
2308;110;1;5;16;34;39;41;0;0;0,347344;0,0814;14;3;0;-0,721297;-0,218370;1,986878;-0,663964;5
2309;296;5;11;16;17;37;41;0;0;-0,585269;-0,8512;14;3;0;-1,170791;-0,635051;-0,020989;0,178064;5
2310;399;11;13;17;29;34;37;0;0;0,705161;0,4393;14;3;0;0,370864;0,464540;-0,120670;0,971181;5
2311;94;3;4;18;22;23;37;0;0;1,167177;1,7389;15;3;0;1,735446;0,950130;2,739069;-2,452904;6
2312;9;3;4;8;12;22;35;0;0;-1,005106;-0,4334;15;3;0;-1,090922;-0,169273;-0,178931;-0,471041;6
2313;435;12;18;22;23;28;35;0;0;0,706770;1,2785;15;3;0;0,866175;0,955083;0,552891;-0,194905;6
2314;420;8;18;22;28;35;37;0;0;0,759674;1,3314;15;3;0;0,648857;-0,366159;-0,139306;0,806242;6
2315;233;3;18;22;23;28;37;0;0;-0,690899;-0,1192;15;3;0;-0,458163;0,975515;0,188218;-0,926727;6
2316;212;3;12;18;23;37;38;0;0;-0,288756;0,2829;15;3;0;0,297187;0,348947;-0,815406;0,018079;6
2317;341;4;12;18;28;37;38;0;0;-0,287326;0,2844;15;3;0;0,107730;-0,408260;-0,585086;-0,020308;6
2318;419;8;18;22;23;37;38;0;0;-0,200821;0,3709;15;3;0;0,390676;-2,092317;1,089065;-1,827574;6
2319;90;3;4;12;28;37;38;0;0;-1,709659;-1,1380;15;3;0;0,086679;1,143301;-2,053683;-0,994213;6
2320;218;3;12;22;23;28;37;0;0;-0,686251;-0,1146;15;3;0;-1,014768;0,295081;0,101539;-0,275393;6
2321;277;4;8;12;22;37;38;0;0;-0,103950;0,4677;15;3;0;1,615333;1,322233;0,188837;-1,984216;6
2322;351;4;12;22;28;37;38;0;0;-1,095186;-0,5235;15;3;0;-0,562797;0,929079;-1,258709;-0,075411;6
2323;390;8;12;18;23;28;37;0;0;-0,429596;0,1421;15;3;0;0,637094;0,605889;-0,896513;-0,484662;6
2324;10;3;4;8;12;22;37;0;0;-0,606895;-0,0352;15;3;0;-0,206173;1,582890;0,535555;-1,380555;6
2325;354;4;12;23;28;35;38;0;0;0,338229;0,9099;15;3;0;-0,547319;1,109249;0,432778;0,700370;6
2326;32;3;4;8;18;28;37;0;0;-1,202781;-0,6311;15;3;0;0,263753;1,982854;-0,395630;-1,951401;6
2327;278;4;8;12;23;28;35;0;0;-0,056408;0,5153;15;3;0;1,957097;1,520976;-0,463735;-1,591063;6
2328;297;4;8;18;22;37;38;0;0;-0,629773;-0,0581;15;3;0;0,607375;1,759344;-0,378294;-1,319880;6
2329;211;3;12;18;23;35;38;0;0;0,655653;1,2273;15;3;0;2,048730;2,040433;0,447018;-1,360124;6
2330;427;8;18;23;35;37;38;0;0;-1,273558;-0,7019;15;3;0;-0,980097;1,641708;-1,035819;-0,189952;6
2331;76;3;4;12;22;28;35;0;0;0,206683;0,7784;15;3;0;1,212273;1,252889;-0,918802;0,064514;6
2332;239;3;18;22;28;35;38;0;0;-0,039607;0,5321;15;3;0;-0,214841;0,190447;0,853173;-0,706933;6
2333;193;3;8;23;28;35;38;0;0;-1,380081;-0,8084;15;3;0;0,137449;0,623225;-0,973905;-1,553914;6
2334;108;3;4;18;28;35;37;0;0;-1,939149;-1,3675;15;3;0;-1,561468;0,763769;-1,243850;-0,553386;6
2335;266;4;8;12;18;35;38;0;0;-1,750767;-1,1791;15;3;0;-1,369535;0,348947;-1,025294;-0,637589;6
2336;149;3;8;12;22;35;37;0;0;-1,420474;-0,8488;15;3;0;-0,189456;-0,902952;-0,352290;-1,918587;6
2337;311;4;8;22;23;35;37;0;0;-0,545412;0,0263;15;3;0;-0,375817;2,142591;-0,354147;-0,214717;6
2338;232;3;18;22;23;28;35;0;0;0,492294;1,0640;15;3;0;0,232177;0,023899;0,396249;0,224252;6
2339;180;3;8;18;28;37;38;0;0;-0,959708;-0,3880;15;3;0;0,518838;1,556267;-0,658144;-1,522957;6
2340;393;8;12;18;23;35;38;0;0;-0,229775;0,3419;15;3;0;0,922517;-1,399501;-1,096495;-0,224004;6
2341;139;3;8;12;18;35;37;0;0;-0,775259;-0,2036;15;3;0;-1,375107;0,817015;-0,421633;0,453952;6
2342;396;8;12;18;28;35;38;0;0;0,336084;0,9078;15;3;0;-0,610471;0,891931;-0,955950;2,148535;6
2343;46;3;4;8;22;37;38;0;0;-0,377764;0,1939;15;3;0;-0,521934;1,328424;1,550323;-1,682695;6
2344;238;3;18;22;28;35;37;0;0;0,500873;1,0726;15;3;0;1,433925;-0,981582;0,499645;-1,066033;6
2345;107;3;4;18;23;37;38;0;0;-1,538794;-0,9671;15;3;0;-0,141164;0,400335;-0,873605;-1,650500;6
2346;441;12;18;22;28;35;37;0;0;-1,446211;-0,8745;15;3;0;-0,629664;1,010806;-0,209888;-1,665359;6
2347;195;3;8;23;35;37;38;0;0;-0,199391;0,3723;15;3;0;-0,353528;1,506117;-0,323810;0,331982;6
2348;222;3;12;22;23;37;38;0;0;-0,653366;-0,0817;15;3;0;0,440827;1,107391;-0,029100;-1,543389;6
2349;308;4;8;22;23;28;35;0;0;0,827234;1,3989;15;3;0;1,089065;1,837975;0,977620;-0,633874;6
2350;81;3;4;12;22;37;38;0;0;-1,617077;-1,0454;15;3;0;-0,028480;1,672665;-0,755968;-2,016411;6
2351;196;3;8;28;35;37;38;0;0;-1,721098;-1,1494;15;3;0;-0,177074;0,121723;-1,165219;-1,638736;6
2352;258;4;8;12;18;23;28;0;0;-1,075525;-0,5038;15;3;0;-0,288519;0,255457;-0,217318;-1,357028;6
2353;57;3;4;12;18;22;23;0;0;-0,688753;-0,1171;15;3;0;-0,879796;-0,431168;0,645762;-0,958922;6
2354;55;3;4;8;28;37;38;0;0;-2,056753;-1,4851;15;3;0;-1,469835;1,231219;-0,576418;-1,516147;6
2355;292;4;8;18;22;28;35;0;0;0,140553;0,7122;15;3;0;-0,827169;1,126585;0,883511;0,187104;6
2356;250;3;22;23;35;37;38;0;0;0,257085;0,8288;15;3;0;1,076682;0,502493;0,956569;-1,587967;6
2357;24;3;4;8;18;22;35;0;0;0,865481;1,4372;15;3;0;-0,081107;1,615085;0,742966;0,837199;6
2358;61;3;4;12;18;22;38;0;0;0,647073;1,2188;15;3;0;0,999909;-0,587191;-0,458163;0,579018;6
2359;265;4;8;12;18;35;37;0;0;0,750380;1,3221;15;3;0;0,410489;2,355575;1,405445;-0,516238;6
2360;214;3;12;18;28;35;38;0;0;0,388273;0,9600;15;3;0;-0,872366;-0,649105;1,634526;-0,089651;6
2361;112;3;4;22;23;28;35;0;0;-0,976151;-0,4045;15;3;0;0,319476;1,261557;0,007430;-2,017649;6
2362;110;3;4;18;28;37;38;0;0;-0,834955;-0,2633;15;3;0;-0,353528;2,013191;0,107111;-1,199767;6
2363;385;8;12;18;22;28;38;0;0;-0,632632;-0,0609;15;3;0;0,333097;1,237411;-0,387581;-1,041267;6
2364;78;3;4;12;22;28;38;0;0;-0,844249;-0,2726;15;3;0;-0,870509;3,236609;0,975143;-1,566916;6
2365;191;3;8;22;35;37;38;0;0;1,174327;1,7460;15;3;0;0,278612;2,270753;0,742347;1,013035;6
2366;369;4;18;23;28;35;38;0;0;-1,886244;-1,3146;15;3;0;-0,369007;0,916697;-0,683529;-2,214535;6
2367;52;3;4;8;23;37;38;0;0;1,206141;1,7778;15;3;0;-0,052008;0,192924;0,559082;1,582023;6
2368;376;4;22;23;35;37;38;0;0;0,019732;0,5914;15;3;0;-1,298953;1,055384;2,172558;-0,839428;6
2369;289;4;8;18;22;23;35;0;0;0,306772;0,8785;15;3;0;0,268087;0,835590;0,840171;-0,576913;6
2370;315;4;8;22;28;35;38;0;0;-0,642999;-0,0713;15;3;0;-1,835746;-0,436121;0,224747;0,497292;6
2371;342;4;12;18;35;37;38;0;0;-1,626014;-1,0543;15;3;0;-1,913139;1,182926;-0,209269;-0,693931;6
2372;367;4;18;22;35;37;38;0;0;0,278890;0,8506;15;3;0;0,191933;0,637465;0,476737;-0,185618;6
2373;72;3;4;12;22;23;28;0;0;-1,655325;-1,0836;15;3;0;-1,139215;0,472774;0,736775;-2,464667;6
2374;288;4;8;18;22;23;28;0;0;-0,905374;-0,3337;15;3;0;-0,708295;0,448009;0,306474;-1,166333;6
2375;190;3;8;22;28;37;38;0;0;-1,213147;-0,6415;15;3;0;-0,112064;1,577318;-1,466740;-0,522429;6
2376;294;4;8;18;22;28;38;0;0;-0,706269;-0,1346;15;3;0;-0,840790;0,433769;-0,349194;-0,033310;6
2377;449;12;18;28;35;37;38;0;0;0,342161;0,9138;15;3;0;0,694674;-0,792745;1,778166;-1,880200;6
2378;91;3;4;12;35;37;38;0;0;-2,652995;-2,0813;15;3;0;-0,922517;0,164443;-1,645051;-2,027555;6
2379;209;3;12;18;23;28;38;0;0;0,332509;0,9042;15;3;0;0,639570;2,631092;-0,871128;0,807481;6
2380;179;3;8;18;28;35;38;0;0;-0,211545;0,3601;15;3;0;0,022289;-0,295577;-0,097205;-0,291490;6
2381;26;3;4;8;18;22;38;0;0;-0,533259;0,0384;15;3;0;-1,351580;1,657806;-0,453829;0,881777;6
2382;447;12;18;23;28;37;38;0;0;1,220439;1,7921;15;3;0;-0,384485;0,427577;1,903851;0,594497;6
2383;268;4;8;12;22;23;28;0;0;1,303370;1,8751;15;3;0;0,461877;0,501874;1,178221;0,617405;6
2384;227;3;12;23;28;35;37;0;0;-0,769182;-0,1975;15;3;0;-0,026004;0,038139;0,677338;-1,983596;6
2385;34;3;4;8;18;35;37;0;0;-0,998314;-0,4266;15;3;0;-0,642666;2,466401;0,093490;-1,179954;6
2386;185;3;8;22;23;35;37;0;0;-1,352557;-0,7809;15;3;0;-1,942857;-0,171749;0,945425;-1,345265;6
2387;158;3;8;12;28;35;37;0;0;-0,677315;-0,1056;15;3;0;-2,297004;3,050868;1,417208;-0,293348;6
2388;429;8;22;23;28;35;37;0;0;-0,570077;0,0016;15;3;0;-0,788164;-0,197134;-0,023527;-0,175712;6
2389;235;3;18;22;23;35;37;0;0;-0,200463;0,3712;15;3;0;0,635236;0,742719;-0,831503;-0,150946;6
2390;371;4;18;23;35;37;38;0;0;-0,388488;0,1832;15;3;0;0,354766;1,647899;1,524319;-2,551966;6
2391;88;3;4;12;28;35;37;0;0;0,245289;0,8170;15;3;0;-0,619139;2,136400;1,287808;-0,243817;6
2392;346;4;12;22;23;35;37;0;0;0,743588;1,3153;15;3;0;-0,019812;0,031328;0,675480;0,632264;6
2393;304;4;8;18;28;35;37;0;0;0,541981;1,1137;15;3;0;0,393153;1,675761;0,939233;-0,393648;6
2394;323;4;12;18;22;23;28;0;0;0,649576;1,2213;15;3;0;1,151598;0,143393;-1,165838;1,139339;6
2395;383;8;12;18;22;28;35;0;0;-1,759703;-1,1880;15;3;0;-0,113302;0,868404;-0,227843;-2,706750;6
2396;267;4;8;12;18;37;38;0;0;-0,667663;-0,0960;15;3;0;-0,558463;0,844257;-0,365292;-0,232672;6
2397;335;4;12;18;23;28;38;0;0;1,367713;1,9394;15;3;0;1,143549;-0,349442;0,739252;0,486148;6
2398;182;3;8;22;23;28;35;0;0;-0,582588;-0,0109;15;3;0;-0,308331;0,242455;-0,495311;-0,205430;6
2399;154;3;8;12;23;28;38;0;0;-0,426736;0,1449;15;3;0;-0,617900;-0,052255;0,943567;-1,064795;6
2400;44;3;4;8;22;35;37;0;0;0,615260;1,1869;15;3;0;1,848129;0,103149;-0,518219;-0,264248;6
2401;317;4;8;22;35;37;38;0;0;-2,240845;-1,6692;15;3;0;-2,682109;1,096866;-0,043959;-1,155189;6
2402;350;4;12;22;28;35;38;0;0;0,631346;1,2030;15;3;0;-0,027242;0,629416;0,829646;0,291119;6
2403;104;3;4;18;23;28;38;0;0;0,578441;1,1501;15;3;0;-0,205554;0,630655;1,245088;-0,037644;6
2404;220;3;12;22;23;35;37;0;0;-0,986161;-0,4145;15;3;0;0,029100;0,527258;-1,588091;-0,149089;6
2405;407;8;12;22;28;37;38;0;0;-1,009395;-0,4377;15;3;0;-0,870509;-0,594621;0,535555;-1,413370;6
2406;339;4;12;18;28;35;37;0;0;-0,255512;0,3162;15;3;0;-1,067395;0,047426;0,147355;0,477480;6
2407;333;4;12;18;23;28;35;0;0;-0,666592;-0,0949;15;3;0;-0,073678;1,783491;-0,297806;-0,783087;6
2408;358;4;18;22;23;28;35;0;0;-1,637452;-1,0658;15;3;0;-1,737922;-0,452219;0,234654;-1,332882;6
2409;138;3;8;12;18;28;38;0;0;-1,237097;-0,6654;15;3;0;-1,332386;-0,338297;-0,310808;-0,499521;6
2410;406;8;12;22;28;35;38;0;0;0,229918;0,8016;15;3;0;-0,977001;-0,208278;0,284804;1,090427;6
2411;348;4;12;22;23;37;38;0;0;-1,591340;-1,0197;15;3;0;-0,774542;1,259080;-0,240226;-1,741513;6
2412;443;12;18;22;28;37;38;0;0;-0,896081;-0,3244;15;3;0;-0,696531;0,316132;0,687863;-1,543389;6
2413;186;3;8;22;23;35;38;0;0;-0,510381;0,0613;15;3;0;0,292853;1,917225;-0,589420;-0,587439;6
2414;413;8;12;28;35;37;38;0;0;-2,681235;-2,1096;15;3;0;-2,674060;-0,535803;-0,788164;-1,181812;6
2415;150;3;8;12;22;35;38;0;0;-0,559710;0,0120;15;3;0;-0,455067;0,699998;-0,385104;-0,129276;6
2416;162;3;8;18;22;23;28;0;0;1,172897;1,7446;15;3;0;2,051206;0,986040;-0,096586;0,076897;6
2417;79;3;4;12;22;35;37;0;0;-0,410650;0,1610;15;3;0;-0,529983;2,449684;1,746590;-1,927874;6
2418;168;3;8;18;22;28;38;0;0;-0,383483;0,1882;15;3;0;-0,435254;1,530882;0,273040;-0,501998;6
2419;137;3;8;12;18;28;37;0;0;-3,086237;-2,5146;15;3;0;-0,793736;1,434297;-1,876609;-2,675174;6
2420;375;4;22;23;28;37;38;0;0;-0,020661;0,5510;15;3;0;-1,165219;-0,051636;1,350961;-0,221528;6
2421;143;3;8;12;22;23;35;0;0;0,216335;0,7880;15;3;0;-0,411108;-0,396496;0,625330;0,160481;6
2422;236;3;18;22;23;35;38;0;0;-2,293749;-1,7221;15;3;0;-1,825840;0,889455;-1,601712;-0,545337;6
2423;251;3;22;28;35;37;38;0;0;-1,098403;-0,5267;15;3;0;0,441446;-1,082502;-1,260566;-1,083369;6
2424;229;3;12;23;28;37;38;0;0;-0,856045;-0,2844;15;3;0;-0,178312;0,357614;0,024146;-1,328548;6
2425;19;3;4;8;12;35;37;0;0;0,135906;0,7076;15;3;0;0,539270;0,890074;0,090394;-0,394268;6
2426;242;3;18;23;28;35;37;0;0;-0,463911;0,1078;15;3;0;1,093399;0,652325;-0,825931;-1,070986;6
2427;37;3;4;8;22;23;28;0;0;1,001674;1,5734;15;3;0;-0,341765;0,218927;2,284622;-0,207907;6
2428;152;3;8;12;23;28;35;0;0;-0,815295;-0,2436;15;3;0;0,425967;1,769251;-0,914468;-0,923631;6
2429;166;3;8;18;22;28;35;0;0;-1,364353;-0,7927;15;3;0;-2,287717;1,000900;0,389438;-0,464849;6
2430;92;3;4;18;22;23;28;0;0;-1,427623;-0,8559;15;3;0;-1,534226;-0,195276;0,396868;-1,335358;6
2431;457;18;22;23;28;35;38;0;0;0,407218;0,9789;15;3;0;-0,344241;2,408821;0,039625;1,009939;6
2432;461;18;23;28;35;37;38;0;0;1,024551;1,5962;15;3;0;1,367058;-0,906048;1,414113;-1,006596;6
2433;430;8;22;23;28;35;38;0;0;-0,653007;-0,0813;15;3;0;0,112683;2,667002;0,788164;-2,031889;6
2434;210;3;12;18;23;35;37;0;0;1,143228;1,7149;15;3;0;0,347337;-0,064638;0,884130;0,748662;6
2435;360;4;18;22;23;28;38;0;0;-1,752197;-1,1805;15;3;0;-0,571465;1,465254;0,081726;-2,545155;6
2436;144;3;8;12;22;23;37;0;0;-0,577226;-0,0055;15;3;0;-1,757116;0,577409;-0,590039;1,347370;6
2437;264;4;8;12;18;28;38;0;0;-0,498228;0,0735;15;3;0;-0,811072;0,551405;-0,402440;0,350556;6
2438;49;3;4;8;23;28;38;0;0;0,032957;0,6046;15;3;0;-1,129928;0,335326;1,260566;-0,073554;6
2439;23;3;4;8;18;22;28;0;0;0,569147;1,1408;15;3;0;-0,542985;0,025756;0,186361;1,342416;6
2440;21;3;4;8;12;37;38;0;0;-0,441749;0,1299;15;3;0;-1,106401;-0,169892;1,154074;-0,812805;6
2441;140;3;8;12;18;35;38;0;0;-2,129317;-1,5576;15;3;0;0,541127;-0,733308;0,050150;-4,279363;6
2442;7;3;4;8;12;22;23;0;0;-1,880882;-1,3092;15;3;0;-2,098261;1,740770;-0,700246;-0,459277;6
2443;246;3;18;28;35;37;38;0;0;-1,377222;-0,8055;15;3;0;-0,210507;-0,770456;-0,730584;-1,444327;6
2444;405;8;12;22;28;35;37;0;0;1,111414;1,6831;15;3;0;-0,666193;-0,665203;1,168934;1,422285;6
2445;306;4;8;18;28;37;38;0;0;-2,494641;-1,9230;15;3;0;-1,038915;0,313037;-0,278612;-3,003318;6
2446;416;8;18;22;23;28;38;0;0;1,256185;1,8279;15;3;0;0,656287;0,064143;0,631521;0,887969;6
2447;172;3;8;18;23;28;35;0;0;0,309632;0,8813;15;3;0;0,677338;0,265363;0,397487;-0,538527;6
2448;101;3;4;18;22;37;38;0;0;-0,266236;0,3054;15;3;0;-0,356624;1,145778;0,505836;-0,610347;6
2449;207;3;12;18;23;28;35;0;0;-0,197604;0,3741;15;3;0;-1,074206;0,895027;0,117017;0,614929;6
2450;408;8;12;22;35;37;38;0;0;-1,273558;-0,7019;15;3;0;0,970190;0,895646;-2,386160;-0,789897;6
2451;338;4;12;18;23;37;38;0;0;0,568790;1,1405;15;3;0;-0,166548;0,664707;1,996103;-0,844381;6
2452;380;8;12;18;22;23;35;0;0;-2,903933;-2,3322;15;3;0;-2,420213;0,129771;-0,732441;-1,877105;6
2453;117;3;4;22;23;37;38;0;0;0,532329;1,1040;15;3;0;0,803023;1,663997;1,192461;-1,073463;6
2454;126;3;4;28;35;37;38;0;0;-0,255512;0,3162;15;3;0;-0,768970;0,166301;0,109588;0,216822;6
2455;261;4;8;12;18;23;38;0;0;-1,987763;-1,4161;15;3;0;-1,530511;-0,029347;-0,621615;-1,290780;6
2456;204;3;12;18;22;35;37;0;0;0,851183;1,4229;15;3;0;0,499645;0,789154;0,624092;0,350556;6
2457;122;3;4;23;28;35;37;0;0;-0,036747;0,5349;15;3;0;0,275517;-0,546328;-0,009287;-0,329877;6
2458;330;4;12;18;22;35;37;0;0;-1,440134;-0,8684;15;3;0;-1,638860;1,835499;-0,386962;-0,468564;6
2459;456;18;22;23;28;35;37;0;0;-2,168995;-1,5973;15;3;0;0,481690;1,027523;-1,277902;-2,960597;6
2460;313;4;8;22;23;37;38;0;0;-0,337370;0,2343;15;3;0;0,054484;0,029471;0,784449;-1,423276;6
2461;395;8;12;18;28;35;37;0;0;-0,579371;-0,0077;15;3;0;-0,444542;0,496921;-0,601184;0,042225;6
2462;324;4;12;18;22;23;35;0;0;-1,270341;-0,6987;15;3;0;-0,814786;-0,186608;-0,217937;-1,167572;6
2463;280;4;8;12;23;28;38;0;0;-1,255685;-0,6840;15;3;0;1,349722;2,132685;-1,908805;-1,615828;6
2464;363;4;18;22;23;37;38;0;0;-1,098046;-0,5264;15;3;0;-0,093490;1,768632;-1,230229;-0,578152;6
2465;386;8;12;18;22;35;37;0;0;-0,933971;-0,3623;15;3;0;-0,957188;1,243602;0,785687;-1,446184;6
2466;62;3;4;12;18;23;28;0;0;-0,511454;0,0602;15;3;0;0,198744;0,579266;-0,270564;-0,814044;6
2467;240;3;18;22;28;37;38;0;0;-1,318240;-0,7466;15;3;0;-0,870509;-0,140792;-0,398106;-1,014644;6
2468;387;8;12;18;22;35;38;0;0;0,343590;0,9153;15;3;0;0,481690;-0,588429;-0,463735;0,577161;6
2469;176;3;8;18;23;35;38;0;0;1,315881;1,8876;15;3;0;2,492033;1,291895;-0,107111;-0,105749;6
2470;160;3;8;12;28;37;38;0;0;-0,772757;-0,2011;15;3;0;-0,168406;1,140206;0,271802;-1,441850;6
2471;87;3;4;12;23;37;38;0;0;-1,007608;-0,4359;15;3;0;-1,014149;0,202830;-0,146117;-0,584962;6
2472;219;3;12;22;23;28;38;0;0;-1,605638;-1,0340;15;3;0;-2,165747;2,983382;-0,971429;0,356129;6
2473;370;4;18;23;28;37;38;0;0;-1,281779;-0,7101;15;3;0;-0,808595;0,433149;-0,678576;-0,732936;6
2474;234;3;18;22;23;28;38;0;0;-0,750952;-0,1793;15;3;0;0,765255;1,441107;0,026623;-2,092565;6
2475;153;3;8;12;23;28;37;0;0;-1,209215;-0,6375;15;3;0;-1,137977;0,001610;0,433397;-1,389842;6
2476;216;3;12;18;35;37;38;0;0;0,422589;0,9943;15;3;0;0,726869;1,729626;-0,149832;0,154908;6
2477;128;3;8;12;18;22;28;0;0;0,086934;0,6586;15;3;0;-1,088446;-0,569855;1,819029;-0,580009;6
2478;6;3;4;8;12;18;38;0;0;0,995954;1,5676;15;3;0;0,962761;0,960036;-0,830265;1,592548;6
2479;116;3;4;22;23;35;38;0;0;-2,640127;-2,0684;15;3;0;-1,232705;-0,364301;-1,121879;-2,218250;6
2480;442;12;18;22;28;35;38;0;0;1,045999;1,6177;15;3;0;1,304525;1,975424;-0,221652;0,728850;6
2481;8;3;4;8;12;22;28;0;0;2,571638;3,1433;15;3;0;1,638241;0,382999;0,872366;1,943600;6
2482;224;3;12;22;28;35;38;0;0;-1,045141;-0,4735;15;3;0;-1,776309;0,398478;1,148502;-1,182431;6
2483;303;4;8;18;23;37;38;0;0;-0,555064;0,0166;15;3;0;-0,518838;1,219456;0,867413;-1,309974;6
2484;42;3;4;8;22;28;37;0;0;-1,838345;-1,2667;15;3;0;-0,386962;-0,142030;-0,535555;-2,261590;6
2485;293;4;8;18;22;28;37;0;0;0,160571;0,7323;15;3;0;0,512647;2,620566;1,849367;-2,083897;6
2486;89;3;4;12;28;35;38;0;0;-1,409393;-0,8377;15;3;0;-0,999290;0,586696;0,526268;-1,968118;6
2487;146;3;8;12;22;28;35;0;0;-0,797064;-0,2254;15;3;0;-0,408632;1,229981;-0,129400;-0,842524;6
2488;64;3;4;12;18;23;37;0;0;-2,634051;-2,0624;15;3;0;-0,256943;0,579266;-0,886607;-3,418760;6
2489;115;3;4;22;23;35;37;0;0;-1,935216;-1,3635;15;3;0;-1,807266;0,605889;-0,279851;-1,264776;6
2490;221;3;12;22;23;35;38;0;0;0,317138;0,8888;15;3;0;0,604898;1,150112;-0,396868;0,341269;6
2491;121;3;4;22;35;37;38;0;0;-0,201179;0,3705;15;3;0;-0,631521;0,838685;1,546608;-1,263538;6
2492;3;3;4;8;12;18;28;0;0;-1,855860;-1,2842;15;3;0;-1,184412;1,676999;0,618520;-2,648551;6
2493;349;4;12;22;28;35;37;0;0;-0,449970;0,1217;15;3;0;-1,667960;0,771818;-0,040244;0,928832;6
2494;228;3;12;23;28;35;38;0;0;-0,010295;0,5614;15;3;0;0,297187;0,847972;0,988764;-1,303782;6
2495;80;3;4;12;22;35;38;0;0;-1,083032;-0,5113;15;3;0;1,106401;0,980468;-1,802932;-1,179335;6
2496;15;3;4;8;12;23;38;0;0;-0,842461;-0,2708;15;3;0;-0,920040;0,391667;0,336192;-0,875338;6
2497;84;3;4;12;23;28;38;0;0;-1,864082;-1,2924;15;3;0;-1,963908;0,834351;-1,248184;-0,016593;6
2498;132;3;8;12;18;23;28;0;0;-2,290532;-1,7188;15;3;0;-0,904562;-1,449032;-1,381918;-1,680838;6
2499;257;4;8;12;18;22;38;0;0;-1,051218;-0,4795;15;3;0;-2,643103;0,794107;-0,125066;0,947406;6
2500;74;3;4;12;22;23;37;0;0;-3,155584;-2,5839;15;3;0;-3,296294;-0,044207;0,194410;-2,363748;6
2501;314;4;8;22;28;35;37;0;0;0,928395;1,5001;15;3;0;1,493982;0,541499;0,037148;0,076897;6
2502;402;8;12;22;23;35;37;0;0;-1,763994;-1,1923;15;3;0;-1,229609;0,277746;-1,730493;-0,095224;6
2503;16;3;4;8;12;28;35;0;0;-0,520747;0,0509;15;3;0;-0,166548;0,372474;0,489120;-1,224532;6
2504;256;4;8;12;18;22;37;0;0;0,879423;1,4511;15;3;0;-0,619758;0,115531;2,414641;-0,271678;6
2505;127;3;8;12;18;22;23;0;0;-2,206528;-1,6348;15;3;0;-1,596759;1,125966;-0,411108;-1,813952;6
2506;334;4;12;18;23;28;37;0;0;-2,393837;-1,8222;15;3;0;-0,910753;1,600845;-2,085259;-1,150236;6
2507;118;3;4;22;28;35;37;0;0;-0,670166;-0,0985;15;3;0;0,072439;-1,225523;-0,254466;-0,978734;6
2508;5;3;4;8;12;18;37;0;0;-1,063729;-0,4920;15;3;0;-0,643904;0,730336;0,224747;-1,423276;6
2509;102;3;4;18;23;28;35;0;0;0,684250;1,2559;15;3;0;0,307093;-0,181655;-0,282327;1,160390;6
2510;400;8;12;22;23;28;37;0;0;-0,874990;-0,3033;15;3;0;0,165929;-1,124603;-1,003624;-0,677833;6
2511;202;3;12;18;22;28;37;0;0;-2,464615;-1,8929;15;3;0;-2,092070;0,431911;-0,165929;-2,010839;6
2512;98;3;4;18;22;28;38;0;0;0,400070;0,9718;15;3;0;-0,130019;0,305607;-0,095966;0,918926;6
2513;301;4;8;18;23;35;37;0;0;-1,298580;-0,7269;15;3;0;-0,733679;1,746962;-0,528125;-0,987402;6
2514;448;12;18;23;35;37;38;0;0;-1,445139;-0,8735;15;3;0;0,764017;2,171072;-2,113120;-1,153951;6
2515;359;4;18;22;23;28;37;0;0;-1,411895;-0,8402;15;3;0;-1,030866;1,998332;-0,815406;-0,599202;6
2516;249;3;22;23;28;37;38;0;0;-0,764893;-0,1932;15;3;0;-0,273040;1,505498;1,191842;-2,243635;6
2517;384;8;12;18;22;28;37;0;0;0,041894;0,6136;15;3;0;0,351671;0,552024;-0,238988;-0,040120;6
2518;237;3;18;22;23;37;38;0;0;-2,042954;-1,9316;16;3;0;-0,776400;-0,366406;-2,102285;-0,659816;6
2519;226;3;12;22;35;37;38;0;0;-0,543768;-0,4324;16;3;0;0,157880;-0,325543;-0,482619;-0,617096;6
2520;1;3;4;8;12;18;22;0;0;-1,644744;-1,5334;16;3;0;-2,120550;-0,654306;-0,608923;-0,119308;6
2521;361;4;18;22;23;35;37;0;0;-1,246177;-1,1349;16;3;0;0,287899;1,317651;-1,689939;-0,756402;6
2522;174;3;8;18;23;28;38;0;0;-0,087292;0,0240;16;3;0;-1,038915;0,068229;0,138997;0,748724;6
2523;27;3;4;8;18;23;28;0;0;-1,227946;-1,1166;16;3;0;-0,664955;-0,170139;-0,816334;-0,645576;6
2524;276;4;8;12;22;35;38;0;0;-0,098015;0,0133;16;3;0;-0,787544;-0,106368;-0,065319;0,683096;6
2525;415;8;18;22;23;28;37;0;0;0,635849;0,7472;16;3;0;-0,896513;-1,910538;1,146335;0,851501;6
2526;135;3;8;12;18;23;38;0;0;1,115203;1,2265;16;3;0;0,678576;-0,784325;0,774233;0,478780;6
2527;59;3;4;12;18;22;35;0;0;-0,917671;-0,8063;16;3;0;-1,493982;-0,605394;-0,672694;0,577223;6
2528;133;3;8;12;18;23;35;0;0;0,345235;0,4566;16;3;0;-0,388200;0,005696;0,215151;0,771013;6
2529;412;8;12;23;35;37;38;0;0;-0,750023;-0,6387;16;3;0;-0,162833;-1,558248;0,084512;-1,220756;6
2530;455;12;23;28;35;37;38;0;0;0,205825;0,3171;16;3;0;0,020432;-1,721701;0,740180;-0,404112;6
2531;167;3;8;18;22;28;37;0;0;-0,786126;-0,6748;16;3;0;-1,024055;-1,292019;-0,740180;0,402626;6
2532;321;4;8;23;35;37;38;0;0;0,540765;0,6521;16;3;0;2,574998;1,294743;-0,937686;-0,700679;6
2533;157;3;8;12;23;37;38;0;0;0,663017;0,7743;16;3;0;-0,202458;-0,719315;0,778567;0,572270;6
2534;129;3;8;12;18;22;35;0;0;0,225486;0,3368;16;3;0;0,023527;1,097238;0,358791;0,008235;6
2535;82;3;4;12;23;28;35;0;0;0,130044;0,2414;16;3;0;-0,209269;0,281213;0,040554;0,393958;6
2536;423;8;18;22;35;37;38;0;0;0,961853;1,0732;16;3;0;1,389966;-0,067362;0,090704;0,185308;6
2537;388;8;12;18;22;37;38;0;0;1,733609;1,8449;16;3;0;-0,229700;-0,043835;1,181007;2,051392;6
2538;332;4;12;18;22;37;38;0;0;-1,290859;-1,1795;16;3;0;-0,032195;-0,679690;-1,623691;-0,579947;6
2539;181;3;8;18;35;37;38;0;0;-2,611316;-2,5000;16;3;0;-1,029009;1,365944;-1,948739;-1,545184;6
2540;352;4;12;22;35;37;38;0;0;-1,559669;-1,4483;16;3;0;-0,154166;0,148717;-2,529491;-0,017769;6
2541;230;3;12;23;35;37;38;0;0;-0,156997;-0,0457;16;3;0;-0,535555;1,351704;0,217627;0,046002;6
2542;67;3;4;12;18;28;37;0;0;-0,842247;-0,7309;16;3;0;-0,497168;0,257066;-1,122808;0,161162;6
2543;414;8;18;22;23;28;35;0;0;1,116633;1,2280;16;3;0;1,213512;0,167910;0,009597;0,710957;6
2544;326;4;12;18;22;23;38;0;0;-1,147518;-1,0362;16;3;0;-0,772066;-0,025261;-1,170482;-0,045011;6
2545;337;4;12;18;23;35;38;0;0;-2,034376;-1,9231;16;3;0;-0,183884;0,561063;-0,425658;-2,914100;6
2546;85;3;4;12;23;35;37;0;0;-1,316954;-1,2056;16;3;0;-0,949140;0,651458;-1,845962;0,514071;6
2547;422;8;18;22;28;37;38;0;0;1,257472;1,3688;16;3;0;1,823363;0,140049;0,379222;-0,024580;6
2548;453;12;22;23;35;37;38;0;0;-0,515528;-0,4042;16;3;0;-0,804880;-0,835094;0,335264;-0,423305;6
2549;309;4;8;22;23;28;37;0;0;1,305729;1,4171;16;3;0;1,298334;1,474293;0,890012;0,073244;6
2550;377;4;22;28;35;37;38;0;0;-0,618477;-0,5072;16;3;0;-1,451880;-0,661116;0,228772;0,151875;6
2551;296;4;8;18;22;35;38;0;0;-0,718923;-0,6076;16;3;0;-0,915706;0,645885;-0,919111;0,589606;6
2552;287;4;8;12;35;37;38;0;0;-2,077629;-1,9663;16;3;0;-2,197323;-0,871623;-1,376655;-0,024580;6
2553;13;3;4;8;12;23;35;0;0;-0,938046;-0,8267;16;3;0;-0,735537;-0,526144;-0,670218;-0,218989;6
2554;320;4;8;23;28;37;38;0;0;0,700192;0,8115;16;3;0;0,968333;-0,646257;1,128380;-0,883944;6
2555;28;3;4;8;18;23;35;0;0;0,036747;0,1481;16;3;0;-1,024675;-1,423895;2,172867;-1,084545;6
2556;245;3;18;23;35;37;38;0;0;2,415285;2,5266;16;3;0;2,164509;-0,080364;1,320313;0,698574;6
2557;22;3;4;8;18;22;23;0;0;-0,103377;0,0079;16;3;0;-1,745352;-0,391791;1,629263;-0,062966;6
2558;175;3;8;18;23;35;37;0;0;0,655152;0,7665;16;3;0;1,908185;-0,154661;0,028790;-0,802218;6
2559;83;3;4;12;23;28;37;0;0;-1,316597;-1,2053;16;3;0;0,365292;-0,323067;-1,680033;-0,965671;6
2560;331;4;12;18;22;35;38;0;0;0,952559;1,0639;16;3;0;1,437640;-2,442378;0,147665;0,064576;6
2561;217;3;12;22;23;28;35;0;0;-0,232420;-0,1211;16;3;0;-0,309569;-0,940967;-1,034890;0,941896;6
2562;183;3;8;22;23;28;37;0;0;-0,226701;-0,1154;16;3;0;0,026623;-0,207288;0,638642;-1,057922;6
2563;459;18;22;23;35;37;38;0;0;0,674098;0,7854;16;3;0;0,530602;-0,025261;-0,639880;1,276850;6
2564;17;3;4;8;12;28;37;0;0;0,948984;1,0603;16;3;0;-0,808595;-0,134229;2,008795;0,443489;6
2565;462;22;23;28;35;37;38;0;0;-0,767180;-0,6559;16;3;0;-1,238277;-1,031980;0,499335;-0,589853;6
2566;141;3;8;12;18;37;38;0;0;0,318068;0,4294;16;3;0;0,673623;0,189580;-0,055413;-0,067300;6
2567;192;3;8;23;28;35;37;0;0;0,960780;1,0721;16;3;0;-0,418538;-1,806523;0,316689;1,765969;6
2568;39;3;4;8;22;23;37;0;0;0,379551;0,4909;16;3;0;-0,474879;-1,002881;1,619357;-0,487076;6
2569;14;3;4;8;12;23;37;0;0;0,395637;0,5070;16;3;0;0,767113;0,594497;-0,131567;0,049717;6
2570;225;3;12;22;28;37;38;0;0;-0,592740;-0,4814;16;3;0;-0,887226;-0,896389;-0,132186;-0,007244;6
2571;307;4;8;18;35;37;38;0;0;-0,249578;-0,1383;16;3;0;1,128071;0,008173;-1,209487;-0,350866;6
2572;169;3;8;18;22;35;37;0;0;1,286069;1,3974;16;3;0;-0,081107;-1,100705;1,414422;0,894222;6
2573;2;3;4;8;12;18;23;0;0;0,581873;0,6932;16;3;0;0,451971;-1,929112;0,974215;-0,418352;6
2574;11;3;4;8;12;22;38;0;0;-1,096401;-0,9851;16;3;0;-1,547228;-0,479090;-2,037895;1,686100;6
2575;426;8;18;23;28;37;38;0;0;0,575796;0,6871;16;3;0;1,767022;-0,451847;-0,347027;-0,422686;6
2576;113;3;4;22;23;28;37;0;0;0,042823;0,1541;16;3;0;-0,194410;-0,345356;-0,532150;0,800732;6
2577;12;3;4;8;12;23;28;0;0;0,535761;0,6471;16;3;0;0,792498;-1,010930;0,167477;-0,032009;6
2578;353;4;12;23;28;35;37;0;0;1,114131;1,2255;16;3;0;1,617809;-0,018450;-0,461568;0,773490;6
2579;366;4;18;22;28;37;38;0;0;-1,217937;-1,1066;16;3;0;-0,998052;0,266353;-1,703560;0,592082;6
2580;38;3;4;8;22;23;35;0;0;1,022979;1,1343;16;3;0;-0,244560;-0,345975;1,459000;0,557411;6
2581;58;3;4;12;18;22;28;0;0;-1,677631;-1,5663;16;3;0;0,904562;-1,168191;-0,851625;-2,958678;6
2582;161;3;8;12;35;37;38;0;0;-0,044039;0,0673;16;3;0;0,718820;1,156056;0,225676;-1,020774;6
2583;411;8;12;23;28;37;38;0;0;0,545770;0,6571;16;3;0;0,484166;-1,651119;0,322262;0,138873;6
2584;36;3;4;8;18;37;38;0;0;0,283394;0,3947;16;3;0;0,504598;-1,810857;1,845343;-1,859088;6
2585;271;4;8;12;22;23;38;0;0;1,201708;1,3130;16;3;0;0,544223;-0,427082;0,088227;1,448970;6
2586;392;8;12;18;23;35;37;0;0;-0,707127;-0,5958;16;3;0;0,908896;-0,315018;-0,589110;-1,544565;6
2587;454;12;22;28;35;37;38;0;0;-0,870486;-0,7592;16;3;0;-0,889083;1,125718;-0,641737;0,023094;6
2588;425;8;18;23;28;35;38;0;0;0,272313;0,3836;16;3;0;0,516362;-2,032508;0,116089;-0,160790;6
2589;4;3;4;8;12;18;35;0;0;-0,429381;-0,3181;16;3;0;-1,750305;-1,186765;0,742038;0,264558;6
2590;248;3;22;23;28;35;38;0;0;1,529857;1,6412;16;3;0;0,689720;0,372845;-0,130329;2,090398;6
2591;188;3;8;22;28;35;37;0;0;-0,862980;-0,7517;16;3;0;-1,137358;0,153051;-0,248584;-0,108783;6
2592;312;4;8;22;23;35;38;0;0;-2,115162;-2,0038;16;3;0;-2,063589;-1,173763;-1,434235;-0,165743;6
2593;69;3;4;12;18;35;37;0;0;-0,696761;-0,5854;16;3;0;0,788783;0,798813;-1,525248;-0,470360;6
2594;424;8;18;23;28;35;37;0;0;-0,365038;-0,2537;16;3;0;-0,112683;-2,285736;-0,367459;-0,152122;6
2595;18;3;4;8;12;28;38;0;0;0,080000;0,1913;16;3;0;-0,068724;-0,751511;-0,257252;0,464540;6
2596;25;3;4;8;18;22;37;0;0;-1,206499;-1,0952;16;3;0;-0,487881;1,257594;-1,166148;-0,435688;6
2597;100;3;4;18;22;35;38;0;0;-0,173797;-0,0625;16;3;0;-1,374488;0,460144;1,663316;-0,589853;6
2598;66;3;4;12;18;28;35;0;0;-0,796134;-0,6848;16;3;0;-2,435072;1,952887;0,348885;0,707242;6
2599;70;3;4;12;18;35;38;0;0;0,097515;0,2088;16;3;0;-0,445780;0,005696;-0,165620;0,780300;6
2600;368;4;18;23;28;35;37;0;0;-0,841175;-0,7299;16;3;0;0,323190;-0,002972;-0,912920;-0,867228;6
2601;111;3;4;18;35;37;38;0;0;1,025481;1,1368;16;3;0;0,315761;0,418042;0,938924;0,521501;6
2602;151;3;8;12;22;37;38;0;0;-1,007036;-0,8957;16;3;0;-1,811600;-2,290070;1,205773;-1,138410;6
2603;273;4;8;12;22;28;37;0;0;1,066231;1,1776;16;3;0;2,127361;-2,446712;-0,670837;0,390243;6
2604;322;4;8;28;35;37;38;0;0;-0,625626;-0,5143;16;3;0;-2,257999;-1,465377;-0,231248;1,405631;6
2605;440;12;18;22;23;37;38;0;0;-0,432955;-0,3216;16;3;0;-0,087918;-2,378607;0,732751;-1,394734;6
2606;35;3;4;8;18;35;38;0;0;-0,361106;-0,2498;16;3;0;0,216079;0,006315;-1,752472;0,910939;6
2607;298;4;8;18;23;28;35;0;0;0,436745;0,5481;16;3;0;0,019193;0,909019;0,885059;-0,147788;6
2608;445;12;18;23;28;35;37;0;0;0,240857;0,3522;16;3;0;0,921278;-0,271059;-0,972976;0,468874;6
2609;327;4;12;18;22;28;35;0;0;-0,917313;-0,8060;16;3;0;-0,586943;-0,140421;0,667122;-1,669012;6
2610;50;3;4;8;23;35;37;0;0;-0,892649;-0,7813;16;3;0;-0,764636;0,478099;-0,008978;-0,772499;6
2611;206;3;12;18;22;37;38;0;0;1,345765;1,4571;16;3;0;0,977001;-0,863575;1,011982;0,341950;6
2612;404;8;12;22;23;37;38;0;0;-0,292116;-0,1808;16;3;0;-2,043158;0,930689;0,453519;1,083678;6
2613;295;4;8;18;22;35;37;0;0;-0,704625;-0,5933;16;3;0;-0,939233;0,985793;-1,441045;1,159832;6
2614;355;4;12;23;28;37;38;0;0;-1,767711;-1,6564;16;3;0;-2,053683;0,419281;-0,375508;-0,632574;6
2615;418;8;18;22;23;35;38;0;0;0,066416;0,1777;16;3;0;-1,796121;0,796336;1,773523;0,137635;6
2616;199;3;12;18;22;23;37;0;0;0,115745;0,2271;16;3;0;-1,248184;0,718325;-0,362506;1,811166;6
2617;300;4;8;18;23;28;38;0;0;0,775259;0,8866;16;3;0;0,641428;-0,693931;0,653501;0,047859;6
2618;291;4;8;18;22;23;38;0;0;1,900900;2,0122;16;3;0;1,785596;0,005077;0,387271;1,119588;6
2619;33;3;4;8;18;28;38;0;0;-0,478710;-0,3674;16;3;0;-0,937995;1,586976;0,866485;-0,757640;6
2620;208;3;12;18;23;28;37;0;0;0,207255;0,3186;16;3;0;-0,382009;0,201344;0,184194;0,556791;6
2621;156;3;8;12;23;35;38;0;0;0,110741;0,2221;16;3;0;-0,876700;-0,566388;1,141382;-0,072873;6
2622;68;3;4;12;18;28;38;0;0;-1,286212;-1,1749;16;3;0;-2,550232;-1,553914;-0,082655;0,405102;6
2623;381;8;12;18;22;23;37;0;0;-0,024021;0,0873;16;3;0;1,497077;-1,591063;-1,397086;-0,141597;6
2624;299;4;8;18;23;28;37;0;0;0,142198;0,2535;16;3;0;0,143640;0,445285;-0,749467;0,852121;6
2625;205;3;12;18;22;35;38;0;0;-0,582016;-0,4707;16;3;0;-2,213421;-0,357119;0,727178;0,478161;6
2626;344;4;12;22;23;28;37;0;0;-0,280677;-0,1694;16;3;0;-0,613566;-0,336068;-1,176673;1,304092;6
2627;148;3;8;12;22;28;38;0;0;0,659085;0,7704;16;3;0;-0,281708;0,612452;0,834289;0,588987;6
2628;438;12;18;22;23;35;37;0;0;-0,500157;-0,3888;16;3;0;0,570846;0,518962;-1,142001;-0,295143;6
2629;130;3;8;12;18;22;37;0;0;0,699120;0,8104;16;3;0;0,022289;0,499150;0,519767;0,668856;6
2630;389;8;12;18;23;28;35;0;0;0,518245;0,6296;16;3;0;-0,294710;-0,220909;0,587253;0,605084;6
2631;131;3;8;12;18;22;38;0;0;-0,907662;-0,7963;16;3;0;-1,640098;1,257594;-0,044268;0,112250;6
2632;394;8;12;18;23;37;38;0;0;0,478925;0,5902;16;3;0;-0,540508;0,277498;-0,642976;2,013006;6
2633;119;3;4;22;28;35;38;0;0;-1,653681;-1,5424;16;3;0;-0,838933;0,061419;-0,078321;-1,947005;6
2634;243;3;18;23;28;35;38;0;0;-0,415440;-0,3041;16;3;0;-0,970809;-0,076649;-0,414513;0,665760;6
2635;282;4;8;12;23;35;38;0;0;-0,625984;-0,5147;16;3;0;0,461877;1,000652;0,210817;-1,756930;6
2636;165;3;8;18;22;23;38;0;0;0,063199;0,1745;16;3;0;-0,162833;0,892922;-0,012073;0,284370;6
2637;241;3;18;22;35;37;38;0;0;-1,172540;-1,0612;16;3;0;-2,100738;-0,424605;-0,421943;0,491782;6
2638;254;4;8;12;18;22;28;0;0;1,387230;1,4986;16;3;0;-0,186980;2,545403;0,455376;2,134357;6
2639;197;3;12;18;22;23;28;0;0;1,346480;1,4578;16;3;0;0,422872;-0,324924;1,232396;0,676904;6
2640;159;3;8;12;28;35;38;0;0;-0,446896;-0,3356;16;3;0;-1,282855;0,525153;-0,582300;1,091108;6
2641;86;3;4;12;23;35;38;0;0;-1,496756;-1,3854;16;3;0;-1,817791;-0,069220;0,974215;-1,748881;6
2642;373;4;22;23;28;35;37;0;0;-0,831881;-0,7206;16;3;0;-0,080488;-0,886483;-0,281399;-1,078973;6
2643;97;3;4;18;22;28;37;0;0;0,463196;0,5745;16;3;0;0,695912;-0,230815;1,293071;-1,186703;6
2644;450;12;22;23;28;35;37;0;0;-0,592740;-0,4814;16;3;0;-0,623473;0,346841;0,258490;-0,661673;6
2645;310;4;8;22;23;28;38;0;0;-0,519103;-0,4078;16;3;0;-0,917563;-1,509955;-0,116708;0,135158;6
2646;272;4;8;12;22;28;35;0;0;-1,535719;-1,4244;16;3;0;-2,911190;-1,095752;-0,821907;1,073153;6
2647;106;3;4;18;23;35;38;0;0;1,630303;1,7416;16;3;0;1,014768;0,486148;2,312793;-0,503793;6
2648;401;8;12;22;23;28;38;0;0;-0,419372;-0,3080;16;3;0;-0,401821;0,007553;0,291305;-0,615857;6
2649;187;3;8;22;23;37;38;0;0;-0,706055;-0,5947;16;3;0;0,500264;-2,025079;-0,783520;-0,939667;6
2650;30;3;4;8;18;23;38;0;0;-0,308560;-0,1972;16;3;0;0,924374;-0,799803;-2,153674;0,694859;6
2651;163;3;8;18;22;23;35;0;0;1,243532;1,3549;16;3;0;0,857507;1,525062;1,520295;-0,223942;6
2652;451;12;22;23;28;35;38;0;0;-0,019374;0,0919;16;3;0;-0,046435;0,920783;1,374797;-1,361919;6
2653;247;3;22;23;28;35;37;0;0;-0,486217;-0,3749;16;3;0;-0,892798;0,415566;-0,118565;0,169211;6
2654;200;3;12;18;22;23;38;0;0;-1,778792;-1,6675;16;3;0;-1,267377;-0,655544;-0,338978;-1,474603;6
2655;379;8;12;18;22;23;28;0;0;-0,383626;-0,2723;16;3;0;-1,044487;-0,171378;-0,605827;0,985855;6
2656;31;3;4;8;18;28;35;0;0;0,253368;0,3647;16;3;0;-0,850077;-1,201624;0,373650;0,915273;6
2657;365;4;18;22;28;35;38;0;0;0,836742;0,9481;16;3;0;-0,355386;0,956693;1,354985;0,449680;6
2658;325;4;12;18;22;23;37;0;0;-0,070134;0,0412;16;3;0;-0,151070;-0,292729;-0,476427;0,506022;6
2659;286;4;8;12;28;37;38;0;0;0,454260;0,5656;16;3;0;0,762160;-2,890015;-0,397797;0,422438;6
2660;99;3;4;18;22;35;37;0;0;-1,457436;-1,3461;16;3;0;-2,343440;0,194533;-0,303688;0,122775;6
2661;340;4;12;18;28;35;38;0;0;0,691256;0,8026;16;3;0;0,074297;0,149955;-0,231248;1,354242;6
2662;125;3;4;23;35;37;38;0;0;-1,189341;-1,0780;16;3;0;-0,495930;-0,483423;-1,294929;-0,269140;6
2663;437;12;18;22;23;28;38;0;0;-0,322143;-0,2108;16;3;0;-1,716872;1,892212;1,301739;-0,142835;6
2664;409;8;12;23;28;35;37;0;0;-0,491578;-0,3803;16;3;0;-0,963380;0,243445;1,452190;-1,340249;6
2665;281;4;8;12;23;35;37;0;0;-2,157699;-2,0464;16;3;0;-1,797979;-0,471041;-0,760612;-1,178654;6
2666;417;8;18;22;23;35;37;0;0;-0,495868;-0,3845;16;3;0;-1,240754;0,647743;1,350032;-0,968147;6
2667;253;4;8;12;18;22;23;0;0;-0,884785;-0,7735;16;3;0;0,221033;-1,215245;-0,964928;-0,788597;6
2668;403;8;12;22;23;35;38;0;0;1,438705;1,5500;16;3;0;-0,086679;-1,258585;2,125813;0,452776;6
2669;316;4;8;22;28;37;38;0;0;0,278389;0,3897;16;3;0;-0,126304;0,097948;-0,519148;1,127637;6
2670;198;3;12;18;22;23;35;0;0;-1,142513;-1,0312;16;3;0;-0,965237;-0,780610;0,195338;-1,208992;6
2671;48;3;4;8;23;28;37;0;0;0,148990;0,2603;16;3;0;0,627807;0,046559;-0,052936;-0,316813;6
2672;444;12;18;22;35;37;38;0;0;0,021019;0,1323;16;3;0;-1,092780;-0,664212;1,421852;-0,292667;6
2673;279;4;8;12;23;28;37;0;0;1,269983;1,3813;16;3;0;0,824693;-1,310593;0,135901;1,239082;6
2674;421;8;18;22;28;35;38;0;0;0,119320;0,2306;16;3;0;0,271802;-1,971214;-0,833051;0,767918;6
2675;343;4;12;22;23;28;35;0;0;0,173654;0,2850;16;3;0;0,398106;0,463240;0,231248;-0,328577;6
2676;318;4;8;23;28;35;37;0;0;1,117705;1,2290;16;3;0;1,323099;-2,364367;1,364272;-0,751449;6
2677;189;3;8;22;28;35;38;0;0;-0,326075;-0,2148;16;3;0;0,095347;-0,240721;-1,214441;0,554315;6
2678;252;3;23;28;35;37;38;0;0;0,217622;0,3289;16;3;0;-0,746681;-0,827665;0,000310;1,123303;6
2679;114;3;4;22;23;28;38;0;0;1,064087;1,1754;16;3;0;1,727397;-1,742752;-0,905490;1,021145;6
2680;345;4;12;22;23;28;38;0;0;1,851929;1,9633;16;3;0;0,497788;0,629788;1,353128;1,356719;6
2681;177;3;8;18;23;37;38;0;0;-2,573783;-2,4625;16;3;0;-0,063771;-0,727364;-2,899117;-1,495034;6
2682;336;4;12;18;23;35;37;0;0;1,532717;1,6440;16;3;0;0,064390;1,092904;1,059656;1,530697;6
2683;439;12;18;22;23;35;38;0;0;1,481243;1,5926;16;3;0;0,046435;0,373464;0,961213;1,557939;6
2684;54;3;4;8;28;35;38;0;0;0,359175;0,4705;16;3;0;-0,575180;0,739375;0,860912;0,336378;6
2685;95;3;4;18;22;23;38;0;0;-0,343233;-0,2319;16;3;0;-0,265610;-0,232672;-0,698079;0,369192;6
2686;147;3;8;12;22;28;37;0;0;-0,191312;-0,0800;16;3;0;0,286042;-1,320499;-0,160666;-0,456739;6
2687;434;8;23;28;35;37;38;0;0;-0,551632;-0,4403;16;3;0;-1,149121;-1,019598;-0,039934;0,233601;6
2688;60;3;4;12;18;22;37;0;0;0,194744;0,3061;16;3;0;0,592516;0,175340;-0,875153;0,619944;6
2689;171;3;8;18;22;37;38;0;0;0,378479;0,4898;16;3;0;0,434635;0,184627;0,881344;-0,660435;6
2690;269;4;8;12;22;23;35;0;0;0,654438;0,7658;16;3;0;0,050150;-1,641213;-0,163143;1,246512;6
2691;398;8;12;18;35;37;38;0;0;-0,183806;-0,0725;16;3;0;-0,614186;0,104139;-0,663407;0,959232;6
2692;142;3;8;12;22;23;28;0;0;0,731649;0,8430;16;3;0;0,560320;-1,545246;1,514104;-0,807171;6
2693;51;3;4;8;23;35;38;0;0;0,543625;0,6549;16;3;0;-0,348575;-0,041358;-0,016407;1,306568;6
2694;270;4;8;12;22;23;37;0;0;0,307701;0,4190;16;3;0;0,297187;0,359224;0,350123;-0,114355;6
2695;244;3;18;23;28;37;38;0;0;-0,175584;-0,0643;16;3;0;-0,288519;1,170915;-0,677028;0,661426;6
2696;290;4;8;18;22;23;37;0;0;2,053536;2,1649;16;3;0;0,732441;0,305359;1,230538;1,593849;6
2697;170;3;8;18;22;35;38;0;0;0,398854;0,5102;16;3;0;0,676719;-1,828812;0,720987;-0,706871;6
2698;123;3;4;23;28;35;38;0;0;0,622266;0,7336;16;3;0;0,884130;1,022322;1,257780;-1,064114;6
2699;262;4;8;12;18;28;35;0;0;-0,483357;-0,3720;16;3;0;0,633379;-0,358357;0,202768;-1,673346;6
2700;347;4;12;22;23;35;38;0;0;-0,841532;-0,7302;16;3;0;-0,663098;-1,509955;-1,623691;0,829212;6
2701;203;3;12;18;22;28;38;0;0;0,366325;0,4776;16;3;0;-0,476737;0,735661;0,275207;0,836023;6
2702;20;3;4;8;12;35;38;0;0;-0,985588;-0,8743;16;3;0;-0,814167;1,903356;-0,184813;-0,708109;6
2703;452;12;22;23;28;37;38;0;0;-0,995240;-0,8839;16;3;0;-1,869799;0,494196;0,280160;-0,134167;6
2704;231;3;12;28;35;37;38;0;0;0,520390;0,6317;16;3;0;2,137886;1,136862;0,324738;-1,561282;6
2705;103;3;4;18;23;28;37;0;0;0,839602;0,9509;16;3;0;0,497168;-0,471660;0,576728;0,380337;6
2706;77;3;4;12;22;28;37;0;0;-1,915699;-1,8044;16;3;0;-1,477265;-0,271678;0,181717;-2,022540;6
2707;391;8;12;18;23;28;38;0;0;-0,778977;-0,6677;16;3;0;-1,361486;1,378327;0,598398;-0,586139;6
2708;397;8;12;18;28;37;38;0;0;0,499657;0,6110;16;3;0;-0,009906;-0,515000;1,155003;-0,279665;6
2709;155;3;8;12;23;35;37;0;0;-1,482815;-1,3715;16;3;0;-1,258090;-1,095752;-0,077702;-1,232519;6
2710;194;3;8;23;28;37;38;0;0;-1,344120;-1,2328;16;3;0;-1,347865;0,014364;0,926541;-1,906761;6
2711;458;18;22;23;28;37;38;0;0;1,068376;1,1797;16;3;0;1,544132;0,213727;0,551962;-0,245612;6
2712;173;3;8;18;23;28;37;0;0;0,732721;0,8440;16;3;0;0,696531;-1,186765;-0,238678;0,811257;6
2713;213;3;12;18;28;35;37;0;0;0,626198;0,7375;16;3;0;-0,681672;0,425472;2,309078;-0,542799;6
2714;75;3;4;12;22;23;38;0;0;-0,346450;-0,2351;16;3;0;-2,408449;-1,126089;0,849768;0,958612;6
2715;134;3;8;12;18;23;37;0;0;-0,070491;0,0408;16;3;0;1,116307;-1,118660;-0,327215;-0,911186;6
2716;65;3;4;12;18;23;38;0;0;-0,002931;0,1084;16;3;0;0,165310;-1,025170;-0,737085;0,566698;6
2717;120;3;4;22;28;37;38;0;0;-0,793633;-0,6823;16;3;0;-0,201220;-0,045073;-0,608304;-0,565088;6
2718;45;3;4;8;22;35;38;0;0;-0,326075;-0,2148;16;3;0;0,349813;1,604312;0,399654;-1,314246;6
2719;372;4;18;28;35;37;38;0;0;-0,547700;-0,4364;16;3;0;0,004334;-0,089032;-0,600255;-0,352723;6
2720;184;3;8;22;23;28;38;0;0;-0,856188;-0,7449;16;3;0;-0,487881;0,306597;0,186051;-1,181131;6
2721;399;8;12;22;23;28;35;0;0;0,074638;0,1860;16;3;0;1,063680;0,392039;-0,972976;0,038572;6
2722;93;3;4;18;22;23;35;0;0;-0,507664;-0,3963;16;3;0;-0,272421;-0,295824;-0,556915;-0,049964;6
2723;382;8;12;18;22;23;38;0;0;-1,010253;-0,8989;16;3;0;-0,130019;-0,650591;-0,225676;-1,394115;6
2724;364;4;18;22;28;35;37;0;0;1,327177;1,4385;16;3;0;0,798689;-0,513142;2,083092;-0,583043;6
2725;433;8;22;28;35;37;38;0;0;0,444716;-0,0426;17;3;0;0,382009;0,508127;0,439960;-0,051698;6
2726;223;3;12;22;28;35;37;0;0;1,839524;1,3522;17;3;0;0,939233;-0,701051;1,520976;0,725940;6
2727;29;3;4;8;18;23;37;0;0;0,652757;0,1655;17;3;0;1,026532;-3,470458;0,481442;-0,377365;6
2728;56;3;4;8;35;37;38;0;0;-1,984224;-2,4715;17;3;0;-1,024055;0,219608;-0,705447;-1,707275;6
2729;357;4;12;28;35;37;38;0;0;2,409673;1,9224;17;3;0;1,183174;-1,290471;1,455967;1,534535;6
2730;136;3;8;12;18;28;35;0;0;0,002896;-0,4844;17;3;0;0,731203;0,217751;0,670899;-1,397086;6
2731;41;3;4;8;22;28;35;0;0;2,116556;1,6293;17;3;0;1,372011;-0,655234;0,890074;1,403897;6
2732;410;8;12;23;28;35;38;0;0;1,325140;0,8378;17;3;0;1,316908;0,243136;0,938367;0,039934;6
2733;460;18;22;28;35;37;38;0;0;1,491716;1,0044;17;3;0;1,080397;-0,546885;-0,010773;1,514104;6
2734;201;3;12;18;22;28;35;0;0;0,852577;0,3653;17;3;0;-1,368297;0,266044;2,114730;0,730274;6
2735;275;4;8;12;22;35;37;0;0;-1,291824;-1,7791;17;3;0;-0,841409;-2,094732;-0,483795;-0,912301;6
2736;47;3;4;8;23;28;35;0;0;-0,778512;-1,2658;17;3;0;-0,967095;-0,007615;-0,423119;0,041792;6
2737;432;8;22;23;35;37;38;0;0;-0,185843;-0,6731;17;3;0;-1,012911;-0,964185;0,867166;-0,176145;6
2738;63;3;4;12;18;23;35;0;0;0,722462;0,2352;17;3;0;0,501502;0,310003;0,256076;0,493763;6
2739;164;3;8;18;22;23;37;0;0;1,086714;0,5994;17;3;0;1,905709;-1,194504;-0,922145;0,898680;6
2740;145;3;8;12;22;23;38;0;0;-0,526145;-1,0134;17;3;0;-0,282946;0,656101;0,056094;-0,684458;6
2741;356;4;12;23;35;37;38;0;0;-0,002824;-0,4901;17;3;0;1,706346;-0,574127;-2,097889;0,386652;6
2742;329;4;12;18;22;28;38;0;0;1,928175;1,4409;17;3;0;0,622234;-1,272516;0,917316;1,800146;6
2743;284;4;8;12;28;35;37;0;0;0,846500;0,3592;17;3;0;0,507694;-1,947996;1,246078;-0,287590;6
2744;178;3;8;18;28;35;37;0;0;0,317460;-0,1698;17;3;0;-0,603660;-1,395724;0,659754;0,493763;6
2745;319;4;8;23;28;35;38;0;0;1,180368;0,6931;17;3;0;1,568278;-1,151784;1,223170;-0,746991;6
2746;96;3;4;18;22;28;35;0;0;0,339980;-0,1473;17;3;0;1,002385;-1,457019;-0,144507;-0,269016;6
2747;71;3;4;12;18;37;38;0;0;0,101912;-0,3854;17;3;0;0,471165;-1,736251;-0,283194;-0,011454;6
2748;431;8;22;23;28;37;38;0;0;-0,193350;-0,6806;17;3;0;0,820359;-1,320189;0,213974;-1,369225;6
2749;305;4;8;18;28;35;38;0;0;1,386980;0,8997;17;3;0;1,420923;-0,797636;1,758106;-0,776709;6
2750;436;12;18;22;23;28;37;0;0;0,360356;-0,1269;17;3;0;0,398106;-2,946048;0,234406;-0,008358;6
2751;73;3;4;12;22;23;35;0;0;0,558746;0,0714;17;3;0;0,503979;-2,307096;0,146488;0,317309;6
2752;260;4;8;12;18;23;37;0;0;2,282417;1,7951;17;3;0;0,669908;-1,345574;1,858407;1,424948;6
2753;40;3;4;8;22;23;38;0;0;1,864189;1,3769;17;3;0;0,879177;0,061728;1,330900;1,018793;6
2754;285;4;8;12;28;35;38;0;0;-0,503625;-0,9909;17;3;0;-0,641428;-1,406250;-0,744452;0,513576;6
2755;263;4;8;12;18;28;37;0;0;-0,328470;-0,8158;17;3;0;-0,018574;-0,720244;-1,182803;0,632450;6
2756;43;3;4;8;22;28;38;0;0;-0,186916;-0,6742;17;3;0;-0,748539;1,675823;1,946324;-1,521533;6
2757;428;8;18;28;35;37;38;0;0;0,853292;0,3660;17;3;0;-1,653100;0,760736;1,374240;1,756806;6
2758;259;4;8;12;18;23;35;0;0;-0,388523;-0,8758;17;3;0;-0,548557;0,103210;-0,286290;0,161905;6
2759;328;4;12;18;22;28;37;0;0;-0,941156;-1,4285;17;3;0;-0,737394;1,277097;-1,037924;0,145188;6
2760;274;4;8;12;22;28;38;0;0;1,162495;0,6752;17;3;0;1,315050;-0,816211;0,570598;0,127852;6
2761;362;4;18;22;23;35;38;0;0;1,939970;1,4527;17;3;0;1,753401;-0,669475;0,767484;0,839242;6
2762;255;4;8;12;18;22;35;0;0;-0,579407;-1,0667;17;3;0;-1,080397;-1,393867;-0,426834;0,503669;6
2763;109;3;4;18;28;35;38;0;0;0,442213;-0,0451;17;3;0;0,396249;0,961337;0,606508;-0,236821;6
2764;378;4;23;28;35;37;38;0;0;1,011647;0,5243;17;3;0;0,181408;-0,380337;0,703713;0,867104;6
2765;302;4;8;18;23;35;38;0;0;0,182697;-0,3046;17;3;0;-1,699536;1,827512;0,584838;1,431139;6
2766;446;12;18;23;28;35;38;0;0;0,810754;0,3235;17;3;0;0,364673;0,340960;1,062194;-0,022599;6
2767;105;3;4;18;23;35;37;0;0;-0,075031;-0,5623;17;3;0;0,531221;0,662293;-2,019878;1,358700;6
2768;53;3;4;8;28;35;37;0;0;0,968037;0,4807;17;3;0;0,347956;-1,642761;0,812062;0,516671;6
2769;374;4;22;23;28;35;38;0;0;-0,208363;-0,6957;17;3;0;1,077920;-0,841595;-1,962298;0,523482;6
2770;215;3;12;18;28;37;38;0;0;0,421124;-0,0662;17;3;0;2,042538;1,447980;-1,027399;-0,285732;6
2771;124;3;4;23;28;37;38;0;0;-1,045892;-1,5332;17;3;0;-1,670436;-0,420581;0,428815;-0,569917;6
2772;283;4;8;12;23;37;38;0;0;0,706376;0,2191;17;3;0;-0,202458;0,079683;-0,354395;1,780333;6
2773;230;6;13;29;32;41;43;0;0;-0,984802;-0,9470;18;3;0;-0,659383;1,060461;-0,144940;-0,901404;7
2774;92;6;7;19;24;29;30;0;0;-0,433599;-0,3958;18;3;0;0,109588;-0,899113;-0,115841;-0,744762;7
2775;175;6;8;19;29;32;41;0;0;-0,911165;-0,8734;18;3;0;-0,808595;-1,221065;-0,078073;-0,691516;7
2776;134;6;8;13;19;29;41;0;0;0,047185;0,0849;18;3;0;-1,168315;0,359596;0,802961;0,447080;7
2777;247;6;24;29;30;32;41;0;0;-1,842348;-1,8046;18;3;0;0,081107;0,792993;-1,307064;-1,965084;7
2778;319;7;8;29;30;32;43;0;0;-1,330108;-1,2923;18;3;0;-0,555987;-0,555491;0,628983;-2,376811;7
2779;406;8;13;24;30;32;43;0;0;-1,300439;-1,2627;18;3;0;-0,861841;-0,996937;-1,190046;-0,200539;7
2780;164;6;8;19;24;29;41;0;0;1,820901;1,8587;18;3;0;1,489648;0,526763;0,726807;0,937438;7
2781;391;8;13;19;29;30;43;0;0;0,968001;1,0058;18;3;0;0,041482;-0,481195;1,186208;0,448937;7
2782;172;6;8;19;29;30;32;0;0;-0,771041;-0,7333;18;3;0;0,025385;-0,484290;-2,182526;0,821659;7
2783;13;6;7;8;13;29;32;0;0;0,167648;0,2054;18;3;0;0,348575;-1,949792;-0,417981;0,359781;7
2784;332;7;13;19;24;41;43;0;0;0,796421;0,8342;18;3;0;-0,214222;1,691363;-0,035353;1,629016;7
2785;93;6;7;19;24;29;32;0;0;0,106166;0,1439;18;3;0;-0,598088;0,186856;-0,868713;1,650686;7
2786;1;6;7;8;13;19;24;0;0;-0,599460;-0,5617;18;3;0;0,389438;0,412842;-0,223571;-1,204163;7
2787;75;6;7;13;24;29;43;0;0;-0,822515;-0,7848;18;3;0;1,087827;-0,580876;-1,889054;-0,623411;7
2788;278;7;8;13;29;30;32;0;0;-0,322786;-0,2850;18;3;0;-0,345479;1,558248;-0,801227;0,587625;7
2789;146;6;8;13;24;30;32;0;0;0,363179;0,4009;18;3;0;-0,468688;-0,795717;0,624030;0,473703;7
2790;140;6;8;13;19;32;43;0;0;0,952273;0,9900;18;3;0;0,872986;1,191718;-0,296010;1,072410;7
2791;400;8;13;24;29;30;41;0;0;0,442178;0,4799;18;3;0;0,068724;-1,170915;-0,317680;1,014830;7
2792;285;7;8;13;30;32;43;0;0;-1,084533;-1,0468;18;3;0;-1,347246;-1,053898;0,224066;-0,755287;7
2793;375;7;24;29;30;41;43;0;0;0,902944;0,9407;18;3;0;-0,504598;2,157574;2,301277;-0,232734;7
2794;191;6;8;24;32;41;43;0;0;-1,210359;-1,1726;18;3;0;-0,262515;0,700122;-0,413027;-1,420861;7
2795;424;8;19;29;30;32;41;0;0;-0,877922;-0,8402;18;3;0;-1,562087;1,917968;0,396806;-0,355324;7
2796;366;7;19;24;30;41;43;0;0;-1,342977;-1,3052;18;3;0;-1,590567;0,306350;-0,650158;-0,085379;7
2797;100;6;7;19;24;32;43;0;0;-1,112057;-1,0743;18;3;0;0,696531;0,248770;-1,989354;-0,633317;7
2798;98;6;7;19;24;30;43;0;0;0,314922;0,3527;18;3;0;-0,573942;-0,965361;1,397953;-0,278550;7
2799;120;6;7;24;30;41;43;0;0;-0,407505;-0,3697;18;3;0;0,143640;0,877815;-0,427887;-0,421572;7
2800;201;6;13;19;24;30;32;0;0;0,850397;0,8882;18;3;0;0,960903;-0,619262;0,006749;0,505279;7
2801;222;6;13;24;29;41;43;0;0;1,232164;1,2699;18;3;0;1,185651;-0,308455;0,402378;0,546142;7
2802;382;8;13;19;24;29;43;0;0;-0,696332;-0,6586;18;3;0;-0,142402;0,572579;-0,508994;-0,554686;7
2803;8;6;7;8;13;24;30;0;0;1,962455;2,0002;18;3;0;1,799217;2,862773;0,505155;1,094699;7
2804;377;7;24;30;32;41;43;0;0;1,524209;1,5620;18;3;0;1,383156;0,667927;0,624030;0,632822;7
2805;64;6;7;13;19;29;41;0;0;0,297764;0,3355;18;3;0;-0,197505;-0,728850;0,242021;0,471226;7
2806;152;6;8;13;29;30;32;0;0;0,142626;0,1804;18;3;0;-0,212984;-1,116431;0,828346;-0,368326;7
2807;399;8;13;24;29;30;32;0;0;0,608397;0,6462;18;3;0;-0,563416;-0,314027;0,312603;1,304587;7
2808;56;6;7;8;32;41;43;0;0;0,117247;0,1550;18;3;0;0,015478;0,785563;-0,456986;0,644585;7
2809;114;6;7;24;29;30;43;0;0;1,164604;1,2024;18;3;0;0,791878;-0,285547;1,149059;0,076216;7
2810;148;6;8;13;24;30;43;0;0;-0,594813;-0,5570;18;3;0;-0,955331;-1,133148;-0,352352;0,277436;7
2811;42;6;7;8;24;30;41;0;0;0,591239;0,6290;18;3;0;0,713867;1,755134;1,238835;-0,928646;7
2812;95;6;7;19;24;29;43;0;0;0,935115;0,9729;18;3;0;0,575180;0,350928;0,498964;0,545523;7
2813;161;6;8;13;32;41;43;0;0;-0,397495;-0,3597;18;3;0;-1,535464;-0,499769;1,299510;-0,452528;7
2814;131;6;8;13;19;24;43;0;0;-0,816081;-0,7783;18;3;0;-0,551033;0,233911;-0,337492;-0,524968;7
2815;309;7;8;24;29;30;41;0;0;-1,634307;-1,5965;18;3;0;-0,668670;1,423276;-1,869242;-0,292791;7
2816;302;7;8;19;29;32;43;0;0;0,017158;0,0549;18;3;0;0,003096;3,014462;0,536112;-0,509489;7
2817;156;6;8;13;29;32;43;0;0;-2,710260;-2,6725;18;3;0;-0,294091;1,596016;-2,872246;-1,527972;7
2818;72;6;7;13;24;29;30;0;0;1,556023;1,5938;18;3;0;1,233943;-1,518871;1,610318;-0,149151;7
2819;462;24;29;30;32;41;43;0;0;-0,564071;-0,5263;18;3;0;0,954093;0,892055;-1,796183;-0,134910;7
2820;348;7;13;24;29;41;43;0;0;0,262376;0,3001;18;3;0;-0,165310;1,211531;0,681610;-0,061852;7
2821;333;7;13;19;29;30;32;0;0;-0,417513;-0,3797;18;3;0;0,012383;-0,120237;1,178778;-1,914315;7
2822;294;7;8;19;24;30;43;0;0;1,256471;1,2942;18;3;0;0,009906;-0,314646;1,305082;0,861284;7
2823;266;7;8;13;19;32;43;0;0;0,495082;0,5328;18;3;0;-0,277374;0,697645;0,603598;0,531283;7
2824;176;6;8;19;29;32;43;0;0;0,724929;0,7627;18;3;0;0,782591;-0,805623;2,237505;-1,764483;7
2825;59;6;7;13;19;24;32;0;0;-1,054864;-1,0171;18;3;0;-0,456305;0,584343;-0,352971;-1,017802;7
2826;359;7;19;24;29;30;41;0;0;0,281679;0,3194;18;3;0;-0,390676;1,168191;1,199210;-0,320652;7
2827;84;6;7;13;29;30;43;0;0;0,280963;0,3187;18;3;0;0,165310;-0,364177;1,368854;-1,047521;7
2828;371;7;19;29;32;41;43;0;0;0,776045;0,8138;18;3;0;1,402349;0,193047;0,881592;-0,939791;7
2829;262;7;8;13;19;30;32;0;0;1,471305;1,5091;18;3;0;-0,677338;-0,219299;0,682229;2,543484;7
2830;282;7;8;13;29;32;43;0;0;0,237353;0,2751;18;3;0;0,417299;1,046221;-0,463178;0,456986;7
2831;295;7;8;19;24;32;41;0;0;2,462184;2,4999;18;3;0;2,683347;0,766370;0,092809;1,488471;7
2832;336;7;13;19;29;32;41;0;0;0,575511;0,6133;18;3;0;-0,059437;0,332354;1,557691;-0,501440;7
2833;107;6;7;19;29;41;43;0;0;0,189811;0,2276;18;3;0;1,480980;-0,912115;-0,312727;-0,839490;7
2834;255;7;8;13;19;24;32;0;0;-0,060768;-0,0230;18;3;0;0,068105;1,649881;-0,921340;0,747981;7
2835;124;6;7;29;30;41;43;0;0;-1,414111;-1,3763;18;3;0;0,031576;-0,216822;-1,715695;-0,765193;7
2836;58;6;7;13;19;24;30;0;0;-1,186767;-1,1490;18;3;0;0,549176;-0,253352;-1,303349;-1,301368;7
2837;128;6;8;13;19;24;30;0;0;-0,544769;-0,5070;18;3;0;-1,116307;-0,104139;1,082192;-0,909453;7
2838;52;6;7;8;29;41;43;0;0;1,429839;1,4676;18;3;0;0,845124;-1,224780;0,872304;0,759126;7
2839;356;7;13;29;32;41;43;0;0;-0,448254;-0,4105;18;3;0;0,998052;1,100705;-1,694025;-0,080426;7
2840;444;13;19;24;32;41;43;0;0;-0,944051;-0,9063;18;3;0;0,728107;1,415227;-0,499707;-1,863545;7
2841;225;6;13;24;30;41;43;0;0;0,649147;0,6869;18;3;0;-0,495311;-0,717706;0,836394;0,783272;7
2842;430;8;24;29;30;32;43;0;0;-0,042180;-0,0044;18;3;0;1,292762;0,351547;-0,554191;-0,811629;7
2843;155;6;8;13;29;32;41;0;0;-0,170151;-0,1324;18;3;0;-0,048912;0,428320;1,095194;-1,340992;7
2844;450;13;24;29;30;32;41;0;0;-0,729576;-0,6918;18;3;0;-0,776400;0,446894;0,374517;-0,861779;7
2845;341;7;13;19;30;41;43;0;0;-1,276131;-1,2384;18;3;0;-1,466120;1,461663;0,403617;-1,147821;7
2846;127;6;8;13;19;24;29;0;0;-0,181232;-0,1435;18;3;0;-0,231558;1,376221;-0,523853;0,441508;7
2847;71;6;7;13;19;41;43;0;0;-0,941907;-0,9041;18;3;0;-1,186270;1,558867;-1,075506;0,630345;7
2848;411;8;13;29;30;41;43;0;0;-0,610541;-0,5728;18;3;0;-0,277993;0,966352;0,868590;-1,648085;7
2849;195;6;8;29;32;41;43;0;0;-1,289358;-1,2516;18;3;0;-1,952763;-0,287404;-0,672447;0,391977;7
2850;103;6;7;19;29;30;41;0;0;-0,995168;-0,9574;18;3;0;-1,812219;-1,530635;1,679661;-1,591124;7
2851;253;7;8;13;19;24;29;0;0;0,698476;0,7362;18;3;0;1,506984;0,229577;-0,205616;-0,091571;7
2852;260;7;8;13;19;29;41;0;0;0,303484;0,3412;18;3;0;-0,790640;-0,331982;-0,520138;1,836427;7
2853;280;7;8;13;29;30;43;0;0;0,126541;0,1643;18;3;0;0,824693;0,654306;-1,647590;1,042072;7
2854;132;6;8;13;19;29;30;0;0;-0,336728;-0,2990;18;3;0;1,017245;0,119989;-0,034734;-1,565740;7
2855;159;6;8;13;30;32;43;0;0;-0,382482;-0,3447;18;3;0;0,599945;1,389842;-1,430272;0,167848;7
2856;433;8;24;30;32;41;43;0;0;-0,037176;0,0006;18;3;0;1,487790;0,373217;-0,598769;-0,953412;7
2857;129;6;8;13;19;24;32;0;0;0,169436;0,2072;18;3;0;-0,190695;1,051793;-0,278055;0,762222;7
2858;110;6;7;19;30;41;43;0;0;-0,599103;-0,5613;18;3;0;-0,082965;0,458658;-0,965299;0,010587;7
2859;7;6;7;8;13;24;29;0;0;0,998743;1,0365;18;3;0;0,834599;1,228866;1,401668;-0,506394;7
2860;227;6;13;29;30;32;41;0;0;-2,275232;-2,2375;18;3;0;-1,473550;-0,322695;-0,136272;-2,330995;7
2861;317;7;8;24;32;41;43;0;0;-0,897224;-0,8595;18;3;0;-0,978858;1,142806;-0,397549;-0,177631;7
2862;53;6;7;8;30;32;41;0;0;0,030742;0,0685;18;3;0;0,902704;-0,892303;-0,357305;-0,492153;7
2863;185;6;8;24;29;32;41;0;0;0,384270;0,4220;18;3;0;-0,409251;-0,120237;0,677895;0,396930;7
2864;239;6;19;24;30;32;43;0;0;0,384627;0,4224;18;3;0;0,547938;1,482713;-0,396930;0,515185;7
2865;342;7;13;19;32;41;43;0;0;-0,362465;-0,3247;18;3;0;-0,263753;0,543480;-0,879858;0,515804;7
2866;293;7;8;19;24;30;41;0;0;0,825375;0,8631;18;3;0;-0,897751;-0,544347;2,434391;-0,107049;7
2867;61;6;7;13;19;24;43;0;0;0,418228;0,4560;18;3;0;-0,367768;-0,865061;1,843733;-0,751572;7
2868;189;6;8;24;30;32;43;0;0;1,498115;1,5359;18;3;0;0,918802;-0,450238;0,399283;1,276726;7
2869;14;6;7;8;13;29;41;0;0;-1,499902;-1,4621;18;3;0;0,222271;-0,542489;-1,362786;-1,457391;7
2870;113;6;7;24;29;30;41;0;0;1,151736;1,1895;18;3;0;1,333006;1,205339;2,092008;-1,430148;7
2871;184;6;8;24;29;30;43;0;0;-0,768181;-0,7304;18;3;0;-1,373250;0,949635;1,091480;-1,048759;7
2872;401;8;13;24;29;30;43;0;0;0,315995;0,3538;18;3;0;-0,933661;-1,398139;1,388047;0,092933;7
2873;57;6;7;13;19;24;29;0;0;-0,698119;-0,6604;18;3;0;-0,641428;0,773180;-0,347399;-0,220351;7
2874;171;6;8;19;24;41;43;0;0;-0,207327;-0,1696;18;3;0;-0,043340;1,389842;0,219113;-0,534874;7
2875;315;7;8;24;30;32;43;0;0;0,080071;0,1178;18;3;0;0,479213;-1,117050;0,786863;-1,127390;7
2876;365;7;19;24;30;32;43;0;0;-0,403214;-0,3655;18;3;0;0,544842;1,012168;-0,886668;-0,356562;7
2877;94;6;7;19;24;29;41;0;0;-0,366397;-0,3286;18;3;0;0,399964;-1,094761;-0,071882;-0,962699;7
2878;340;7;13;19;30;32;43;0;0;-1,840561;-1,8028;18;3;0;-2,227042;-0,421757;-0,057642;-0,903261;7
2879;112;6;7;24;29;30;32;0;0;-1,307588;-1,2698;18;3;0;-2,067923;-0,136953;0,455005;-0,651891;7
2880;389;8;13;19;29;30;32;0;0;0,430382;0,4681;18;3;0;-0,648238;-0,906543;1,011611;0,382070;7
2881;395;8;13;19;30;32;41;0;0;0,005719;0,0435;18;3;0;-0,329382;1,383032;-0,292295;0,631583;7
2882;292;7;8;19;24;30;32;0;0;1,529213;1,5670;18;3;0;2,336629;0,229577;0,871066;-0,559020;7
2883;31;6;7;8;19;30;32;0;0;2,831082;2,8688;18;3;0;2,103833;0,966971;0,840109;1,959636;7
2884;448;13;19;29;32;41;43;0;0;0,428952;0,4667;18;3;0;0,321333;0,606013;-0,655111;1,076744;7
2885;206;6;13;19;24;41;43;0;0;0,489005;0,5268;18;3;0;0,352290;0,448752;0,202396;0,292295;7
2886;123;6;7;29;30;32;43;0;0;0,375333;0,4131;18;3;0;-0,391296;0,529859;0,433954;0,607437;7
2887;314;7;8;24;30;32;41;0;0;-0,673455;-0,6357;18;3;0;0,019193;1,815810;0,264310;-1,449961;7
2888;363;7;19;24;29;41;43;0;0;0,567289;0,6051;18;3;0;0,474260;0,748415;0,253166;0,255147;7
2889;376;7;24;29;32;41;43;0;0;-0,045755;-0,0080;18;3;0;-0,072439;-0,405660;-0,500945;0,494135;7
2890;111;6;7;19;32;41;43;0;0;1,297937;1,3357;18;3;0;2,243140;0,665450;-0,658206;0,663159;7
2891;122;6;7;29;30;32;41;0;0;0,718851;0,7566;18;3;0;1,514413;1,829431;0,224066;-0,493392;7
2892;199;6;13;19;24;29;41;0;0;-0,545483;-0,5077;18;3;0;-0,373960;-1,915739;-0,279293;-0,291552;7
2893;343;7;13;24;29;30;32;0;0;-1,864511;-1,8267;18;3;0;-2,372539;0,295205;-0,074359;-0,782529;7
2894;267;7;8;13;19;41;43;0;0;-0,232348;-0,1946;18;3;0;-0,853792;-0,643409;1,426434;-0,975081;7
2895;249;6;24;29;30;41;43;0;0;-1,260046;-1,2223;18;3;0;-1,733588;-0,723897;0,412284;-0,861160;7
2896;384;8;13;19;24;30;41;0;0;1,038778;1,0765;18;3;0;0,571465;2,329076;0,685944;0,541808;7
2897;291;7;8;19;24;29;43;0;0;-0,224842;-0,1871;18;3;0;-0,355386;0,446894;-1,558434;1,524381;7
2898;215;6;13;19;30;41;43;0;0;0,822515;0,8603;18;3;0;0,578276;0,643161;0,350371;0,495992;7
2899;268;7;8;13;24;29;30;0;0;0,319569;0,3573;18;3;0;-0,933661;-0,259543;0,973224;0,513947;7
2900;181;6;8;19;32;41;43;0;0;0,891862;0,9296;18;3;0;0,625330;-0,478099;0,336750;0,582671;7
2901;396;8;13;19;30;32;43;0;0;-0,063985;-0,0262;18;3;0;0,295948;-0,994461;1,563882;-1,970656;7
2902;160;6;8;13;30;41;43;0;0;-1,657899;-1,6201;18;3;0;-0,567131;0,294586;-0,564716;-1,739718;7
2903;316;7;8;24;30;41;43;0;0;0,769969;0,8077;18;3;0;0,123828;-0,262639;0,244498;0,965299;7
2904;18;6;7;8;13;30;43;0;0;-0,659871;-0,6221;18;3;0;-0,052008;-1,504012;-0,221714;-0,869209;7
2905;15;6;7;8;13;29;43;0;0;-0,640210;-0,6024;18;3;0;-0,960284;1,466616;0,056899;-0,205492;7
2906;374;7;24;29;30;32;43;0;0;0,940834;0,9786;18;3;0;1,217846;-0,395134;1,369473;-0,957746;7
2907;165;6;8;19;24;29;43;0;0;0,483286;0,5210;18;3;0;-0,629664;0,931680;0,878496;0,588244;7
2908;305;7;8;19;30;32;43;0;0;-1,307231;-1,2695;18;3;0;-1,286570;0,627683;0,168963;-1,146583;7
2909;265;7;8;13;19;32;41;0;0;-1,224300;-1,1865;18;3;0;-0,572703;1,926636;-0,181470;-1,366377;7
2910;398;8;13;19;32;41;43;0;0;1,866298;1,9041;18;3;0;1,383775;-0,127666;0,858064;0,990684;7
2911;32;6;7;8;19;30;41;0;0;-1,553164;-1,5154;18;3;0;-0,349194;1,766279;0,625887;-2,966851;7
2912;383;8;13;19;24;30;32;0;0;1,151021;1,1888;18;3;0;0,005572;-2,064951;1,093337;0,894717;7
2913;214;6;13;19;30;32;43;0;0;-0,103306;-0,0655;18;3;0;-0,985669;1,787949;-0,520758;1,327495;7
2914;117;6;7;24;29;41;43;0;0;0,126183;0,1639;18;3;0;0,609232;0,066124;-1,066838;0,676161;7
2915;403;8;13;24;29;32;43;0;0;0,004647;0,0424;18;3;0;1,617809;-0,154908;-0,491039;-1,118722;7
2916;339;7;13;19;30;32;41;0;0;1,394809;1,4326;18;3;0;1,012911;1,986073;0,775100;0,627869;7
2917;443;13;19;24;30;41;43;0;0;0,160499;0,1983;18;3;0;0,512647;-0,319599;-0,536236;0,301582;7
2918;193;6;8;29;30;32;43;0;0;-0,889717;-0,8520;18;3;0;-0,243321;0,277869;-1,176425;-0,121289;7
2919;4;6;7;8;13;19;32;0;0;0,534045;0,5718;18;3;0;0,152308;0,946539;0,432097;0,340588;7
2920;352;7;13;24;32;41;43;0;0;0,039678;0,0774;18;3;0;-0,284804;-1,887258;-0,334397;0,687925;7
2921;330;7;13;19;24;32;41;0;0;0,337084;0,3748;18;3;0;0,602422;0,573199;-0,279913;0,261338;7
2922;66;6;7;13;19;30;32;0;0;-0,023235;0,0145;18;3;0;1,524319;1,161999;0,630221;-2,194785;7
2923;30;6;7;8;19;29;43;0;0;0,161215;0,1990;18;3;0;0,583848;-0,001362;-0,388881;0,084265;7
2924;347;7;13;24;29;32;43;0;0;-0,986232;-0,9485;18;3;0;-2,162651;1,665359;1,222118;-0,767670;7
2925;413;8;13;30;32;41;43;0;0;-2,917945;-2,8802;18;3;0;-2,132313;0,106987;-1,766465;-1,155251;7
2926;394;8;13;19;29;41;43;0;0;-0,351383;-0,3136;18;3;0;-0,073678;1,258585;-0,035972;-0,498964;7
2927;420;8;19;24;30;32;41;0;0;-0,676314;-0,6386;18;3;0;0,344241;1,268491;-0,624773;-0,890879;7
2928;334;7;13;19;29;30;41;0;0;0,142984;0,1807;18;3;0;-0,101539;1,051174;-0,068786;0,417981;7
2929;200;6;13;19;24;29;43;0;0;-1,412681;-1,3749;18;3;0;0,417299;0,709409;-0,899670;-1,964465;7
2930;357;7;13;30;32;41;43;0;0;-0,842533;-0,8048;18;3;0;-0,983192;0,676595;1,141011;-1,617128;7
2931;438;13;19;24;29;32;41;0;0;0,663088;0,7009;18;3;0;0,526268;-0,596974;0,495868;0,126366;7
2932;43;6;7;8;24;30;43;0;0;0,858619;0,8964;18;3;0;1,370154;1,275921;0,359039;-0,242021;7
2933;83;6;7;13;29;30;41;0;0;0,579800;0,6176;18;3;0;-0,336192;-0,088661;1,193637;0,146798;7
2934;378;7;29;30;32;41;43;0;0;0,607682;0,6454;18;3;0;-0,270564;-0,445904;0,653749;0,669351;7
2935;208;6;13;19;29;30;41;0;0;-1,268625;-1,2309;18;3;0;-0,658764;0,680310;-0,508375;-1,030185;7
2936;460;19;24;30;32;41;43;0;0;-0,160499;-0,1227;18;3;0;-2,329200;0,596726;1,627035;0,424172;7
2937;354;7;13;29;30;32;43;0;0;0,235566;0,2733;18;3;0;0,534317;1,166953;0,327462;-0,453767;7
2938;245;6;19;29;32;41;43;0;0;-1,596058;-1,5583;18;3;0;-0,204935;0,589296;-1,381360;-1,178159;7
2939;243;6;19;29;30;32;43;0;0;-2,309905;-2,2721;18;3;0;-1,065538;-1,146150;-0,720120;-2,215216;7
2940;252;6;29;30;32;41;43;0;0;-0,705268;-0,6675;18;3;0;-0,970809;-0,065133;0,324986;-0,575737;7
2941;445;13;19;29;30;32;41;0;0;0,705268;0,7430;18;3;0;0,329382;0,039501;1,162681;-0,270502;7
2942;446;13;19;29;30;32;43;0;0;0,553348;0,5911;18;3;0;-0,663717;-0,258924;0,703899;0,918245;7
2943;379;8;13;19;24;29;30;0;0;1,042710;1,0805;18;3;0;0,205554;-0,998795;0,832060;0,768413;7
2944;63;6;7;13;19;29;32;0;0;0,033601;0,0714;18;3;0;0,128781;-0,582733;-0,014921;-0,055661;7
2945;147;6;8;13;24;30;41;0;0;0,275244;0,3130;18;3;0;0,554748;0,279727;-0,388881;0,310870;7
2946;353;7;13;29;30;32;41;0;0;-0,001073;0,0367;18;3;0;0,242083;-0,743709;-1,083555;0,839614;7
2947;409;8;13;29;30;32;41;0;0;0,231992;0,2698;18;3;0;0,237130;0,929822;1,046902;-0,882211;7
2948;232;6;19;24;29;30;32;0;0;-1,159243;-1,1215;18;3;0;-0,902085;0,492711;0,487819;-1,593601;7
2949;286;7;8;13;30;41;43;0;0;0,116532;0,1543;18;3;0;0,207411;1,682076;0,334892;-0,340464;7
2950;439;13;19;24;29;32;43;0;0;1,962455;2,0002;18;3;0;1,673532;0,245674;0,788721;0,936819;7
2951;257;7;8;13;19;24;43;0;0;0,010009;0,0478;18;3;0;-1,170172;1,350837;0,788102;0,399406;7
2952;178;6;8;19;30;32;41;0;0;-0,770683;-0,7329;18;3;0;-0,026004;-0,635360;-0,365354;-0,943505;7
2953;259;7;8;13;19;29;32;0;0;1,079172;1,1169;18;3;0;0,352290;-1,282979;0,646319;0,870571;7
2954;73;6;7;13;24;29;32;0;0;-1,021978;-0,9842;18;3;0;-2,005390;1,791044;1,198591;-0,963318;7
2955;170;6;8;19;24;32;43;0;0;-0,089007;-0,0512;18;3;0;0,924374;-0,445904;-2,144758;1,066219;7
2956;115;6;7;24;29;32;41;0;0;1,666835;1,7046;18;3;0;0,485405;-0,498530;0,160914;2,240725;7
2957;49;6;7;8;29;30;43;0;0;1,237526;1,2753;18;3;0;2,633816;-0,364177;-0,936819;0,446461;7
2958;194;6;8;29;30;41;43;0;0;1,072737;1,1105;18;3;0;0,086679;-0,230443;0,912548;0,858807;7
2959;12;6;7;8;13;29;30;0;0;0,983730;1,0215;18;3;0;0,526268;0,344117;0,924312;0,253290;7
2960;240;6;19;24;30;41;43;0;0;-1,702581;-1,6648;18;3;0;-1,376345;0,951492;-0,094171;-1,478441;7
2961;91;6;7;13;32;41;43;0;0;0,040393;0,0782;18;3;0;-0,866175;-0,058323;0,949697;-0,013559;7
2962;452;13;24;29;30;41;43;0;0;-0,241643;-0,2039;18;3;0;0,225986;1,798474;1,035138;-1,679661;7
2963;345;7;13;24;29;30;43;0;0;-1,366211;-1,3284;18;3;0;-2,253046;1,168191;1,124294;-1,237596;7
2964;169;6;8;19;24;32;41;0;0;-0,332080;-0,2943;18;3;0;0,050150;0,329258;0,030276;-0,655606;7
2965;276;7;8;13;24;32;43;0;0;0,789629;0,8274;18;3;0;0,717582;-0,234158;-0,442746;1,092842;7
2966;154;6;8;13;29;30;43;0;0;-0,250936;-0,2132;18;3;0;-0,520696;0,375693;-0,422314;0,508375;7
2967;36;6;7;8;19;41;43;0;0;-0,199820;-0,1621;18;3;0;-0,367768;1,099466;-0,712071;0,733741;7
2968;48;6;7;8;29;30;41;0;0;1,662904;1,7007;18;3;0;1,512556;0,578152;0,596169;0,771509;7
2969;106;6;7;19;29;32;43;0;0;-0,751738;-0,7140;18;3;0;-0,692816;0,983068;-0,335635;-0,273597;7
2970;54;6;7;8;30;32;43;0;0;-0,887573;-0,8498;18;3;0;-1,025913;0,908772;0,805437;-1,316846;7
2971;306;7;8;19;30;41;43;0;0;-0,694545;-0,6568;18;3;0;-0,176455;-0,218680;-0,516424;-0,510108;7
2972;412;8;13;29;32;41;43;0;0;-0,252366;-0,2146;18;3;0;-0,318237;1,038172;-0,974586;0,855712;7
2973;312;7;8;24;29;32;43;0;0;0,368184;0,4059;18;3;0;0,912610;1,465997;-0,359781;0,084884;7
2974;351;7;13;24;30;41;43;0;0;0,684178;0,7219;18;3;0;0,462497;2,241158;0,404236;0,318299;7
2975;320;7;8;29;30;41;43;0;0;-0,766752;-0,7290;18;3;0;0,854411;0,703218;-0,598769;-1,583695;7
2976;166;6;8;19;24;30;32;0;0;0,774258;0,8120;18;3;0;-0,534317;0,690216;0,840109;1,035262;7
2977;273;7;8;13;24;30;41;0;0;-0,987662;-0,9499;18;3;0;-1,988673;1,116802;-0,652634;0,930627;7
2978;224;6;13;24;30;32;43;0;0;1,407677;1,4454;18;3;0;0,864318;1,418323;1,092099;0,481752;7
2979;87;6;7;13;29;41;43;0;0;-0,347808;-0,3100;18;3;0;1,164600;1,556391;-1,265581;-0,501440;7
2980;234;6;19;24;29;30;43;0;0;1,359777;1,3975;18;3;0;0,881653;0,251866;-0,356686;1,830236;7
2981;21;6;7;8;13;41;43;0;0;-1,569999;-1,2860;19;3;0;-1,445070;0,030585;-0,513142;-0,761107;7
2982;6;6;7;8;13;19;43;0;0;-1,324067;-1,0401;19;3;0;0,215460;0,224376;-1,559486;-0,949325;7
2983;60;6;7;13;19;24;41;0;0;-1,747300;-1,4633;19;3;0;-1,402349;0,202087;-0,507570;-1,116493;7
2984;22;6;7;8;19;24;29;0;0;-1,603244;-1,3192;19;3;0;-1,381917;0,592144;-0,880911;-0,514071;7
2985;441;13;19;24;30;32;41;0;0;-0,239891;0,0441;19;3;0;0,379532;-0,940224;-2,042415;1,247379;7
2986;392;8;13;19;29;32;41;0;0;-0,481891;-0,1979;19;3;0;-1,511317;-0,249265;-0,298301;0,974958;7
2987;369;7;19;29;30;32;43;0;0;1,075203;1,3592;19;3;0;1,508222;-0,586696;1,907690;-1,553605;7
2988;28;6;7;8;19;29;32;0;0;-0,375011;-0,0910;19;3;0;-0,008049;-2,580941;0,803147;-1,444636;7
2989;27;6;7;8;19;29;30;0;0;-1,307981;-1,0240;19;3;0;-0,711390;0,620005;-0,663593;-0,890507;7
2990;179;6;8;19;30;32;43;0;0;2,839268;3,1233;19;3;0;1,118784;0,012630;2,418479;1,380493;7
2991;298;7;8;19;29;30;32;0;0;0,570113;0,8541;19;3;0;1,096495;1,342540;-0,482185;0,373155;7
2992;151;6;8;13;24;41;43;0;0;0,021412;0,3054;19;3;0;0,169025;0,428692;0,501007;-0,632945;7
2993;40;6;7;8;24;29;43;0;0;0,310597;0,5946;19;3;0;0,005572;-0,888216;-1,485190;2,017587;7
2994;414;8;19;24;29;30;32;0;0;-1,193594;-0,9096;19;3;0;-0,751015;0,496797;-1,348360;0,032009;7
2995;213;6;13;19;30;32;41;0;0;-1,360171;-1,0762;19;3;0;-0,740490;-1,714147;-1,140330;-0,475065;7
2996;405;8;13;24;30;32;41;0;0;1,462333;1,7463;19;3;0;0,458782;-0,257314;1,174011;0,900042;7
2997;23;6;7;8;19;24;30;0;0;1,472341;1,7563;19;3;0;0,639570;-1,912272;1,300934;0,609666;7
2998;271;7;8;13;24;29;43;0;0;1,773680;2,0577;19;3;0;0,608613;-0,852306;2,820300;-0,356810;7
2999;301;7;8;19;29;32;41;0;0;-0,363930;-0,0799;19;3;0;-0,482309;2,034118;-0,041358;-0,106678;7
3000;198;6;13;19;24;29;32;0;0;-0,367147;-0,0831;19;3;0;1,027770;0,616910;-0,623968;-1,039720;7
3001;19;6;7;8;13;32;41;0;0;0,708807;0,9928;19;3;0;0,905800;-1,083245;0,629788;-0,307898;7
3002;188;6;8;24;30;32;41;0;0;1,159207;1,4432;19;3;0;1,047583;0,728974;0,311551;0,648672;7
3003;183;6;8;24;29;30;41;0;0;-0,099052;0,1850;19;3;0;-0,426587;0,763026;-1,176859;1,431882;7
3004;427;8;19;29;32;41;43;0;0;-2,282774;-1,9988;19;3;0;-0,689101;-0,974896;-0,450609;-2,814171;7
3005;397;8;13;19;30;41;43;0;0;-0,287433;-0,0034;19;3;0;0,799308;-1,536455;-0,071696;-1,225461;7
3006;270;7;8;13;24;29;41;0;0;0,398889;0,6829;19;3;0;0,918183;-0,467821;-0,303873;0,076587;7
3007;33;6;7;8;19;30;43;0;0;0,109705;0,3937;19;3;0;1,308240;0,570474;-0,061171;-1,057055;7
3008;142;6;8;13;24;29;30;0;0;0,230526;0,5145;19;3;0;-1,350961;0,641056;1,288551;0,461692;7
3009;50;6;7;8;29;32;41;0;0;-0,335334;-0,0513;19;3;0;0,532459;0,914096;-1,078416;-0,034858;7
3010;136;6;8;13;19;30;32;0;0;-0,880102;-0,5961;19;3;0;1,347865;-0,810205;-1,798474;-1,073772;7
3011;126;6;7;30;32;41;43;0;0;0,337764;0,6218;19;3;0;0,557844;0,546947;-0,914344;0,941524;7
3012;238;6;19;24;30;32;41;0;0;-1,724779;-1,4408;19;3;0;-0,047674;-0,284556;-0,000495;-2,939237;7
3013;421;8;19;24;30;32;43;0;0;0,532579;0,8166;19;3;0;1,193699;-1,060337;0,328267;-0,599512;7
3014;360;7;19;24;29;30;43;0;0;0,100768;0,3848;19;3;0;0,851935;-0,508065;-0,983068;0,305669;7
3015;296;7;8;19;24;32;43;0;0;-1,700115;-1,4161;19;3;0;-0,715105;-1,571126;-1,232581;-0,996999;7
3016;370;7;19;29;30;41;43;0;0;-0,237389;0,0466;19;3;0;0,056961;1,224285;0,865680;-1,333810;7
3017;431;8;24;29;30;41;43;0;0;-0,332831;-0,0488;19;3;0;0,158499;-0,999661;-0,120608;-0,614371;7
3018;190;6;8;24;30;41;43;0;0;-0,940513;-0,6565;19;3;0;-0,001238;-0,877072;-0,207907;-1,419871;7
3019;210;6;13;19;29;32;41;0;0;-0,178766;0,1052;19;3;0;-1,251898;-0,730336;0,705323;0,236944;7
3020;325;7;13;19;24;29;41;0;0;-1,854538;-1,5705;19;3;0;-1,175125;1,075692;-0,183141;-1,853887;7
3021;3;6;7;8;13;19;30;0;0;-0,668844;-0,3848;19;3;0;-1,277283;1,132652;-0,698265;0,817077;7
3022;180;6;8;19;30;41;43;0;0;-1,398419;-1,1144;19;3;0;-0,821597;0,926479;-0,398601;-1,201934;7
3023;272;7;8;13;24;30;32;0;0;-0,127292;0,1567;19;3;0;0,130638;2,252674;-0,926108;0,574994;7
3024;326;7;13;19;24;29;43;0;0;-1,182513;-0,8985;19;3;0;-1,293381;0,136458;-1,025789;0,270997;7
3025;109;6;7;19;30;32;43;0;0;0,145451;0,4295;19;3;0;-0,273659;-0,847353;1,139958;-0,614371;7
3026;367;7;19;24;32;41;43;0;0;-0,225235;0,0588;19;3;0;-0,718201;-1,415103;-0,443179;0,771261;7
3027;328;7;13;19;24;30;41;0;0;-1,352306;-1,0683;19;3;0;-1,004243;1,026780;-1,071605;-0,266415;7
3028;461;19;29;30;32;41;43;0;0;1,248929;1,5329;19;3;0;1,234563;0,897999;1,774575;-0,845929;7
3029;449;13;19;30;32;41;43;0;0;0,836778;1,1208;19;3;0;2,077210;-0,840543;0,061419;-0,689287;7
3030;80;6;7;13;24;32;43;0;0;0,881817;1,1658;19;3;0;0,747919;-0,098195;0,310312;0,469121;7
3031;251;6;24;30;32;41;43;0;0;0,713454;0,9975;19;3;0;0,236511;-0,346470;0,948025;0,051203;7
3032;97;6;7;19;24;30;41;0;0;-1,941043;-1,6570;19;3;0;-1,617809;-0,951988;0,026128;-1,770303;7
3033;313;7;8;24;29;41;43;0;0;-0,091903;0,1921;19;3;0;-0,308950;0,165558;0,888588;-0,738818;7
3034;121;6;7;24;32;41;43;0;0;0,086112;0,3701;19;3;0;0,476737;0,256571;0,057704;-0,385290;7
3035;89;6;7;13;30;32;43;0;0;-0,457942;-0,1739;19;3;0;-0,354766;1,172277;1,884782;-2,323194;7
3036;197;6;13;19;24;29;30;0;0;1,357597;1,6416;19;3;0;-0,715724;1,639727;1,443955;1,623196;7
3037;65;6;7;13;19;29;43;0;0;1,061263;1,3453;19;3;0;-0,812310;-0,014612;1,617314;1,033157;7
3038;368;7;19;29;30;32;41;0;0;-0,773221;-0,4892;19;3;0;-2,256760;0,540137;0,405660;0,511842;7
3039;79;6;7;13;24;32;41;0;0;0,786376;1,0704;19;3;0;0,838314;-0,787916;0,995080;-0,471350;7
3040;41;6;7;8;24;30;32;0;0;-0,862229;-0,5782;19;3;0;0,388819;0,275145;-1,215245;-0,666998;7
3041;237;6;19;24;29;41;43;0;0;-0,545162;-0,2612;19;3;0;1,259947;-0,542737;-0,115655;-2,088540;7
3042;437;13;19;24;29;30;43;0;0;-0,457942;-0,1739;19;3;0;0,820359;-1,752534;-0,796708;-0,816830;7
3043;331;7;13;19;24;32;43;0;0;-0,869378;-0,5854;19;3;0;-1,951525;0,924003;-0,711886;1,157604;7
3044;390;8;13;19;29;30;41;0;0;-0,157676;0,1263;19;3;0;-1,253756;-0,013993;2,350993;-1,370340;7
3045;17;6;7;8;13;30;41;0;0;1,795485;2,0795;19;3;0;0,617281;1,161752;1,149864;1,342726;7
3046;105;6;7;19;29;32;41;0;0;0,689504;0,9735;19;3;0;0,076154;1,444079;1,131909;-0,013807;7
3047;426;8;19;29;30;41;43;0;0;0,234816;0,5188;19;3;0;-0,837695;0,114788;0,177817;1,066590;7
3048;241;6;19;24;32;41;43;0;0;-0,503339;-0,2193;19;3;0;0,167167;-0,516733;-0,219670;-0,819306;7
3049;25;6;7;8;19;24;41;0;0;-1,665798;-1,3818;19;3;0;-0,813548;0,332725;-0,166424;-1,905275;7
3050;70;6;7;13;19;32;43;0;0;0,932220;1,2162;19;3;0;0,369007;1,089932;1,834013;-0,588367;7
3051;192;6;8;29;30;32;41;0;0;-0,628093;-0,3441;19;3;0;-0,988145;-0,625702;0,840914;-0,940657;7
3052;130;6;8;13;19;24;41;0;0;0,714526;0,9985;19;3;0;1,511937;-1,073339;-0,426463;0,152122;7
3053;82;6;7;13;29;30;32;0;0;-0,284217;-0,0002;19;3;0;-1,909424;-1,260319;0,494196;0,922950;7
3054;415;8;19;24;29;30;41;0;0;-0,304949;-0,0209;19;3;0;0,549795;0,255333;-2,295023;1,217041;7
3055;418;8;19;24;29;32;43;0;0;-0,759281;-0,4753;19;3;0;-0,646381;0,025013;-0,559578;-0,109154;7
3056;143;6;8;13;24;29;32;0;0;-0,820049;-0,5360;19;3;0;-1,017864;-1,795874;-0,033929;-0,368573;7
3057;16;6;7;8;13;30;32;0;0;-0,596279;-0,3123;19;3;0;-0,882892;0,416309;-0,532335;0,382442;7
3058;434;8;29;30;32;41;43;0;0;0,135442;0,4194;19;3;0;-0,957188;1,334491;0,622358;0,569422;7
3059;119;6;7;24;30;32;43;0;0;-0,005398;0,2786;19;3;0;0,160976;-1,083245;0,426091;-0,596416;7
3060;457;19;24;29;30;32;43;0;0;-1,568570;-1,2846;19;3;0;-1,108258;1,214998;-0,209764;-1,398820;7
3061;453;13;24;29;32;41;43;0;0;-0,362500;-0,0785;19;3;0;-0,409870;0,530230;0,470050;-0,688049;7
3062;150;6;8;13;24;32;43;0;0;1,318276;1,6023;19;3;0;1,545370;-0,306226;0,333220;0,404731;7
3063;393;8;13;19;29;32;43;0;0;0,421767;0,7058;19;3;0;0,219175;-0,189828;0,581495;-0,070148;7
3064;344;7;13;24;29;30;41;0;0;-0,792881;-0,5089;19;3;0;-1,575089;-1,172401;0,428568;-0,226790;7
3065;141;6;8;13;19;41;43;0;0;-1,057402;-0,7734;19;3;0;-1,359009;-1,333377;-0,231434;-0,241031;7
3066;258;7;8;13;19;29;30;0;0;-2,189477;-1,9055;19;3;0;-2,157698;0,366778;-1,027646;-0,606942;7
3067;308;7;8;24;29;30;32;0;0;-1,430948;-1,1469;19;3;0;-1,606665;0,190323;-0,151565;-0,720244;7
3068;338;7;13;19;29;41;43;0;0;-0,050795;0,2332;19;3;0;-0,178931;-0,067238;-0,035786;0,126738;7
3069;212;6;13;19;29;41;43;0;0;0,047506;0,3315;19;3;0;1,458072;-1,171163;0,223633;-1,599421;7
3070;373;7;24;29;30;32;41;0;0;0,056085;0,3401;19;3;0;-0,586943;-0,312417;0,130143;0,553943;7
3071;402;8;13;24;29;32;41;0;0;0,638387;0,9224;19;3;0;0,633379;-1,685048;0,904685;-0,432345;7
3072;346;7;13;24;29;32;41;0;0;0,507915;0,7919;19;3;0;1,118784;-2,050340;1,375850;-1,614899;7
3073;350;7;13;24;30;32;43;0;0;-0,568040;-0,2840;19;3;0;-0,947901;0,216327;1,151722;-1,187694;7
3074;300;7;8;19;29;30;43;0;0;-0,245253;0,0388;19;3;0;0,514504;0,452838;0,598212;-1,537507;7
3075;429;8;24;29;30;32;41;0;0;0,483250;0,7673;19;3;0;0,768970;1,914005;-0,617777;0,685820;7
3076;204;6;13;19;24;32;41;0;0;-0,716743;-0,4327;19;3;0;-1,294000;-0,964990;-0,652448;0,705013;7
3077;104;6;7;19;29;30;43;0;0;-0,399318;-0,1153;19;3;0;0,800546;0,340774;-1,023312;-0,468874;7
3078;51;6;7;8;29;32;43;0;0;0,649469;0,9335;19;3;0;-0,373960;-0,007182;0,557349;0,941524;7
3079;218;6;13;24;29;30;41;0;0;-1,311913;-1,0279;19;3;0;-1,091542;-0,191066;-1,049316;-0,131443;7
3080;135;6;8;13;19;29;43;0;0;-0,109061;0,1749;19;3;0;-0,225986;-1,139587;-0,991117;1,028204;7
3081;137;6;8;13;19;30;41;0;0;-1,493146;-1,2091;19;3;0;-1,709442;-0,949511;-1,017740;0,140978;7
3082;173;6;8;19;29;30;41;0;0;-0,607003;-0,3230;19;3;0;-0,703342;0,883139;-0,941586;0,593568;7
3083;55;6;7;8;30;41;43;0;0;-0,294225;-0,0102;19;3;0;-0,034672;-0,281460;0,215584;-0,690525;7
3084;436;13;19;24;29;30;41;0;0;-1,828443;-1,5444;19;3;0;-2,387399;-1,054765;-0,266725;-0,512833;7
3085;248;6;24;29;30;32;43;0;0;0,055728;0,3397;19;3;0;0,151689;0,355014;0,386466;-0,441632;7
3086;9;6;7;8;13;24;32;0;0;0,508987;0,7930;19;3;0;0,811072;0,028109;-1,080273;1,150793;7
3087;408;8;13;24;32;41;43;0;0;0,061090;0,3451;19;3;0;-0,549176;-0,629416;-0,570722;1,225709;7
3088;387;8;13;19;24;32;43;0;0;1,471269;1,7553;19;3;0;0,924993;1,435411;0,877443;0,745876;7
3089;417;8;19;24;29;32;41;0;0;-1,448106;-1,1641;19;3;0;-0,290995;-0,553881;-1,016502;-1,200696;7
3090;186;6;8;24;29;32;43;0;0;-1,724065;-1,4401;19;3;0;-2,783028;0,990250;0,247160;-0,450300;7
3091;182;6;8;24;29;30;32;0;0;0,925786;1,2098;19;3;0;1,328672;0,710400;1,937409;-1,662573;7
3092;362;7;19;24;29;32;43;0;0;-0,563750;-0,2797;19;3;0;1,269853;0,358110;0,008173;-2,254470;7
3093;77;6;7;13;24;30;41;0;0;0,205504;0,4895;19;3;0;-0,268087;-1,644804;0,243445;0,380585;7
3094;277;7;8;13;24;41;43;0;0;-2,326385;-2,0424;19;3;0;-0,924374;-0,013373;-2,104329;-1,000714;7
3095;283;7;8;13;29;41;43;0;0;-0,123717;0,1603;19;3;0;0,430301;0,177321;-0,589296;-0,055289;7
3096;223;6;13;24;30;32;41;0;0;-1,474915;-1,1909;19;3;0;-1,674151;0,694302;-0,007306;-0,873171;7
3097;118;6;7;24;30;32;41;0;0;-0,578049;-0,2940;19;3;0;-0,910753;-0,550167;0,346222;-0,436679;7
3098;297;7;8;19;24;41;43;0;0;-0,659549;-0,3755;19;3;0;-0,094728;0,463983;0,192676;-1,240321;7
3099;96;6;7;19;24;30;32;0;0;-1,601813;-1,3178;19;3;0;0,318237;0,261524;-2,786000;-0,306659;7
3100;229;6;13;29;30;41;43;0;0;-0,691363;-0,4074;19;3;0;0,494073;-1,239268;0,704704;-2,396252;7
3101;281;7;8;13;29;32;41;0;0;-0,060446;0,2236;19;3;0;-0,735537;0,325915;-0,617157;1,247998;7
3102;410;8;13;29;30;32;43;0;0;0,211580;0,4956;19;3;0;-0,408632;-1,082626;2,511969;-1,736870;7
3103;139;6;8;13;19;32;41;0;0;-0,429345;-0,1453;19;3;0;-0,409251;-0,572456;0,057704;-0,392101;7
3104;133;6;8;13;19;29;32;0;0;1,287535;1,5715;19;3;0;-0,735537;1,030494;1,731236;1,234377;7
3105;177;6;8;19;29;41;43;0;0;-0,234887;0,0491;19;3;0;-0,701484;-0,402192;0,301025;-0,006377;7
3106;355;7;13;29;30;41;43;0;0;-0,857939;-0,5739;19;3;0;0,273659;-0,470298;1,305887;-3,065541;7
3107;244;6;19;29;30;41;43;0;0;0,789950;1,0740;19;3;0;1,228990;-0,839304;0,136953;0,002291;7
3108;447;13;19;29;30;41;43;0;0;-1,585013;-1,3010;19;3;0;0,174597;1,345017;-1,685791;-1,234129;7
3109;46;6;7;8;24;41;43;0;0;-0,392884;-0,1089;19;3;0;0,081107;-0,478347;0,042844;-0,804447;7
3110;39;6;7;8;24;29;41;0;0;-1,254362;-0,9704;19;3;0;-2,086497;0,624959;-0,290871;0,204749;7
3111;428;8;19;30;32;41;43;0;0;-0,214869;0,0691;19;3;0;0,410489;0,112312;0,089899;-0,872552;7
3112;116;6;7;24;29;32;43;0;0;-0,538727;-0,2547;19;3;0;-0,135591;-0,015850;-0,347832;-0,449680;7
3113;407;8;13;24;30;41;43;0;0;-0,810754;-0,5268;19;3;0;-1,525558;0,242331;2,298367;-2,177077;7
3114;157;6;8;13;29;41;43;0;0;-0,807538;-0,5235;19;3;0;0,091013;1,110982;-1,917349;0,427639;7
3115;275;7;8;13;24;32;41;0;0;-0,045076;0,2389;19;3;0;0,320095;0,807604;1,102810;-1,500978;7
3116;323;7;13;19;24;29;30;0;0;0,465377;0,7494;19;3;0;1,313812;-0,208402;-0,799803;0,292048;7
3117;26;6;7;8;19;24;43;0;0;0,020696;0,3047;19;3;0;0,313284;1,750553;-0,054980;-0,222457;7
3118;451;13;24;29;30;32;43;0;0;0,362428;0,6464;19;3;0;-1,222180;-1,499925;0,911496;0,938428;7
3119;45;6;7;8;24;32;43;0;0;0,717744;1,0017;19;3;0;-0,237749;-1,136491;0,575304;0,905614;7
3120;423;8;19;24;32;41;43;0;0;-0,953024;-0,6690;19;3;0;-0,793736;0,283194;-0,843143;-0,013807;7
3121;287;7;8;13;32;41;43;0;0;-0,768932;-0,4849;19;3;0;-0,681053;1,710309;-0,604156;-0,046621;7
3122;205;6;13;19;24;32;43;0;0;0,391382;0,6754;19;3;0;0,960284;1,951773;0,038510;-0,320900;7
3123;217;6;13;24;29;30;32;0;0;-1,838094;-1,5541;19;3;0;-0,759064;-0,533450;-1,916110;-0,508499;7
3124;149;6;8;13;24;32;41;0;0;-0,653829;-0,3698;19;3;0;-0,508313;-0,054237;-0,147850;-0,476303;7
3125;38;6;7;8;24;29;32;0;0;2,115412;2,3994;19;3;0;0,181408;0,243569;2,029041;1,453552;7
3126;187;6;8;24;29;41;43;0;0;-1,511018;-1,2270;19;3;0;-0,158499;0,208897;-1,049935;-1,408726;7
3127;388;8;13;19;24;41;43;0;0;0,602284;0,8863;19;3;0;-0,103396;-0,363806;1,135005;0,011578;7
3128;20;6;7;8;13;32;43;0;0;-0,847573;-0,5636;19;3;0;0,203077;-1,417580;-0,375693;-1,295424;7
3129;78;6;7;13;24;30;43;0;0;0,369220;0,6532;19;3;0;-0,627187;0,709161;2,297128;-1,030432;7
3130;99;6;7;19;24;32;41;0;0;1,470554;1,7546;19;3;0;2,295147;-0,034424;-0,078507;0,330434;7
3131;44;6;7;8;24;32;41;0;0;-0,683142;-0,3991;19;3;0;-1,384394;-1,998332;-0,144755;0,345913;7
3132;47;6;7;8;29;30;32;0;0;-0,322465;-0,0385;19;3;0;0,292233;-1,217598;0,346841;-1,197600;7
3133;435;13;19;24;29;30;32;0;0;2,360272;2,6443;19;3;0;1,271092;1,809371;1,926883;0,890136;7
3134;304;7;8;19;30;32;41;0;0;-0,237032;0,0470;19;3;0;-1,656196;1,641584;0,941834;0,303811;7
3135;324;7;13;19;24;29;32;0;0;-2,115483;-1,8315;19;3;0;0,028480;-0,920412;-1,178097;-2,514508;7
3136;361;7;19;24;29;32;41;0;0;-1,386980;-1,1030;19;3;0;-1,140453;0,070210;1,634650;-2,896516;7
3137;236;6;19;24;29;32;43;0;0;-0,319605;-0,0356;19;3;0;0,416061;0,855897;0,596974;-1,566607;7
3138;144;6;8;13;24;29;41;0;0;0,767073;1,0511;19;3;0;0,430301;1,536331;-1,083369;1,981677;7
3139;422;8;19;24;30;41;43;0;0;-1,310126;-1,0261;19;3;0;-0,956569;-0,569360;-0,785563;-0,527073;7
3140;162;6;8;19;24;29;30;0;0;0,885392;1,1694;19;3;0;-0,740490;0,124695;3,112534;-0,838500;7
3141;167;6;8;19;24;30;41;0;0;1,357954;1,6420;19;3;0;0,946663;-1,936418;1,220446;0,184937;7
3142;202;6;13;19;24;30;41;0;0;0,811398;1,0954;19;3;0;-0,791259;-0,253599;1,779528;0,417114;7
3143;68;6;7;13;19;30;43;0;0;-0,821121;-0,5371;19;3;0;-1,136739;1,637250;0,593878;-0,879363;7
3144;101;6;7;19;24;41;43;0;0;0,574045;0,8580;19;3;0;-0,359720;-0,667184;-0,173854;1,527848;7
3145;2;6;7;8;13;19;29;0;0;-0,022198;0,2618;19;3;0;-0,938614;1,767889;0,122094;0,778072;7
3146;269;7;8;13;24;29;32;0;0;-2,056145;-1,7721;19;3;0;-1,105782;-0,002848;-1,555153;-0,900413;7
3147;153;6;8;13;29;30;41;0;0;1,053398;1,3374;19;3;0;0,195029;1,722691;2,245121;-0,615610;7
3148;288;7;8;19;24;29;30;0;0;-1,234345;-0,9503;19;3;0;-1,070491;0,561806;-0,635732;-0,431725;7
3149;34;6;7;8;19;32;41;0;0;0,926857;1,2109;19;3;0;-0,070582;1,113459;0,086803;1,589143;7
3150;242;6;19;29;30;32;41;0;0;-2,459717;-2,1757;19;3;0;-0,635855;0,757454;-1,445565;-2,178935;7
3151;226;6;13;24;32;41;43;0;0;-1,708336;-1,4243;19;3;0;-1,537321;1,724549;-0,119989;-1,301615;7
3152;335;7;13;19;29;30;43;0;0;-1,142120;-0,8581;19;3;0;-0,415442;1,364210;-0,727983;-0,834785;7
3153;220;6;13;24;29;32;41;0;0;0,437138;0,7211;19;3;0;0,217937;-0,613938;0,780239;-0,241031;7
3154;67;6;7;13;19;30;41;0;0;-0,892255;-0,6083;19;3;0;-0,671765;0,812558;-0,562054;-0,311612;7
3155;459;19;24;29;32;41;43;0;0;-0,854007;-0,5700;19;3;0;-0,668670;0,051017;0,732565;-1,543079;7
3156;311;7;8;24;29;32;41;0;0;-1,948907;-1,6649;19;3;0;0,715724;-0,516733;-2,314836;-1,776495;7
3157;256;7;8;13;19;24;41;0;0;0,201929;0,4859;19;3;0;0,694674;0,774790;-0,553386;0,208464;7
3158;138;6;8;13;19;30;43;0;0;1,702188;1,9862;19;3;0;1,807266;0,953721;0,772809;0,368202;7
3159;318;7;8;29;30;32;41;0;0;-0,135155;0,1488;19;3;0;-0,268087;-0,109959;0,345603;-0,311612;7
3160;416;8;19;24;29;30;43;0;0;-0,044004;0,2400;19;3;0;0,900228;0,455934;-1,378079;0,401635;7
3161;174;6;8;19;29;30;43;0;0;-0,728896;-0,4449;19;3;0;-0,404298;1,604436;-0,874100;0,015912;7
3162;211;6;13;19;29;32;43;0;0;1,303620;1,5876;19;3;0;0,785068;-0,303749;0,868156;0,604713;7
3163;62;6;7;13;19;29;30;0;0;0,360999;0,6450;19;3;0;-0,723773;0,727736;0,312789;1,036252;7
3164;29;6;7;8;19;29;41;0;0;-0,212724;0,0713;19;3;0;-0,373341;0,611957;0,579018;-0,574127;7
3165;425;8;19;29;30;32;43;0;0;-0,895115;-0,6111;19;3;0;0,277993;0,940100;0,040368;-1,868746;7
3166;279;7;8;13;29;30;41;0;0;-2,331747;-2,0477;19;3;0;-0,950997;1,207568;-2,038081;-1,049626;7
3167;263;7;8;13;19;30;41;0;0;-0,521927;-0,2379;19;3;0;-0,073058;-0,121723;-0,360834;-0,470112;7
3168;290;7;8;19;24;29;41;0;0;-0,431132;-0,1471;19;3;0;-0,641428;0,144507;-0,586200;0,480885;7
3169;24;6;7;8;19;24;32;0;0;-1,626836;-1,3428;19;3;0;-1,041391;3,087892;-0,507570;-1,268801;7
3170;145;6;8;13;24;29;43;0;0;-0,613080;-0,3291;19;3;0;-0,450733;1,005729;-0,261153;-0,349999;7
3171;219;6;13;24;29;30;43;0;0;0,357067;0,6411;19;3;0;0,390057;1,130176;1,427238;-1,198838;7
3172;209;6;13;19;29;30;43;0;0;-0,091188;0,1928;19;3;0;0,145498;-2,474450;-0,061171;-0,242269;7
3173;86;6;7;13;29;32;43;0;0;-0,275637;0,0084;19;3;0;0,388819;-0,609604;-0,423986;-0,442251;7
3174;250;6;24;29;32;41;43;0;0;-0,279212;0,0048;19;3;0;-0,024146;-0,769342;0,068229;-0,527692;7
3175;303;7;8;19;29;41;43;0;0;-1,282244;-0,9982;19;3;0;-1,228371;-1,150112;-1,401606;0,409065;7
3176;310;7;8;24;29;30;43;0;0;0,341696;0,6257;19;3;0;1,596140;-1,044858;-0,391172;-0,613133;7
3177;372;7;19;30;32;41;43;0;0;-1,026303;-0,7423;19;3;0;-0,256943;1,289294;-1,009691;-0,510975;7
3178;5;6;7;8;13;19;41;0;0;-0,485824;-0,2018;19;3;0;-0,306474;-1,012044;0,492339;-1,027337;7
3179;358;7;19;24;29;30;32;0;0;-0,490828;-0,2068;19;3;0;-0,383866;1,362972;-0,575675;0,109402;7
3180;88;6;7;13;30;32;41;0;0;0,053583;0,3376;19;3;0;-0,579514;-1,135253;-0,209764;0,882087;7
3181;235;6;19;24;29;32;41;0;0;-0,398961;-0,1150;19;3;0;-1,337959;-2,221841;0,126428;0,520510;7
3182;90;6;7;13;30;41;43;0;0;-1,028091;-0,7441;19;3;0;-0,988145;0,090023;-0,511904;-0,280656;7
3183;254;7;8;13;19;24;30;0;0;-0,946232;-0,6622;19;3;0;-0,460639;-0,376808;-1,132900;-0,045383;7
3184;261;7;8;13;19;29;43;0;0;1,214255;1,4983;19;3;0;1,347865;0,438598;0,547442;0,207845;7
3185;456;19;24;29;30;32;41;0;0;0,885035;1,1690;19;3;0;1,954621;-1,043620;-0,430797;0,009101;7
3186;454;13;24;30;32;41;43;0;0;-0,245610;0,0384;19;3;0;-0,435874;-0,779867;-0,509427;0,519891;7
3187;233;6;19;24;29;30;41;0;0;-2,168030;-1,8840;19;3;0;-2,500082;0,870757;0,287404;-1,542460;7
3188;168;6;8;19;24;30;43;0;0;-0,548308;-0,6316;20;3;0;-0,524410;-0,049964;-1,405321;0,980035;7
3189;385;8;13;19;24;30;43;0;0;-1,524173;-1,6074;20;3;0;-0,664336;-0,992294;-1,848005;-0,127604;7
3190;228;6;13;29;30;32;43;0;0;0,501909;0,4187;20;3;0;-0,255085;0,304183;0,296691;0,827726;7
3191;455;13;29;30;32;41;43;0;0;0,367505;0,2842;20;3;0;2,444360;-1,041825;-0,522429;-1,285394;7
3192;404;8;13;24;29;41;43;0;0;-1,414433;-1,4977;20;3;0;-1,952763;-0,747115;-1,144044;0,646938;7
3193;74;6;7;13;24;29;41;0;0;-1,337936;-1,4212;20;3;0;0,379532;0,269511;-3,132099;0,435193;7
3194;85;6;7;13;29;32;41;0;0;-1,827299;-1,9106;20;3;0;-0,439588;0,985855;-0,306350;-2,419037;7
3195;322;7;8;30;32;41;43;0;0;-0,653401;-0,7367;20;3;0;-0,760921;0,627992;-0,612204;0,241402;7
3196;76;6;7;13;24;30;32;0;0;1,763742;1,6805;20;3;0;0,108968;-0,736589;1,069995;1,875928;7
3197;264;7;8;13;19;30;43;0;0;-1,261798;-1,3451;20;3;0;0,144259;1,412441;-2,267162;-0,062595;7
3198;307;7;8;19;32;41;43;0;0;-0,757422;-0,8407;20;3;0;-0,071820;-0,568184;-0,497045;-0,743028;7
3199;274;7;8;13;24;30;43;0;0;-0,646609;-0,7299;20;3;0;0,261896;0,038572;-0,119989;-1,261867;7
3200;37;6;7;8;24;29;30;0;0;0,002181;-0,0811;20;3;0;-0,003096;-1,141506;0,400707;-0,393834;7
3201;216;6;13;19;32;41;43;0;0;-0,189061;-0,2723;20;3;0;-1,002385;1,477451;0,344984;0,329939;7
3202;10;6;7;8;13;24;41;0;0;0,262411;0,1792;20;3;0;0,258800;1,323285;0,054608;0,141102;7
3203;203;6;13;19;24;30;43;0;0;-0,115066;-0,1983;20;3;0;0,562797;-1,132838;-1,155189;0,393091;7
3204;327;7;13;19;24;30;32;0;0;0,732114;0,6489;20;3;0;-0,271802;0,694859;-0,353404;1,893264;7
3205;432;8;24;29;32;41;43;0;0;0,563393;0,4801;20;3;0;0,569608;0,418104;-0,749034;1,155251;7
3206;231;6;13;30;32;41;43;0;0;0,540515;0,4573;20;3;0;1,521843;0,050955;-0,904438;0,318795;7
3207;81;6;7;13;24;41;43;0;0;-0,972612;-1,0559;20;3;0;-2,418356;0,953040;1,749810;-1,016068;7
3208;364;7;19;24;30;32;41;0;0;-0,691291;-0,7745;20;3;0;0,669908;-0,088970;-1,102562;-0,764698;7
3209;246;6;19;30;32;41;43;0;0;-0,316674;-0,3999;20;3;0;-1,721205;-0,797884;-0,421510;1,594220;7
3210;440;13;19;24;29;41;43;0;0;-0,313099;-0,3964;20;3;0;0,068105;-0,573756;0,038510;-0,648919;7
3211;158;6;8;13;30;32;41;0;0;1,373039;1,2898;20;3;0;0,623473;1,468164;0,696655;1,058046;7
3212;11;6;7;8;13;24;43;0;0;0,321034;0,2378;20;3;0;1,386251;0,307898;-1,492620;0,662416;7
3213;125;6;7;29;32;41;43;0;0;0,387522;0,3043;20;3;0;0,379532;0,636041;-0,593630;0,885306;7
3214;196;6;8;30;32;41;43;0;0;-0,803534;-0,8868;20;3;0;-1,724301;0,161162;-0,648114;0,980654;7
3215;163;6;8;19;24;29;32;0;0;0,535511;0,4523;20;3;0;-0,523791;-0,209083;0,584591;0,866732;7
3216;321;7;8;29;32;41;43;0;0;1,723350;1,6401;20;3;0;2,358918;-1,466554;0,917687;-0,291676;7
3217;221;6;13;24;29;32;43;0;0;0,588057;0,5048;20;3;0;0,558463;1,257656;-0,545337;1,005419;7
3218;380;8;13;19;24;29;32;0;0;2,052928;1,9697;20;3;0;1,633907;-1,172463;0,160481;1,761388;7
3219;69;6;7;13;19;32;41;0;0;-0,356351;-0,4396;20;3;0;-1,043868;0,626754;0,464478;-0,037829;7
3220;284;7;8;13;30;32;41;0;0;-0,242679;-0,3259;20;3;0;0,665574;-0,923569;-1,420180;0,334273;7
3221;299;7;8;19;29;30;41;0;0;1,122459;1,0392;20;3;0;-0,372102;-1,171844;1,239020;1,077239;7
3222;458;19;24;29;30;41;43;0;0;0,262769;0,1795;20;3;0;-0,741109;1,047768;1,295981;-0,099743;7
3223;207;6;13;19;29;30;32;0;0;0,298157;0,2149;20;3;0;-0,071820;0,246603;0,433521;0,154723;7
3224;419;8;19;24;29;41;43;0;0;0,812900;0,7296;20;3;0;0,747919;0,688668;-0,007925;0,667989;7
3225;329;7;13;19;24;30;43;0;0;0,007185;-0,0761;20;3;0;-0,612328;-0,008482;1,358514;-0,733741;7
3226;108;6;7;19;30;32;41;0;0;1,032023;0,9488;20;3;0;0,269944;-1,409593;0,490482;1,027089;7
3227;102;6;7;19;29;30;32;0;0;1,247571;1,1643;20;3;0;0,564654;-0,381823;1,539303;0,056899;7
3228;337;7;13;19;29;32;43;0;0;-0,800674;-0,8839;20;3;0;-0,327524;-0,046250;-0,052503;-1,006781;7
3229;289;7;8;19;24;29;32;0;0;1,273308;1,1901;20;3;0;1,012911;-0,108783;0,031081;1,161442;7
3230;349;7;13;24;30;32;41;0;0;-0,995847;-1,0791;20;3;0;0,320095;-0,259233;-2,489433;0,444480;7
3231;35;6;7;8;19;32;43;0;0;-0,731684;-0,8149;20;3;0;0,845124;-1,153270;-1,690125;-0,422314;7
3232;442;13;19;24;30;32;43;0;0;0,257764;0,1745;20;3;0;0,264991;-2,584099;1,742999;-1,561530;7
3233;386;8;13;19;24;32;41;0;0;1,406998;1,3237;20;3;0;-0,118875;0,103582;0,034796;2,521071;7
3234;381;8;13;19;24;29;41;0;0;0,976617;0,8934;20;3;0;1,394919;-1,300625;0,936881;-0,640251;7
3235;333;7;15;16;20;29;36;0;0;1,956164;2,2675;21;3;0;1,458691;0,043278;0,106244;1,823240;8
3236;302;7;11;16;20;36;49;0;0;0,625340;0,9366;21;3;0;-0,304616;0,558401;0,378046;1,009691;8
3237;55;3;7;11;29;42;49;0;0;-0,419157;-0,1079;21;3;0;0,044578;0,518776;0,017707;-0,788287;8
3238;325;7;15;16;17;20;42;0;0;-0,665090;-0,3538;21;3;0;-0,705818;-0,146798;-0,294958;-0,151194;8
3239;296;7;11;16;17;36;49;0;0;0,394779;0,7061;21;3;0;1,328672;-1,125037;-0,774790;0,129895;8
3240;338;7;15;16;20;42;49;0;0;-0,416655;-0,1054;21;3;0;-0,700865;-0,323252;1,121632;-1,142435;8
3241;243;3;16;20;29;36;49;0;0;2,478055;2,7893;21;3;0;1,343531;0,685944;2,185312;0,763274;8
3242;44;3;7;11;17;36;42;0;0;0,951701;1,2630;21;3;0;1,142930;-0,048974;1,020712;-0,515247;8
3243;152;3;11;15;20;29;36;0;0;-1,051504;-0,7402;21;3;0;-1,188127;-1,950968;0,530973;-1,164105;8
3244;314;7;11;17;29;36;42;0;0;-1,262048;-0,9508;21;3;0;-0,027861;-1,030309;-0,121599;-2,036471;8
3245;422;11;16;17;29;42;49;0;0;1,065731;1,3770;21;3;0;0,617281;-0,404979;1,139587;0,089032;8
3246;286;7;11;15;29;42;49;0;0;0,515600;0,8269;21;3;0;0,204935;0,550352;0,300654;0,387457;8
3247;197;3;15;16;17;20;29;0;0;-0,225057;0,0862;21;3;0;0,641428;-0,424172;-1,820515;0,789278;8
3248;327;7;15;16;17;29;36;0;0;-1,102978;-0,7917;21;3;0;-1,073586;0,120051;0,145250;-0,982078;8
3249;88;3;7;15;29;36;42;0;0;0,488076;0,7994;21;3;0;-0,022908;0,123147;-0,059685;0,927965;8
3250;177;3;11;16;20;42;49;0;0;-0,924963;-0,6137;21;3;0;0,310188;1,020898;0,259791;-2,172062;8
3251;263;7;11;15;16;29;42;0;0;-1,743546;-1,4323;21;3;0;0,184503;0,277312;-0,325295;-2,879119;8
3252;191;3;11;17;36;42;49;0;0;1,348124;1,6594;21;3;0;2,209706;-1,013592;0,841162;-0,715848;8
3253;386;11;15;16;17;36;42;0;0;0,063771;0,3751;21;3;0;1,402968;0,833918;-1,114078;-0,178436;8
3254;403;11;15;17;20;36;49;0;0;-1,043640;-0,7323;21;3;0;-0,139306;1,775009;-0,306721;-1,361610;8
3255;349;7;15;17;29;36;42;0;0;1,265908;1,5772;21;3;0;-0,211745;-0,398787;1,773585;0,630778;8
3256;258;7;11;15;16;20;29;0;0;1,037134;1,3484;21;3;0;0,478594;-1,890911;0,350804;0,966971;8
3257;102;3;7;16;20;29;36;0;0;-1,131932;-0,8206;21;3;0;-0,014240;1,260504;-0,461506;-1,484818;8
3258;316;7;11;17;29;42;49;0;0;0,101662;0,4130;21;3;0;-0,352909;0,165248;-0,410117;0,939110;8
3259;40;3;7;11;17;20;49;0;0;0,103092;0,4144;21;3;0;0,591277;-0,310870;0,210879;-0,623596;8
3260;127;3;11;15;16;17;20;0;0;-0,727288;-0,4160;21;3;0;-1,211035;0,960222;-0,606384;0,557720;8
3261;455;15;20;29;36;42;49;0;0;0,745447;1,0567;21;3;0;-0,216699;1,019659;0,258552;1,249298;8
3262;394;11;15;16;20;42;49;0;0;-0,305128;0,0062;21;3;0;0,690959;1,582457;0,051760;-1,271216;8
3263;19;3;7;11;15;36;42;0;0;-2,313337;-2,0020;21;3;0;-1,932951;0,040801;-0,559330;-1,514537;8
3264;329;7;15;16;17;29;49;0;0;-0,475636;-0,1643;21;3;0;0,938614;-1,876671;-1,468225;-0,294215;8
3265;7;3;7;11;15;17;20;0;0;-1,031844;-0,7206;21;3;0;-0,108968;-0,130700;-0,512275;-1,165962;8
3266;180;3;11;16;29;42;49;0;0;1,144372;1,4557;21;3;0;1,191223;1,784915;0,943320;-0,152432;8
3267;362;7;16;17;20;36;49;0;0;0,353314;0,6646;21;3;0;0,752253;-0,348018;-0,285051;0,144755;8
3268;174;3;11;16;20;29;49;0;0;-1,942652;-1,6314;21;3;0;-0,032195;-0,951678;-1,676875;-1,655701;8
3269;328;7;15;16;17;29;42;0;0;-1,137652;-0,8264;21;3;0;-0,055722;0,100239;-1,729502;-0,185246;8
3270;368;7;16;20;29;36;42;0;0;0,225342;0,5366;21;3;0;-0,592516;0,667370;0,834351;0,148469;8
3271;446;15;16;20;29;36;49;0;0;-0,258658;0,0526;21;3;0;0,552272;1,087765;0,331611;-1,331891;8
3272;262;7;11;15;16;29;36;0;0;-0,510667;-0,1994;21;3;0;-0,017955;1,033281;-0,649105;-0,217442;8
3273;119;3;7;17;29;36;49;0;0;-0,161072;0,1502;21;3;0;-0,510170;0,737951;0,810824;-0,579638;8
3274;255;7;11;15;16;17;36;0;0;1,542582;1,8539;21;3;0;1,506364;-0,658206;0,324800;0,840666;8
3275;443;15;16;17;29;42;49;0;0;1,665191;1,9765;21;3;0;1,387490;-1,707646;0,927222;0,569484;8
3276;42;3;7;11;17;29;42;0;0;-0,877778;-0,5665;21;3;0;-1,669198;-0,837757;-1,379069;1,527910;8
3277;74;3;7;15;17;20;42;0;0;0,433384;0,7447;21;3;0;-0,630283;0,194348;1,328424;0,052503;8
3278;299;7;11;16;20;29;42;0;0;-0,452044;-0,1408;21;3;0;-0,648857;0,205492;-0,229948;0,095843;8
3279;413;11;15;29;36;42;49;0;0;0,162429;0,4737;21;3;0;0,218556;-2,334834;-0,790888;0,853668;8
3280;254;7;11;15;16;17;29;0;0;-1,096901;-0,7856;21;3;0;0,197505;-0,459463;-0,945672;-1,151722;8
3281;53;3;7;11;29;36;42;0;0;-1,327820;-1,0165;21;3;0;-1,395539;-2,329262;-0,300530;-0,603784;8
3282;45;3;7;11;17;36;49;0;0;-1,501189;-1,1899;21;3;0;-2,360776;-1,017307;0,046807;-0,286166;8
3283;407;11;15;17;29;42;49;0;0;-0,598959;-0,2877;21;3;0;0,124447;0,429001;-0,676966;-0,484909;8
3284;224;3;15;17;29;36;49;0;0;0,622481;0,9338;21;3;0;0,174597;1,265458;-0,337678;1,241249;8
3285;72;3;7;15;17;20;29;0;0;-1,108698;-0,7974;21;3;0;-0,520077;0,904500;-1,447175;0,046931;8
3286;113;3;7;17;20;29;42;0;0;1,507551;1,8188;21;3;0;1,728016;-0,861903;-0,020060;0,903199;8
3287;77;3;7;15;17;29;42;0;0;-2,343364;-2,0321;21;3;0;-1,021579;0,861160;-0,672632;-2,364614;8
3288;398;11;15;16;36;42;49;0;0;-1,850784;-1,5395;21;3;0;-1,020960;0,136149;-1,572241;-0,612452;8
3289;67;3;7;15;16;29;42;0;0;-0,524966;-0,2137;21;3;0;-0,893417;-0,130700;-0,306102;0,290252;8
3290;306;7;11;16;29;42;49;0;0;-0,153207;0,1581;21;3;0;0,159119;0,473579;-0,462125;0,037644;8
3291;237;3;16;17;20;42;49;0;0;-0,562141;-0,2509;21;3;0;-0,905800;0,518157;-0,529611;0,461754;8
3292;358;7;16;17;20;29;36;0;0;-1,001817;-0,6905;21;3;0;-0,424110;-2,330500;0,857259;-2,168347;8
3293;185;3;11;17;20;36;42;0;0;-2,145689;-1,8344;21;3;0;0,332477;1,672851;-1,751172;-2,297747;8
3294;140;3;11;15;16;36;49;0;0;-0,284753;0,0265;21;3;0;-0,411108;-1,746652;-0,720925;0,638827;8
3295;261;7;11;15;16;20;49;0;0;-1,632019;-1,3207;21;3;0;-1,110735;0,552210;-0,906667;-0,809338;8
3296;371;7;16;20;36;42;49;0;0;-0,277246;0,0340;21;3;0;-1,252518;-0,473084;-0,163700;0,936014;8
3297;418;11;16;17;20;36;49;0;0;-0,302268;0,0090;21;3;0;0,605518;-0,512709;-1,185279;0,056218;8
3298;240;3;16;17;29;42;49;0;0;-1,201637;-0,8903;21;3;0;-0,525649;0,816582;-0,111693;-1,443955;8
3299;193;3;11;20;29;36;49;0;0;-1,476881;-1,1656;21;3;0;-1,273568;-0,465654;-0,777886;-0,506579;8
3300;8;3;7;11;15;17;29;0;0;-0,246147;0,0651;21;3;0;-0,204935;-0,293534;0,002229;-0,223633;8
3301;126;3;7;29;36;42;49;0;0;-2,134250;-1,8230;21;3;0;-2,002914;-1,317589;-2,545527;0,851811;8
3302;151;3;11;15;17;42;49;0;0;0,315423;0,6267;21;3;0;-0,633998;0,248213;1,838594;-0,658268;8
3303;380;11;15;16;17;20;36;0;0;1,287713;1,5990;21;3;0;1,048202;0,211064;1,214502;-0,032319;8
3304;242;3;16;20;29;36;42;0;0;-1,538007;-1,2267;21;3;0;-0,915087;0,385661;-0,524039;-1,224780;8
3305;111;3;7;16;36;42;49;0;0;-1,184836;-0,8735;21;3;0;-0,107111;1,022136;-1,106648;-0,838438;8
3306;66;3;7;15;16;29;36;0;0;-0,681533;-0,3702;21;3;0;-0,266849;-0,510232;0,456677;-1,370278;8
3307;225;3;15;17;29;42;49;0;0;-0,127828;0,1835;21;3;0;0,816025;0,339845;-0,234901;-0,802528;8
3308;18;3;7;11;15;29;49;0;0;-2,522094;-2,2108;21;3;0;-2,138505;-1,346689;0,430673;-2,660563;8
3309;24;3;7;11;16;17;36;0;0;0,230704;0,5420;21;3;0;1,582518;-0,744886;0,043711;-1,226638;8
3310;173;3;11;16;20;29;42;0;0;0,075210;0,3865;21;3;0;-1,598616;0,518157;0,987898;0,740985;8
3311;391;11;15;16;20;29;49;0;0;-0,919959;-0,6087;21;3;0;0,043959;1,522400;-1,067643;-0,569731;8
3312;20;3;7;11;15;36;49;0;0;0,755813;1,0671;21;3;0;0,271183;0,589977;1,083245;-0,045321;8
3313;235;3;16;17;20;36;42;0;0;-0,369471;-0,0582;21;3;0;0,236511;-1,387552;0,052379;-0,928832;8
3314;256;7;11;15;16;17;42;0;0;-0,423804;-0,1125;21;3;0;-0,815406;1,578742;-0,189085;0,270440;8
3315;432;11;17;20;36;42;49;0;0;0,663231;0,9745;21;3;0;0,624092;0,168344;1,489400;-0,964742;8
3316;427;11;16;20;36;42;49;0;0;1,224443;1,5357;21;3;0;-1,019102;0,001176;0,625702;2,514198;8
3317;116;3;7;17;20;36;49;0;0;1,070378;1,3817;21;3;0;1,489648;-0,818563;-0,150698;0,515000;8
3318;423;11;16;17;36;42;49;0;0;-0,716564;-0,4053;21;3;0;-0,804880;-0,385166;-1,090551;0,654306;8
3319;438;15;16;17;20;36;42;0;0;1,261261;1,5726;21;3;0;1,709442;-0,338112;0,934033;-0,458906;8
3320;230;3;15;20;36;42;49;0;0;-0,299766;0,0115;21;3;0;-0,069963;0,328082;0,381761;-0,831008;8
3321;41;3;7;11;17;29;36;0;0;-2,113159;-1,8019;21;3;0;0,225986;-0,752935;-1,860759;-2,025326;8
3322;447;15;16;20;29;42;49;0;0;-1,318169;-1,0069;21;3;0;-0,904562;-0,387643;-1,737551;0,358977;8
3323;287;7;11;15;36;42;49;0;0;-1,045785;-0,7345;21;3;0;-0,649476;-0,885430;-0,183513;-0,978363;8
3324;65;3;7;15;16;20;49;0;0;-0,702980;-0,3917;21;3;0;-0,079869;1,246264;-0,014488;-1,123241;8
3325;134;3;11;15;16;20;42;0;0;-0,392705;-0,0814;21;3;0;-0,281089;-0,443365;-0,937004;0,537908;8
3326;223;3;15;17;29;36;42;0;0;0,553491;0,8648;21;3;0;1,011053;0,412904;-0,509799;0,457420;8
3327;266;7;11;15;16;36;49;0;0;0,463411;0,7747;21;3;0;0,065629;-0,739313;1,200262;-0,463240;8
3328;342;7;15;16;36;42;49;0;0;-0,892434;-0,5811;21;3;0;-0,665574;0,876638;-0,493701;-0,386466;8
3329;260;7;11;15;16;20;42;0;0;-1,381082;-1,0698;21;3;0;-0,651334;-0,494754;0,641799;-2,382569;8
3330;437;15;16;17;20;29;49;0;0;-1,121923;-0,8106;21;3;0;-0,666812;0,770766;-0,349442;-0,926974;8
3331;91;3;7;15;36;42;49;0;0;-2,001632;-1,6903;21;3;0;-0,440208;0,149770;-0,158747;-2,867974;8
3332;283;7;11;15;20;42;49;0;0;-2,539610;-2,2283;21;3;0;-2,004152;1,530449;-0,867661;-1,526920;8
3333;370;7;16;20;29;42;49;0;0;0,345449;0,6567;21;3;0;-0,267468;-0,978920;1,121012;-0,255209;8
3334;385;11;15;16;17;29;49;0;0;1,185480;1,4968;21;3;0;1,646909;1,224594;1,218217;-0,811815;8
3335;37;3;7;11;17;20;29;0;0;-1,441493;-1,1302;21;3;0;0,129400;-0,707737;-1,367306;-1,258833;8
3336;295;7;11;16;17;36;42;0;0;-0,328363;-0,0171;21;3;0;-0,164072;1,518685;0,640561;-1,045230;8
3337;363;7;16;17;20;42;49;0;0;-1,135865;-0,8246;21;3;0;-0,960903;-0,074978;1,114202;-2,120674;8
3338;56;3;7;11;36;42;49;0;0;0,328648;0,6399;21;3;0;1,529892;1,137915;-0,541994;-0,418662;8
3339;309;7;11;17;20;29;42;0;0;1,594057;1,9053;21;3;0;1,590567;0,220971;1,363096;-0,192676;8
3340;350;7;15;17;29;36;49;0;0;-0,134620;0,1767;21;3;0;0,739252;0,154723;-0,584715;-0,387705;8
3341;6;3;7;11;15;16;49;0;0;0,246790;0,5581;21;3;0;-0,806738;-1,278583;1,428105;-0,193914;8
3342;454;15;17;29;36;42;49;0;0;-0,567146;-0,2559;21;3;0;0,166548;-0,587005;-0,111693;-1,037181;8
3343;226;3;15;17;36;42;49;0;0;-1,350340;-1,0390;21;3;0;-0,451971;-1,209859;-2,825997;0,939110;8
3344;109;3;7;16;29;36;49;0;0;-1,220583;-0,9093;21;3;0;-1,661149;-2,524909;-1,455843;1,002881;8
3345;439;15;16;17;20;36;49;0;0;-0,937475;-0,6262;21;3;0;0,663098;0,329320;-1,309726;-0,977125;8
3346;460;16;17;29;36;42;49;0;0;-0,559639;-0,2483;21;3;0;-0,776400;0,839490;-0,761788;0,568865;8
3347;86;3;7;15;20;36;49;0;0;0,123824;0,4351;21;3;0;-0,963999;0,594311;0,411480;0,766989;8
3348;135;3;11;15;16;20;49;0;0;1,828193;2,1395;21;3;0;0,864937;0,090951;1,690620;0,610966;8
3349;78;3;7;15;17;29;49;0;0;0,644643;0,9559;21;3;0;-0,360339;-1,017926;2,121541;-0,644647;8
3350;125;3;7;20;36;42;49;0;0;-1,439348;-1,1281;21;3;0;0,056961;1,860450;-1,793892;-0,756092;8
3351;280;7;11;15;20;29;49;0;0;0,549917;0,8612;21;3;0;-0,708295;-1,126894;0,399097;1,261681;8
3352;171;3;11;16;17;42;49;0;0;-0,949628;-0,6383;21;3;0;-0,871128;1,982420;-0,941338;0,167663;8
3353;248;3;17;20;29;36;49;0;0;0,510595;0,8219;21;3;0;-0,123828;-0,149893;1,485685;-0,477480;8
3354;21;3;7;11;15;42;49;0;0;0,412294;0,7236;21;3;0;0,201839;0,481009;-0,752501;1,264776;8
3355;274;7;11;15;17;29;49;0;0;-1,944082;-1,6328;21;3;0;-1,318146;0,677276;-0,924003;-1,125099;8
3356;461;16;20;29;36;42;49;0;0;-1,375362;-1,0641;21;3;0;-1,087208;1,016564;-0,556234;-0,738756;8
3357;164;3;11;16;17;20;42;0;0;-1,129430;-0,8181;21;3;0;0,559701;-1,926202;-2,132561;-0,383371;8
3358;201;3;15;16;17;29;36;0;0;-1,349983;-1,0387;21;3;0;0,413585;1,320561;-1,798845;-0,952978;8
3359;105;3;7;16;20;36;42;0;0;1,656612;1,9679;21;3;0;-0,483547;2,140920;1,858407;1,494477;8
3360;336;7;15;16;20;36;42;0;0;0,437316;0,7486;21;3;0;0,933042;-0,897194;-0,759312;0,583724;8
3361;373;7;17;20;29;36;42;0;0;-1,342477;-1,0312;21;3;0;0,090394;2,153302;-0,857755;-1,557877;8
3362;354;7;15;20;29;36;49;0;0;-0,700478;-0,3892;21;3;0;-0,906419;0,679133;-0,182274;-0,124571;8
3363;388;11;15;16;17;42;49;0;0;-1,916557;-1,6053;21;3;0;-0,754730;-0,224190;-1,094885;-1,469959;8
3364;16;3;7;11;15;29;36;0;0;-0,908877;-0,5976;21;3;0;-1,062442;0,848777;0,044949;-0,556729;8
3365;118;3;7;17;29;36;42;0;0;-0,326575;-0,0153;21;3;0;0,134972;-1,136181;0,644276;-1,344893;8
3366;154;3;11;15;20;29;49;0;0;-1,733180;-1,4219;21;3;0;-1,263662;-1,995546;0,155775;-1,894069;8
3367;195;3;11;20;36;42;49;0;0;-0,440962;-0,1297;21;3;0;0,030957;-0,884192;-0,932670;0,137944;8
3368;376;7;17;20;36;42;49;0;0;0,077712;0,3890;21;3;0;-0,460639;1,349041;-0,554377;1,149617;8
3369;410;11;15;20;29;36;49;0;0;-1,135864;-0,8246;21;3;0;0,034672;0,892736;0,027614;-2,029660;8
3370;268;7;11;15;17;20;29;0;0;0,809790;1,1211;21;3;0;1,400492;1,294557;0,254218;-0,252113;8
3371;216;3;15;16;36;42;49;0;0;0,289685;0,6010;21;3;0;-0,489739;0,333654;1,173639;-0,182151;8
3372;209;3;15;16;20;29;49;0;0;-1,422190;-1,1109;21;3;0;-1,734827;0,842586;-0,946911;0,218432;8
3373;4;3;7;11;15;16;36;0;0;0,241786;0,5531;21;3;0;-0,421633;-1,461229;0,891931;-0,051512;8
3374;146;3;11;15;17;29;36;0;0;-1,200207;-0,8889;21;3;0;1,250041;-1,506426;-1,965394;-1,363467;8
3375;217;3;15;17;20;29;36;0;0;1,560456;1,8717;21;3;0;1,467359;-0,510851;0,241836;0,993594;8
3376;81;3;7;15;17;42;49;0;0;-0,881711;-0,5704;21;3;0;0,507694;-1,728078;-1,040401;-0,994461;8
3377;178;3;11;16;29;36;42;0;0;-1,445067;-1,1338;21;3;0;-2,093308;0,237687;-1,221808;0,812186;8
3378;93;3;7;16;17;20;36;0;0;-0,162144;0,1491;21;3;0;1,451880;-1,040834;-0,465840;-1,266882;8
3379;369;7;16;20;29;36;49;0;0;1,075740;1,3870;21;3;0;1,035200;0,992417;0,188590;0,639446;8
3380;132;3;11;15;16;20;29;0;0;-0,609683;-0,2984;21;3;0;0,265610;1,337897;-1,061451;-0,260162;8
3381;199;3;15;16;17;20;42;0;0;0,278962;0,5903;21;3;0;-0,107730;-1,377026;0,816396;-0,225490;8
3382;344;7;15;17;20;29;42;0;0;-0,234708;0,0766;21;3;0;-0,079869;-0,278055;-0,179798;-0,146860;8
3383;207;3;15;16;20;29;36;0;0;0,011582;0,3229;21;3;0;-1,038915;-1,547909;-0,119741;1,178716;8
3384;14;3;7;11;15;20;42;0;0;0,386914;0,6982;21;3;0;0,990622;0,589358;1,129680;-1,450147;8
3385;292;7;11;16;17;29;36;0;0;-1,432199;-1,1209;21;3;0;0,173978;-2,056221;-1,315298;-1,339321;8
3386;114;3;7;17;20;29;49;0;0;0,353313;0,6646;21;3;0;0,609232;0,524968;0,173111;-0,170387;8
3387;58;3;7;15;16;17;29;0;0;-0,321571;-0,0103;21;3;0;1,363343;1,045663;-1,961679;0,041358;8
3388;179;3;11;16;29;36;49;0;0;-1,730321;-1,4190;21;3;0;-0,808595;0,882830;-1,054022;-1,134386;8
3389;213;3;15;16;29;36;42;0;0;0,141697;0,4530;21;3;0;0,819740;0,274836;-0,732689;0,158376;8
3390;340;7;15;16;29;36;49;0;0;1,072523;1,3838;21;3;0;0,811691;2,247411;0,561311;0,484662;8
3391;163;3;11;16;17;20;36;0;0;3,765267;4,0766;21;3;0;1,051917;-1,081697;2,829835;2,639883;8
3392;51;3;7;11;20;36;49;0;0;1,338472;1,6498;21;3;0;1,018483;1,456771;0,241216;1,058603;8
3393;319;7;11;20;29;36;49;0;0;0,235351;0,5466;21;3;0;-0,838933;1,113769;1,196547;0,050026;8
3394;61;3;7;15;16;17;49;0;0;-0,771970;-0,4607;21;3;0;0,370864;0,315080;-0,649105;-1,058851;8
3395;139;3;11;15;16;36;42;0;0;-0,003074;0,3082;21;3;0;-1,236420;0,846301;1,281369;-0,050274;8
3396;210;3;15;16;20;36;42;0;0;-0,376977;-0,0657;21;3;0;-1,929855;-2,111944;1,475160;-0,198248;8
3397;204;3;15;16;17;36;42;0;0;-1,143014;-0,8317;21;3;0;-1,399873;-0,640870;-0,252237;-0,327648;8
3398;212;3;15;16;20;42;49;0;0;-0,363393;-0,0521;21;3;0;-1,129309;0,892736;-0,097452;0,597345;8
3399;452;15;17;20;29;42;49;0;0;-0,620407;-0,3091;21;3;0;-0,565274;0,255642;-0,012630;-0,496673;8
3400;3;3;7;11;15;16;29;0;0;-0,179659;0,1316;21;3;0;-0,596850;0,276074;0,788535;-0,502864;8
3401;375;7;17;20;29;42;49;0;0;0,182090;0,4934;21;3;0;-0,052627;1,254932;0,595983;-0,227967;8
3402;117;3;7;17;20;42;49;0;0;-2,385544;-2,0743;21;3;0;-1,502030;-0,673685;-1,118412;-1,511441;8
3403;94;3;7;16;17;20;42;0;0;-0,433814;-0,1225;21;3;0;0,369007;0,822154;-0,696160;-0,424234;8
3404;308;7;11;17;20;29;36;0;0;0,479496;0,7908;21;3;0;0,643904;-1,523143;-0,821226;1,007834;8
3405;161;3;11;15;36;42;49;0;0;0,105594;0,4169;21;3;0;0,542365;1,486490;-0,346346;-0,013126;8
3406;172;3;11;16;20;29;36;0;0;-1,655969;-1,3447;21;3;0;-2,103214;-0,460701;-0,536422;-0,228586;8
3407;214;3;15;16;29;36;49;0;0;0,124897;0,4362;21;3;0;0,978858;0,906976;-1,356161;0,593630;8
3408;456;16;17;20;29;36;42;0;0;-1,900114;-1,5888;21;3;0;-1,851225;1,404145;-1,062690;-0,377179;8
3409;416;11;16;17;20;29;49;0;0;-0,923891;-0,6126;21;3;0;-1,716872;0,121289;0,397239;-0,280594;8
3410;168;3;11;16;17;29;49;0;0;-0,345521;-0,0342;21;3;0;1,301430;-0,594435;-1,161752;-0,738137;8
3411;176;3;11;16;20;36;49;0;0;0,434457;0,7457;21;3;0;-0,216699;-0,473084;-0,021298;0,990498;8
3412;361;7;16;17;20;36;42;0;0;-0,788413;-0,4771;21;3;0;-0,053865;-1,287870;-2,046501;0,734794;8
3413;451;15;17;20;29;36;49;0;0;-0,285825;0,0255;21;3;0;0,253847;-0,113364;-0,657773;-0,091137;8
3414;157;3;11;15;20;42;49;0;0;0,269668;0,5810;21;3;0;-0,242702;-1,113892;0,143393;0,566388;8
3415;323;7;15;16;17;20;29;0;0;-1,226659;-0,9154;21;3;0;0,136211;-0,588863;-1,200138;-1,060708;8
3416;84;3;7;15;20;29;49;0;0;0,283609;0,5949;21;3;0;1,295857;-0,979539;-0,182274;-0,622358;8
3417;339;7;15;16;29;36;42;0;0;0,039821;0,3511;21;3;0;-0,317618;-0,375879;1,315422;-0,928832;8
3418;27;3;7;11;16;20;29;0;0;0,118820;0,4301;21;3;0;1,258090;1,753339;-0,836704;-0,215584;8
3419;183;3;11;17;20;29;42;0;0;-0,900298;-0,5890;21;3;0;0,032814;-0,000062;-0,783458;-0,808719;8
3420;459;16;17;20;36;42;49;0;0;0,689326;1,0006;21;3;0;0,630283;1,326133;0,216451;0,347213;8
3421;100;3;7;16;17;36;49;0;0;-3,696350;-3,3851;21;3;0;-2,199181;0,928646;-1,657063;-2,546022;8
3422;89;3;7;15;29;36;49;0;0;0,324359;0,6357;21;3;0;0,725631;0,101477;0,092623;-0,256447;8
3423;228;3;15;20;29;36;49;0;0;-0,165003;0,1463;21;3;0;0,120113;-2,418418;-0,650343;0,244436;8
3424;245;3;16;20;36;42;49;0;0;0,284681;0,5960;21;3;0;-0,798070;1,373807;2,289946;-0,998795;8
3425;377;7;17;29;36;42;49;0;0;-0,414511;-0,1032;21;3;0;-0,499026;0,101477;-0,215089;-0,003839;8
3426;253;7;11;15;16;17;20;0;0;-0,571793;-0,2605;21;3;0;-1,018483;-0,382070;0,810824;-0,782715;8
3427;352;7;15;17;36;42;49;0;0;-0,569648;-0,2584;21;3;0;-0,019193;-0,308393;-0,023156;-0,944310;8
3428;304;7;11;16;29;36;42;0;0;-0,531043;-0,2198;21;3;0;1,428353;-2,218436;-0,745691;-1,602455;8
3429;129;3;11;15;16;17;36;0;0;0,499872;0,8112;21;3;0;0,624711;1,667898;1,283846;-1,042753;8
3430;206;3;15;16;17;42;49;0;0;1,616934;1,9282;21;3;0;2,750214;-1,290966;0,397239;-0,346841;8
3431;307;7;11;16;36;42;49;0;0;0,341517;0,6528;21;3;0;0,256943;1,588648;0,062285;0,272297;8
3432;149;3;11;15;17;36;42;0;0;-0,195030;0,1163;21;3;0;0,649476;-1,492805;-0,070829;-0,916449;8
3433;353;7;15;20;29;36;42;0;0;-0,500658;-0,1894;21;3;0;-1,274806;-0,761602;0,025137;0,382504;8
3434;103;3;7;16;20;29;42;0;0;1,083962;1,3953;21;3;0;0,913230;2,044334;0,729098;0,235149;8
3435;71;3;7;15;16;42;49;0;0;1,196204;1,5075;21;3;0;0,560320;0,763955;1,107391;0,404174;8
3436;35;3;7;11;16;36;49;0;0;0,504519;0,8158;21;3;0;0,008049;2,036904;0,878310;-0,012507;8
3437;96;3;7;16;17;29;36;0;0;-0,910665;-0,5994;21;3;0;-0,505836;-0,370926;-0,262762;-0,808719;8
3438;160;3;11;15;29;42;49;0;0;-0,252938;0,0584;21;3;0;-0,338669;-0,904624;2,085631;-2,185064;8
3439;182;3;11;17;20;29;36;0;0;-0,627914;-0,3166;21;3;0;-0,474879;2,510545;-0,031824;-0,580876;8
3440;404;11;15;17;20;42;49;0;0;-1,634522;-1,3232;21;3;0;-2,310006;-0,261338;-0,249761;-0,271307;8
3441;384;11;15;16;17;29;42;0;0;-0,791273;-0,4800;21;3;0;0,421633;1,731050;-0,406403;-1,385756;8
3442;54;3;7;11;29;36;49;0;0;-0,566110;-0,3059;22;3;0;-0,886607;-3,863054;-0,243817;0,149893;8
3443;332;7;15;16;17;42;49;0;0;-0,133583;0,1266;22;3;0;-0,329382;1,088817;-1,317403;1,415413;8
3444;218;3;15;17;20;29;42;0;0;1,283746;1,5439;22;3;0;0,361577;1,542027;-0,155899;2,017835;8
3445;101;3;7;16;17;42;49;0;0;-0,868163;-0,6080;22;3;0;-2,420213;-0,067734;-0,542242;1,458753;8
3446;426;11;16;20;29;42;49;0;0;0,697511;0,9577;22;3;0;-0,314522;0,041854;0,002600;1,520047;8
3447;337;7;15;16;20;36;49;0;0;-1,621331;-1,3612;22;3;0;-1,380679;-1,631059;-1,828812;0,401264;8
3448;298;7;11;16;20;29;36;0;0;-1,709981;-1,4498;22;3;0;-2,084021;-1,431077;-1,121136;0,243383;8
3449;348;7;15;17;20;42;49;0;0;-1,378973;-1,1188;22;3;0;-0,234654;-1,463891;-1,522338;-0,631460;8
3450;190;3;11;17;29;42;49;0;0;-0,557530;-0,2974;22;3;0;-0,859364;-1,345017;-0,575056;0,468750;8
3451;399;11;15;17;20;29;36;0;0;-1,314273;-1,0541;22;3;0;-2,358299;-1,518376;0,414328;-0,332416;8
3452;70;3;7;15;16;36;49;0;0;-0,593991;-0,3338;22;3;0;-0,983192;0,822588;-0,435750;0,390119;8
3453;251;3;17;29;36;42;49;0;0;-0,236173;0,0240;22;3;0;-2,465410;-0,311674;-0,464849;2,521195;8
3454;297;7;11;16;17;42;49;0;0;-0,918922;-0,6588;22;3;0;-0,978239;-1,874380;-0,753987;0,140606;8
3455;80;3;7;15;17;36;49;0;0;-0,761282;-0,5011;22;3;0;-0,128162;-0,704827;-0,074173;-1,116245;8
3456;453;15;17;20;36;42;49;0;0;1,036741;1,2969;22;3;0;0,466211;-1,198900;-0,279727;1,609203;8
3457;47;3;7;11;20;29;36;0;0;1,356310;1,6165;22;3;0;0,616662;0,452343;1,529396;0,203139;8
3458;301;7;11;16;20;36;42;0;0;-0,794526;-0,5344;22;3;0;-1,222799;0,322324;-0,264868;0,111507;8
3459;39;3;7;11;17;20;42;0;0;-2,991832;-2,7317;22;3;0;-0,324429;-0,516609;-2,654743;-2,202833;8
3460;155;3;11;15;20;36;42;0;0;0,192063;0,4522;22;3;0;0,029719;0,389191;-0,422748;0,725692;8
3461;145;3;11;15;17;20;49;0;0;-0,576476;-0,3163;22;3;0;-1,402968;0,758197;0,181531;0,222952;8
3462;159;3;11;15;29;36;49;0;0;1,284104;1,5443;22;3;0;-0,590658;1,072101;0,726993;2,087798;8
3463;345;7;15;17;20;29;49;0;0;0,715742;0,9759;22;3;0;-1,640098;0,257933;0,336316;2,543484;8
3464;411;11;15;20;29;42;49;0;0;0,476959;0,7371;22;3;0;-0,170263;-0,033062;0,929451;0,066929;8
3465;87;3;7;15;20;42;49;0;0;-3,931594;-3,6714;22;3;0;-2,794173;-2,494757;-0,436988;-3,578560;8
3466;108;3;7;16;29;36;42;0;0;0,985982;1,2461;22;3;0;-0,307712;0,963132;1,329415;0,686068;8
3467;15;3;7;11;15;20;49;0;0;0,792238;1,0524;22;3;0;-1,316908;-0,042968;0,450857;2,238248;8
3468;445;15;16;20;29;36;42;0;0;1,217973;1,4781;22;3;0;1,139215;0,756959;0,096090;0,874286;8
3469;231;3;15;29;36;42;49;0;0;-0,145379;0,1148;22;3;0;0,200601;0,201592;0,600069;-1,052474;8
3470;76;3;7;15;17;29;36;0;0;-0,640103;-0,3799;22;3;0;-1,467359;-0,782839;-0,488377;0,847044;8
3471;29;3;7;11;16;20;42;0;0;0,815831;1,0760;22;3;0;0,773923;-0,430549;-0,779372;1,418509;8
3472;419;11;16;17;20;42;49;0;0;-0,099981;0,1602;22;3;0;-1,736684;-0,698017;1,102191;0,461320;8
3473;64;3;7;15;16;20;42;0;0;1,053899;1,3141;22;3;0;0,432159;-0,863327;-0,460515;1,853763;8
3474;31;3;7;11;16;29;36;0;0;0,982407;1,2426;22;3;0;-0,508932;-1,014397;-0,014736;2,225246;8
3475;434;11;20;29;36;42;49;0;0;-0,392741;-0,1326;22;3;0;-0,000619;0,282080;-1,243107;0,563478;8
3476;13;3;7;11;15;20;36;0;0;0,676421;0,9366;22;3;0;1,228990;1,156923;0,192057;-0,249451;8
3477;321;7;11;20;36;42;49;0;0;-1,247785;-0,9876;22;3;0;-1,142311;-0,545090;-1,311831;0,292915;8
3478;313;7;11;17;20;42;49;0;0;-0,365931;-0,1058;22;3;0;-0,785068;-0,579761;0,481195;-0,329939;8
3479;115;3;7;17;20;36;42;0;0;0,796528;1,0567;22;3;0;0,198124;0,481442;-0,628302;1,809804;8
3480;130;3;11;15;16;17;42;0;0;0,884820;1,1450;22;3;0;1,615952;-0,763026;-1,079654;0,996256;8
3481;68;3;7;15;16;29;49;0;0;-0,803820;-0,5437;22;3;0;0,040863;0,144012;-0,898866;-0,534255;8
3482;429;11;17;20;29;36;42;0;0;0,481963;0,7421;22;3;0;-0,087299;0,084574;-0,029595;0,951678;8
3483;169;3;11;16;17;36;42;0;0;0,298586;0,5588;22;3;0;-1,466120;1,153208;0,119618;1,863669;8
3484;383;11;15;16;17;29;36;0;0;0,137729;0,3979;22;3;0;-0,861222;-1,123984;-0,204811;1,304587;8
3485;330;7;15;16;17;36;42;0;0;0,322179;0,5823;22;3;0;0,048912;0,080240;0,385847;0,123271;8
3486;293;7;11;16;17;29;42;0;0;-0,772721;-0,5126;22;3;0;-1,781881;-1,609389;-0,197381;0,640870;8
3487;57;3;7;15;16;17;20;0;0;-0,592204;-0,3320;22;3;0;-1,884658;0,678328;-0,963875;1,822806;8
3488;239;3;16;17;29;36;49;0;0;-0,360570;-0,1004;22;3;0;-1,525558;-1,558620;0,720801;0,180231;8
3489;104;3;7;16;20;29;49;0;0;0,768646;1,0288;22;3;0;0,851316;-0,678824;-0,790516;1,270534;8
3490;382;11;15;16;17;20;49;0;0;0,604929;0,8651;22;3;0;-0,445161;-1,301058;0,161719;1,331210;8
3491;122;3;7;20;29;36;42;0;0;-0,234744;0,0254;22;3;0;0,695293;-2,307158;-2,706750;1,604869;8
3492;420;11;16;17;29;36;42;0;0;-1,252790;-0,9926;22;3;0;-1,202986;-2,931250;0,005696;-0,972605;8
3493;440;15;16;17;20;42;49;0;0;-0,402393;-0,1422;22;3;0;-0,318856;-2,272487;-1,070367;0,692259;8
3494;324;7;15;16;17;20;36;0;0;0,055156;0,3153;22;3;0;0,206173;-0,076402;-1,068510;0,957869;8
3495;121;3;7;17;36;42;49;0;0;0,096264;0,3564;22;3;0;-1,531130;-0,216946;1,023560;0,674304;8
3496;257;7;11;15;16;17;49;0;0;0,268560;0,5287;22;3;0;-0,710771;-0,620625;-0,510046;1,685977;8
3497;170;3;11;16;17;36;49;0;0;0,060160;0,3203;22;3;0;-1,142311;0,838066;1,025417;0,221094;8
3498;395;11;15;16;29;36;42;0;0;-0,776653;-0,5165;22;3;0;-1,435783;-0,298053;-0,325543;0,416123;8
3499;1;3;7;11;15;16;17;0;0;0,259265;0,5194;22;3;0;-0,926231;0,544594;-0,943444;2,318736;8
3500;222;3;15;17;20;42;49;0;0;0,720032;0,9802;22;3;0;-0,552272;-1,221808;-0,269201;2,068604;8
3501;92;3;7;16;17;20;29;0;0;-0,775581;-0,5154;22;3;0;-0,509551;-0,359967;-1,292638;0,458844;8
3502;449;15;16;29;36;42;49;0;0;-0,731613;-0,4714;22;3;0;-0,660621;-2,475564;-0,063647;-0,542923;8
3503;326;7;15;16;17;20;49;0;0;-1,718202;-1,4580;22;3;0;-2,285241;-1,265767;-0,700741;0,009968;8
3504;238;3;16;17;29;36;42;0;0;1,281601;1,5418;22;3;0;0,759064;-1,852091;1,122003;0,338731;8
3505;249;3;17;20;29;42;49;0;0;0,235674;0,4958;22;3;0;0,221652;-0,771694;-1,500668;1,687215;8
3506;282;7;11;15;20;36;49;0;0;-0,182555;0,0776;22;3;0;0,319476;0,535926;-2,114854;1,479184;8
3507;32;3;7;11;16;29;42;0;0;-1,218831;-0,9587;22;3;0;-1,310097;0,121104;-1,204720;0,403740;8
3508;128;3;11;15;16;17;29;0;0;-1,004355;-0,7442;22;3;0;-0,840171;-1,932579;0,026128;-0,925550;8
3509;288;7;11;16;17;20;29;0;0;-0,613294;-0,3531;22;3;0;-2,310006;0,645514;1,228495;0,019255;8
3510;341;7;15;16;29;42;49;0;0;-0,624375;-0,3642;22;3;0;0,054484;0,762531;-1,201005;0,065071;8
3511;265;7;11;15;16;36;42;0;0;0,387236;0,6474;22;3;0;-0,043959;-0,337678;1,026656;-0,311984;8
3512;203;3;15;16;17;29;49;0;0;-0,236531;0,0236;22;3;0;-0,189456;0,509923;-0,117513;-0,102715;8
3513;110;3;7;16;29;42;49;0;0;-1,649928;-1,3898;22;3;0;-0,665574;1,663378;-0,605394;-1,586791;8
3514;374;7;17;20;29;36;49;0;0;0,092689;0,3529;22;3;0;-0,063771;-0,281956;0,517105;-0,292791;8
3515;441;15;16;17;29;36;42;0;0;-0,503197;-0,2430;22;3;0;-0,357243;0,560073;-1,363220;0,848901;8
3516;406;11;15;17;29;36;49;0;0;0,646037;0,9062;22;3;0;-0,497788;-0,310436;0,068848;1,547909;8
3517;60;3;7;15;16;17;42;0;0;-0,097122;0,1630;22;3;0;0,148593;-0,614433;0,278736;-0,595549;8
3518;365;7;16;17;29;36;49;0;0;1,013864;1,2740;22;3;0;0,068724;-0,155651;1,106525;0,580814;8
3519;315;7;11;17;29;36;49;0;0;-0,309453;-0,0493;22;3;0;-2,243140;0,227595;-0,508189;2,215340;8
3520;424;11;16;20;29;36;42;0;0;-0,902479;-0,6423;22;3;0;-1,209178;0,390429;-0,555244;0,201282;8
3521;147;3;11;15;17;29;42;0;0;0,246397;0,5066;22;3;0;-1,466740;-0,953721;1,164724;0,728788;8
3522;417;11;16;17;20;36;42;0;0;-0,112850;0,1473;22;3;0;-0,417919;-0,119122;-0,278489;0,500945;8
3523;241;3;16;17;36;42;49;0;0;-0,019553;0,2406;22;3;0;0,734298;-0,740118;-0,952111;0,183946;8
3524;26;3;7;11;16;17;49;0;0;-2,717661;-2,4575;22;3;0;-1,554038;0,063524;-0,895770;-2,257318;8
3525;356;7;15;20;36;42;49;0;0;0,807966;1,0681;22;3;0;-0,871128;-1,530758;-0,017212;2,287779;8
3526;10;3;7;11;15;17;42;0;0;-0,064950;0,1952;22;3;0;-1,077920;-0,806985;0,478099;0,487324;8
3527;36;3;7;11;16;42;49;0;0;0,247469;0,5076;22;3;0;0,656906;-0,472650;-0,305112;0,076835;8
3528;378;7;20;29;36;42;49;0;0;0,053369;0,3135;22;3;0;-0,072439;1,541408;-0,433273;0,598150;8
3529;23;3;7;11;16;17;29;0;0;-0,663338;-0,4032;22;3;0;0,100300;-1,074453;-1,032599;-0,216637;8
3530;99;3;7;16;17;36;42;0;0;-0,075317;0,1848;22;3;0;0,751634;-1,927626;-1,597254;0,715167;8
3531;334;7;15;16;20;29;42;0;0;1,242995;1,5032;22;3;0;0,195029;0,417052;0,505341;1,452561;8
3532;133;3;11;15;16;20;36;0;0;-2,705864;-2,4457;22;3;0;-2,419594;0,717953;-1,739037;-0,528063;8
3533;364;7;16;17;29;36;42;0;0;0,405824;0,6660;22;3;0;-0,050769;-1,421790;-0,639446;1,393124;8
3534;290;7;11;16;17;20;42;0;0;-1,389339;-1,1292;22;3;0;-0,026004;1,161876;-2,317312;-0,063090;8
3535;414;11;16;17;20;29;36;0;0;-0,660836;-0,4007;22;3;0;-0,671765;-0,470793;-0,110702;-0,362134;8
3536;412;11;15;20;36;42;49;0;0;-1,599884;-1,3397;22;3;0;-1,189985;1,032476;0,686129;-2,267224;8
3537;181;3;11;16;36;42;49;0;0;0,477674;0,7378;22;3;0;-0,244560;-0,463983;0,830389;0,241526;8
3538;208;3;15;16;20;29;42;0;0;0,464447;0,7246;22;3;0;0,170263;-0,027490;-0,488377;1,122560;8
3539;457;16;17;20;29;36;49;0;0;-0,325181;-0,0650;22;3;0;-1,407921;0,204687;-0,079745;0,924436;8
3540;278;7;11;15;20;29;36;0;0;-1,946619;-1,6865;22;3;0;-2,164509;-0,484414;-0,857383;-0,349751;8
3541;322;7;11;29;36;42;49;0;0;-0,465663;-0,2055;22;3;0;1,404207;-0,901714;-0,814044;-1,396715;8
3542;291;7;11;16;17;20;49;0;0;0,086613;0,3468;22;3;0;-0,580752;-0,628673;-1,282731;2,013501;8
3543;156;3;11;15;20;36;49;0;0;-0,508558;-0,2484;22;3;0;-0,496549;-3,666168;-1,257966;0,873667;8
3544;359;7;16;17;20;29;42;0;0;0,069097;0,3293;22;3;0;-0,802404;2,020002;-0,123704;1,045787;8
3545;202;3;15;16;17;29;42;0;0;-1,150198;-0,8900;22;3;0;-0,889083;-0,950006;-1,342788;0,239669;8
3546;107;3;7;16;20;42;49;0;0;-0,083896;0,1763;22;3;0;-1,554038;0,469679;1,237163;0,171563;8
3547;431;11;17;20;29;42;49;0;0;-0,036711;0,2235;22;3;0;-1,976291;0,520448;0,835342;1,077363;8
3548;273;7;11;15;17;29;42;0;0;0,743266;1,0034;22;3;0;-1,051297;1,945705;1,127575;1,211097;8
3549;347;7;15;17;20;36;49;0;0;1,449965;1,7101;22;3;0;1,429591;-0,114788;0,990127;0,091694;8
3550;425;11;16;20;29;36;49;0;0;0,687145;0,9473;22;3;0;-1,972576;-0,317866;0,897875;2,264871;8
3551;123;3;7;20;29;36;49;0;0;-0,541087;-0,2809;22;3;0;-0,921278;-0,993346;-0,493330;0,477418;8
3552;62;3;7;15;16;20;29;0;0;-1,282816;-1,0226;22;3;0;-0,289138;-0,577285;-1,320499;-0,612266;8
3553;167;3;11;16;17;29;42;0;0;-0,283716;-0,0235;22;3;0;0,211745;-0,728355;-1,111230;0,408074;8
3554;28;3;7;11;16;20;36;0;0;-0,333403;-0,0732;22;3;0;-0,805499;0,522925;-1,448661;1,676689;8
3555;351;7;15;17;29;42;49;0;0;-1,006857;-0,7467;22;3;0;-1,202367;-0,449742;-0,901961;0,360401;8
3556;409;11;15;20;29;36;42;0;0;-0,704804;-0,4446;22;3;0;0,067486;0,458534;-0,113179;-1,175063;8
3557;229;3;15;20;29;42;49;0;0;-0,101769;0,1584;22;3;0;0,635855;-2,003161;-0,765132;-0,046993;8
3558;165;3;11;16;17;20;49;0;0;0,435494;0,6957;22;3;0;0,795593;-0,344489;-0,037024;-0,004272;8
3559;244;3;16;20;29;42;49;0;0;0,118427;0,3786;22;3;0;-0,383247;-1,084979;-1,000404;1,588772;8
3560;300;7;11;16;20;29;49;0;0;-0,221876;0,0383;22;3;0;-0,302140;-0,510418;-1,578061;1,495901;8
3561;82;3;7;15;20;29;36;0;0;-0,038141;0,2220;22;3;0;-0,467450;0,076526;-0,029595;0,430982;8
3562;48;3;7;11;20;29;42;0;0;-0,068525;0,1916;22;3;0;0,507694;-1,606913;-0,129895;-0,496487;8
3563;124;3;7;20;29;42;49;0;0;-0,179337;0,0808;22;3;0;-1,742256;-0,259667;0,062657;1,368978;8
3564;284;7;11;15;29;36;42;0;0;-0,451365;-0,1912;22;3;0;-1,502030;0,106244;-0,267344;0,987588;8
3565;312;7;11;17;20;36;49;0;0;-2,651173;-2,3910;22;3;0;-2,862278;-0,310436;-1,873390;0,143702;8
3566;320;7;11;20;29;42;49;0;0;-2,063151;-1,8030;22;3;0;-0,823454;-3,069937;-1,507479;-1,242549;8
3567;346;7;15;17;20;36;42;0;0;0,089830;0,3500;22;3;0;-1,068633;-2,210573;0,182151;1,042072;8
3568;196;3;11;29;36;42;49;0;0;0,950235;1,2104;22;3;0;-0,209269;-0,611338;0,437236;1,417889;8
3569;436;15;16;17;20;29;42;0;0;0,111277;0,3714;22;3;0;-1,150360;-0,086927;0,560444;0,782653;8
3570;277;7;11;15;17;42;49;0;0;-1,521600;-1,2614;22;3;0;-1,010434;-1,785844;-0,497045;-1,128009;8
3571;184;3;11;17;20;29;49;0;0;-1,439383;-1,1792;22;3;0;-1,687153;-0,814415;0,432283;-1,238215;8
3572;232;3;16;17;20;29;36;0;0;0,669630;0,9298;22;3;0;0,017955;-0,211993;0,369750;0,772128;8
3573;450;15;17;20;29;36;42;0;0;-0,039213;0,2210;22;3;0;-0,596231;0,742100;0,125190;0,403121;8
3574;141;3;11;15;16;42;49;0;0;-1,440098;-1,1799;22;3;0;-1,025294;0,430054;-1,192337;-0,276693;8
3575;215;3;15;16;29;42;49;0;0;0,961317;1,2215;22;3;0;0,328763;0,866546;-1,118041;2,454328;8
3576;462;17;20;29;36;42;49;0;0;-1,458687;-1,1985;22;3;0;-0,703342;-2,359785;-0,305731;-1,517447;8
3577;415;11;16;17;20;29;42;0;0;0,079106;0,3393;22;3;0;-1,085969;0,955702;-0,560197;1,783181;8
3578;246;3;16;29;36;42;49;0;0;-0,152528;0,1076;22;3;0;-1,365201;-0,541994;0,327029;0,773985;8
3579;421;11;16;17;29;36;49;0;0;-0,779155;-0,5190;22;3;0;-0,701484;-0,272669;-0,505093;-0,142959;8
3580;83;3;7;15;20;29;42;0;0;-0,033851;0,2263;22;3;0;-0,689101;1,400244;1,153579;-0,523110;8
3581;219;3;15;17;20;29;49;0;0;0,748628;1,0088;22;3;0;-0,500883;0,841162;0,951740;0,845805;8
3582;75;3;7;15;17;20;49;0;0;-0,051010;0,2092;22;3;0;-0,276136;-2,906485;-1,412751;1,600535;8
3583;270;7;11;15;17;20;42;0;0;-0,257621;0,0025;22;3;0;-0,770208;-0,374827;0,486148;-0,162152;8
3584;63;3;7;15;16;20;36;0;0;-0,523929;-0,2638;22;3;0;-0,447018;0,038758;0,582733;-1,043187;8
3585;272;7;11;15;17;29;36;0;0;-1,197026;-0,9369;22;3;0;0,147974;-0,005201;-1,399749;-0,821535;8
3586;343;7;15;17;20;29;36;0;0;-0,702659;-0,4425;22;3;0;0,765875;-0,831132;-2,531534;0,548619;8
3587;95;3;7;16;17;20;49;0;0;0,288934;0,5491;22;3;0;1,108258;-0,897380;0,006315;-0,614124;8
3588;317;7;11;17;36;42;49;0;0;-1,562350;-1,3022;22;3;0;-0,627187;-1,328300;-3,213206;1,134324;8
3589;331;7;15;16;17;36;49;0;0;-0,659049;-0,3989;22;3;0;-2,219612;-0,952483;0,225490;0,852616;8
3590;166;3;11;16;17;29;36;0;0;0,660336;0,9205;22;3;0;-0,163453;-1,824849;0,785192;0,521996;8
3591;402;11;15;17;20;36;42;0;0;-0,753419;-0,4933;22;3;0;-1,296476;-0,112312;-0,537908;0,529425;8
3592;25;3;7;11;16;17;42;0;0;-0,498907;-0,2387;22;3;0;-0,422253;0,866546;-1,842433;1,400554;8
3593;79;3;7;15;17;36;42;0;0;-0,697297;-0,4371;22;3;0;-1,609761;-0,402069;-0,120608;0,522615;8
3594;136;3;11;15;16;29;36;0;0;-0,107131;0,1530;22;3;0;-1,187508;-0,946911;1,121384;-0,119432;8
3595;442;15;16;17;29;36;49;0;0;-1,926959;-1,6668;22;3;0;-1,220322;-1,730740;-1,603445;-0,513823;8
3596;131;3;11;15;16;17;49;0;0;-0,322679;-0,0625;22;3;0;-1,514413;1,902985;0,354890;0,600626;8
3597;187;3;11;17;20;42;49;0;0;-0,540014;-0,2798;22;3;0;-1,055631;-0,160605;-0,696407;0,816706;8
3598;52;3;7;11;20;42;49;0;0;1,399205;1,6594;22;3;0;0,422872;-1,093027;0,328886;1,671736;8
3599;11;3;7;11;15;17;49;0;0;0,420123;0,6803;22;3;0;-2,353965;-0,238616;1,245831;1,835808;8
3600;264;7;11;15;16;29;49;0;0;-0,837421;-0,5773;22;3;0;-0,921897;1,448537;-0,397363;-0,131195;8
3601;305;7;11;16;29;36;49;0;0;-1,891571;-1,6314;22;3;0;-1,523700;0,319228;-2,325980;0,573384;8
3602;311;7;11;17;20;36;42;0;0;-0,534653;-0,2745;22;3;0;0,736775;-0,556853;-0,971924;-0,690897;8
3603;372;7;16;29;36;42;49;0;0;-0,244038;0,0161;22;3;0;1,270473;-0,652820;0,176578;-1,869737;8
3604;120;3;7;17;29;42;49;0;0;0,231026;0,4912;22;3;0;-0,074297;-1,340683;-0,564531;1,038977;8
3605;153;3;11;15;20;29;42;0;0;-0,233672;0,0265;22;3;0;-0,406774;1,193452;-0,751511;0,753554;8
3606;392;11;15;16;20;36;42;0;0;-1,129824;-0,8697;22;3;0;-1,195557;0,711143;-1,625115;0,863760;8
3607;175;3;11;16;20;36;42;0;0;0,020125;0,2803;22;3;0;-1,328672;0,268459;-0,091509;1,455038;8
3608;444;15;16;17;36;42;49;0;0;-0,568969;-0,3088;22;3;0;0,173359;-1,112221;-1,205958;0,047116;8
3609;33;3;7;11;16;29;49;0;0;0,886608;1,1468;22;3;0;-0,481690;0,484538;-0,875338;2,892678;8
3610;12;3;7;11;15;20;29;0;0;0,273206;0,5334;22;3;0;1,777547;-0,688111;-1,514909;0,210569;8
3611;73;3;7;15;17;20;36;0;0;0,349703;0,6099;22;3;0;-0,222271;-1,134510;-0,293348;1,121322;8
3612;69;3;7;15;16;36;42;0;0;0,648897;0,9091;22;3;0;-0,338669;0,414575;-0,069220;1,531811;8
3613;247;3;17;20;29;36;42;0;0;-0,621873;-0,3617;22;3;0;-1,321242;-0,866423;0,039749;0,204378;8
3614;233;3;16;17;20;29;42;0;0;-0,066022;0,1941;22;3;0;0,164072;0,600936;-1,487047;1,208621;8
3615;252;3;20;29;36;42;49;0;0;-2,517840;-2,2577;22;3;0;-3,308677;0,821969;-0,428320;-0,624030;8
3616;393;11;15;16;20;36;49;0;0;-0,077104;0,1831;22;3;0;-0,356624;0,403431;-0,400459;0,623535;8
3617;205;3;15;16;17;36;49;0;0;-1,911231;-1,6511;22;3;0;-0,855650;1,026903;-2,123522;-0,331177;8
3618;367;7;16;17;36;42;49;0;0;-1,014364;-0,7542;22;3;0;-1,801694;-1,453366;-0,557101;0,601865;8
3619;158;3;11;15;29;36;42;0;0;-0,464948;-0,2048;22;3;0;-0,741109;-0,073925;0,244064;-0,308269;8
3620;150;3;11;15;17;36;49;0;0;-0,121072;0,1391;22;3;0;0,218556;1,129061;-1,434420;1,006162;8
3621;143;3;11;15;17;20;36;0;0;1,138617;1,3988;22;3;0;0,021670;0,650467;-0,843143;2,793616;8
3622;198;3;15;16;17;20;36;0;0;-0,132867;0,1273;22;3;0;-0,786306;-0,646628;-0,514380;1,070553;8
3623;189;3;11;17;29;36;49;0;0;-2,283346;-2,0232;22;3;0;-1,277283;-1,173515;-0,763274;-1,914315;8
3624;250;3;17;20;36;42;49;0;0;-0,942157;-0,6820;22;3;0;-0,752873;0,411480;-0,699503;-0,179488;8
3625;448;15;16;20;36;42;49;0;0;0,679996;0,9402;22;3;0;-0,520696;2,200790;0,198867;1,499616;8
3626;335;7;15;16;20;29;49;0;0;0,874096;1,1343;22;3;0;-0,824693;-1,440983;0,318980;2,019692;8
3627;211;3;15;16;20;36;49;0;0;0,055871;0,3160;22;3;0;-0,204935;-1,476893;-0,099557;0,401264;8
3628;49;3;7;11;20;29;49;0;0;-1,378973;-1,1188;22;3;0;-1,284094;-1,613104;-1,300687;0,196329;8
3629;430;11;17;20;29;36;49;0;0;0,740764;1,0009;22;3;0;1,552800;0,226357;-0,300778;0,031019;8
3630;401;11;15;17;20;29;49;0;0;0,538799;0,7990;22;3;0;0,920040;-1,219951;-1,270968;1,284156;8
3631;405;11;15;17;29;36;42;0;0;0,179195;0,4394;22;3;0;-2,085878;-1,301677;1,401854;0,994399;8
3632;269;7;11;15;17;20;36;0;0;0,169543;0,4297;22;3;0;-0,676719;-1,353685;-0,378789;1,349165;8
3633;30;3;7;11;16;20;49;0;0;-1,069770;-0,8096;22;3;0;-2,965674;-0,153175;-0,149708;1,262486;8
3634;50;3;7;11;20;36;42;0;0;-1,614182;-1,3540;22;3;0;-1,074825;-0,285671;-1,713652;-0,007368;8
3635;279;7;11;15;20;29;42;0;0;0,773293;1,0335;22;3;0;-0,752253;-0,747548;1,272454;0,819182;8
3636;435;15;16;17;20;29;36;0;0;-0,513920;-0,2538;22;3;0;-0,879796;0,582362;-1,314308;1,303968;8
3637;271;7;11;15;17;20;49;0;0;-1,239564;-0,9794;22;3;0;-0,453210;-1,120270;0,426091;-2,119869;8
3638;85;3;7;15;20;36;42;0;0;1,605817;1,8660;22;3;0;0,889702;-1,629821;-0,212241;2,103895;8
3639;112;3;7;17;20;29;36;0;0;-0,571471;-0,3113;22;3;0;0,105873;-0,492463;-0,467326;-0,628364;8
3640;433;11;17;29;36;42;49;0;0;0,308952;0,5691;22;3;0;0,455067;0,151441;1,189489;-1,109435;8
3641;458;16;17;20;29;42;49;0;0;0,900192;1,1604;22;3;0;1,270473;-1,647157;0,026747;0,261958;8
3642;310;7;11;17;20;29;49;0;0;-1,044748;-0,7846;22;3;0;-0,473022;0,977372;-1,509336;0,172802;8
3643;59;3;7;15;16;17;36;0;0;-1,432592;-1,1724;22;3;0;-0,845124;-1,735693;-2,550727;0,914530;8
3644;276;7;11;15;17;36;49;0;0;0,425484;0,6857;22;3;0;-0,202458;-1,099838;-0,235149;1,174568;8
3645;2;3;7;11;15;16;20;0;0;-0,925713;-0,6655;22;3;0;-1,927379;-1,553667;0,191438;0,132558;8
3646;227;3;15;20;29;36;42;0;0;0,412259;0,6724;22;3;0;0,749158;-0,197753;-0,363930;0,328825;8
3647;318;7;11;20;29;36;42;0;0;1,100726;1,3609;22;3;0;-0,461877;0,917935;0,905924;1,462467;8
3648;106;3;7;16;20;36;49;0;0;1,050682;1,3108;22;3;0;-1,298334;-1,293628;1,037181;2,080987;8
3649;234;3;16;17;20;29;49;0;0;0,714742;0,5765;23;3;0;0,842029;1,183607;0,114603;0,281337;8
3650;387;11;15;16;17;36;49;0;0;-1,753162;-1,8914;23;3;0;-0,314522;-1,376531;-1,890788;-0,831256;8
3651;275;7;11;15;17;36;42;0;0;1,183013;1,0448;23;3;0;2,116835;-0,010711;-0,356562;0,288766;8
3652;138;3;11;15;16;29;49;0;0;-0,804821;-0,9430;23;3;0;0,260657;1,901189;-0,104573;-1,550076;8
3653;221;3;15;17;20;36;49;0;0;-0,513491;-0,6517;23;3;0;-0,687244;1,433120;1,690930;-1,893078;8
3654;381;11;15;16;17;20;42;0;0;0,665054;0,5269;23;3;0;0,242083;1,803365;1,027213;-0,117389;8
3655;357;7;15;29;36;42;49;0;0;-1,102585;-1,2408;23;3;0;-0,172121;0,552705;-1,318703;-0,418909;8
3656;220;3;15;17;20;36;42;0;0;1,585156;1,4470;23;3;0;0,897132;-0,492401;1,624063;0,224376;8
3657;46;3;7;11;17;42;49;0;0;-0,606431;-0,7446;23;3;0;0,363434;-0,159304;-0,894593;-0,519210;8
3658;360;7;16;17;20;29;49;0;0;0,396959;0,2588;23;3;0;0,697769;1,295052;-0,176393;0,166177;8
3659;9;3;7;11;15;17;36;0;0;1,640920;1,5027;23;3;0;1,045725;-0,548123;0,908338;0,888093;8
3660;162;3;11;16;17;20;29;0;0;1,217330;1,0791;23;3;0;-0,274278;-1,435349;2,435753;-0,052998;8
3661;98;3;7;16;17;29;49;0;0;0,808038;0,6698;23;3;0;1,434544;-0,122156;-1,249360;1,214379;8
3662;137;3;11;15;16;29;42;0;0;0,860942;0,7227;23;3;0;0,174597;-1,422347;1,707646;-0,391048;8
3663;400;11;15;17;20;29;42;0;0;-0,129579;-0,2678;23;3;0;1,142930;-1,388914;-1,241930;-0,125437;8
3664;34;3;7;11;16;36;42;0;0;1,713841;1,5756;23;3;0;1,467359;-0,426772;2,395509;-0,894408;8
3665;38;3;7;11;17;20;36;0;0;-0,783731;-0,9219;23;3;0;-1,534845;0,849892;1,204906;-1,027523;8
3666;397;11;15;16;29;42;49;0;0;-0,107417;-0,2456;23;3;0;-2,496367;-2,138691;0,543666;1,766650;8
3667;188;3;11;17;29;36;42;0;0;0,414474;0,2763;23;3;0;-0,448876;0,768165;0,556048;0,610718;8
3668;303;7;11;16;20;42;49;0;0;0,316531;0,1783;23;3;0;0,321333;-1,253322;1,313874;-1,086960;8
3669;5;3;7;11;15;16;42;0;0;-0,668271;-0,8065;23;3;0;-0,500883;1,745166;0,593197;-1,249793;8
3670;200;3;15;16;17;20;49;0;0;-0,136371;-0,2746;23;3;0;0,351671;0,823888;-0,097143;-0,490729;8
3671;281;7;11;15;20;36;42;0;0;-0,509559;-0,6478;23;3;0;0,074297;0,009720;-1,633226;0,676347;8
3672;192;3;11;20;29;36;42;0;0;-1,307409;-1,4456;23;3;0;-1,643813;-0,853978;0,173421;-0,794107;8
3673;390;11;15;16;20;29;42;0;0;0,137086;-0,0011;23;3;0;-1,150979;0,980530;0,591958;0,796460;8
3674;236;3;16;17;20;36;49;0;0;0,236102;0,0979;23;3;0;0,485405;-1,358576;0,528806;-0,605270;8
3675;366;7;16;17;29;42;49;0;0;-0,801604;-0,9398;23;3;0;2,301958;0,041297;-1,908123;-1,782253;8
3676;259;7;11;15;16;20;36;0;0;-0,026631;-0,1648;23;3;0;1,541036;0,537846;-0,294648;-1,292514;8
3677;43;3;7;11;17;29;49;0;0;-1,191592;-1,3298;23;3;0;0,373341;-0,358048;-0,728664;-1,708575;8
3678;194;3;11;20;29;42;49;0;0;-0,675421;-0,8136;23;3;0;-2,526086;0,378727;0,652015;0,704208;8
3679;428;11;16;29;36;42;49;0;0;1,567283;1,4291;23;3;0;1,923045;-0,727055;2,016597;-1,225028;8
3680;389;11;15;16;20;29;36;0;0;1,075061;0,9369;23;3;0;-0,840171;0,312479;1,391886;1,310345;8
3681;90;3;7;15;29;42;49;0;0;-0,465592;-0,6038;23;3;0;-0,074297;1,651676;-0,439527;-0,292605;8
3682;294;7;11;16;17;29;49;0;0;-3,025005;-3,1632;23;3;0;-2,789220;0,306907;-0,296506;-2,153736;8
3683;396;11;15;16;29;36;49;0;0;2,119916;1,9817;23;3;0;0,468069;0,726064;1,725601;1,478132;8
3684;97;3;7;16;17;29;42;0;0;-0,341553;-0,4797;23;3;0;-0,416680;-0,509737;0,043402;-0,218308;8
3685;186;3;11;17;20;36;49;0;0;0,028418;-0,1098;23;3;0;-0,207411;-1,987621;0,048355;0,208278;8
3686;148;3;11;15;17;29;49;0;0;1,025374;0,8872;23;3;0;-0,317618;-0,363001;2,003595;0,090023;8
3687;289;7;11;16;17;20;36;0;0;-0,637887;-0,7761;23;3;0;0,650096;0,346532;-0,059375;-1,695573;8
3688;379;11;15;16;17;20;29;0;0;0,216442;0,0782;23;3;0;-0,659383;1,007153;0,128843;0,905428;8
3689;267;7;11;15;16;42;49;0;0;0,728682;0,5905;23;3;0;-0,447637;0,649910;0,058880;1,650871;8
3690;355;7;15;20;29;42;49;0;0;1,374612;1,2364;23;3;0;-0,941710;1,494415;2,322451;1,000157;8
3691;22;3;7;11;16;17;20;0;0;1,496864;1,3587;23;3;0;0,136830;0,773118;1,022879;1,432935;8
3692;144;3;11;15;17;20;42;0;0;-0,359783;-0,4980;23;3;0;-0,826550;-2,460024;0,733741;-0,530354;8
3693;408;11;15;17;36;42;49;0;0;0,689361;0,5512;23;3;0;-0,993098;1,819463;2,163332;0,023775;8
3694;17;3;7;11;15;29;42;0;0;1,038957;0,9008;23;3;0;-0,873605;-0,866980;0,139987;2,533144;8
3695;142;3;11;15;17;20;29;0;0;-0,127077;-0,2653;23;3;0;0,126304;2,224999;-0,003653;-0,342755;8
3696;285;7;11;15;29;36;49;0;0;-0,542803;-0,6810;23;3;0;-0,592516;-1,078106;0,455129;-0,802775;8
3697;452;24;35;38;42;48;49;0;0;0,282393;-0,1626;24;3;0;-0,091633;-0,712876;0,968395;-0,387643;9
3698;392;17;24;32;38;46;48;0;0;1,335828;0,8908;24;3;0;2,029536;0,343374;0,217999;0,066186;9
3699;206;1;24;32;35;48;49;0;0;0,041823;-0,4032;24;3;0;-1,124356;0,895027;-0,124385;1,321180;9
3700;372;7;32;42;46;48;49;0;0;0,760317;0,3153;24;3;0;0,692197;0,521067;1,211097;-0,586386;9
3701;405;17;24;35;42;46;48;0;0;-0,859691;-1,3047;24;3;0;-0,149212;1,106153;-1,054950;-0,284866;9
3702;338;7;24;32;38;48;49;0;0;-0,120107;-0,5651;24;3;0;-0,784449;0,287652;0,723216;-0,146798;9
3703;238;1;32;35;42;46;48;0;0;1,292933;0,8479;24;3;0;1,018483;0,432530;-1,256170;2,477112;9
3704;442;24;32;35;42;46;49;0;0;-0,314922;-0,7599;24;3;0;0,137449;0,313037;-0,851873;0,168963;9
3705;311;7;17;35;38;46;48;0;0;0,146201;-0,2988;24;3;0;0,132496;-0,149460;0,279293;-0,158561;9
3706;62;1;7;24;32;38;42;0;0;1,174613;0,7296;24;3;0;1,810362;-0,114169;-0,105811;0,329939;9
3707;227;1;24;38;42;46;48;0;0;0,255584;-0,1894;24;3;0;0,946044;0,300035;-0,115717;-0,387643;9
3708;283;7;17;24;38;48;49;0;0;-1,094899;-1,5399;24;3;0;-0,564654;-0,326534;-0,923693;-0,408074;9
3709;30;1;7;17;32;38;49;0;0;-0,068990;-0,5140;24;3;0;-0,994956;0,921031;-1,282174;2,157636;9
3710;136;1;17;24;32;42;46;0;0;1,805530;1,3605;24;3;0;0,206792;0,977372;0,773985;2,146492;9
3711;331;7;24;32;35;46;49;0;0;2,574784;2,1298;24;3;0;2,692634;1,316041;1,825283;-0,058261;9
3712;426;17;32;38;42;48;49;0;0;0,417155;-0,0279;24;3;0;-0,660621;0,433149;1,967065;-0,583910;9
3713;189;1;17;35;42;46;49;0;0;-0,263090;-0,7081;24;3;0;-1,264900;0,023899;1,967685;-1,158470;9
3714;49;1;7;17;38;42;49;0;0;-0,099731;-0,5447;24;3;0;-0,490358;0,439341;-0,393091;0,710709;9
3715;14;1;7;17;24;38;48;0;0;0,537263;0,0923;24;3;0;-0,397487;0,083955;0,623535;0,704518;9
3716;315;7;17;35;42;46;49;0;0;0,485073;0,0401;24;3;0;1,666102;0,330992;0,239669;-1,065600;9
3717;402;17;24;35;38;46;48;0;0;0,506878;0,0619;24;3;0;0,740490;-0,476365;-0,409808;0,547257;9
3718;147;1;17;24;35;42;48;0;0;-0,101876;-0,5469;24;3;0;0,487262;-1,424886;-0,528063;-0,135653;9
3719;3;1;7;17;24;32;42;0;0;0,928680;0,4837;24;3;0;1,033962;0,428815;-0,233973;0,808533;9
3720;64;1;7;24;32;38;48;0;0;-0,161572;-0,6066;24;3;0;-0,615424;-0,205183;0,128843;0,206730;9
3721;251;1;35;42;46;48;49;0;0;0,378192;-0,0668;24;3;0;0,331858;-0,819987;0,611771;-0,288581;9
3722;178;1;17;32;42;46;48;0;0;0,985159;0,5402;24;3;0;0,773923;1,113583;1,547289;-0,614867;9
3723;421;17;32;35;42;46;49;0;0;1,740830;1,2958;24;3;0;0,877939;-2,047120;0,304059;1,833208;9
3724;116;1;7;35;38;46;49;0;0;-0,052904;-0,4979;24;3;0;0,454448;-0,641675;-0,409808;-0,136272;9
3725;407;17;24;35;42;48;49;0;0;-1,141012;-1,5860;24;3;0;-1,404207;-0,165558;0,096028;-0,668113;9
3726;328;7;24;32;35;42;48;0;0;0,410007;-0,0350;24;3;0;1,134881;-0,241093;-0,375136;-0,049593;9
3727;166;1;17;32;35;42;46;0;0;0,439318;-0,0057;24;3;0;1,015387;0,357614;-0,269263;0,014797;9
3728;172;1;17;32;38;42;46;0;0;1,373361;0,9284;24;3;0;-0,521934;-0,586572;2,209768;0,690897;9
3729;51;1;7;17;38;46;49;0;0;-0,099374;-0,5444;24;3;0;0,475498;-0,571094;0,161038;-0,808657;9
3730;222;1;24;35;38;48;49;0;0;-0,733865;-1,1789;24;3;0;-0,389438;-1,208806;-0,669846;-0,211807;9
3731;194;1;17;38;42;48;49;0;0;1,722957;1,2779;24;3;0;0,676719;0,716096;1,468040;0,839490;9
3732;82;1;7;24;38;42;46;0;0;0,927608;0,4826;24;3;0;0,412346;0,482061;0,908957;0,285361;9
3733;272;7;17;24;35;42;46;0;0;0,586949;0,1419;24;3;0;0,056961;2,837884;-0,159057;1,118722;9
3734;223;1;24;35;42;46;48;0;0;-0,215906;-0,6609;24;3;0;-2,196085;0,725383;2,003595;-0,181470;9
3735;87;1;7;24;38;48;49;0;0;1,546729;1,1017;24;3;0;0,918802;0,835590;0,698450;1,061761;9
3736;112;1;7;35;38;42;46;0;0;0,980155;0,5351;24;3;0;0,162833;0,121104;2,067985;-0,533140;9
3737;68;1;7;24;32;42;49;0;0;0,720282;0,2753;24;3;0;0,789402;-0,218804;0,853235;-0,395072;9
3738;96;1;7;32;35;42;46;0;0;-0,659156;-1,1042;24;3;0;-0,978239;-0,860231;-0,602360;0,438907;9
3739;18;1;7;17;24;42;49;0;0;-0,643785;-1,0888;24;3;0;0,037148;-0,636103;-0,586262;-0,565955;9
3740;261;7;17;24;32;38;49;0;0;1,265051;0,8200;24;3;0;0,061914;0,545833;2,680932;-0,551714;9
3741;177;1;17;32;38;48;49;0;0;-0,877564;-1,3226;24;3;0;-1,451880;-0,667060;-0,512585;0,444480;9
3742;57;1;7;24;32;35;38;0;0;2,638411;2,1934;24;3;0;1,093399;-0,450981;2,471663;1,004800;9
3743;33;1;7;17;32;42;49;0;0;0,730291;0,2853;24;3;0;0,771447;2,636045;-0,148531;0,641985;9
3744;364;7;32;35;42;46;48;0;0;-0,509380;-0,9544;24;3;0;-0,692197;-0,343870;0,352352;-0,542427;9
3745;298;7;17;32;38;42;46;0;0;2,241631;1,7966;24;3;0;0,651953;-0,622482;1,911343;1,319323;9
3746;310;7;17;35;38;42;49;0;0;-0,243430;-0,6884;24;3;0;-1,534226;0,513018;1,073648;0,038944;9
3747;199;1;24;32;35;38;48;0;0;0,948341;0,5033;24;3;0;0,936757;2,338858;0,057642;0,648176;9
3748;61;1;7;24;32;35;49;0;0;0,828592;0,3836;24;3;0;0,492215;1,007091;0,595673;0,347275;9
3749;95;1;7;32;35;38;49;0;0;1,400886;0,9559;24;3;0;1,160885;0,712381;-0,272978;1,538498;9
3750;168;1;17;32;35;42;49;0;0;0,048972;-0,3960;24;3;0;-0,337431;1,349475;0,811134;-0,388881;9
3751;239;1;32;35;42;46;49;0;0;0,298836;-0,1462;24;3;0;0,198744;1,024427;0,837137;-0,518281;9
3752;343;7;24;35;38;42;46;0;0;-0,007865;-0,4529;24;3;0;1,496458;-0,109835;-0,850635;-0,659445;9
3753;459;32;35;38;46;48;49;0;0;-0,767824;-1,2128;24;3;0;-0,428444;1,286323;0,191995;-1,093461;9
3754;31;1;7;17;32;42;46;0;0;-0,058981;-0,5040;24;3;0;-1,268615;-1,670065;-0,134291;1,300748;9
3755;410;17;24;38;42;46;49;0;0;2,406420;1,9614;24;3;0;2,048730;0,078383;1,186332;0,932980;9
3756;214;1;24;32;42;46;49;0;0;-0,950486;-1,3955;24;3;0;-0,832741;0,199115;-1,137915;0,324367;9
3757;193;1;17;38;42;46;49;0;0;1,863796;1,4188;24;3;0;1,201129;1,527167;2,169524;-0,142464;9
3758;59;1;7;24;32;35;46;0;0;0,676672;0,2317;24;3;0;-0,076773;-0,055970;1,771418;-0,522615;9
3759;200;1;24;32;35;38;49;0;0;0,171223;-0,2738;24;3;0;-0,248275;1,062194;-0,379470;0,924312;9
3760;304;7;17;32;42;46;48;0;0;0,932613;0,4876;24;3;0;-1,580042;0,800918;1,718172;1,477203;9
3761;324;7;24;32;35;38;46;0;0;0,900799;0,4558;24;3;0;0,417919;-0,617529;1,918773;-0,776462;9
3762;121;1;7;35;46;48;49;0;0;0,259516;-0,1855;24;3;0;0,497168;-0,038634;0,541189;-0,588863;9
3763;411;17;24;38;42;48;49;0;0;-0,061126;-0,5061;24;3;0;-1,355914;-1,050307;0,764698;0,485343;9
3764;104;1;7;32;38;42;49;0;0;0,304556;-0,1405;24;3;0;-0,036529;1,955611;0,330682;0,233353;9
3765;363;7;32;35;38;48;49;0;0;-0,820728;-1,2657;24;3;0;-0,362196;-0,753739;-1,020279;-0,039068;9
3766;375;7;35;38;42;48;49;0;0;0,087220;-0,3578;24;3;0;0,195029;-0,273907;-0,857445;0,813486;9
3767;453;24;35;38;46;48;49;0;0;-1,068448;-1,5135;24;3;0;0,613566;0,626321;-0,523729;-1,940443;9
3768;461;32;38;42;46;48;49;0;0;1,627873;1,1829;24;3;0;0,571465;-0,486272;1,556577;0,691516;9
3769;350;7;24;35;42;46;49;0;0;-0,161215;-0,6062;24;3;0;-0,050150;1,769251;1,957778;-2,186860;9
3770;280;7;17;24;38;42;49;0;0;3,327952;2,8829;24;3;0;1,393681;0,359472;3,484574;0,885926;9
3771;217;1;24;35;38;42;46;0;0;-1,393736;-1,8387;24;3;0;-2,175653;1,041144;2,076653;-2,315021;9
3772;146;1;17;24;35;42;46;0;0;1,975323;1,5303;24;3;0;0,637713;0,180541;1,841380;0,942267;9
3773;159;1;17;24;42;46;49;0;0;0,439318;-0,0057;24;3;0;-1,452499;0,925365;1,321923;0,891498;9
3774;249;1;35;38;42;48;49;0;0;1,758345;1,3133;24;3;0;1,511937;-1,663873;1,056932;0,476675;9
3775;191;1;17;35;46;48;49;0;0;2,403918;1,9589;24;3;0;1,299572;0,437483;1,105844;1,758292;9
3776;394;17;24;32;38;48;49;0;0;0,556208;0,1112;24;3;0;0,269944;-0,903571;1,200572;-0,507136;9
3777;226;1;24;35;46;48;49;0;0;1,278992;0,8340;24;3;0;1,350341;0,072192;-0,119432;0,984369;9
3778;201;1;24;32;35;42;46;0;0;0,282036;-0,1630;24;3;0;-1,591806;0,874595;0,966537;1,113769;9
3779;260;7;17;24;32;38;48;0;0;-0,232707;-0,6777;24;3;0;1,134881;-0,067734;-1,592363;0,054422;9
3780;353;7;24;38;42;46;48;0;0;-0,631989;-1,0770;24;3;0;-1,497077;-0,107359;-0,780672;1,183112;9
3781;306;7;17;32;42;48;49;0;0;0,615904;0,1709;24;3;0;0,560320;-0,862089;0,409313;0,097143;9
3782;27;1;7;17;32;38;42;0;0;1,117419;0,6724;24;3;0;-0,259419;-0,148841;1,296538;0,898308;9
3783;279;7;17;24;38;42;48;0;0;-1,337615;-1,7826;24;3;0;-0,677957;1,865217;-0,693993;-0,944868;9
3784;179;1;17;32;42;46;49;0;0;1,187482;0,7425;24;3;0;-1,042010;-0,054113;1,601774;1,497015;9
3785;274;7;17;24;35;42;49;0;0;-0,125826;-0,5708;24;3;0;-1,659911;0,043711;1,133086;0,308888;9
3786;330;7;24;32;35;46;48;0;0;1,541367;1,0964;24;3;0;0,953474;0,903695;2,147854;-0,431602;9
3787;225;1;24;35;42;48;49;0;0;0,743517;0,2985;24;3;0;1,913139;0,016469;-2,371858;1,746528;9
3788;141;1;17;24;32;48;49;0;0;-0,653079;-1,0981;24;3;0;-0,238988;0,298796;0,068167;-0,960346;9
3789;69;1;7;24;32;46;48;0;0;2,035019;1,5900;24;3;0;1,045725;1,355047;1,009258;1,469773;9
3790;313;7;17;35;38;48;49;0;0;1,201780;0,7568;24;3;0;0,449495;0,355757;2,033313;-0,401264;9
3791;439;24;32;35;38;46;49;0;0;0,190169;-0,2548;24;3;0;-0,897751;-0,033062;0,943010;0,284123;9
3792;128;1;17;24;32;35;42;0;0;-2,815711;-3,2607;24;3;0;-3,163179;-0,021918;-1,193637;-0,520138;9
3793;180;1;17;32;42;48;49;0;0;0,920459;0,4755;24;3;0;1,345388;1,185403;-0,080426;0,329320;9
3794;447;24;32;38;42;48;49;0;0;0,719567;0,2746;24;3;0;1,155313;0,515495;0,139987;-0,048974;9
3795;160;1;17;24;42;48;49;0;0;1,256114;0,8111;24;3;0;1,745352;-0,052874;-0,089094;0,519395;9
3796;44;1;7;17;35;46;48;0;0;0,028240;-0,4168;24;3;0;-1,431449;0,224500;1,009258;0,471103;9
3797;155;1;17;24;38;46;48;0;0;-0,282751;-0,7278;24;3;0;-1,140453;0,469679;-0,669846;1,320561;9
3798;130;1;17;24;32;35;48;0;0;-0,229132;-0,6741;24;3;0;-0,663717;0,146488;-1,025851;1,292700;9
3799;129;1;17;24;32;35;46;0;0;-1,973536;-2,4185;24;3;0;-2,192989;0,186113;-0,981892;-0,243383;9
3800;254;7;17;24;32;35;42;0;0;1,283281;0,8383;24;3;0;0,918802;-0,144507;-0,245117;1,549023;9
3801;158;1;17;24;42;46;48;0;0;-0,077569;-0,5226;24;3;0;-1,162123;-0,798317;0,634060;0,393710;9
3802;54;1;7;17;42;46;49;0;0;-0,636637;-1,0816;24;3;0;-0,074916;1,990902;1,279202;-2,306973;9
3803;37;1;7;17;35;38;42;0;0;1,141369;0,6964;24;3;0;-0,208650;1,120393;0,367211;1,818348;9
3804;248;1;35;38;42;46;49;0;0;1,882384;1,4374;24;3;0;0,656906;1,883172;1,351642;1,251836;9
3805;46;1;7;17;35;48;49;0;0;0,941907;0,4969;24;3;0;0,703961;1,251651;2,583728;-1,656258;9
3806;233;1;32;35;38;42;48;0;0;0,859691;0,4147;24;3;0;-0,023527;1,046716;1,190666;0,321890;9
3807;137;1;17;24;32;42;48;0;0;0,817510;0,3725;24;3;0;-0,323190;-1,110982;1,014830;0,724330;9
3808;119;1;7;35;42;46;49;0;0;0,087220;-0,3578;24;3;0;-0,087918;-0,657773;-0,103953;0,342941;9
3809;176;1;17;32;38;46;49;0;0;1,975324;1,5303;24;3;0;1,995484;0,714238;1,959636;-0,533759;9
3810;382;17;24;32;35;38;49;0;0;-0,208756;-0,6538;24;3;0;-1,189365;0,197258;0,507756;0,320033;9
3811;240;1;32;35;42;48;49;0;0;1,878809;1,4338;24;3;0;0,515123;-1,058975;1,458133;1,280936;9
3812;198;1;24;32;35;38;46;0;0;0,200535;-0,2445;24;3;0;0,310808;0,331611;-0,780672;0,817201;9
3813;357;7;24;42;46;48;49;0;0;0,570506;0,1255;24;3;0;1,193080;0,298796;-0,430239;0,225305;9
3814;390;17;24;32;38;42;48;0;0;0,391061;-0,0539;24;3;0;-0,845124;1,028142;0,908338;0,614124;9
3815;109;1;7;32;42;46;49;0;0;-0,500086;-0,9451;24;3;0;-0,297187;0,132248;-0,264929;-0,304059;9
3816;144;1;17;24;35;38;48;0;0;-0,018588;-0,4636;24;3;0;0,202458;-0,269573;1,611061;-1,845714;9
3817;457;32;35;38;42;46;49;0;0;0,700621;0,2556;24;3;0;0,895894;0,682043;-0,004272;0,321890;9
3818;22;1;7;17;32;35;38;0;0;1,448070;1,0031;24;3;0;0,144259;2,030527;2,204196;0,159676;9
3819;229;1;24;38;42;48;49;0;0;-0,608397;-1,0534;24;3;0;-0,488500;0,937747;-0,530540;-0,034734;9
3820;449;24;32;42;46;48;49;0;0;0,777475;0,3325;24;3;0;0,606137;0,455438;0,353590;0,386900;9
3821;378;7;38;42;46;48;49;0;0;-0,051475;-0,4965;24;3;0;0,117017;0,784201;0,252670;-0,458844;9
3822;230;1;24;38;46;48;49;0;0;0,268810;-0,1762;24;3;0;-0,293472;-0,847229;-0,233973;0,993037;9
3823;101;1;7;32;35;48;49;0;0;-0,089008;-0,5340;24;3;0;-1,539179;2,681242;0,817325;0,567688;9
3824;39;1;7;17;35;38;48;0;0;-0,454689;-0,8997;24;3;0;-1,285951;0,064762;-0,107049;0,605456;9
3825;195;1;17;38;46;48;49;0;0;1,096687;0,6517;24;3;0;0,376436;-0,216946;-0,162152;1,685234;9
3826;413;17;24;42;46;48;49;0;0;1,044856;0,5998;24;3;0;0,455686;-0,262143;1,391886;-0,037829;9
3827;370;7;32;38;42;48;49;0;0;-0,064700;-0,5097;24;3;0;-0,966475;-0,917192;0,554810;0,299601;9
3828;131;1;17;24;32;35;49;0;0;1,009109;0,5641;24;3;0;1,107639;0,340898;0,643966;-0,003777;9
3829;347;7;24;35;38;46;49;0;0;-0,107595;-0,5526;24;3;0;-1,484694;-0,614433;1,206763;0,091571;9
3830;127;1;17;24;32;35;38;0;0;0,111885;-0,3331;24;3;0;0,492215;1,837356;-0,235211;-0,063214;9
3831;434;17;38;42;46;48;49;0;0;0,910093;0,4651;24;3;0;-0,232796;0,922888;1,727459;0,081664;9
3832;336;7;24;32;38;46;48;0;0;-0,760317;-1,2053;24;3;0;-1,568897;-0,044826;1,270534;-1,018545;9
3833;460;32;35;42;46;48;49;0;0;1,065588;0,6206;24;3;0;0,814786;1,915367;2,344740;-1,313874;9
3834;415;17;32;35;38;42;48;0;0;-0,678459;-1,1235;24;3;0;-0,703961;0,270935;0,042782;-0,513947;9
3835;212;1;24;32;38;48;49;0;0;1,046642;0,6016;24;3;0;1,666721;-1,714643;0,364115;-0,217999;9
3836;135;1;17;24;32;38;49;0;0;-1,939220;-2,3842;24;3;0;-1,124356;-0,241093;-0,370802;-1,863669;9
3837;450;24;35;38;42;46;48;0;0;-0,104379;-0,5494;24;3;0;0,826550;0,465964;0,358543;-1,365882;9
3838;286;7;17;24;42;48;49;0;0;-1,434486;-1,8795;24;3;0;-1,404826;-1,179707;0,154847;-1,234624;9
3839;236;1;32;35;38;46;49;0;0;2,270228;1,8252;24;3;0;0,427206;0,563788;3,139714;0,365230;9
3840;423;17;32;35;46;48;49;0;0;2,040023;1,5950;24;3;0;1,297715;-0,942577;1,904532;0,331177;9
3841;113;1;7;35;38;42;48;0;0;0,963354;0,5183;24;3;0;-0,840171;0,234406;0,669351;1,839399;9
3842;154;1;17;24;38;42;49;0;0;0,003575;-0,4414;24;3;0;-3,012729;-0,936385;1,522524;1,496396;9
3843;446;24;32;38;42;46;49;0;0;0,629486;0,1845;24;3;0;0,408012;0,410241;1,006781;-0,324491;9
3844;285;7;17;24;42;46;49;0;0;-0,891148;-1,3362;24;3;0;-0,263134;0,608366;0,777700;-2,058079;9
3845;145;1;17;24;35;38;49;0;0;0,269525;-0,1755;24;3;0;-0,680433;1,603941;2,074796;-0,927532;9
3846;317;7;17;35;46;48;49;0;0;-1,736898;-2,1819;24;3;0;-1,856178;-1,064547;-0,466150;-0,686068;9
3847;93;1;7;32;35;38;46;0;0;-2,039309;-2,4843;24;3;0;-2,973104;1,309231;0,430363;-0,989446;9
3848;6;1;7;17;24;32;49;0;0;-0,678101;-1,1231;24;3;0;-0,437731;0,934652;-0,017274;-0,719501;9
3849;309;7;17;35;38;42;48;0;0;-0,698834;-1,1438;24;3;0;-1,100829;-0,042968;0,565955;-0,675542;9
3850;256;7;17;24;32;35;48;0;0;1,552091;1,1071;24;3;0;1,804789;-0,151937;0,830946;0,052565;9
3851;391;17;24;32;38;42;49;0;0;-0,858976;-1,3040;24;3;0;-0,797451;0,826302;-0,164629;-0,525711;9
3852;393;17;24;32;38;46;49;0;0;1,591412;1,1464;24;3;0;0,567750;-1,830422;-0,327462;2,516118;9
3853;360;7;32;35;38;42;49;0;0;0,865768;0,4208;24;3;0;2,239424;-0,816892;-0,915025;0,175154;9
3854;427;17;32;38;46;48;49;0;0;1,378365;0,9334;24;3;0;-0,936138;0,123580;2,301400;1,022136;9
3855;275;7;17;24;35;46;48;0;0;1,005177;0,5602;24;3;0;-0,792498;-0,157509;1,372073;1,161442;9
3856;305;7;17;32;42;46;49;0;0;1,871660;1,4267;24;3;0;1,070491;0,879548;2,024026;0,147293;9
3857;5;1;7;17;24;32;48;0;0;1,068447;0,6234;24;3;0;0,955950;0,750148;0,245860;0,648795;9
3858;258;7;17;24;32;38;42;0;0;1,425908;0,9809;24;3;0;0,703342;0,732813;-0,402997;2,169400;9
3859;139;1;17;24;32;46;48;0;0;1,123496;0,6785;24;3;0;-0,627807;-0,202706;1,666783;0,906976;9
3860;124;1;7;38;42;48;49;0;0;0,863980;0,4190;24;3;0;0,276136;-0,605765;-0,057518;1,277840;9
3861;213;1;24;32;42;46;48;0;0;1,362280;0,9173;24;3;0;0,552272;0,885121;-0,059375;1,866641;9
3862;253;7;17;24;32;35;38;0;0;1,938505;1,4935;24;3;0;1,737303;1,675761;0,918864;0,701422;9
3863;209;1;24;32;38;42;49;0;0;1,367641;0,9226;24;3;0;0,999290;1,470207;0,314584;1,054950;9
3864;245;1;32;38;46;48;49;0;0;1,622868;1,1779;24;3;0;1,421542;0,581743;0,487943;0,901404;9
3865;366;7;32;35;42;48;49;0;0;1,168536;0,7235;24;3;0;2,026441;0,753244;0,983254;-0,985731;9
3866;196;1;17;42;46;48;49;0;0;-1,220368;-1,6654;24;3;0;-1,291523;-0,844753;0,108411;-0,930627;9
3867;303;7;17;32;38;48;49;0;0;-0,985874;-1,4309;24;3;0;-0,406155;1,979758;-0,827107;-0,474322;9
3868;182;1;17;35;38;42;46;0;0;1,056294;0,6113;24;3;0;0,467450;0,413956;0,255147;1,106958;9
3869;235;1;32;35;38;46;48;0;0;0,896509;0,4515;24;3;0;0,244560;0,207164;1,338640;-0,030400;9
3870;221;1;24;35;38;46;49;0;0;-0,914740;-1,3597;24;3;0;0,337431;2,728916;-0,778195;-1,143611;9
3871;107;1;7;32;38;48;49;0;0;1,799811;1,3548;24;3;0;1,520605;-0,681300;1,494044;0,102715;9
3872;36;1;7;17;32;48;49;0;0;2,218396;1,7734;24;3;0;1,240135;1,762440;0,502183;2,100056;9
3873;9;1;7;17;24;35;46;0;0;0,502588;0,0576;24;3;0;0,202458;0,560073;1,372692;-0,704642;9
3874;133;1;17;24;32;38;46;0;0;-0,802497;-1,2475;24;3;0;-0,093490;0,610842;-0,433954;-0,862522;9
3875;88;1;7;24;42;46;48;0;0;0,570149;0,1251;24;3;0;1,045725;0,446770;0,427887;-0,486086;9
3876;299;7;17;32;38;42;48;0;0;1,732966;1,2880;24;3;0;1,502030;-0,912858;-0,080426;1,579980;9
3877;79;1;7;24;35;46;48;0;0;0,173011;-0,2720;24;3;0;-1,079778;2,460829;0,995637;0,383804;9
3878;192;1;17;38;42;46;48;0;0;0,805715;0,3607;24;3;0;0,473641;1,955611;1,878529;-0,956631;9
3879;255;7;17;24;32;35;46;0;0;-2,125456;-2,5705;24;3;0;-1,477884;1,451633;-0,576356;-1,627158;9
3880;278;7;17;24;38;42;46;0;0;1,162817;0,7178;24;3;0;1,012911;1,957469;1,905152;-0,904004;9
3881;352;7;24;35;46;48;49;0;0;2,914370;2,4694;24;3;0;-0,020432;1,089436;1,815376;3,252893;9
3882;175;1;17;32;38;46;48;0;0;0,058624;-0,3864;24;3;0;-0,928089;0,592887;1,531192;-0,501564;9
3883;441;24;32;35;42;46;48;0;0;0,838244;0,3932;24;3;0;1,376964;1,294371;0,700927;-0,626011;9
3884;66;1;7;24;32;42;46;0;0;0,536905;0,0919;24;3;0;-0,222890;0,019565;1,091603;0,061233;9
3885;418;17;32;35;38;46;49;0;0;-0,163716;-0,6087;24;3;0;-0,147974;0,686377;1,133086;-1,268677;9
3886;448;24;32;38;46;48;49;0;0;-0,547986;-0,9930;24;3;0;-0,638332;1,267748;1,785039;-2,095846;9
3887;365;7;32;35;42;46;49;0;0;0,448612;0,0036;24;3;0;0,277374;0,337802;0,018636;0,481009;9
3888;4;1;7;17;24;32;46;0;0;0,033244;-0,4118;24;3;0;0,411727;1,436154;-0,527444;0,173297;9
3889;252;1;38;42;46;48;49;0;0;0,816796;0,3718;24;3;0;0,039625;0,270316;0,745505;0,629602;9
3890;327;7;24;32;35;42;46;0;0;0,740657;0,2956;24;3;0;-0,199982;0,986040;1,513237;-0,030400;9
3891;47;1;7;17;38;42;46;0;0;2,445740;2,0007;24;3;0;1,484694;-0,271430;1,127513;1,623939;9
3892;29;1;7;17;32;38;48;0;0;0,401785;-0,0432;24;3;0;-1,084731;-0,204563;1,386933;0,393710;9
3893;400;17;24;35;38;42;48;0;0;1,682563;1,2376;24;3;0;1,089065;-1,237906;1,123179;0,702041;9
3894;354;7;24;38;42;46;49;0;0;0,690970;0,2460;24;3;0;0,997432;-0,265239;-0,631460;0,830822;9
3895;337;7;24;32;38;46;49;0;0;-0,874704;-1,3197;24;3;0;-0,086679;-0,628673;-0,318795;-1,109558;9
3896;234;1;32;35;38;42;49;0;0;-0,102233;-0,5472;24;3;0;0,108968;0,648610;-0,692135;0,406093;9
3897;219;1;24;35;38;42;49;0;0;-0,827162;-1,2722;24;3;0;-1,289666;0,095719;-0,224066;0,081045;9
3898;257;7;17;24;32;35;49;0;0;-0,773186;-1,2182;24;3;0;-0,963999;0,960036;0,118937;-0,494135;9
3899;351;7;24;35;42;48;49;0;0;1,089180;0,6442;24;3;0;0,909515;1,362477;1,263105;-0,286104;9
3900;117;1;7;35;38;48;49;0;0;-1,634664;-2,0797;24;3;0;-2,082163;1,393433;-1,801012;1,051855;9
3901;425;17;32;38;42;46;49;0;0;-0,312778;-0,7578;24;3;0;-1,557753;-0,210755;1,524381;-0,508375;9
3902;373;7;35;38;42;46;48;0;0;-0,140482;-0,5855;24;3;0;-0,044578;0,361948;0,247098;-0,445842;9
3903;188;1;17;35;42;46;48;0;0;0,939047;0,4940;24;3;0;-1,287189;-0,326534;1,458753;1,454914;9
3904;247;1;35;38;42;46;48;0;0;1,379902;1,2168;25;3;0;0,973286;-0,016779;0,128657;1,288118;9
3905;204;1;24;32;35;46;48;0;0;-0,362000;-0,5251;25;3;0;-0,058199;0,074235;0,423986;-0,992789;9
3906;323;7;24;32;35;38;42;0;0;0,137372;-0,0257;25;3;0;-0,037148;-0,691021;0,520572;-0,245488;9
3907;76;1;7;24;35;42;46;0;0;0,091260;-0,0719;25;3;0;-1,797360;-2,515003;0,664831;1,290595;9
3908;100;1;7;32;35;46;49;0;0;0,301088;0,1380;25;3;0;0,024766;-0,707118;-0,997556;1,494291;9
3909;185;1;17;35;38;46;48;0;0;2,363632;2,2005;25;3;0;2,977438;-1,171472;0,304492;0,812000;9
3910;153;1;17;24;38;42;48;0;0;0,258908;0,0958;25;3;0;0,637094;-0,230381;-1,049564;0,860912;9
3911;308;7;17;35;38;42;46;0;0;1,637631;1,4745;25;3;0;1,669817;0,236449;0,389934;0,776709;9
3912;132;1;17;24;32;38;42;0;0;-0,714455;-0,8776;25;3;0;-0,100300;0,697088;1,536578;-2,673750;9
3913;292;7;17;32;35;42;46;0;0;-1,060119;-1,2232;25;3;0;-0,089156;0,042040;-1,233448;-0,513576;9
3914;273;7;17;24;35;42;48;0;0;-0,690862;-0,8540;25;3;0;-0,892179;-1,685977;1,613971;-1,918401;9
3915;99;1;7;32;35;46;48;0;0;-0,043503;-0,2066;25;3;0;-0,467450;0,733617;0,601679;-0,209578;9
3916;241;1;32;35;46;48;49;0;0;-0,597565;-0,7607;25;3;0;-0,557225;0,735475;0,324924;-0,802713;9
3917;97;1;7;32;35;42;48;0;0;1,237276;1,0742;25;3;0;-0,667431;0,600503;0,771323;2,039133;9
3918;262;7;17;24;32;42;46;0;0;0,371508;0,2084;25;3;0;-0,149212;-0,381451;0,614062;0,178622;9
3919;388;17;24;32;35;48;49;0;0;-1,592734;-1,7559;25;3;0;-0,069963;0,923074;-0,178436;-2,510298;9
3920;302;7;17;32;38;46;49;0;0;0,147381;-0,0157;25;3;0;0,824693;1,186208;-0,624835;0,055413;9
3921;91;1;7;24;46;48;49;0;0;2,150228;1,9871;25;3;0;0,932423;1,696997;1,342788;1,449094;9
3922;384;17;24;32;35;42;48;0;0;0,853364;0,6902;25;3;0;1,793026;4,572896;-1,908928;1,593973;9
3923;361;7;32;35;38;46;48;0;0;0,810111;0,6470;25;3;0;0,525030;-0,302821;-0,233539;1,111663;9
3924;167;1;17;32;35;42;48;0;0;-0,434207;-0,5973;25;3;0;0,385104;-2,539769;-1,697183;0,560011;9
3925;156;1;17;24;38;46;49;0;0;-0,075317;-0,2384;25;3;0;-1,497077;0,224066;1,292638;0,073987;9
3926;404;17;24;35;38;48;49;0;0;-1,683528;-1,8466;25;3;0;-0,373341;0,302078;-1,489771;-1,052845;9
3927;34;1;7;17;32;46;48;0;0;-0,149311;-0,3124;25;3;0;-1,251279;2,664711;-0,142526;1,135191;9
3928;164;1;17;32;35;38;48;0;0;-1,396489;-1,5596;25;3;0;0,101539;-0,666874;-1,677990;-0,842338;9
3929;325;7;24;32;35;38;48;0;0;1,628695;1,4656;25;3;0;0,351052;-1,569578;1,134138;1,335792;9
3930;24;1;7;17;32;35;46;0;0;1,344871;1,1818;25;3;0;-0,063771;1,478441;1,835003;0,558154;9
3931;163;1;17;32;35;38;46;0;0;0,470882;0,3078;25;3;0;0,082965;0,343560;-0,408755;1,141382;9
3932;71;1;7;24;32;48;49;0;0;0,530220;0,3671;25;3;0;0,730584;0,889021;-1,163485;1,351270;9
3933;265;7;17;24;32;46;48;0;0;-0,864589;-1,0277;25;3;0;0,007430;-1,521286;-1,722568;0,217627;9
3934;369;7;32;38;42;46;49;0;0;-0,119284;-0,2824;25;3;0;-0,532459;-1,603012;0,136087;0,189766;9
3935;396;17;24;32;42;46;49;0;0;1,567569;1,4045;25;3;0;0,957188;1,651800;0,550290;1,207630;9
3936;438;24;32;35;38;46;48;0;0;0,552740;0,3896;25;3;0;1,562706;-1,807947;0,471041;-1,076373;9
3937;332;7;24;32;35;48;49;0;0;-0,806679;-0,9698;25;3;0;-1,752782;-0,231620;0,582486;-0,226914;9
3938;318;7;17;38;42;46;48;0;0;-1,123389;-1,2865;25;3;0;-0,786925;-0,777700;-1,120146;-0,038696;9
3939;399;17;24;35;38;42;46;0;0;-0,647967;-0,8111;25;3;0;0,100920;0,910691;-0,608737;-0,614495;9
3940;110;1;7;32;42;48;49;0;0;-2,605418;-2,7685;25;3;0;-1,769498;0,433954;-1,481723;-1,261495;9
3941;401;17;24;35;38;42;49;0;0;-1,057617;-1,2207;25;3;0;-1,375107;0,206730;-1,518871;1,062132;9
3942;293;7;17;32;35;42;48;0;0;-0,413831;-0,5769;25;3;0;-0,861222;-0,791940;-0,318980;0,463425;9
3943;269;7;17;24;35;38;46;0;0;0,575618;0,4125;25;3;0;0,629664;1,866641;-0,345603;0,712938;9
3944;228;1;24;38;42;46;49;0;0;0,622445;0,4593;25;3;0;1,617190;1,521781;-0,773428;0,234344;9
3945;379;17;24;32;35;38;42;0;0;0,980977;0,8179;25;3;0;-0,351052;0,712567;0,780610;1,269544;9
3946;186;1;17;35;38;46;49;0;0;0,483393;0,3203;25;3;0;-0,174597;0,434573;-0,062657;1,074515;9
3947;294;7;17;32;35;42;49;0;0;-0,504626;-0,6677;25;3;0;-1,017864;-1,769560;1,344645;-1,200819;9
3948;389;17;24;32;38;42;46;0;0;0,747198;0,5841;25;3;0;-0,055722;0,705137;-0,277498;1,627406;9
3949;451;24;35;38;42;46;49;0;0;0,158105;-0,0050;25;3;0;0,430301;0,682848;-1,113954;0,957498;9
3950;48;1;7;17;38;42;48;0;0;-1,490143;-1,6533;25;3;0;-1,425257;0,053184;-0,768475;-0,387271;9
3951;287;7;17;24;46;48;49;0;0;0,817261;0,6541;25;3;0;0,883511;-0,555429;-0,124571;0,656597;9
3952;220;1;24;35;38;46;48;0;0;0,076246;-0,0869;25;3;0;0,520696;0,640747;-0,112807;-0,275826;9
3953;50;1;7;17;38;46;48;0;0;0,051582;-0,1115;25;3;0;0,633998;0,282884;-0,089899;-0,454757;9
3954;12;1;7;17;24;38;42;0;0;0,468380;0,3053;25;3;0;0,484166;0,274217;-0,244684;0,571775;9
3955;334;7;24;32;38;42;48;0;0;-1,370751;-1,5339;25;3;0;-1,056870;0,046373;-0,313408;-1,003933;9
3956;416;17;32;35;38;42;49;0;0;1,352020;1,1889;25;3;0;1,627716;1,617128;-0,427949;1,142001;9
3957;72;1;7;24;35;38;42;0;0;0,957028;0,7939;25;3;0;0,959665;0,405474;0,309446;0,388510;9
3958;84;1;7;24;38;42;49;0;0;-1,605245;-1,7684;25;3;0;-1,711299;-0,164134;0,106368;-1,175435;9
3959;211;1;24;32;38;46;49;0;0;0,485537;0,3224;25;3;0;0,742347;1,402906;1,349598;-1,250970;9
3960;41;1;7;17;35;42;46;0;0;0,710738;0,5476;25;3;0;0,803023;1,241930;0,247532;0,180479;9
3961;80;1;7;24;35;46;49;0;0;1,007786;0,8447;25;3;0;0,348575;1,118103;0,134848;1,262114;9
3962;436;24;32;35;38;42;48;0;0;1,261226;1,0981;25;3;0;0,875462;0,497726;0,280965;1,028080;9
3963;231;1;24;42;46;48;49;0;0;-0,410257;-0,5734;25;3;0;0,495311;0,328082;-1,039039;-0,166858;9
3964;284;7;17;24;42;46;48;0;0;1,408499;1,2454;25;3;0;0,943567;0,760240;1,863484;-0,367459;9
3965;403;17;24;35;38;46;49;0;0;0,649612;0,4865;25;3;0;0,414204;0,619077;0,443799;0,267158;9
3966;15;1;7;17;24;38;49;0;0;0,597780;0,4347;25;3;0;-1,655577;-2,932303;-0,000743;2,691705;9
3967;70;1;7;24;32;46;49;0;0;-0,324466;-0,4876;25;3;0;1,375726;-1,386313;-0,603165;-1,334553;9
3968;81;1;7;24;35;48;49;0;0;0,168828;0,0057;25;3;0;-0,016098;1,162061;-0,045321;0,353838;9
3969;320;7;17;38;42;48;49;0;0;1,423870;1,2608;25;3;0;-0,627807;-0,949201;2,628120;0,465902;9
3970;408;17;24;35;46;48;49;0;0;-1,925887;-2,0890;25;3;0;-0,875462;0,587501;-1,866208;-0,594064;9
3971;454;24;35;42;46;48;49;0;0;-0,494617;-0,6577;25;3;0;-0,289138;1,289604;-1,001271;0,433707;9
3972;319;7;17;38;42;46;49;0;0;1,876414;1,7133;25;3;0;0,861222;-0,629726;-0,268830;2,657653;9
3973;431;17;35;38;42;48;49;0;0;0,609576;0,4465;25;3;0;-0,660002;-0,097267;1,129804;0,586015;9
3974;149;1;17;24;35;46;48;0;0;-1,395059;-1,5582;25;3;0;-0,778257;-1,327495;-0,476861;-1,161195;9
3975;455;24;38;42;46;48;49;0;0;-0,575403;-0,7385;25;3;0;-1,795502;-0,775224;1,186146;-0,387271;9
3976;21;1;7;17;24;48;49;0;0;-0,278711;-0,4418;25;3;0;0,004953;0,231496;0,386838;-0,874533;9
3977;13;1;7;17;24;38;46;0;0;-1,374326;-1,5374;25;3;0;0,235892;-1,051979;-1,982606;-0,633688;9
3978;205;1;24;32;35;46;49;0;0;-0,191134;-0,3542;25;3;0;-0,670527;0,072996;-0,634741;0,974215;9
3979;120;1;7;35;42;48;49;0;0;-0,329113;-0,4922;25;3;0;-0,237130;0,238926;0,246913;-0,579823;9
3980;297;7;17;32;35;48;49;0;0;0,994918;0,8318;25;3;0;1,257471;-0,037829;-0,543728;1,009506;9
3981;232;1;32;35;38;42;46;0;0;-0,918207;-1,0813;25;3;0;0,725631;-1,110178;-1,938028;-0,377984;9
3982;2;1;7;17;24;32;38;0;0;-0,888180;-1,0513;25;3;0;0,648857;-0,162276;-1,260690;-0,926541;9
3983;75;1;7;24;35;38;49;0;0;2,873727;2,7106;25;3;0;-0,532459;-0,059499;2,262828;3,247073;9
3984;359;7;32;35;38;42;48;0;0;-0,665126;-0,8282;25;3;0;-0,269325;0,142340;-0,431663;-0,451043;9
3985;342;7;24;32;46;48;49;0;0;-0,140732;-0,3038;25;3;0;0,844505;-0,931246;0,035786;-1,124046;9
3986;123;1;7;38;42;46;49;0;0;1,142191;0,9791;25;3;0;1,620286;0,405474;-0,003220;0,361267;9
3987;374;7;35;38;42;46;49;0;0;-0,025630;-0,1887;25;3;0;0,807357;-0,756030;-0,582733;-0,269016;9
3988;329;7;24;32;35;42;49;0;0;1,257651;1,0945;25;3;0;0,011764;-1,322542;-0,252113;2,418665;9
3989;430;17;35;38;42;46;49;0;0;-1,517310;-1,6804;25;3;0;-1,110735;-0,117698;-1,321366;-0,195957;9
3990;263;7;17;24;32;42;48;0;0;0,229954;0,0668;25;3;0;2,160794;-0,400645;-0,341888;-1,420614;9
3991;161;1;17;24;46;48;49;0;0;0,533438;0,3703;25;3;0;-0,011144;0,524968;-0,896017;1,831103;9
3992;98;1;7;32;35;42;49;0;0;0,799388;0,6363;25;3;0;0,642666;0,337369;0,209764;0,532150;9
3993;207;1;24;32;38;42;46;0;0;-0,428487;-0,5916;25;3;0;0,734298;0,279170;0,561435;-2,037895;9
3994;35;1;7;17;32;46;49;0;0;0,893757;0,7306;25;3;0;1,311955;-0,118937;-0,308455;0,544532;9
3995;38;1;7;17;35;38;46;0;0;1,319849;1,1567;25;3;0;0,156023;-1,804232;1,151474;0,978549;9
3996;346;7;24;35;38;46;48;0;0;0,697154;0,5340;25;3;0;0,980097;0,251308;0,542242;-0,314832;9
3997;381;17;24;32;35;38;48;0;0;-3,188077;-3,3512;25;3;0;-1,335482;0,505774;-2,325609;-1,860821;9
3998;341;7;24;32;42;48;49;0;0;-1,235989;-1,3991;25;3;0;0,238988;-2,362695;-1,448289;-0,931494;9
3999;118;1;7;35;42;46;48;0;0;-0,092475;-0,2556;25;3;0;-0,536174;0,547876;-0,893541;1,269544;9
4000;216;1;24;32;46;48;49;0;0;0,232814;0,0697;25;3;0;-0,276755;-0,489181;0,506951;0,173049;9
4001;11;1;7;17;24;35;49;0;0;0,087327;-0,0758;25;3;0;-0,321952;0,398044;0,406650;0,066557;9
4002;383;17;24;32;35;42;46;0;0;0,120572;-0,0425;25;3;0;0,853792;0,610409;-0,627311;-0,017645;9
4003;126;1;7;42;46;48;49;0;0;0,473027;0,3099;25;3;0;0,240845;-0,212426;-0,808100;1,386561;9
4004;78;1;7;24;35;42;49;0;0;-0,291223;-0,4543;25;3;0;0,588182;-1,613537;-0,349318;-0,743276;9
4005;322;7;17;42;46;48;49;0;0;0,077318;-0,0858;25;3;0;-0,351052;0,280408;1,096990;-0,612019;9
4006;218;1;24;35;38;42;48;0;0;0,175978;0,0129;25;3;0;-0,691578;-1,557815;0,510666;0,485714;9
4007;276;7;17;24;35;46;49;0;0;0,790808;0,6277;25;3;0;-1,320623;-0,358543;2,169338;0,521005;9
4008;326;7;24;32;35;38;49;0;0;1,859613;1,6965;25;3;0;0,502741;2,298800;1,898155;0,820049;9
4009;56;1;7;17;46;48;49;0;0;0,007614;-0,1555;25;3;0;0,211126;-1,304587;0,215956;-0,413894;9
4010;103;1;7;32;38;42;48;0;0;-1,167000;-1,3301;25;3;0;0,411727;-0,654491;-0,824817;-1,608213;9
4011;424;17;32;38;42;46;48;0;0;1,608676;1,4456;25;3;0;0,866794;-0,698450;1,282731;0,636784;9
4012;86;1;7;24;38;46;49;0;0;0,367933;0,2048;25;3;0;0,148593;0,429001;-0,544966;1,033652;9
4013;387;17;24;32;35;46;49;0;0;-1,724279;-1,8874;25;3;0;-2,240663;0,089713;0,796708;-1,542584;9
4014;271;7;17;24;35;38;49;0;0;2,525919;2,3628;25;3;0;1,167076;0,300220;2,064704;1,143240;9
4015;462;35;38;42;46;48;49;0;0;-0,292653;-0,4558;25;3;0;0,570846;0,061233;-0,406898;-0,670837;9
4016;282;7;17;24;38;46;49;0;0;0,767931;0,6048;25;3;0;0,147355;-1,004924;0,311303;0,871438;9
4017;422;17;32;35;42;48;49;0;0;-0,378443;-0,5416;25;3;0;0,121970;0,263072;-0,188961;-0,588491;9
4018;16;1;7;17;24;42;46;0;0;0,109490;-0,0536;25;3;0;-0,574561;-0,624154;0,045073;0,719130;9
4019;94;1;7;32;35;38;48;0;0;0,437995;0,2749;25;3;0;-0,615424;-0,762222;0,827045;0,547009;9
4020;152;1;17;24;38;42;46;0;0;-1,188805;-1,3519;25;3;0;-0,844505;-0,068167;-1,013035;-0,201530;9
4021;45;1;7;17;35;46;49;0;0;-0,921424;-1,0845;25;3;0;-0,228462;0,444480;0,787421;-2,154912;9
4022;288;7;17;32;35;38;42;0;0;-0,247255;-0,4104;25;3;0;-1,093399;-0,621058;-0,906543;1,571684;9
4023;208;1;24;32;38;42;48;0;0;0,601712;0,4386;25;3;0;0,990003;-0,142464;-0,871871;0,924064;9
4024;312;7;17;35;38;46;49;0;0;-0,010617;-0,1737;25;3;0;0,569608;-0,380213;-0,191438;-0,396558;9
4025;417;17;32;35;38;46;48;0;0;0,028346;-0,1348;25;3;0;0,898370;0,462435;0,138563;-0,987836;9
4026;106;1;7;32;38;46;49;0;0;0,242465;0,0793;25;3;0;-0,582609;-0,722597;0,617777;0,384795;9
4027;244;1;32;38;42;48;49;0;0;-0,065666;-0,2288;25;3;0;-0,466831;0,487200;0,161471;0,191623;9
4028;386;17;24;32;35;46;48;0;0;0,620300;0,4572;25;3;0;-1,550323;-1,175187;1,803427;0,821287;9
4029;58;1;7;24;32;35;42;0;0;0,089829;-0,0733;25;3;0;1,161504;1,184350;-0,785811;-0,220104;9
4030;246;1;32;42;46;48;49;0;0;0,617798;0,4547;25;3;0;-0,320714;-0,487943;0,541003;0,849768;9
4031;63;1;7;24;32;38;46;0;0;1,171503;1,0084;25;3;0;0,713248;0,071139;-0,102901;1,418756;9
4032;85;1;7;24;38;46;48;0;0;0,244967;0,0819;25;3;0;0,011144;0,428382;1,181193;-0,768042;9
4033;187;1;17;35;38;48;49;0;0;0,292867;0,1298;25;3;0;-0,800546;0,181346;0,810329;0,497478;9
4034;174;1;17;32;38;42;49;0;0;-1,302476;-1,4656;25;3;0;-0,945425;0,258738;0,118132;-1,428662;9
4035;138;1;17;24;32;42;49;0;0;0,492687;0,3296;25;3;0;0,656287;-0,905243;-0,362320;0,559392;9
4036;60;1;7;24;32;35;48;0;0;1,309483;1,1464;25;3;0;1,078540;-0,083646;-0,412470;1,602021;9
4037;335;7;24;32;38;42;49;0;0;-0,667985;-0,8311;25;3;0;0,414204;0,264310;-0,586448;-0,984740;9
4038;397;17;24;32;42;48;49;0;0;-1,150914;-1,3140;25;3;0;-1,621524;-1,692168;-0,240969;-0,130948;9
4039;377;7;35;42;46;48;49;0;0;0,114494;-0,0486;25;3;0;0,026623;-1,471135;0,334211;-0,162524;9
4040;445;24;32;38;42;46;48;0;0;-0,402392;-0,5655;25;3;0;-0,142402;-0,255147;-0,627311;0,072749;9
4041;428;17;32;42;46;48;49;0;0;-0,527861;-0,6910;25;3;0;-1,218465;-0,024827;0,207907;0,096276;9
4042;32;1;7;17;32;42;48;0;0;0,282501;0,1194;25;3;0;-0,264991;-0,398168;0,074173;0,680124;9
4043;277;7;17;24;35;48;49;0;0;0,251759;0,0886;25;3;0;-0,450733;-1,591248;0,486519;0,400273;9
4044;102;1;7;32;38;42;46;0;0;-0,795956;-0,9591;25;3;0;-0,368388;-1,138658;0,027118;-1,037367;9
4045;333;7;24;32;38;42;46;0;0;1,326641;1,1635;25;3;0;0,990622;-1,791849;0,975639;0,331549;9
4046;340;7;24;32;42;46;49;0;0;-0,983980;-1,1471;25;3;0;-0,737394;-0,658825;-0,046559;-0,920350;9
4047;406;17;24;35;42;46;49;0;0;0,318604;0,1555;25;3;0;0,875462;-0,925674;-0,149955;-0,173668;9
4048;356;7;24;38;46;48;49;0;0;-0,070670;-0,2338;25;3;0;0,326905;-0,912672;0,053741;-0,503050;9
4049;142;1;17;24;35;38;42;0;0;0,126291;-0,0368;25;3;0;0,245798;-0,338112;0,793612;-0,820668;9
4050;270;7;17;24;35;38;48;0;0;-2,152516;-2,3156;25;3;0;-0,208031;0,900785;-2,090336;-1,429901;9
4051;23;1;7;17;32;35;42;0;0;2,370781;2,2077;25;3;0;0,773304;-1,125656;1,183669;2,149340;9
4052;89;1;7;24;42;46;49;0;0;1,739864;1,5767;25;3;0;0,002477;1,653038;-0,092995;3,104052;9
4053;458;32;35;38;42;48;49;0;0;0,503768;0,3407;25;3;0;1,186270;-0,220475;0,545337;-0,859055;9
4054;295;7;17;32;35;46;48;0;0;0,791524;0,6284;25;3;0;-0,095966;0,336750;-0,381513;1,848439;9
4055;268;7;17;24;35;38;42;0;0;0,281428;0,1183;25;3;0;-0,272421;-1,825902;-1,341178;2,101047;9
4056;237;1;32;35;38;48;49;0;0;-0,714455;-0,8776;25;3;0;-0,989384;0,084760;-0,554872;0,306783;9
4057;52;1;7;17;38;48;49;0;0;0,874812;0,7117;25;3;0;0,034053;-1,409841;0,994213;0,486953;9
4058;173;1;17;32;38;42;48;0;0;1,205462;1,0423;25;3;0;0,161595;1,115007;1,753896;0,172430;9
4059;111;1;7;32;46;48;49;0;0;0,153458;-0,0097;25;3;0;0,297806;-1,297777;-0,814291;0,782282;9
4060;419;17;32;35;38;48;49;0;0;2,071587;1,9085;25;3;0;0,859984;-0,742409;-0,082469;2,810580;9
4061;8;1;7;17;24;35;42;0;0;0,952738;0,7896;25;3;0;0,820978;-1,133705;1,275921;-0,446709;9
4062;77;1;7;24;35;42;48;0;0;-1,469053;-1,6322;25;3;0;0,042101;-1,060646;-0,828531;-1,758044;9
4063;437;24;32;35;38;42;49;0;0;0,308953;0,1458;25;3;0;0,942948;-0,204997;-0,494196;0,086370;9
4064;358;7;32;35;38;42;46;0;0;0,413331;0,2502;25;3;0;0,146117;-0,658825;-0,496054;1,065847;9
4065;345;7;24;35;38;42;49;0;0;-0,823480;-0,9866;25;3;0;-1,383775;2,084578;0,072315;-0,114850;9
4066;210;1;24;32;38;46;48;0;0;-0,671917;-0,8350;25;3;0;-0,539270;-0,405598;-1,162866;0,538341;9
4067;115;1;7;35;38;46;48;0;0;-0,043503;-0,2066;25;3;0;-0,627187;0,201158;0,940967;-0,389129;9
4068;380;17;24;32;35;38;46;0;0;2,337895;2,1748;25;3;0;1,253756;0,012321;1,722320;1,073277;9
4069;140;1;17;24;32;46;49;0;0;0,319677;0,1566;25;3;0;0,094728;-0,515804;-0,265115;0,724083;9
4070;291;7;17;32;35;38;49;0;0;-1,004712;-1,1678;25;3;0;-1,644432;0,717520;-1,578308;1,482528;9
4071;17;1;7;17;24;42;48;0;0;0,592061;0,4289;25;3;0;0,547319;-1,781324;0,638208;-0,160047;9
4072;301;7;17;32;38;46;48;0;0;-0,192921;-0,3560;25;3;0;0,279232;-2,544103;0,227100;-0,840481;9
4073;170;1;17;32;35;46;49;0;0;0,372580;0,2095;25;3;0;-0,438969;-1,235244;-1,347989;2,432286;9
4074;165;1;17;32;35;38;49;0;0;-1,481922;-1,6450;25;3;0;0,770208;0,670465;-1,848872;-1,488100;9
4075;40;1;7;17;35;38;49;0;0;2,953798;2,7907;25;3;0;2,727925;-1,606108;0,717458;1,670746;9
4076;444;24;32;35;46;48;49;0;0;0,553097;0,3900;25;3;0;0,024766;0,781910;0,688358;0,244869;9
4077;74;1;7;24;35;38;48;0;0;0,089115;-0,0740;25;3;0;0,427206;-1,094699;0,703218;-0,976072;9
4078;224;1;24;35;42;46;49;0;0;0,050151;-0,1130;25;3;0;-1,460548;-1,153517;0,973162;0,574251;9
4079;243;1;32;38;42;46;49;0;0;-1,291395;-1,4545;25;3;0;-1,421542;-0,744267;-0,429806;-0,385414;9
4080;134;1;17;24;32;38;48;0;0;1,379187;1,2161;25;3;0;-0,981335;0,231496;1,428229;1,941928;9
4081;264;7;17;24;32;42;49;0;0;-0,657261;-0,8204;25;3;0;0,602422;-1,019783;-0,691702;-1,049130;9
4082;250;1;35;38;46;48;49;0;0;0,480176;0,3171;25;3;0;-0,105254;-0,284866;0,284061;0,652882;9
4083;190;1;17;35;42;48;49;0;0;-0,314100;-0,4772;25;3;0;-0,390676;-0,400645;-1,128814;0,975453;9
4084;429;17;35;38;42;46;48;0;0;1,335935;1,1728;25;3;0;1,394300;0,604837;0,592392;0,327215;9
4085;296;7;17;32;35;46;49;0;0;-1,305336;-1,4685;25;3;0;-1,688391;-1,178902;0,515619;-1,088136;9
4086;289;7;17;32;35;38;46;0;0;0,691792;0,5287;25;3;0;-0,354147;-1,718172;1,547104;0,005263;9
4087;125;1;7;38;46;48;49;0;0;0,304663;0,1415;25;3;0;0,570227;0,616600;-0,362320;0,319785;9
4088;290;7;17;32;35;38;48;0;0;-1,856539;-2,0197;25;3;0;-2,153983;0,769527;-2,576979;1,515342;9
4089;92;1;7;32;35;38;42;0;0;0,834776;0,6717;25;3;0;0,116398;-1,975114;0,684644;0,644833;9
4090;456;32;35;38;42;46;48;0;0;0,466950;0,3038;25;3;0;0,643904;-1,261247;-0,819863;0,984740;9
4091;267;7;17;24;32;48;49;0;0;1,008859;0,8457;25;3;0;0,480452;0,155342;0,988641;0,278303;9
4092;355;7;24;38;42;48;49;0;0;-0,750558;-0,9137;25;3;0;-0,763398;-0,553572;-0,239730;-0,296877;9
4093;376;7;35;38;46;48;49;0;0;1,492145;1,3290;25;3;0;0,908896;-2,296447;-0,298549;1,974124;9
4094;169;1;17;32;35;46;48;0;0;-0,865661;-1,0288;25;3;0;-1,123118;-0,595054;-0,870633;0,494382;9
4095;42;1;7;17;35;42;48;0;0;0,123788;-0,0393;25;3;0;0,678576;-1,781324;-1,468721;1,004552;9
4096;203;1;24;32;35;42;49;0;0;-1,801491;-1,9646;25;3;0;-0,401202;0,307650;-0,606880;-2,112192;9
4097;371;7;32;38;46;48;49;0;0;1,308053;1,1449;25;3;0;0,674861;-0,856950;0,297063;1,293690;9
4098;435;24;32;35;38;42;46;0;0;-0,370936;-0,5341;25;3;0;-0,198744;-1,424700;-0,856393;0,412656;9
4099;344;7;24;35;38;42;48;0;0;2,883022;2,7199;25;3;0;1,494601;-0,594435;1,894441;1,604498;9
4100;90;1;7;24;42;48;49;0;0;1,673377;1,5103;25;3;0;-0,136211;-1,248865;0,894532;2,140053;9
4101;83;1;7;24;38;42;48;0;0;0,326110;0,1630;25;3;0;-1,349103;-1,965208;0,099557;1,814386;9
4102;316;7;17;35;42;48;49;0;0;-1,543762;-1,7069;25;3;0;-1,305144;-0,397549;-1,538064;0,169334;9
4103;321;7;17;38;46;48;49;0;0;0,659979;0,4969;25;3;0;0,279851;0,693373;-0,561063;1,424329;9
4104;43;1;7;17;35;42;49;0;0;1,423155;1,2600;25;3;0;0,739252;0,112002;0,423986;1,301739;9
4105;362;7;32;35;38;46;49;0;0;1,180797;1,0177;25;3;0;0,061914;-0,565955;-0,249018;2,232304;9
4106;348;7;24;35;38;48;49;0;0;1,147553;0,9844;25;3;0;1,541655;0,191871;0,144135;0,301830;9
4107;443;24;32;35;42;48;49;0;0;0,688218;0,5251;25;3;0;0,338669;-1,102129;0,272916;0,580443;9
4108;162;1;17;32;35;38;42;0;0;-0,049222;-0,2123;25;3;0;0,287280;0,159676;0,559578;-0,932113;9
4109;215;1;24;32;42;48;49;0;0;-0,194351;-0,3575;25;3;0;-0,425967;-2,420275;-0,291738;0,381080;9
4110;395;17;24;32;42;46;48;0;0;1,131826;0,9687;25;3;0;0,845124;-2,232676;0,645638;0,469617;9
4111;143;1;17;24;35;38;46;0;0;0,151778;0,0557;26;3;0;-0,354147;-1,234563;0,944682;-0,327648;9
4112;150;1;17;24;35;46;49;0;0;-0,252152;-0,3483;26;3;0;-2,060493;-0,530602;1,975548;-0,351795;9
4113;398;17;24;32;46;48;49;0;0;0,610041;0,5139;26;3;0;-0,325048;-3,532805;0,475994;0,905676;9
4114;53;1;7;17;42;46;48;0;0;-0,988519;-1,0846;26;3;0;-0,424110;1,073586;-0,143764;-1,144292;9
4115;65;1;7;24;32;38;49;0;0;0,388059;0,2920;26;3;0;-1,337340;0,051389;1,957593;0,051884;9
4116;10;1;7;17;24;35;48;0;0;-1,467158;-1,5633;26;3;0;-0,669908;-0,764017;-0,692321;-1,178964;9
4117;314;7;17;35;42;46;48;0;0;-1,837129;-1,9332;26;3;0;-1,507603;0,627187;-1,542398;-0,132000;9
4118;420;17;32;35;42;46;48;0;0;0,523893;0,4278;26;3;0;0,496549;1,169553;0,456181;-0,045321;9
4119;151;1;17;24;35;48;49;0;0;-0,091295;-0,1874;26;3;0;-0,603660;-0,338050;0,951492;-0,505960;9
4120;339;7;24;32;42;46;48;0;0;-0,910951;-1,0071;26;3;0;-1,373869;-0,578895;-0,587067;0,383123;9
4121;26;1;7;17;32;35;49;0;0;-0,816582;-0,9127;26;3;0;-0,255085;-0,446399;-0,320838;-0,838438;9
4122;412;17;24;38;46;48;49;0;0;-0,106666;-0,2028;26;3;0;-1,225895;-0,559701;2,281402;-1,240259;9
4123;157;1;17;24;38;48;49;0;0;-0,558138;-0,6542;26;3;0;0,500264;0,700246;-0,544966;-0,922021;9
4124;300;7;17;32;38;42;49;0;0;1,116562;1,0205;26;3;0;0,872366;0,006811;1,222056;-0,160481;9
4125;55;1;7;17;42;48;49;0;0;2,095644;1,9995;26;3;0;-0,097205;-0,262515;2,018887;1,708080;9
4126;385;17;24;32;35;42;49;0;0;0,190383;0,0943;26;3;0;-0,737394;-0,695293;1,394176;-0,327029;9
4127;108;1;7;32;42;46;48;0;0;-0,459836;-0,5559;26;3;0;-0,196886;-0,535555;0,719315;-1,318889;9
4128;171;1;17;32;35;48;49;0;0;-1,455362;-1,5515;26;3;0;-0,683529;-0,810453;0,288395;-2,125627;9
4129;1;1;7;17;24;32;35;0;0;2,681879;2,5858;26;3;0;2,006009;0,240226;2,445474;0,193667;9
4130;28;1;7;17;32;38;46;0;0;-0,145987;-0,2421;26;3;0;-1,222799;-2,215278;-0,272545;1,242487;9
4131;20;1;7;17;24;46;49;0;0;1,527640;1,4315;26;3;0;1,351580;-0,659383;0,066124;1,228247;9
4132;148;1;17;24;35;42;49;0;0;1,667050;1,5709;26;3;0;0,484166;0,050150;2,631835;-0,228586;9
4133;414;17;32;35;38;42;46;0;0;0,480641;0,3845;26;3;0;-0,559082;0,942329;0,805376;0,586200;9
4134;242;1;32;38;42;46;48;0;0;-1,318098;-1,4142;26;3;0;-1,165838;0,947901;-0,601927;-0,515247;9
4135;73;1;7;24;35;38;46;0;0;2,058826;1,9627;26;3;0;0,798689;-1,916234;0,899485;1,867818;9
4136;440;24;32;35;38;48;49;0;0;0,340874;0,2448;26;3;0;0,757207;-2,002914;-0,600688;0,433892;9
4137;266;7;17;24;32;46;49;0;0;-0,984945;-1,0810;26;3;0;-2,766931;0,497787;0,823331;0,237625;9
4138;7;1;7;17;24;35;38;0;0;0,694044;0,5979;26;3;0;1,155932;-0,039625;-1,045230;1,091418;9
4139;183;1;17;35;38;42;48;0;0;-1,063586;-1,1597;26;3;0;-1,418447;-0,544223;-0,972791;0,549052;9
4140;197;1;24;32;35;38;42;0;0;-1,037491;-1,1336;26;3;0;-0,118875;0,421014;-1,096618;-0,581495;9
4141;433;17;35;42;46;48;49;0;0;-0,003360;-0,0995;26;3;0;0,362196;-0,786306;0,785563;-1,153579;9
4142;259;7;17;24;32;38;46;0;0;-0,625698;-0,7218;26;3;0;-0,451971;0,362196;0,293967;-0,925736;9
4143;122;1;7;38;42;46;48;0;0;0,084933;-0,0112;26;3;0;-0,176455;-1,128071;0,555244;-0,231682;9
4144;25;1;7;17;32;35;48;0;0;0,926750;0,8306;26;3;0;-0,389438;0,897132;0,696407;1,298210;9
4145;105;1;7;32;38;46;48;0;0;1,188053;1,0920;26;3;0;1,205463;-0,167167;-0,019317;0,871623;9
4146;368;7;32;38;42;46;48;0;0;0,795563;0,6995;26;3;0;0,424729;-1,209178;1,120517;-0,167291;9
4147;409;17;24;38;42;46;48;0;0;0,665447;0,5693;26;3;0;0,787544;0,657525;-0,332601;0,697645;9
4148;67;1;7;24;32;42;48;0;0;-0,924534;-1,0206;26;3;0;-0,703342;-0,357243;-0,842772;-0,055227;9
4149;281;7;17;24;38;46;48;0;0;-0,084861;-0,1810;26;3;0;0,450733;-0,928708;-0,353652;-0,244064;9
4150;202;1;24;32;35;42;48;0;0;-0,641784;-0,7379;26;3;0;0,495930;-2,382446;-1,250784;-0,356748;9
4151;432;17;35;38;46;48;49;0;0;0,002717;-0,0934;26;3;0;0,570846;-0,520076;0,153423;-0,719563;9
4152;184;1;17;35;38;42;49;0;0;-0,270740;-0,3668;26;3;0;-0,219794;-0,227843;-1,060708;0,811567;9
4153;349;7;24;35;42;46;48;0;0;-0,910593;-1,0067;26;3;0;-0,518219;-0,806119;-0,896017;-0,162957;9
4154;367;7;32;35;46;48;49;0;0;2,145689;2,0496;26;3;0;0,824074;-1,177602;3,122812;-0,230443;9
4155;19;1;7;17;24;46;48;0;0;1,635950;1,5398;26;3;0;0,412346;-1,069872;1,184288;1,236915;9
4156;114;1;7;35;38;42;49;0;0;0,006291;-0,0898;26;3;0;-0,307712;0,133115;0,521191;-0,202582;9
4157;181;1;17;32;46;48;49;0;0;0,683678;0,5876;26;3;0;0,895894;-0,751015;1,518004;-1,229733;9
4158;307;7;17;32;46;48;49;0;0;-1,093970;-1,1901;26;3;0;0,608613;1,828316;-1,603074;-0,900351;9
4159;35;2;8;19;21;45;49;0;0;0,003074;0,1706;27;3;0;0,683529;1,310345;0,361515;-1,039720;10
4160;145;2;19;20;22;27;49;0;0;-1,002460;-0,8349;27;3;0;0,227843;0,402069;-1,286632;-0,677523;10
4161;359;8;21;22;27;40;46;0;0;0,433813;0,6014;27;3;0;0,614805;1,383403;0,455624;-0,319042;10
4162;310;8;19;22;27;40;49;0;0;0,245074;0,4126;27;3;0;1,703251;0,272669;-0,536855;-0,741914;10
4163;264;8;19;20;21;40;49;0;0;-1,009610;-0,8420;27;3;0;-0,957188;1,700402;-0,184565;-0,606942;10
4164;141;2;19;20;21;46;49;0;0;-0,246433;-0,0789;27;3;0;-1,240135;0,134601;1,568216;-0,754916;10
4165;370;8;21;27;40;46;49;0;0;-1,124354;-0,9568;27;3;0;-1,163981;-1,897412;-0,632202;-0,151256;10
4166;83;2;8;20;27;40;46;0;0;-1,191199;-1,0236;27;3;0;0,383866;0,525277;-0,821040;-1,626044;10
4167;208;2;20;21;27;40;46;0;0;-0,391919;-0,2244;27;3;0;0,791878;0,111693;-0,705261;-0,765441;10
4168;84;2;8;20;27;40;49;0;0;-1,536505;-1,3689;27;3;0;-1,702012;0,738880;-0,243383;-0,715910;10
4169;120;2;8;22;40;46;49;0;0;-0,790486;-0,6229;27;3;0;0,104015;-1,143301;-1,193142;-0,280036;10
4170;108;2;8;21;40;45;46;0;0;-0,901657;-0,7341;27;3;0;-0,759683;0,110454;-0,008730;-0,793302;10
4171;382;19;20;21;22;27;49;0;0;-0,741872;-0,5743;27;3;0;-0,509551;-0,035043;0,534255;-1,309664;10
4172;415;19;21;22;27;40;46;0;0;-1,797451;-1,6299;27;3;0;-0,484786;-1,402721;-1,014830;-1,613661;10
4173;419;19;21;22;27;46;49;0;0;1,325676;1,4932;27;3;0;-0,347956;0,029966;1,944034;0,700060;10
4174;42;2;8;19;22;40;46;0;0;0,183234;0,3508;27;3;0;0,361577;0,387828;0,453767;-0,497973;10
4175;406;19;20;22;40;45;49;0;0;-0,564215;-0,3967;27;3;0;-0,148593;-0,557596;0,397425;-1,226080;10
4176;289;8;19;21;22;27;45;0;0;-0,103806;0,0638;27;3;0;1,113211;0,607623;-1,417270;0,124261;10
4177;376;8;22;27;45;46;49;0;0;0,518889;0,6865;27;3;0;0,733060;-0,288890;-0,148655;0,314337;10
4178;114;2;8;22;27;40;49;0;0;0,476351;0,6439;27;3;0;0,151070;1,533854;1,545308;-0,871314;10
4179;176;2;19;21;27;45;49;0;0;-1,527927;-1,3604;27;3;0;-0,559701;0,836085;-0,172802;-1,913943;10
4180;63;2;8;20;21;27;45;0;0;1,011111;1,1787;27;3;0;1,044487;-0,317370;0,972605;-0,265796;10
4181;53;2;8;19;40;45;46;0;0;-0,139195;0,0284;27;3;0;0,700865;-0,802156;-0,244003;-0,697955;10
4182;378;8;27;40;45;46;49;0;0;-0,465198;-0,2976;27;3;0;-1,335482;-1,333377;1,786772;-1,257037;10
4183;329;8;20;21;22;40;49;0;0;0,303698;0,4713;27;3;0;-0,402440;-0,068477;1,152774;-0,224314;10
4184;391;19;20;21;27;40;49;0;0;-0,359748;-0,1922;27;3;0;-0,660621;0,576047;0,483485;-0,445966;10
4185;138;2;19;20;21;40;49;0;0;-0,334010;-0,1664;27;3;0;0,205554;-1,574841;-0,000681;-0,783396;10
4186;11;2;8;19;20;22;49;0;0;1,224515;1,3921;27;3;0;1,007339;-1,620657;1,767579;-0,653996;10
4187;222;2;20;22;27;46;49;0;0;-1,200851;-1,0333;27;3;0;-0,294710;-1,197167;-1,485995;-0,299230;10
4188;22;2;8;19;21;22;27;0;0;0,490292;0,6579;27;3;0;0,476118;1,377212;-0,292295;0,665388;10
4189;128;2;19;20;21;22;40;0;0;0,844535;1,0121;27;3;0;0,567131;-0,136582;0,383185;0,512461;10
4190;191;2;19;22;45;46;49;0;0;-1,072165;-0,9046;27;3;0;-0,707676;-0,186113;-0,469988;-0,679381;10
4191;335;8;20;21;27;40;49;0;0;-0,979940;-0,8124;27;3;0;-1,283474;0,475746;0,664274;-1,078106;10
4192;361;8;21;22;27;45;46;0;0;0,359104;0,5267;27;3;0;0,062533;0,952483;1,931651;-1,372197;10
4193;338;8;20;21;27;46;49;0;0;-0,557423;-0,3899;27;3;0;0,078011;-0,088289;-0,851378;-0,192119;10
4194;349;8;20;22;40;45;46;0;0;0,035961;0,2035;27;3;0;0,338050;0,150698;-0,335016;0,059252;10
4195;347;8;20;22;27;45;49;0;0;0,913167;1,0807;27;3;0;2,522371;1,612485;-1,159709;0,218989;10
4196;290;8;19;21;22;27;46;0;0;-0,141697;0,0259;27;3;0;-1,087827;-0,402812;0,009844;0,832556;10
4197;315;8;19;22;40;45;49;0;0;0,798780;0,9663;27;3;0;0,393772;0,385971;1,686472;-0,696717;10
4198;109;2;8;21;40;45;49;0;0;-1,891821;-1,7243;27;3;0;-0,954093;-0,509923;-1,022879;-1,299758;10
4199;46;2;8;19;22;46;49;0;0;-2,111301;-1,9437;27;3;0;-2,077829;-0,214593;-1,127513;-0,451538;10
4200;8;2;8;19;20;22;40;0;0;0,701550;0,8691;27;3;0;0,397487;0,799556;1,353375;-0,535741;10
4201;242;2;21;27;40;45;46;0;0;0,338371;0,5059;27;3;0;-0,725631;-0,625082;0,776957;0,534750;10
4202;238;2;21;22;40;45;46;0;0;0,903516;1,0711;27;3;0;-0,630283;0,229948;0,783149;1,412070;10
4203;379;19;20;21;22;27;40;0;0;-0,677172;-0,5096;27;3;0;-0,082965;0,494939;-0,623535;-0,466397;10
4204;134;2;19;20;21;27;46;0;0;-1,354558;-1,1870;27;3;0;-1,301430;0,306721;-1,663068;0,618334;10
4205;5;2;8;19;20;21;46;0;0;1,329250;1,4968;27;3;0;-0,133115;0,358110;1,242549;1,192894;10
4206;307;8;19;21;45;46;49;0;0;-0,546699;-0,3791;27;3;0;-0,120732;1,761078;0,850635;-1,676813;10
4207;116;2;8;22;27;45;49;0;0;-0,105951;0,0616;27;3;0;0,357862;2,478041;0,442003;-0,983378;10
4208;316;8;19;22;40;46;49;0;0;-0,704339;-0,5368;27;3;0;-0,243321;0,563664;-0,110888;-0,865742;10
4209;399;19;20;22;27;40;45;0;0;-0,098087;0,0695;27;3;0;-0,224747;2,255151;0,064329;-0,009473;10
4210;302;8;19;21;27;45;49;0;0;1,297079;1,4646;27;3;0;1,890849;-0,734670;-0,640251;0,996008;10
4211;197;2;20;21;22;27;40;0;0;-1,453218;-1,2857;27;3;0;0,228462;1,665731;-1,155994;-1,589515;10
4212;352;8;20;22;45;46;49;0;0;0,002717;0,1703;27;3;0;-1,179459;-1,210788;0,562116;0,622049;10
4213;328;8;20;21;22;40;46;0;0;0,233278;0,4008;27;3;0;0,508932;-0,069096;0,033991;-0,138873;10
4214;30;2;8;19;21;27;49;0;0;0,841675;1,0092;27;3;0;0,629045;-0,106244;1,672851;-0,844072;10
4215;417;19;21;22;27;45;46;0;0;-1,481814;-1,3143;27;3;0;-2,098880;-1,888744;-0,020493;-0,447204;10
4216;390;19;20;21;27;40;46;0;0;-0,020876;0,1467;27;3;0;-0,640809;-1,764917;1,475965;-0,871314;10
4217;185;2;19;22;27;45;46;0;0;0,908162;1,0757;27;3;0;-0,334335;-1,058479;0,919978;0,987340;10
4218;458;21;22;27;40;46;49;0;0;-0,971361;-0,8038;27;3;0;-0,624711;1,214379;-0,234096;-0,823640;10
4219;201;2;20;21;22;40;45;0;0;-0,225343;-0,0578;27;3;0;-0,877939;0,280098;-0,334397;0,822030;10
4220;64;2;8;20;21;27;46;0;0;0,201107;0,3687;27;3;0;0,820359;-1,400863;0,219113;-0,691144;10
4221;215;2;20;21;40;46;49;0;0;0,320856;0,4884;27;3;0;-0,080488;1,662635;1,096433;-0,460206;10
4222;246;2;21;40;45;46;49;0;0;-1,030700;-0,8631;27;3;0;0,905800;1,740027;-0,626011;-2,065013;10
4223;300;8;19;21;27;40;49;0;0;-0,464125;-0,2966;27;3;0;1,612237;0,281337;-0,912672;-1,503454;10
4224;122;2;8;27;40;45;46;0;0;0,213975;0,3815;27;3;0;-0,422872;-0,906171;1,057427;-0,263939;10
4225;56;2;8;19;45;46;49;0;0;-1,177616;-1,0101;27;3;0;0,491596;-0,551405;-0,686687;-1,844600;10
4226;103;2;8;21;27;40;46;0;0;-0,106666;0,0609;27;3;0;0,292233;-0,004086;0,351609;-0,828593;10
4227;363;8;21;22;27;46;49;0;0;-0,528111;-0,3605;27;3;0;-0,555987;0,151937;0,193728;-0,552457;10
4228;95;2;8;21;22;27;49;0;0;-0,475564;-0,3080;27;3;0;-1,873514;0,812558;1,177540;-0,127728;10
4229;105;2;8;21;27;45;46;0;0;-0,853400;-0,6858;27;3;0;0,464973;2,348021;0,345417;-2,288522;10
4230;323;8;20;21;22;27;40;0;0;-1,167250;-0,9997;27;3;0;-0,341765;1,826088;-0,157942;-1,522029;10
4231;206;2;20;21;22;46;49;0;0;-0,188167;-0,0206;27;3;0;-0,242083;1,021826;0,176393;-0,260224;10
4232;321;8;19;27;45;46;49;0;0;-0,690040;-0,5225;27;3;0;-1,893945;0,095595;1,420861;-0,722101;10
4233;7;2;8;19;20;22;27;0;0;-1,740258;-1,5727;27;3;0;-1,300810;-1,315422;-0,307155;-1,406250;10
4234;153;2;19;20;27;40;46;0;0;-1,147589;-0,9800;27;3;0;-1,498316;-1,257223;-0,316442;-0,172925;10
4235;168;2;19;21;22;40;49;0;0;0,606109;0,7737;27;3;0;0,159738;-0,498159;0,750334;0,139740;10
4236;454;20;22;40;45;46;49;0;0;-0,751166;-0,5836;27;3;0;-0,721297;-0,083955;1,048140;-1,627901;10
4237;432;19;22;27;45;46;49;0;0;1,351770;1,5193;27;3;0;1,518128;1,495468;-0,411170;1,234377;10
4238;278;8;19;20;27;40;45;0;0;-0,519532;-0,3520;27;3;0;-0,867413;-0,090766;-0,419219;0,386776;10
4239;212;2;20;21;27;46;49;0;0;0,002002;0,1696;27;3;0;-0,440827;-1,532121;0,188775;0,255519;10
4240;366;8;21;22;40;46;49;0;0;-0,797636;-0,6301;27;3;0;1,053774;1,304773;-0,982016;-1,453304;10
4241;457;21;22;27;40;45;49;0;0;0,777690;0,9453;27;3;0;0,358481;-0,647991;0,547257;0,441260;10
4242;26;2;8;19;21;22;49;0;0;0,957849;1,1254;27;3;0;-0,466831;-0,914220;0,348513;1,777361;10
4243;4;2;8;19;20;21;45;0;0;0,545341;0,7129;27;3;0;1,481599;0,761788;-1,074268;0,537227;10
4244;416;19;21;22;27;40;49;0;0;-0,263591;-0,0960;27;3;0;-0,544842;0,187228;0,445099;-0,356810;10
4245;401;19;20;22;27;40;49;0;0;-1,483244;-1,3157;27;3;0;-1,864227;-0,314894;0,151627;-0,856455;10
4246;253;8;19;20;21;22;27;0;0;0,680103;0,8477;27;3;0;0,026004;2,478660;2,189212;-1,037243;10
4247;381;19;20;21;22;27;46;0;0;0,646502;0,8141;27;3;0;-0,360339;1,250289;0,121289;1,358824;10
4248;139;2;19;20;21;45;46;0;0;-0,343662;-0,1761;27;3;0;0,865556;0,888093;-0,107173;-1,353623;10
4249;100;2;8;21;22;45;49;0;0;-1,147947;-0,9804;27;3;0;-1,355914;1,025541;0,909453;-1,541841;10
4250;428;19;21;40;45;46;49;0;0;-1,061441;-0,8939;27;3;0;-1,329910;1,109125;-1,086031;0,577471;10
4251;161;2;19;20;45;46;49;0;0;0,874919;1,0425;27;3;0;-0,494692;2,432224;0,377613;1,632483;10
4252;211;2;20;21;27;45;49;0;0;-0,428380;-0,2608;27;3;0;-1,362105;-0,046807;0,164010;0,456119;10
4253;240;2;21;22;40;46;49;0;0;-0,963497;-0,7959;27;3;0;0,013621;0,772314;-1,688453;0,006006;10
4254;173;2;19;21;27;40;46;0;0;0,186808;0,3544;27;3;0;1,874133;1,055879;-1,948491;0,397920;10
4255;296;8;19;21;22;45;49;0;0;-0,969216;-0,8017;27;3;0;-0,387581;0,689968;-1,729935;0,438784;10
4256;410;19;20;27;40;45;49;0;0;-2,701110;-2,5335;27;3;0;-1,412255;1,497944;-1,807947;-1,458257;10
4257;336;8;20;21;27;45;46;0;0;1,889032;2,0566;27;3;0;0,571465;1,506612;1,798536;0,901899;10
4258;29;2;8;19;21;27;46;0;0;1,241672;1,4092;27;3;0;0,900847;-1,117298;1,227690;0,022103;10
4259;72;2;8;20;22;27;40;0;0;1,170538;1,3381;27;3;0;2,001056;0,489986;-0,621677;0,648052;10
4260;133;2;19;20;21;27;45;0;0;1,276704;1,4443;27;3;0;0,748539;1,552428;1,219641;0,243136;10
4261;91;2;8;20;45;46;49;0;0;-0,117390;0,0502;27;3;0;-0,326905;-2,782162;-0,437793;0,561373;10
4262;18;2;8;19;20;40;49;0;0;0,274028;0,4416;27;3;0;0,933042;0,988393;-0,423553;-0,034858;10
4263;312;8;19;22;27;45;49;0;0;-2,005493;-1,8379;27;3;0;-2,366967;-0,548309;0,645081;-1,751729;10
4264;282;8;19;20;27;45;49;0;0;-0,341160;-0,1736;27;3;0;-0,504598;0,267096;0,259976;-0,346284;10
4265;340;8;20;21;40;45;49;0;0;-0,641426;-0,4739;27;3;0;-0,340526;-0,042473;-1,096557;0,326100;10
4266;39;2;8;19;22;27;46;0;0;-2,327922;-2,1604;27;3;0;-0,967714;-0,522305;-0,811134;-2,253231;10
4267;156;2;19;20;27;45;49;0;0;0,906375;1,0739;27;3;0;0,108349;-1,408912;1,087146;0,374393;10
4268;88;2;8;20;40;45;46;0;0;0,113887;0,2815;27;3;0;-0,279232;1,762935;1,156489;-0,680000;10
4269;77;2;8;20;22;40;46;0;0;-1,945797;-1,7782;27;3;0;-0,677338;-0,245550;-1,243292;-1,449589;10
4270;24;2;8;19;21;22;45;0;0;-0,879851;-0,7123;27;3;0;-0,554748;1,428601;0,297125;-1,266324;10
4271;14;2;8;19;20;27;46;0;0;-0,725786;-0,5582;27;3;0;-0,650715;2,187045;0,172059;-0,778443;10
4272;270;8;19;20;22;27;46;0;0;0,628271;0,7958;27;3;0;1,076682;0,202087;-0,300344;0,311860;10
4273;118;2;8;22;40;45;46;0;0;1,976252;2,1438;27;3;0;0,429682;2,590724;3,251654;-0,258367;10
4274;90;2;8;20;40;46;49;0;0;1,337829;1,5054;27;3;0;-0,731822;-1,057241;2,483303;0,565707;10
4275;449;20;21;40;45;46;49;0;0;0,938189;1,1058;27;3;0;0,216079;-0,565645;1,332325;0,076587;10
4276;356;8;20;27;45;46;49;0;0;-1,275560;-1,1080;27;3;0;-0,988764;-0,190447;-0,804942;-0,415628;10
4277;58;2;8;20;21;22;40;0;0;0,902086;1,0696;27;3;0;-0,747300;1,287437;1,280317;1,029442;10
4278;272;8;19;20;22;40;45;0;0;1,940506;2,1081;27;3;0;0,785068;1,796369;2,157636;0,418352;10
4279;301;8;19;21;27;45;46;0;0;2,233624;2,4012;27;3;0;1,581280;1,622391;3,025669;-0,738199;10
4280;82;2;8;20;27;40;45;0;0;0,448827;0,6164;27;3;0;0,377675;0,467078;0,603598;-0,203882;10
4281;160;2;19;20;40;46;49;0;0;-1,885386;-1,7178;27;3;0;-1,848748;0,608242;0,489058;-1,905895;10
4282;126;2;8;40;45;46;49;0;0;-2,172427;-2,0049;27;3;0;-0,775781;-0,612080;-0,290438;-2,696535;10
4283;425;19;21;27;40;45;49;0;0;-0,671810;-0,5042;27;3;0;-1,182555;-0,593506;-0,070025;0,088970;10
4284;386;19;20;21;22;45;46;0;0;2,660789;2,8284;27;3;0;2,474697;-0,457296;1,453057;0,680867;10
4285;94;2;8;21;22;27;46;0;0;-1,041781;-0,8742;27;3;0;0,261277;0,278860;-0,187042;-1,878652;10
4286;203;2;20;21;22;40;49;0;0;-0,665018;-0,4975;27;3;0;0,881653;0,541375;-2,443802;0,410303;10
4287;37;2;8;19;22;27;40;0;0;0,159641;0,3272;27;3;0;0,777638;0,357491;0,213541;-0,714672;10
4288;269;8;19;20;22;27;45;0;0;0,235065;0,4026;27;3;0;0,759064;0,732689;0,443241;-0,795160;10
4289;9;2;8;19;20;22;45;0;0;0,091010;0,2586;27;3;0;-1,467359;-0,561311;0,988703;0,636289;10
4290;460;21;22;40;45;46;49;0;0;-1,707014;-1,5395;27;3;0;0,099062;-0,216451;0,807295;-3,862992;10
4291;380;19;20;21;22;27;45;0;0;-0,406575;-0,2390;27;3;0;0,475498;1,417456;-0,162276;-1,017431;10
4292;355;8;20;27;40;46;49;0;0;0,784124;0,9517;27;3;0;0,245179;-0,904314;0,042040;1,070924;10
4293;298;8;19;21;27;40;45;0;0;-0,582445;-0,4149;27;3;0;-0,926851;-0,131010;1,375664;-1,457638;10
4294;292;8;19;21;22;40;45;0;0;-0,401571;-0,2340;27;3;0;-0,781353;0,777886;0,126242;-0,040430;10
4295;193;2;19;27;40;45;49;0;0;-0,399783;-0,2322;27;3;0;-0,029100;0,634865;-0,174040;-0,489305;10
4296;213;2;20;21;40;45;46;0;0;0,102806;0,2704;27;3;0;0,028480;0,176083;0,703280;-0,553696;10
4297;239;2;21;22;40;45;49;0;0;-0,843391;-0,6758;27;3;0;-1,509460;1,520233;0,942886;-0,894222;10
4298;70;2;8;20;21;45;49;0;0;1,846495;2,0141;27;3;0;2,494510;-0,509303;1,839399;-1,135686;10
4299;397;19;20;21;40;46;49;0;0;-0,026238;0,1413;27;3;0;-0,474879;0,205183;0,326224;0,103210;10
4300;387;19;20;21;22;45;49;0;0;-1,033560;-0,8660;27;3;0;-0,130019;0,106740;-0,419838;-1,240321;10
4301;101;2;8;21;22;46;49;0;0;-1,226231;-1,0587;27;3;0;-0,977620;-1,342045;-0,248956;-0,897318;10
4302;50;2;8;19;27;45;46;0;0;-0,127756;0,0398;27;3;0;-0,136830;-0,185494;0,261834;-0,346284;10
4303;286;8;19;20;40;46;49;0;0;1,508338;1,6759;27;3;0;2,619576;-1,231219;0,976939;-0,983997;10
4304;175;2;19;21;27;45;46;0;0;-0,005505;0,1621;27;3;0;0,850697;-1,782872;-0,409932;-0,450300;10
4305;305;8;19;21;40;45;49;0;0;0,305843;0,4734;27;3;0;0,928089;1,124603;-0,415504;0,017150;10
4306;291;8;19;21;22;27;49;0;0;0,236496;0,4041;27;3;0;-0,095966;0,492463;-0,147417;0,653006;10
4307;162;2;19;21;22;27;40;0;0;0,562142;0,7297;27;3;0;-0,473022;-0,287652;0,824012;0,622668;10
4308;219;2;20;22;27;40;49;0;0;1,443280;1,6108;27;3;0;0,657525;0,447266;2,152683;-0,310374;10
4309;375;8;22;27;40;46;49;0;0;-0,867341;-0,6998;27;3;0;-0,055103;0,046683;-0,954155;-0,493020;10
4310;314;8;19;22;40;45;46;0;0;-0,584948;-0,4174;27;3;0;-0,751634;1,550571;-0,208093;-0,053432;10
4311;125;2;8;27;45;46;49;0;0;-1,615504;-1,4479;27;3;0;-1,145406;-0,181160;-1,558434;-0,094295;10
4312;423;19;21;22;45;46;49;0;0;0,310132;0,4777;27;3;0;0,594992;0,482557;0,719996;-0,777824;10
4313;150;2;19;20;22;45;49;0;0;1,036491;1,2041;27;3;0;1,194938;-0,917935;-0,282389;0,882706;10
4314;207;2;20;21;27;40;45;0;0;1,044712;1,2123;27;3;0;0,331858;-0,916078;0,871685;0,605951;10
4315;405;19;20;22;40;45;46;0;0;0,213976;0,3815;27;3;0;0,700246;0,254714;-0,961584;0,631955;10
4316;274;8;19;20;22;40;49;0;0;0,968573;1,1361;27;3;0;-0,021670;-0,164443;0,455624;1,243664;10
4317;2;2;8;19;20;21;27;0;0;1,383584;1,5511;27;3;0;-0,172121;1,811847;1,935985;0,632574;10
4318;76;2;8;20;22;40;45;0;0;-1,742760;-1,5752;27;3;0;-0,121970;0,919049;-2,705698;-0,190880;10
4319;317;8;19;22;45;46;49;0;0;0,280821;0,4484;27;3;0;1,400492;1,573479;0,504536;-1,418632;10
4320;260;8;19;20;21;27;46;0;0;-1,407105;-1,2395;27;3;0;0,137449;-1,767393;-1,520666;-1,053960;10
4321;177;2;19;21;27;46;49;0;0;-0,598888;-0,4313;27;3;0;0,040244;-0,682662;-2,280350;1,202801;10
4322;374;8;22;27;40;45;49;0;0;0,448111;0,6157;27;3;0;0,360339;-0,436245;1,264219;-0,848406;10
4323;148;2;19;20;22;40;49;0;0;0,565716;0,7333;27;3;0;1,092161;1,689877;0,096524;-0,208835;10
4324;443;20;21;22;40;46;49;0;0;0,440962;0,6085;27;3;0;-1,182555;-0,439341;1,423338;0,522986;10
4325;258;8;19;20;21;27;40;0;0;0,619692;0,7873;27;3;0;1,423400;-0,337802;0,622172;-0,972233;10
4326;218;2;20;22;27;40;46;0;0;0,456691;0,6243;27;3;0;0,627807;2,605583;0,924312;-0,761107;10
4327;243;2;21;27;40;45;49;0;0;1,155524;1,3231;27;3;0;2,464791;0,402688;0,354085;-0,817449;10
4328;444;20;21;22;45;46;49;0;0;0,187881;0,3554;27;3;0;-0,396249;-0,718572;0,722473;-0,000805;10
4329;214;2;20;21;40;45;49;0;0;0,850969;1,0185;27;3;0;0,767732;0,405164;-0,864379;1,570569;10
4330;358;8;21;22;27;40;45;0;0;-0,887001;-0,7194;27;3;0;0,839552;-0,644895;-0,579576;-1,796307;10
4331;41;2;8;19;22;40;45;0;0;0,299051;0,4666;27;3;0;0,300901;1,206330;0,803580;-0,586510;10
4332;439;20;21;22;27;45;49;0;0;-2,120238;-1,9527;27;3;0;-2,300719;-2,052197;-0,450795;-0,920845;10
4333;228;2;20;27;40;45;49;0;0;-1,013542;-0,8460;27;3;0;-1,251279;0,046683;0,518157;-1,022384;10
4334;293;8;19;21;22;40;46;0;0;-0,176013;-0,0084;27;3;0;-1,037057;1,811228;-0,781415;1,513608;10
4335;371;8;21;27;45;46;49;0;0;-0,135620;0,0319;27;3;0;-0,845743;-0,118008;0,219732;0,391110;10
4336;309;8;19;22;27;40;46;0;0;1,458293;1,6259;27;3;0;-0,847601;-0,319228;1,480299;1,893140;10
4337;285;8;19;20;40;45;49;0;0;0,059195;0,2268;27;3;0;0,042101;-0,148965;0,023465;0,036963;10
4338;131;2;19;20;21;22;49;0;0;0,774115;0,9417;27;3;0;1,606046;0,233044;-0,479275;0,214036;10
4339;40;2;8;19;22;27;49;0;0;-1,514701;-1,3471;27;3;0;-0,873605;1,697926;0,090951;-1,840885;10
4340;225;2;20;22;40;46;49;0;0;-1,654825;-1,4873;27;3;0;-1,439497;1,490514;-2,093370;0,666627;10
4341;89;2;8;20;40;45;49;0;0;-0,748306;-0,5807;27;3;0;-0,257562;1,030494;-0,527568;-0,510975;10
4342;247;2;22;27;40;45;46;0;0;-1,819257;-1,6517;27;3;0;-2,187417;-0,807728;0,486581;-1,450209;10
4343;158;2;19;20;40;45;46;0;0;1,683135;1,8507;27;3;0;-0,153546;-0,306226;1,545927;1,522895;10
4344;106;2;8;21;27;45;49;0;0;-0,140267;0,0273;27;3;0;0,471784;-0,252361;-0,080550;-0,634184;10
4345;388;19;20;21;22;46;49;0;0;0,071707;0,2393;27;3;0;-0,243941;0,984059;1,942176;-1,574036;10
4346;441;20;21;22;40;45;46;0;0;-1,796736;-1,6292;27;3;0;-2,186179;-0,031328;-0,993160;0,067300;10
4347;450;20;22;27;40;45;46;0;0;-0,880924;-0,7134;27;3;0;0,310188;0,491225;0,429001;-2,264995;10
4348;28;2;8;19;21;27;45;0;0;-1,137938;-0,9704;27;3;0;-0,280470;0,402069;-1,833332;0,142835;10
4349;196;2;19;40;45;46;49;0;0;1,248107;1,4157;27;3;0;0,004953;0,806366;0,856207;1,300625;10
4350;234;2;21;22;27;40;49;0;0;-1,168322;-1,0008;27;3;0;-1,866703;-0,840543;1,204163;-1,361053;10
4351;330;8;20;21;22;45;46;0;0;-1,044641;-0,8771;27;3;0;0,583848;-0,617034;0,336130;-2,729349;10
4352;342;8;20;21;45;46;49;0;0;-0,356531;-0,1890;27;3;0;-0,708914;-0,138439;1,010372;-0,918988;10
4353;17;2;8;19;20;40;46;0;0;-0,505592;-0,3380;27;3;0;0,123828;-0,532831;0,228400;-1,227938;10
4354;1;2;8;19;20;21;22;0;0;-0,202465;-0,0349;27;3;0;-0,725011;-1,095009;-0,271864;0,646195;10
4355;287;8;19;20;45;46;49;0;0;-0,560283;-0,3927;27;3;0;0,056961;0,195895;-0,353590;-0,673809;10
4356;86;2;8;20;27;45;49;0;0;0,424519;0,5921;27;3;0;0,911372;0,519705;-0,028542;-0,147541;10
4357;232;2;21;22;27;40;45;0;0;0,506736;0,6743;27;3;0;0,110207;3,271776;0,435812;0,331673;10
4358;142;2;19;20;22;27;40;0;0;-0,323644;-0,1561;27;3;0;0,738632;1,824230;1,768198;-3,067399;10
4359;209;2;20;21;27;40;49;0;0;0,391991;0,5596;27;3;0;-0,022289;-2,032385;2,070957;-1,369720;10
4360;431;19;22;27;40;46;49;0;0;-0,143127;0,0244;27;3;0;0,171501;-0,976753;-1,498997;1,079592;10
4361;385;19;20;21;22;40;49;0;0;0,265092;0,4327;27;3;0;-1,320004;-0,310560;-0,065691;1,844847;10
4362;27;2;8;19;21;27;40;0;0;0,682248;0,8498;27;3;0;0,895894;1,345017;0,094047;0,191747;10
4363;136;2;19;20;21;40;45;0;0;-2,375106;-2,2075;27;3;0;-1,457452;-0,274031;-1,175806;-1,480546;10
4364;362;8;21;22;27;45;49;0;0;-1,485031;-1,3175;27;3;0;-0,836456;0,576047;0,301459;-2,037152;10
4365;152;2;19;20;27;40;45;0;0;0,470632;0,6382;27;3;0;1,557753;-0,585458;-0,808038;0,065443;10
4366;165;2;19;21;22;27;49;0;0;0,317639;0,6159;28;3;0;-0,671146;0,882644;0,690959;0,530354;10
4367;23;2;8;19;21;22;40;0;0;-0,932756;-0,6345;28;3;0;-0,708295;-0,297434;-1,750924;0,843638;10
4368;304;8;19;21;40;45;46;0;0;-0,411937;-0,1136;28;3;0;0,254466;-0,206421;-0,310808;-0,657154;10
4369;392;19;20;21;27;45;46;0;0;-0,600318;-0,3020;28;3;0;-1,206082;0,134105;-2,053683;2,219984;10
4370;135;2;19;20;21;27;49;0;0;-0,575653;-0,2774;28;3;0;1,212273;1,215741;-2,738450;0,529116;10
4371;226;2;20;22;45;46;49;0;0;-1,241959;-0,9437;28;3;0;0,123209;1,355047;-1,610380;-0,663964;10
4372;204;2;20;21;22;45;46;0;0;0,401642;0,6999;28;3;0;1,033962;0,030090;-0,709533;0,371236;10
4373;115;2;8;22;27;45;46;0;0;0,808073;1,1064;28;3;0;-0,690959;1,235553;0,755968;1,334615;10
4374;74;2;8;20;22;27;46;0;0;-1,743475;-1,4452;28;3;0;-0,933042;0,071572;-1,162742;-0,924003;10
4375;414;19;21;22;27;40;45;0;0;0,961781;1,2601;28;3;0;0,366530;-0,159366;-0,128162;1,427486;10
4376;377;8;22;40;45;46;49;0;0;-0,933828;-0,6355;28;3;0;-1,573851;2,340716;-0,026623;-0,016964;10
4377;279;8;19;20;27;40;46;0;0;0,551417;0,8497;28;3;0;0,396249;0,353281;-0,431540;0,990374;10
4378;81;2;8;20;22;46;49;0;0;-1,203353;-0,9051;28;3;0;-1,077301;-0,025013;-0,121970;-0,884997;10
4379;60;2;8;20;21;22;46;0;0;-0,717922;-0,4196;28;3;0;-0,962142;-0,042349;-0,622234;0,340898;10
4380;97;2;8;21;22;40;46;0;0;0,782337;1,0806;28;3;0;-0,177693;0,488872;0,525649;1,007091;10
4381;341;8;20;21;40;46;49;0;0;0,383054;0,6814;28;3;0;-1,071110;-1,254623;1,179459;0,555120;10
4382;199;2;20;21;22;27;46;0;0;-0,923462;-0,6252;28;3;0;-0,927470;-0,437979;-0,145498;-0,526516;10
4383;224;2;20;22;40;45;49;0;0;0,822372;1,1207;28;3;0;2,534754;0,808967;-0,791259;-0,319104;10
4384;223;2;20;22;40;45;46;0;0;-0,549916;-0,2516;28;3;0;-0,311427;1,015759;-0,848839;0,207783;10
4385;265;8;19;20;21;45;46;0;0;0,853114;1,1514;28;3;0;1,217227;-0,246046;-0,218556;0,478966;10
4386;111;2;8;21;45;46;49;0;0;-0,350454;-0,0522;28;3;0;0,616662;1,602083;-1,235801;0,012135;10
4387;259;8;19;20;21;27;45;0;0;0,002002;0,3003;28;3;0;0,399964;0,594125;-1,041391;0,644895;10
4388;452;20;22;27;40;46;49;0;0;-1,538293;-1,2400;28;3;0;0,476118;0,236882;-1,926760;-1,213759;10
4389;445;20;21;27;40;45;46;0;0;-1,181905;-0,8836;28;3;0;-1,584995;0,192304;-0,541127;0,079002;10
4390;174;2;19;21;27;40;49;0;0;-1,265194;-0,9669;28;3;0;-1,633907;-0,984678;-0,495311;-0,062162;10
4391;151;2;19;20;22;46;49;0;0;0,756599;1,0549;28;3;0;1,202367;0,621368;-0,659383;0,767484;10
4392;241;2;21;22;45;46;49;0;0;-1,137580;-0,8393;28;3;0;-1,611618;2,086869;-1,067395;0,708666;10
4393;154;2;19;20;27;40;49;0;0;-1,019261;-0,7210;28;3;0;-0,254466;-0,823702;-1,439497;-0,071449;10
4394;184;2;19;22;27;40;49;0;0;-0,445895;-0,1476;28;3;0;-0,085441;1,220694;0,284185;-0,971057;10
4395;171;2;19;21;22;46;49;0;0;-0,604250;-0,3060;28;3;0;-0,363434;0,218308;0,145498;-0,828655;10
4396;393;19;20;21;27;45;49;0;0;-0,054477;0,2438;28;3;0;-1,589329;-0,811319;0,294710;1,200262;10
4397;188;2;19;22;40;45;46;0;0;-3,034262;-2,7360;28;3;0;-1,511937;0,252980;-3,063498;-0,680062;10
4398;130;2;19;20;21;22;46;0;0;0,660443;0,9587;28;3;0;0,859364;0,257314;-0,590658;0,875214;10
4399;167;2;19;21;22;40;46;0;0;0,483143;0,7814;28;3;0;0,079869;0,912982;1,168315;-0,411356;10
4400;149;2;19;20;22;45;46;0;0;1,176972;1,4753;28;3;0;0,359720;0,717953;0,091013;1,587843;10
4401;437;20;21;22;27;40;49;0;0;-0,307916;-0,0096;28;3;0;-0,255704;1,156923;-1,087208;0,809586;10
4402;429;19;22;27;40;45;46;0;0;-0,814794;-0,5165;28;3;0;-0,507075;1,901746;-0,924374;0,020184;10
4403;283;8;19;20;27;46;49;0;0;-0,113101;0,1852;28;3;0;-0,528125;0,688854;-1,056251;1,388480;10
4404;295;8;19;21;22;45;46;0;0;-0,184235;0,1141;28;3;0;0,186980;0,096957;-0,327524;-0,178560;10
4405;255;8;19;20;21;22;45;0;0;0,227559;0,5259;28;3;0;-0,850697;-0,170511;0,469926;0,774914;10
4406;354;8;20;27;40;45;49;0;0;-0,212475;0,0858;28;3;0;0,845124;0,626940;-0,382009;-0,831132;10
4407;420;19;21;22;40;45;46;0;0;-1,050360;-0,7521;28;3;0;-0,408012;1,086960;-1,019102;-0,392162;10
4408;44;2;8;19;22;45;46;0;0;-1,322030;-1,0237;28;3;0;-2,412783;0,423862;-0,153546;0,276507;10
4409;54;2;8;19;40;45;49;0;0;-0,324359;-0,0261;28;3;0;1,645671;0,223881;-1,373250;-0,834227;10
4410;220;2;20;22;27;45;46;0;0;-0,622481;-0,3242;28;3;0;-2,353346;0,853545;1,069872;0,205306;10
4411;327;8;20;21;22;40;45;0;0;-1,597274;-1,2990;28;3;0;-0,545461;0,772437;-1,766403;-0,454695;10
4412;164;2;19;21;22;27;46;0;0;0,595743;0,8940;28;3;0;-0,212984;-0,591525;0,869271;0,375570;10
4413;61;2;8;20;21;22;49;0;0;1,601277;1,8996;28;3;0;-0,169025;-0,950006;0,612947;2,329571;10
4414;38;2;8;19;22;27;45;0;0;-0,813007;-0,5147;28;3;0;-0,521934;1,852834;-0,091633;-0,794603;10
4415;254;8;19;20;21;22;40;0;0;-0,150633;0,1477;28;3;0;-0,341145;0,092004;0,043340;0,036901;10
4416;198;2;20;21;22;27;45;0;0;-1,432485;-1,1342;28;3;0;-1,557134;1,919701;0,407393;-1,331396;10
4417;365;8;21;22;40;45;49;0;0;-0,711846;-0,4135;28;3;0;-1,977529;-0,284432;-0,477356;1,221932;10
4418;104;2;8;21;27;40;49;0;0;0,413438;0,7117;28;3;0;-0,809833;1,069624;0,313284;1,212645;10
4419;52;2;8;19;27;46;49;0;0;-0,236424;0,0619;28;3;0;-0,398106;1,116679;0,004953;-0,016345;10
4420;87;2;8;20;27;46;49;0;0;-1,945082;-1,6468;28;3;0;-1,378822;-0,328391;-1,094637;-0,895522;10
4421;127;2;19;20;21;22;27;0;0;-1,506479;-1,2082;28;3;0;-0,836456;-0,462125;-1,450642;-0,322200;10
4422;117;2;8;22;27;46;49;0;0;-1,293791;-0,9955;28;3;0;-0,464973;1,422533;-0,726869;-1,049069;10
4423;113;2;8;22;27;40;46;0;0;-0,256442;0,0419;28;3;0;2,083402;-1,039781;-1,375107;-1,152465;10
4424;216;2;20;21;45;46;49;0;0;-1,792090;-1,4938;28;3;0;-1,719967;1,349475;-2,365110;0,981087;10
4425;62;2;8;20;21;27;40;0;0;-0,654295;-0,3560;28;3;0;-1,061204;0,802156;-1,056870;0,984802;10
4426;16;2;8;19;20;40;45;0;0;0,043824;0,3421;28;3;0;-0,518219;-1,555524;0,812929;-0,218804;10
4427;235;2;21;22;27;45;46;0;0;-0,181018;0,1173;28;3;0;0,398106;1,169924;-1,840699;1,129061;10
4428;343;8;20;22;27;40;45;0;0;-1,613002;-1,3147;28;3;0;-0,349813;-0,217565;-1,160885;-1,283103;10
4429;236;2;21;22;27;45;49;0;0;-0,011939;0,2864;28;3;0;0,241464;-0,423739;-1,906328;1,644185;10
4430;395;19;20;21;40;45;46;0;0;-1,626228;-1,3279;28;3;0;-0,321952;0,153299;-1,858654;-0,636103;10
4431;250;2;22;27;45;46;49;0;0;-0,730433;-0,4321;28;3;0;-2,169462;-0,478842;-0,713248;1,617562;10
4432;421;19;21;22;40;45;49;0;0;0,339444;0,6377;28;3;0;0,672385;0,195400;-0,489120;0,404669;10
4433;231;2;20;40;45;46;49;0;0;0,494582;0,7929;28;3;0;0,302140;0,885121;-0,031576;0,586077;10
4434;59;2;8;20;21;22;45;0;0;-0,844463;-0,5462;28;3;0;0,522553;2,436063;-2,113120;0,127914;10
4435;10;2;8;19;20;22;46;0;0;0,681533;0,9798;28;3;0;1,115688;-0,057828;-0,045816;0,110578;10
4436;6;2;8;19;20;21;49;0;0;-1,381010;-1,0827;28;3;0;0,800546;-0,320961;-2,224565;-0,967961;10
4437;434;19;27;40;45;46;49;0;0;1,370001;1,6683;28;3;0;0,774542;0,858498;0,992479;0,605889;10
4438;57;2;8;20;21;22;27;0;0;-0,895580;-0,5973;28;3;0;0,305235;1,085102;-0,138687;-1,717738;10
4439;112;2;8;22;27;40;45;0;0;0,720496;1,0188;28;3;0;1,199891;-0,253475;0,132496;-0,084451;10
4440;448;20;21;27;45;46;49;0;0;-0,500587;-0,2023;28;3;0;0,484786;-0,945053;-1,365820;0,013993;10
4441;451;20;22;27;40;45;49;0;0;-0,658584;-0,3603;28;3;0;-1,792406;1,405197;0,820359;-0,168653;10
4442;297;8;19;21;22;46;49;0;0;-2,181363;-1,8831;28;3;0;-1,433925;0,231929;-1,878467;-0,465840;10
4443;455;20;27;40;45;46;49;0;0;1,171610;1,4699;28;3;0;0,481071;0,224500;0,120732;1,427486;10
4444;322;8;19;40;45;46;49;0;0;-0,459836;-0,1615;28;3;0;1,251898;0,451104;-1,603569;-0,444789;10
4445;459;21;22;27;45;46;49;0;0;0,627556;0,9259;28;3;0;1,322480;-1,128937;0,332477;-0,567998;10
4446;299;8;19;21;27;40;46;0;0;0,415940;0,7142;28;3;0;1,513175;0,439341;-0,588182;-0,204563;10
4447;276;8;19;20;22;45;49;0;0;0,889575;1,1879;28;3;0;0,391915;-0,564902;0,915706;0,233168;10
4448;230;2;20;27;45;46;49;0;0;1,007894;1,3062;28;3;0;2,145315;-0,629912;-0,694054;0,294462;10
4449;49;2;8;19;27;40;49;0;0;1,022192;1,3205;28;3;0;0,689720;-0,421881;-0,865556;1,946324;10
4450;427;19;21;27;45;46;49;0;0;-1,103621;-0,8053;28;3;0;0,137449;0,436245;-2,649294;0,600317;10
4451;281;8;19;20;27;45;46;0;0;-0,142769;0,1555;28;3;0;-1,242611;0,537165;0,266849;0,728479;10
4452;21;2;8;19;20;46;49;0;0;-1,219796;-0,9215;28;3;0;-0,534936;1,815686;-1,046344;-0,531469;10
4453;200;2;20;21;22;27;49;0;0;-2,727204;-2,4289;28;3;0;-0,344241;-0,748167;-3,060402;-1,319013;10
4454;36;2;8;19;21;46;49;0;0;-1,273415;-0,9751;28;3;0;-1,544751;-2,791325;-2,202276;1,541408;10
4455;319;8;19;27;40;45;49;0;0;-2,320058;-2,0218;28;3;0;-3,935864;0,582981;-0,531221;0,448628;10
4456;237;2;21;22;27;46;49;0;0;0,875992;1,1743;28;3;0;1,597997;1,020712;-0,296567;0,215832;10
4457;348;8;20;22;27;46;49;0;0;1,930855;2,2292;28;3;0;1,686534;-1,073834;0,502741;1,155065;10
4458;110;2;8;21;40;46;49;0;0;-1,893250;-1,5950;28;3;0;0,755968;0,413337;-2,308768;-1,726406;10
4459;129;2;19;20;21;22;45;0;0;-0,984945;-0,6866;28;3;0;-1,253137;0,657897;-1,604807;1,151969;10
4460;132;2;19;20;21;27;40;0;0;0,296548;0,5948;28;3;0;-0,490977;-1,052783;0,518838;0,485776;10
4461;190;2;19;22;40;46;49;0;0;1,657041;1,9553;28;3;0;0,045816;1,730245;1,123118;1,701145;10
4462;412;19;20;27;45;46;49;0;0;-0,823373;-0,5251;28;3;0;-0,521934;0,735289;-1,393681;0,489491;10
4463;284;8;19;20;40;45;46;0;0;-0,563142;-0,2648;28;3;0;-0,193171;0,747053;-0,536793;-0,245427;10
4464;137;2;19;20;21;40;46;0;0;0,749808;1,0481;28;3;0;-0,475498;-0,828655;-1,164600;2,938804;10
4465;123;2;8;27;40;45;49;0;0;0,237568;0,5359;28;3;0;1,508222;0,682662;-2,314959;1,218217;10
4466;277;8;19;20;22;46;49;0;0;-0,233921;0,0644;28;3;0;-1,458691;1,215741;0,811072;0,242455;10
4467;229;2;20;27;40;46;49;0;0;0,596100;0,8944;28;3;0;1,007958;1,254127;-0,625949;0,650467;10
4468;195;2;19;27;45;46;49;0;0;-0,575296;-0,2770;28;3;0;1,734827;1,898651;-1,272330;-1,458938;10
4469;192;2;19;27;40;45;46;0;0;0,673669;0,9720;28;3;0;0,224747;-0,735784;0,648238;0,293843;10
4470;320;8;19;27;40;46;49;0;0;-1,126142;-0,8278;28;3;0;0,157261;-0,500512;-1,271092;-0,836704;10
4471;257;8;19;20;21;22;49;0;0;1,784654;2,0830;28;3;0;1,406683;0,489491;-0,215460;1,899889;10
4472;144;2;19;20;22;27;46;0;0;-1,411037;-1,1127;28;3;0;0,147355;0,294462;-1,331148;-1,260195;10
4473;181;2;19;21;45;46;49;0;0;-0,226415;0,0719;28;3;0;0,952854;-1,554286;-2,209087;0,864070;10
4474;33;2;8;19;21;40;49;0;0;-1,602636;-1,3043;28;3;0;-0,224747;1,067147;-2,119312;-0,431787;10
4475;280;8;19;20;27;40;49;0;0;0,750880;1,0492;28;3;0;-0,471165;0,464106;0,450733;1,320994;10
4476;332;8;20;21;22;46;49;0;0;-1,373146;-1,0749;28;3;0;0,281089;-0,655296;-1,589948;-1,069500;10
4477;442;20;21;22;40;45;49;0;0;0,172153;0,4704;28;3;0;1,973195;-0,126552;-1,172030;-0,502988;10
4478;43;2;8;19;22;40;49;0;0;-0,873417;-0,5751;28;3;0;-0,497168;0,623844;-1,959574;0,943939;10
4479;344;8;20;22;27;40;46;0;0;-0,790129;-0,4918;28;3;0;-1,457452;1,201501;1,469216;-1,380308;10
4480;98;2;8;21;22;40;49;0;0;2,349084;2,6474;28;3;0;0,425967;0,153299;0,923136;2,719629;10
4481;163;2;19;21;22;27;45;0;0;-1,870373;-1,5721;28;3;0;-1,098971;0,222023;-2,316198;0,175588;10
4482;369;8;21;27;40;45;49;0;0;-1,715593;-1,4173;28;3;0;-0,112064;1,600226;-2,430738;-0,428692;10
4483;318;8;19;27;40;45;46;0;0;-0,572079;-0,2738;28;3;0;0,882273;2,484975;-1,427115;-0,446027;10
4484;140;2;19;20;21;45;49;0;0;-1,901115;-1,6028;28;3;0;-1,136739;-0,908524;-1,610999;-0,545090;10
4485;79;2;8;20;22;45;46;0;0;-1,632305;-1,3340;28;3;0;-0,663717;-0,765503;-0,344860;-1,818658;10
4486;373;8;22;27;40;45;46;0;0;-1,624083;-1,3258;28;3;0;-1,332386;-1,158656;-0,349813;-1,130795;10
4487;78;2;8;20;22;40;49;0;0;-0,033029;0,2653;28;3;0;-0,197505;-1,034828;-1,098971;1,239268;10
4488;121;2;8;22;45;46;49;0;0;1,083318;1,3816;28;3;0;1,301430;0,815158;1,316289;-0,741357;10
4489;351;8;20;22;40;46;49;0;0;0,808431;1,1067;28;3;0;-0,307093;0,496921;0,142402;1,564935;10
4490;262;8;19;20;21;40;45;0;0;1,346409;1,6447;28;3;0;0,040244;0,638084;-0,459401;2,751205;10
4491;147;2;19;20;22;40;46;0;0;-1,434987;-1,1367;28;3;0;-0,239607;-1,333253;-0,655668;-1,590196;10
4492;447;20;21;27;40;46;49;0;0;-0,221768;0,0765;28;3;0;-1,415351;-0,730831;0,477975;0,553262;10
4493;435;20;21;22;27;40;45;0;0;-2,030515;-1,7322;28;3;0;-0,627807;1,223789;-2,069161;-0,819987;10
4494;12;2;8;19;20;27;40;0;0;0,414153;0,7124;28;3;0;-0,542365;-0,659011;0,331239;0,928460;10
4495;367;8;21;22;45;46;49;0;0;0,869914;1,1682;28;3;0;0,354766;1,150112;-0,533698;1,685667;10
4496;266;8;19;20;21;45;49;0;0;0,652221;0,9505;28;3;0;-0,520696;0,077145;1,075444;0,574932;10
4497;334;8;20;21;27;40;46;0;0;1,732108;2,0304;28;3;0;0,218556;-0,282575;0,895275;1,886268;10
4498;19;2;8;19;20;45;46;0;0;-1,839989;-1,5417;28;3;0;-0,661859;-0,907905;-1,858035;-0,667060;10
4499;404;19;20;22;27;46;49;0;0;0,034173;0,3325;28;3;0;-0,823454;0,441198;0,561559;0,321085;10
4500;440;20;21;22;27;46;49;0;0;-1,307017;-1,0087;28;3;0;-1,451261;-1,649014;-0,799308;-0,013250;10
4501;424;19;21;27;40;45;46;0;0;-1,463226;-1,1649;28;3;0;-1,391205;-0,963008;-0,758445;-0,384733;10
4502;233;2;21;22;27;40;46;0;0;0,378407;0,6767;28;3;0;0,427825;-1,300439;-0,487262;0,714858;10
4503;353;8;20;27;40;45;46;0;0;1,074739;1,3730;28;3;0;1,061823;-2,491662;0,212365;0,587315;10
4504;25;2;8;19;21;22;46;0;0;-0,028382;0,2699;28;3;0;0,766494;-0,667679;0,315142;-1,130795;10
4505;400;19;20;22;27;40;46;0;0;-1,006392;-0,7081;28;3;0;-1,109496;-1,450270;-1,134881;0,501255;10
4506;183;2;19;22;27;40;46;0;0;-1,767425;-1,4691;28;3;0;-2,492652;0,657897;-0,579514;0,010897;10
4507;187;2;19;22;27;46;49;0;0;0,868127;1,1664;28;3;0;0,700865;1,023808;-0,195029;0,997804;10
4508;248;2;22;27;40;45;49;0;0;-1,061799;-0,7635;28;3;0;-0,674861;0,856021;-0,851935;-0,312294;10
4509;360;8;21;22;27;40;49;0;0;-0,205682;0,0926;28;3;0;-0,100300;1,738294;-1,222799;0,966847;10
4510;85;2;8;20;27;45;46;0;0;-1,019976;-0,7217;28;3;0;-0,726869;-0,712257;-0,495311;-0,544471;10
4511;357;8;20;40;45;46;49;0;0;1,915127;2,2134;28;3;0;2,264190;-0,129028;0,487881;0,565026;10
4512;194;2;19;27;40;46;49;0;0;1,974108;2,2724;28;3;0;1,539179;0,562549;1,253756;0,626321;10
4513;275;8;19;20;22;45;46;0;0;0,319784;0,6181;28;3;0;0,461258;0,897503;-0,435254;0,527878;10
4514;69;2;8;20;21;45;46;0;0;-0,286826;0,0115;28;3;0;0,051389;0,155775;-0,078631;-0,469555;10
4515;333;8;20;21;27;40;45;0;0;0,979655;1,2780;28;3;0;0,819120;0,038139;1,628954;-0,751263;10
4516;205;2;20;21;22;45;49;0;0;-0,775474;-0,4772;28;3;0;-2,250569;-0,893665;-0,668670;1,576079;10
4517;422;19;21;22;40;46;49;0;0;-0,660014;-0,3617;28;3;0;-1,227133;-0,220042;-0,567750;0,651705;10
4518;182;2;19;22;27;40;45;0;0;1,806817;2,1051;28;3;0;1,900756;0,310560;0,723154;0,505589;10
4519;66;2;8;20;21;40;45;0;0;-0,629272;-0,3310;28;3;0;0,345479;1,389100;-0,967095;-0,468316;10
4520;31;2;8;19;21;40;45;0;0;0,710845;1,0091;28;3;0;-0,812929;0,421386;-0,688482;2,732630;10
4521;413;19;20;40;45;46;49;0;0;-1,013184;-0,7149;28;3;0;0,596231;0,293224;-2,871565;0,520448;10
4522;221;2;20;22;27;45;49;0;0;-1,784940;-1,4866;28;3;0;-1,459929;0,001610;-1,212893;-0,418785;10
4523;271;8;19;20;22;27;49;0;0;0,596100;0,8944;28;3;0;-1,172649;2,102966;-0,014240;2,219364;10
4524;311;8;19;22;27;45;46;0;0;0,201107;0,4994;28;3;0;1,458691;1,133395;-1,214750;0,104387;10
4525;99;2;8;21;22;45;46;0;0;-0,421231;-0,1229;28;3;0;1,246326;1,295610;-0,854411;-1,121508;10
4526;306;8;19;21;40;46;49;0;0;-1,018904;-0,7206;28;3;0;1,016007;-0,135839;-1,342912;-1,437888;10
4527;96;2;8;21;22;40;45;0;0;-2,218897;-1,9206;28;3;0;-1,035200;-0,364920;-2,227661;-0,580381;10
4528;75;2;8;20;22;27;49;0;0;-0,655010;-0,3567;28;3;0;0,786925;-0,958055;-1,885277;-0,036158;10
4529;102;2;8;21;27;40;45;0;0;-0,718638;-0,4203;28;3;0;-0,335573;0,921031;-1,623382;0,714238;10
4530;409;19;20;27;40;45;46;0;0;-1,710946;-1,4126;28;3;0;-0,105254;0,445532;-0,599945;-2,258246;10
4531;186;2;19;22;27;45;49;0;0;1,707800;2,0061;28;3;0;3,116744;0,769961;-0,295329;0,136582;10
4532;92;2;8;21;22;27;40;0;0;-1,621581;-1,3233;28;3;0;-1,503888;0,645514;-0,268087;-1,036686;10
4533;398;19;20;21;45;46;49;0;0;-1,117205;-0,8189;28;3;0;-0,919421;0,954464;-1,188127;0,172492;10
4534;268;8;19;20;22;27;40;0;0;-1,113273;-0,8150;28;3;0;-1,563944;1,058479;-0,158499;-0,205802;10
4535;273;8;19;20;22;40;46;0;0;-1,023551;-0,7253;28;3;0;-1,069872;0,412099;-0,577656;-0,125314;10
4536;155;2;19;20;27;45;46;0;0;-1,205856;-0,9076;28;3;0;-1,464882;-1,533235;0,948520;-1,572241;10
4537;15;2;8;19;20;27;49;0;0;-1,630518;-1,3322;28;3;0;-1,409160;-0,119122;-1,261805;-0,153175;10
4538;217;2;20;22;27;40;45;0;0;1,769641;2,0679;28;3;0;1,427734;-0,712257;0,760302;0,877072;10
4539;34;2;8;19;21;45;46;0;0;0,291901;0,5902;28;3;0;-0,339288;0,015850;0,674861;0,170015;10
4540;364;8;21;22;40;45;46;0;0;-0,173868;0,1244;28;3;0;0,509551;0,098815;-1,353437;0,542737;10
4541;157;2;19;20;27;46;49;0;0;0,006291;0,3046;28;3;0;-0,847601;0,545833;0,994956;-0,136458;10
4542;438;20;21;22;27;45;46;0;0;0,372330;0,6706;28;3;0;0,395630;-0,254095;-0,681053;0,930318;10
4543;346;8;20;22;27;45;46;0;0;0,042038;0,3403;28;3;0;0,067486;1,585986;-0,134353;0,139678;10
4544;303;8;19;21;27;46;49;0;0;0,004146;0,3024;28;3;0;0,191314;1,117298;0,537412;-0,721544;10
4545;418;19;21;22;27;45;49;0;0;-0,189954;0,1083;28;3;0;1,389966;1,057241;-1,120641;-0,598336;10
4546;170;2;19;21;22;45;49;0;0;0,414868;0,7132;28;3;0;-0,992479;-1,121508;0,306474;1,404578;10
4547;159;2;19;20;40;45;49;0;0;0,434528;0,7328;28;3;0;1,555276;-1,079406;-0,364054;-0,438598;10
4548;3;2;8;19;20;21;40;0;0;0,837028;1,1353;28;3;0;0,791878;-1,294867;-0,571465;1,229362;10
4549;462;22;27;40;45;46;49;0;0;-0,682176;-0,3839;28;3;0;0,731203;-0,491225;-1,835746;-0,077021;10
4550;93;2;8;21;22;27;45;0;0;0,833453;1,1317;28;3;0;0,355386;0,118008;-0,092871;1,181069;10
4551;80;2;8;20;22;45;49;0;0;1,566247;1,8645;28;3;0;2,110644;0,528497;-0,180169;0,782344;10
4552;249;2;22;27;40;46;49;0;0;-0,529541;-0,2312;28;3;0;-0,282946;1,683810;-0,846982;0,212736;10
4553;179;2;19;21;40;45;49;0;0;-0,469130;-0,1708;28;3;0;0,229081;0,778629;0,378913;-1,420552;10
4554;20;2;8;19;20;45;49;0;0;-1,791732;-1,4934;28;3;0;-0,055103;0,297558;-2,059255;-0,989012;10
4555;411;19;20;27;40;46;49;0;0;-0,159212;0,1391;28;3;0;-0,039625;1,368668;-0,835837;0,599698;10
4556;143;2;19;20;22;27;45;0;0;1,855788;2,1541;28;3;0;1,614714;1,591558;0,037767;1,561839;10
4557;124;2;8;27;40;46;49;0;0;-0,057695;0,2406;28;3;0;-0,387581;-0,641675;-0,703961;0,991612;10
4558;383;19;20;21;22;40;45;0;0;-1,170466;-0,8722;28;3;0;-1,820887;1,197786;-0,251989;0,045569;10
4559;384;19;20;21;22;40;46;0;0;0,428451;0,7267;28;3;0;0,045816;0,469679;1,183793;-0,487510;10
4560;294;8;19;21;22;40;49;0;0;0,485288;0,7836;28;3;0;-0,585086;1,798350;0,307093;1,118536;10
4561;189;2;19;22;40;45;49;0;0;-0,564930;-0,2666;28;3;0;-1,245707;-0,548185;0,916944;-0,649724;10
4562;288;8;19;21;22;27;40;0;0;-1,796379;-1,4981;28;3;0;-1,723063;1,723434;-0,743586;-0,644771;10
4563;461;21;27;40;45;46;49;0;0;-1,545085;-1,2468;28;3;0;-1,714395;1,316041;-0,791259;-0,170511;10
4564;453;20;22;27;45;46;49;0;0;0,158212;0,4565;28;3;0;0,027242;2,044767;-0,321333;0,568122;10
4565;372;8;21;40;45;46;49;0;0;0,021662;0,3200;28;3;0;-0,480452;0,389191;-0,290376;0,808347;10
4566;32;2;8;19;21;40;46;0;0;-1,275203;-0,9769;28;3;0;0,352909;0,369378;-2,418356;-0,143269;10
4567;251;2;22;40;45;46;49;0;0;-0,241428;0,0569;28;3;0;0,449495;-0,896760;0,282946;-1,150607;10
4568;73;2;8;20;22;27;45;0;0;0,936402;1,2347;28;3;0;0,518219;0,714238;0,550414;0,553262;10
4569;433;19;22;40;45;46;49;0;0;0,753132;0,5558;29;3;0;-0,619139;0,560382;1,393000;0,530602;10
4570;51;2;8;19;27;45;49;0;0;0,174404;-0,0229;29;3;0;-0,160976;-1,457391;-0,289200;0,752253;10
4571;180;2;19;21;40;46;49;0;0;1,609606;1,4123;29;3;0;0,968333;-1,288985;0,923074;0,896513;10
4572;325;8;20;21;22;27;46;0;0;0,576189;0,3789;29;3;0;0,903942;1,942919;-0,790083;0,884130;10
4573;263;8;19;20;21;40;46;0;0;0,432133;0,2348;29;3;0;-0,776400;-0,693373;-0,139368;1,664245;10
4574;146;2;19;20;22;40;45;0;0;1,036241;0,8389;29;3;0;1,354675;-0,042040;-0,283008;0,723154;10
4575;324;8;20;21;22;27;45;0;0;0,105057;-0,0923;29;3;0;0,481071;-0,515061;-0,277436;-0,021670;10
4576;326;8;20;21;22;27;49;0;0;0,123645;-0,0737;29;3;0;-0,004334;-0,686563;0,746619;-0,528125;10
4577;261;8;19;20;21;27;49;0;0;1,719703;1,5224;29;3;0;0,868652;-0,794912;1,308797;0,801165;10
4578;47;2;8;19;27;40;45;0;0;-0,099767;-0,2971;29;3;0;0,662478;-2,826925;-0,412408;-0,422872;10
4579;436;20;21;22;27;40;46;0;0;1,115239;0,9179;29;3;0;-0,531840;-0,298363;0,449433;2,014058;10
4580;446;20;21;27;40;45;49;0;0;1,336864;1,1395;29;3;0;1,037676;-1,026470;-0,035972;1,313812;10
4581;368;8;21;27;40;45;46;0;0;2,185474;1,9882;29;3;0;1,329291;-0,666750;0,327462;2,128599;10
4582;202;2;20;21;22;40;46;0;0;-0,073315;-0,2706;29;3;0;1,362724;-0,998609;-1,373311;-0,116398;10
4583;13;2;8;19;20;27;45;0;0;0,982979;0,7857;29;3;0;1,137358;-1,804108;-1,022260;1,587472;10
4584;313;8;19;22;27;46;49;0;0;1,202460;1,0051;29;3;0;0,406155;-1,197971;1,131724;0,544842;10
4585;67;2;8;20;21;40;46;0;0;0,253761;0,0564;29;3;0;1,056870;-1,714333;-0,580195;-0,037148;10
4586;267;8;19;20;21;46;49;0;0;0,060375;-0,1369;29;3;0;-1,029009;-0,714424;-1,286632;2,420213;10
4587;210;2;20;21;27;45;46;0;0;-0,753561;-0,9509;29;3;0;-0,710771;-1,918649;-0,565955;-0,028480;10
4588;345;8;20;22;27;40;49;0;0;0,852506;0,6552;29;3;0;1,356533;-0,845062;-0,149893;0,269944;10
4589;107;2;8;21;27;46;49;0;0;-0,617726;-0,8150;29;3;0;-1,121879;-0,823393;-0,116460;0,168406;10
4590;245;2;21;27;45;46;49;0;0;-1,032023;-1,2293;29;3;0;-1,381917;-0,484724;0,342941;-0,748539;10
4591;394;19;20;21;27;46;49;0;0;-0,517995;-0,7153;29;3;0;-0,401202;-0,017893;-1,896484;1,400492;10
4592;396;19;20;21;40;45;49;0;0;-0,782873;-0,9802;29;3;0;0,468069;-0,891498;-1,440178;-0,383866;10
4593;65;2;8;20;21;27;49;0;0;0,099338;-0,0980;29;3;0;-0,676099;-0,108287;-0,824755;1,672913;10
4594;244;2;21;27;40;46;49;0;0;-1,109949;-1,3073;29;3;0;-1,202986;2,055602;-1,498997;0,779496;10
4595;68;2;8;20;21;40;49;0;0;-0,546234;-0,7436;29;3;0;-0,916944;-0,513204;0,695850;-0,725011;10
4596;402;19;20;22;27;45;46;0;0;-0,247756;-0,4451;29;3;0;0,463735;-0,233353;-0,394453;-0,498407;10
4597;308;8;19;22;27;40;45;0;0;0,511847;0,3145;29;3;0;0,780115;0,310250;-0,995637;1,102067;10
4598;48;2;8;19;27;40;46;0;0;1,576362;1,3790;29;3;0;1,484694;-1,048759;-0,535617;1,781262;10
4599;426;19;21;27;40;46;49;0;0;-0,921925;-1,1192;29;3;0;-0,810453;-0,359658;-0,525711;-0,260657;10
4600;331;8;20;21;22;45;49;0;0;0,256263;0,0589;29;3;0;0,497788;-0,720615;0,429001;-0,482928;10
4601;256;8;19;20;21;22;46;0;0;1,581724;1,3844;29;3;0;1,093399;-0,405474;0,219113;1,427115;10
4602;45;2;8;19;22;45;49;0;0;-0,541230;-0,7386;29;3;0;-0,662478;-1,271030;-0,233477;-0,041482;10
4603;350;8;20;22;40;45;49;0;0;2,110407;1,9131;29;3;0;1,695821;-1,794202;0,664893;1,294619;10
4604;407;19;20;22;40;46;49;0;0;-0,279926;-0,4772;29;3;0;-0,632141;0,416123;-0,279293;0,426587;10
4605;227;2;20;27;40;45;46;0;0;-0,634527;-0,8319;29;3;0;-1,251279;0,055165;-0,433459;0,585705;10
4606;389;19;20;21;27;40;45;0;0;-0,056872;-0,2542;29;3;0;-1,666102;1,450704;-0,447699;2,015296;10
4607;403;19;20;22;27;45;49;0;0;-1,609320;-1,8066;29;3;0;-1,261805;0,084265;-1,193142;-0,332477;10
4608;408;19;20;22;45;46;49;0;0;1,590304;1,3930;29;3;0;0,591897;-0,846301;0,597407;1,565183;10
4609;169;2;19;21;22;45;46;0;0;0,883605;0,6863;29;3;0;1,691487;-1,402287;-0,108411;-0,052627;10
4610;55;2;8;19;40;46;49;0;0;-0,795741;-0,9931;29;3;0;0,173978;-2,425723;-0,211807;-1,340435;10
4611;339;8;20;21;40;45;46;0;0;-1,957129;-2,1545;29;3;0;-2,525467;0,531283;-0,812991;-0,051389;10
4612;337;8;20;21;27;45;49;0;0;-0,334976;-0,5323;29;3;0;0,281708;-2,027617;-0,223571;-0,638332;10
4613;71;2;8;20;21;46;49;0;0;0,927573;0,7302;29;3;0;0,656287;0,129462;-0,089218;1,039534;10
4614;252;2;27;40;45;46;49;0;0;1,097366;0,9000;29;3;0;0,782591;-0,928027;1,284651;-0,166548;10
4615;430;19;22;27;40;45;49;0;0;0,490757;0,2934;29;3;0;1,401730;0,028542;-1,373311;0,821597;10
4616;119;2;8;22;40;45;49;0;0;0,162609;-0,0347;29;3;0;0,258800;0,762841;-0,564716;0,587563;10
4617;456;21;22;27;40;45;46;0;0;0,493974;0,2967;29;3;0;1,048202;1,428415;-0,404359;0,211745;10
4618;166;2;19;21;22;40;45;0;0;-1,393772;-1,5911;29;3;0;-0,086679;-0,568307;-1,628397;-0,699008;10
4619;172;2;19;21;27;40;45;0;0;-0,730326;-0,9276;29;3;0;-0,365911;1,770179;0,591835;-1,490886;10
4620;178;2;19;21;40;45;46;0;0;-1,004140;-1,2015;29;3;0;-0,496549;-0,810391;-0,613009;-0,629664;10
4621;368;4;28;34;35;42;47;0;0;-0,872953;-0,6423;30;3;0;-0,533078;0,573880;1,256604;-2,235524;11
4622;349;4;21;29;35;42;47;0;0;-0,409684;-0,1790;30;3;0;-1,505745;-0,780796;1,194071;-0,397920;11
4623;294;4;9;28;29;35;48;0;0;-0,973041;-0,7424;30;3;0;-0,754730;-0,899051;0,015231;-0,945858;11
4624;272;4;9;21;29;35;42;0;0;1,146695;1,3774;30;3;0;1,113211;0,270502;1,624372;-0,751449;11
4625;226;2;21;29;42;47;48;0;0;-0,183056;0,0476;30;3;0;0,108349;0,255642;-0,638580;0,213169;11
4626;127;2;9;21;28;29;34;0;0;-2,217002;-1,9863;30;3;0;-0,105873;0,991798;-0,992108;-2,741979;11
4627;357;4;21;35;42;47;48;0;0;-2,303865;-2,0732;30;3;0;0,636475;-0,685448;-2,699073;-1,927812;11
4628;379;9;21;28;29;34;35;0;0;-1,397704;-1,1670;30;3;0;-1,890849;0,198682;0,324181;-0,854226;11
4629;220;2;21;29;34;42;47;0;0;0,951523;1,1822;30;3;0;0,327524;0,905119;1,639851;-0,319290;11
4630;14;2;4;9;21;34;47;0;0;0,182269;0,4129;30;3;0;-0,823454;0,827107;0,962513;0,176640;11
4631;124;2;4;34;35;47;48;0;0;-0,900477;-0,6698;30;3;0;-1,823982;0,394329;-0,752501;1,016811;11
4632;164;2;9;28;29;34;47;0;0;0,274136;0,5048;30;3;0;0,525649;-0,473084;-0,179798;0,128967;11
4633;297;4;9;28;29;47;48;0;0;0,576547;0,8072;30;3;0;0,321333;0,297125;1,199643;-0,522367;11
4634;4;2;4;9;21;28;42;0;0;0,764213;0,9949;30;3;0;0,491596;-0,878001;2,102347;-1,270287;11
4635;276;4;9;21;29;42;48;0;0;0,552240;0,7829;30;3;0;-0,276755;0,255023;1,146397;0,086865;11
4636;383;9;21;28;29;35;42;0;0;-0,509059;-0,2784;30;3;0;-0,330620;1,515590;0,392286;-0,943382;11
4637;36;2;4;9;28;47;48;0;0;-1,248285;-1,0176;30;3;0;-1,173268;0,718758;0,121104;-1,109930;11
4638;243;2;28;34;35;42;48;0;0;0,216585;0,4472;30;3;0;-0,753492;0,482866;0,880168;0,248460;11
4639;314;4;9;29;35;42;47;0;0;0,425342;0,6560;30;3;0;0,484166;0,629602;-0,059685;0,312232;11
4640;8;2;4;9;21;29;35;0;0;0,433921;0,6646;30;3;0;0,864937;0,140483;1,204596;-1,317960;11
4641;91;2;4;21;42;47;48;0;0;-0,804320;-0,5737;30;3;0;0,594373;-0,549238;-0,041730;-1,945767;11
4642;289;4;9;28;29;34;42;0;0;-0,494760;-0,2641;30;3;0;-1,308240;0,099619;1,258461;-0,807171;11
4643;279;4;9;21;34;35;47;0;0;-0,176263;0,0544;30;3;0;-0,468069;0,944744;0,496921;-0,334149;11
4644;119;2;4;29;35;42;48;0;0;0,105415;0,3361;30;3;0;0,640809;-0,064452;-0,364301;-0,093923;11
4645;38;2;4;9;29;34;42;0;0;-0,290293;-0,0596;30;3;0;-0,382009;1,839399;-0,338917;0,218123;11
4646;208;2;21;28;34;35;47;0;0;-1,125677;-0,8950;30;3;0;-1,089065;0,122528;0,440579;-1,301244;11
4647;393;9;21;28;34;42;48;0;0;-0,051152;0,1795;30;3;0;0,443922;2,744580;0,760674;-1,293195;11
4648;35;2;4;9;28;42;48;0;0;-0,045433;0,1852;30;3;0;-0,424729;1,526734;1,069005;-0,722968;11
4649;457;28;29;34;35;42;48;0;0;0,728110;0,9588;30;3;0;1,116926;-1,266820;0,481442;-0,337245;11
4650;293;4;9;28;29;35;47;0;0;-2,028263;-1,7976;30;3;0;-2,003533;-0,986969;0,362568;-1,872090;11
4651;146;2;9;21;29;35;42;0;0;1,157419;1,3881;30;3;0;1,159028;-0,264434;1,098723;-0,253042;11
4652;253;4;9;21;28;29;34;0;0;1,624262;1,8549;30;3;0;1,242611;1,102624;2,276325;-0,705632;11
4653;328;4;21;28;29;35;47;0;0;-2,085099;-1,8544;30;3;0;-1,776309;0,068662;-0,342631;-1,492558;11
4654;214;2;21;28;35;42;48;0;0;-0,000751;0,2299;30;3;0;-0,092252;1,347803;0,449247;-0,358296;11
4655;416;9;28;29;34;35;48;0;0;-0,401106;-0,1705;30;3;0;-1,123737;0,827726;-0,165558;0,594559;11
4656;290;4;9;28;29;34;47;0;0;-0,572329;-0,3417;30;3;0;-1,346627;1,764483;0,408384;-0,053060;11
4657;103;2;4;28;34;35;47;0;0;0,672704;0,9034;30;3;0;-1,033342;-1,338640;2,158070;0,040430;11
4658;436;21;28;29;34;35;47;0;0;1,194953;1,4256;30;3;0;1,060585;0,261215;0,901837;0,107297;11
4659;329;4;21;28;29;35;48;0;0;-0,130866;0,0998;30;3;0;-0,079869;0,861779;2,194599;-2,341397;11
4660;100;2;4;28;29;42;48;0;0;1,091290;1,3219;30;3;0;-0,531221;0,570784;0,532212;1,889178;11
4661;238;2;28;29;35;42;47;0;0;-0,225950;0,0047;30;3;0;-0,958427;-1,196857;0,594745;-0,027675;11
4662;240;2;28;29;35;47;48;0;0;-1,276167;-1,0455;30;3;0;-0,971429;1,375664;0,095719;-1,334677;11
4663;411;9;21;34;35;47;48;0;0;0,650541;0,8812;30;3;0;0,116398;-0,006253;0,057332;0,953040;11
4664;185;2;9;29;34;42;47;0;0;0,856438;1,0871;30;3;0;0,406774;0,302697;0,761912;0,314708;11
4665;452;21;29;34;35;47;48;0;0;-0,598424;-0,3678;30;3;0;-0,681672;-0,641490;0,776152;-1,130981;11
4666;346;4;21;29;34;42;47;0;0;1,480921;1,7116;30;3;0;2,066066;2,235029;0,552024;-0,053060;11
4667;303;4;9;28;34;47;48;0;0;0,314886;0,5455;30;3;0;-0,532459;-1,196238;1,647280;-0,569422;11
4668;212;2;21;28;34;47;48;0;0;-1,079565;-0,8489;30;3;0;-1,096495;-1,206763;0,502493;-1,275859;11
4669;458;28;29;34;35;47;48;0;0;0,777797;1,0085;30;3;0;-0,035910;0,175773;1,682571;-0,299477;11
4670;148;2;9;21;29;35;48;0;0;-1,593234;-1,3626;30;3;0;-1,001766;0,354085;-0,561187;-1,196609;11
4671;256;4;9;21;28;29;47;0;0;-0,063306;0,1673;30;3;0;-1,962670;-0,762222;1,360000;0,493020;11
4672;40;2;4;9;29;34;48;0;0;-1,507802;-1,2771;30;3;0;-2,103214;-0,970252;-0,242331;-0,266044;11
4673;182;2;9;29;34;35;42;0;0;1,095221;1,3259;30;3;0;0,918183;0,302078;0,342755;0,636041;11
4674;227;2;21;34;35;42;47;0;0;-0,145879;0,0848;30;3;0;0,240845;0,297744;-0,239235;-0,254280;11
4675;156;2;9;21;34;42;48;0;0;-2,348189;-2,1175;30;3;0;-0,799927;0,256261;-1,177849;-2,089407;11
4676;170;2;9;28;29;42;48;0;0;-0,130866;0,0998;30;3;0;0,414823;-0,196329;-0,085070;-0,556420;11
4677;177;2;9;28;34;47;48;0;0;-0,902264;-0,6716;30;3;0;0,679814;0,336750;-0,239235;-2,003347;11
4678;425;9;28;34;35;42;48;0;0;-0,162680;0,0680;30;3;0;0,552891;-0,792559;0,630655;-1,465315;11
4679;144;2;9;21;29;34;47;0;0;-0,520855;-0,2902;30;3;0;-1,186889;1,087765;1,702384;-1,417642;11
4680;90;2;4;21;35;47;48;0;0;0,177979;0,4086;30;3;0;-0,009287;-0,338731;0,092623;0,224933;11
4681;80;2;4;21;29;42;48;0;0;0,219802;0,4505;30;3;0;0,574561;-1,645733;0,284556;-0,478408;11
4682;24;2;4;9;28;29;42;0;0;-0,164467;0,0662;30;3;0;-0,077392;-1,674832;0,153918;-0,361391;11
4683;426;9;28;34;35;47;48;0;0;-0,120142;0,1105;30;3;0;-1,134881;0,563354;1,190975;-0,264186;11
4684;213;2;21;28;35;42;47;0;0;1,207106;1,4378;30;3;0;0,713248;-0,540570;0,687615;0,689906;11
4685;2;2;4;9;21;28;34;0;0;-0,178051;0,0526;30;3;0;-1,422781;-1,970161;0,124199;0,990188;11
4686;115;2;4;29;34;42;47;0;0;-0,400033;-0,1694;30;3;0;-0,019812;-0,629107;1,434916;-2,107981;11
4687;109;2;4;28;35;42;48;0;0;-0,457227;-0,2266;30;3;0;0,277993;-1,219146;-1,185279;0,115346;11
4688;333;4;21;28;34;35;42;0;0;1,059832;1,2905;30;3;0;-0,141164;0,094047;2,102966;-0,126119;11
4689;284;4;9;21;35;42;47;0;0;1,165283;1,3959;30;3;0;1,303906;0,627126;0,931556;-0,217132;11
4690;114;2;4;29;34;35;48;0;0;-1,435952;-1,2053;30;3;0;-1,534226;-2,639450;-0,372969;-0,579947;11
4691;123;2;4;34;35;42;48;0;0;0,366003;0,5967;30;3;0;0,765255;1,884596;0,584219;-0,715539;11
4692;448;21;28;34;42;47;48;0;0;-1,958201;-1,7275;30;3;0;-0,552891;-0,484228;-1,346874;-1,491938;11
4693;459;28;29;34;42;47;48;0;0;0,684858;0,9155;30;3;0;0,853173;-0,014921;-0,239235;0,572270;11
4694;58;2;4;21;28;29;35;0;0;-0,024343;0,2063;30;3;0;0,478594;1,240073;1,333996;-1,854754;11
4695;340;4;21;28;35;42;48;0;0;-0,563035;-0,3324;30;3;0;0,672385;-0,244622;-0,198372;-1,449218;11
4696;245;2;28;34;42;47;48;0;0;-0,823981;-0,5933;30;3;0;1,220322;-1,973257;-1,132033;-1,515466;11
4697;96;2;4;28;29;35;42;0;0;0,331687;0,5623;30;3;0;-0,752253;-1,250103;2,663287;-1,336535;11
4698;44;2;4;9;29;42;47;0;0;-0,656332;-0,4257;30;3;0;0,086679;2,438106;0,555739;-1,779219;11
4699;325;4;21;28;29;34;47;0;0;-1,529607;-1,2990;30;3;0;0,115160;0,160914;-1,318394;-1,446122;11
4700;348;4;21;29;34;47;48;0;0;0,197282;0,4279;30;3;0;0,334954;1,994184;2,424919;-2,418170;11
4701;129;2;9;21;28;29;42;0;0;-1,265802;-1,0351;30;3;0;-0,204316;-0,120175;-0,477604;-1,510513;11
4702;21;2;4;9;21;47;48;0;0;-0,274208;-0,0436;30;3;0;-0,442065;-0,200663;0,464725;-0,497602;11
4703;139;2;9;21;28;42;47;0;0;0,341696;0,5724;30;3;0;0,267468;-1,648828;-0,008296;0,332663;11
4704;278;4;9;21;34;35;42;0;0;-0,784303;-0,5536;30;3;0;0,398106;1,417147;-0,762407;-0,994151;11
4705;133;2;9;21;28;34;42;0;0;-1,099225;-0,8686;30;3;0;-2,135409;1,122436;1,096866;-0,865370;11
4706;158;2;9;21;35;42;47;0;0;-0,547307;-0,3167;30;3;0;0,280470;-0,063214;0,061047;-1,289480;11
4707;211;2;21;28;34;42;48;0;0;-0,494045;-0,2634;30;3;0;-0,950378;-1,627777;0,490110;-0,395444;11
4708;225;2;21;29;35;47;48;0;0;0,311312;0,5420;30;3;0;-1,114450;0,867971;1,047954;0,605703;11
4709;20;2;4;9;21;42;48;0;0;-1,245426;-1,0148;30;3;0;-0,606137;-0,129462;-0,818130;-0,732874;11
4710;415;9;28;29;34;35;47;0;0;-0,223091;0,0076;30;3;0;-1,195557;0,244498;0,485157;0,323995;11
4711;166;2;9;28;29;35;42;0;0;-0,898690;-0,6680;30;3;0;0,063152;1,191780;-0,385971;-1,233758;11
4712;446;21;28;34;35;42;48;0;0;0,485395;0,7161;30;3;0;0,580133;-0,545523;1,116679;-0,856083;11
4713;236;2;28;29;34;42;48;0;0;0,836778;1,0674;30;3;0;0,978858;-0,484228;1,220694;-0,750210;11
4714;257;4;9;21;28;29;48;0;0;2,160809;2,3915;30;3;0;1,334244;0,175773;2,494262;-0,085875;11
4715;12;2;4;9;21;34;35;0;0;-1,283674;-1,0530;30;3;0;0,242083;1,146583;-1,238525;-1,226947;11
4716;27;2;4;9;28;34;35;0;0;-1,631125;-1,4005;30;3;0;0,427825;-0,417361;-1,138844;-2,114173;11
4717;250;2;29;34;42;47;48;0;0;0,013190;0,2438;30;3;0;-0,926231;1,474726;-0,384733;1,333810;11
4718;162;2;9;28;29;34;35;0;0;0,455368;0,6860;30;3;0;1,895803;0,718139;0,131010;-1,238092;11
4719;356;4;21;34;42;47;48;0;0;0,327755;0,5584;30;3;0;0,434016;-0,430363;0,783582;-0,649910;11
4720;404;9;21;29;34;47;48;0;0;-0,378228;-0,1476;30;3;0;0,181408;-2,227723;-0,517228;-0,319290;11
4721;262;4;9;21;28;35;42;0;0;0,389595;0,6203;30;3;0;0,422872;0,763336;1,195309;-0,943382;11
4722;74;2;4;21;29;34;47;0;0;-1,449893;-1,2192;30;3;0;-0,120732;-0,037210;0,069715;-2,460271;11
4723;16;2;4;9;21;35;42;0;0;-0,556601;-0,3259;30;3;0;0,328144;1,073525;-1,057737;-0,234468;11
4724;73;2;4;21;29;34;42;0;0;-1,282602;-1,0519;30;3;0;0,900847;0,006129;-2,582675;-0,539703;11
4725;57;2;4;21;28;29;34;0;0;-0,438639;-0,2080;30;3;0;1,092780;1,380617;-0,386590;-1,465935;11
4726;41;2;4;9;29;35;42;0;0;-1,123890;-0,8932;30;3;0;-0,692816;-0,804942;-0,254714;-0,999104;11
4727;207;2;21;28;34;35;42;0;0;0,213368;0,4440;30;3;0;0,792498;0,336750;0,044949;-0,467883;11
4728;286;4;9;21;35;47;48;0;0;1,279671;1,5103;30;3;0;-0,438350;-0,034115;1,755630;0,899175;11
4729;135;2;9;21;28;34;48;0;0;-0,282429;-0,0518;30;3;0;0,695293;-0,015540;0,648610;-1,833084;11
4730;363;4;28;29;34;47;48;0;0;-0,520497;-0,2898;30;3;0;0,838933;1,415908;-0,256571;-1,483890;11
4731;224;2;21;29;35;42;48;0;0;0,092189;0,3228;30;3;0;-0,352909;1,410955;1,429344;-0,916759;11
4732;389;9;21;28;34;35;42;0;0;-1,047394;-0,8167;30;3;0;-1,107020;-0,076216;0,098195;-0,805314;11
4733;81;2;4;21;29;47;48;0;0;-0,444716;-0,2141;30;3;0;-1,219703;0,771385;1,563697;-1,114264;11
4734;270;4;9;21;29;34;47;0;0;-1,297972;-1,0673;30;3;0;-0,970190;-0,094171;-1,195804;-0,082160;11
4735;25;2;4;9;28;29;47;0;0;-1,801633;-1,5710;30;3;0;-1,922426;0,229019;-1,216855;0,018760;11
4736;316;4;9;29;35;47;48;0;0;-1,212897;-0,9822;30;3;0;0,110207;1,050616;-0,577285;-1,633721;11
4737;366;4;28;29;35;47;48;0;0;-0,141948;0,0887;30;3;0;-0,707056;1,014087;1,089436;-0,628240;11
4738;259;4;9;21;28;34;42;0;0;-0,309953;-0,0793;30;3;0;0,708914;-0,142464;-0,003962;-1,241806;11
4739;372;4;28;35;42;47;48;0;0;0,950450;1,1811;30;3;0;-0,209888;0,017893;2,389008;-0,532893;11
4740;378;4;34;35;42;47;48;0;0;0,465019;0,6957;30;3;0;0,299663;1,336039;2,007000;-1,501226;11
4741;143;2;9;21;29;34;42;0;0;0,135798;0,3665;30;3;0;1,789930;1,059284;-0,441694;-1,113026;11
4742;150;2;9;21;29;42;48;0;0;0,712381;0,9430;30;3;0;1,892088;1,412813;0,191066;-0,849273;11
4743;377;4;29;35;42;47;48;0;0;-0,535153;-0,3045;30;3;0;-0,287280;-0,285485;-1,033590;0,393958;11
4744;1;2;4;9;21;28;29;0;0;0,470381;0,7010;30;3;0;-0,458782;-1,602393;1,409531;-0,136025;11
4745;230;2;21;34;42;47;48;0;0;0,502195;0,7329;30;3;0;0,977620;-2,345978;0,739004;-0,846796;11
4746;200;2;21;28;29;34;48;0;0;-0,647753;-0,4171;30;3;0;-0,610471;0,127481;0,293224;-0,804695;11
4747;67;2;4;21;28;35;47;0;0;-0,515493;-0,2848;30;3;0;-0,770208;1,150917;1,104296;-1,226947;11
4748;292;4;9;28;29;35;42;0;0;-1,508874;-1,2782;30;3;0;-1,787453;0,850015;-0,598955;-0,227038;11
4749;155;2;9;21;34;42;47;0;0;-0,679567;-0,4489;30;3;0;1,077920;-1,060646;0,424481;-2,679446;11
4750;427;9;28;34;42;47;48;0;0;-1,551411;-1,3208;30;3;0;-0,915706;-0,448318;-0,444789;-1,326628;11
4751;231;2;21;35;42;47;48;0;0;-0,740335;-0,5097;30;3;0;-0,473641;-0,110269;-0,205802;-0,602855;11
4752;178;2;9;28;35;42;47;0;0;1,211038;1,4417;30;3;0;0,316380;-0,281770;0,644895;1,136305;11
4753;121;2;4;29;42;47;48;0;0;0,254476;0,4851;30;3;0;-0,274898;0,674180;1,791540;-1,075877;11
4754;48;2;4;9;34;35;47;0;0;-0,517638;-0,2870;30;3;0;-0,042721;0,322509;0,436864;-1,290718;11
4755;401;9;21;29;34;35;48;0;0;1,303263;1,5339;30;3;0;0,406774;-1,120084;0,873357;0,977187;11
4756;445;21;28;34;35;42;47;0;0;0,490399;0,7211;30;3;0;0,063152;-0,405598;1,355047;-0,568803;11
4757;442;21;28;29;35;42;48;0;0;-0,171617;0,0590;30;3;0;1,131166;0,240164;-0,429930;-0,998485;11
4758;69;2;4;21;28;42;47;0;0;0,331687;0,5623;30;3;0;-0,079869;0,090332;1,902365;-1,247998;11
4759;22;2;4;9;28;29;34;0;0;-0,070455;0,1602;30;3;0;1,107020;1,051236;0,769342;-1,998394;11
4760;435;21;28;29;34;35;42;0;0;0,884320;1,1150;30;3;0;2,598525;-3,416469;-0,623720;-0,443118;11
4761;33;2;4;9;28;35;48;0;0;0,073959;0,3046;30;3;0;-0,793736;0,645700;0,643657;0,278179;11
4762;367;4;28;29;42;47;48;0;0;-0,891541;-0,6609;30;3;0;-0,182027;-1,794326;-0,281337;-1,080830;11
4763;45;2;4;9;29;42;48;0;0;-1,025946;-0,7953;30;3;0;0,065010;0,984369;0,629416;-2,471416;11
4764;376;4;29;34;42;47;48;0;0;-0,172688;0,0580;30;3;0;-0,702103;-0,071263;1,233077;-0,830079;11
4765;431;9;29;34;35;47;48;0;0;-1,208965;-0,9783;30;3;0;-1,216607;-0,325729;0,241836;-1,119217;11
4766;420;9;28;29;35;42;47;0;0;0,712025;0,9427;30;3;0;0,387581;-1,880386;1,286323;-0,440641;11
4767;461;28;34;35;42;47;48;0;0;-0,749629;-0,5190;30;3;0;-0,739871;0,971986;0,379284;-0,937809;11
4768;441;21;28;29;35;42;47;0;0;-1,087786;-0,8571;30;3;0;0,218556;-2,069842;-0,064019;-2,038638;11
4769;239;2;28;29;35;42;48;0;0;1,014078;1,2447;30;3;0;-0,885368;-2,086559;2,838503;-0,196700;11
4770;258;4;9;21;28;34;35;0;0;1,243567;1,4742;30;3;0;0,918183;1,928555;1,152589;0,083150;11
4771;140;2;9;21;28;42;48;0;0;0,913274;1,1439;30;3;0;-0,228462;-0,739933;1,059099;0,751201;11
4772;18;2;4;9;21;35;48;0;0;-1,162495;-0,9318;30;3;0;-1,227752;-0,731884;0,093242;-0,878991;11
4773;184;2;9;29;34;35;48;0;0;0,888609;1,1193;30;3;0;0,894655;1,006038;0,678947;-0,034486;11
4774;352;4;21;29;42;47;48;0;0;0,763498;0,9942;30;3;0;0,454448;-0,755411;0,995327;-0,127357;11
4775;11;2;4;9;21;29;48;0;0;1,425156;1,6558;30;3;0;1,380060;-0,310250;0,960036;0,128347;11
4776;338;4;21;28;34;47;48;0;0;0,043217;0,2739;30;3;0;-0,117017;-0,978920;1,210168;-1,018297;11
4777;382;9;21;28;29;34;48;0;0;0,361713;0,5924;30;3;0;-0,616043;-0,502183;0,915458;0,327091;11
4778;387;9;21;28;29;42;48;0;0;1,023371;1,2540;30;3;0;0,568369;0,402378;0,759435;0,444727;11
4779;265;4;9;21;28;42;47;0;0;0,840710;1,0714;30;3;0;0,887845;0,331177;1,403340;-0,835032;11
4780;308;4;9;29;34;35;42;0;0;1,954198;2,1849;30;3;0;0,957808;1,027089;3,305953;-0,878991;11
4781;13;2;4;9;21;34;42;0;0;0,267344;0,4980;30;3;0;0,142402;0,929884;1,486923;-1,166272;11
4782;410;9;21;34;35;42;48;0;0;0,254833;0,4855;30;3;0;-0,490977;1,326752;0,567503;0,364858;11
4783;60;2;4;21;28;29;47;0;0;-1,683314;-1,4527;30;3;0;-0,538651;0,071139;-1,001395;-1,375540;11
4784;391;9;21;28;34;35;48;0;0;-1,399849;-1,1692;30;3;0;-2,308149;0,451290;0,780486;-0,896946;11
4785;339;4;21;28;35;42;47;0;0;-0,700657;-0,4700;30;3;0;1,598616;0,399283;-0,845372;-1,966818;11
4786;434;9;34;35;42;47;48;0;0;0,930075;1,1607;30;3;0;0,814786;-0,654491;3,457642;-2,661491;11
4787;324;4;21;28;29;34;42;0;0;-1,478490;-1,2478;30;3;0;-0,906419;0,773242;1,275178;-2,929578;11
4788;233;2;28;29;34;35;47;0;0;0,718102;0,9488;30;3;0;-0,292233;0,392472;1,505498;0,030524;11
4789;302;4;9;28;34;42;48;0;0;-0,126577;0,1041;30;3;0;-0,250751;1,085907;0,767484;-0,735970;11
4790;110;2;4;28;35;47;48;0;0;-1,563565;-1,3329;30;3;0;-1,523700;1,428910;0,507446;-1,691920;11
4791;291;4;9;28;29;34;48;0;0;-0,980906;-0,7503;30;3;0;-1,173887;0,591835;0,636846;-1,161938;11
4792;337;4;21;28;34;42;48;0;0;-0,025416;0,2052;30;3;0;0,044578;1,180636;0,807109;-0,895708;11
4793;282;4;9;21;34;42;48;0;0;-0,243824;-0,0132;30;3;0;-0,028480;-0,896575;-1,026780;0,632945;11
4794;285;4;9;21;35;42;48;0;0;-0,376798;-0,1461;30;3;0;-0,212365;-0,009968;1,622515;-2,062784;11
4795;192;2;9;34;35;42;47;0;0;-0,168399;0,0623;30;3;0;-1,093399;-0,556048;0,568741;0,232982;11
4796;88;2;4;21;35;42;47;0;0;0,472526;0,7032;30;3;0;-0,441446;2,229456;1,548837;-0,288952;11
4797;456;28;29;34;35;42;47;0;0;-1,676880;-1,4462;30;3;0;-0,757826;1,298272;-1,218093;-0,928522;11
4798;37;2;4;9;29;34;35;0;0;0,356709;0,5874;30;3;0;1,280998;2,267224;0,356995;-1,020155;11
4799;180;2;9;28;35;47;48;0;0;-1,331216;-1,1006;30;3;0;-1,335482;0,596788;0,600936;-1,571188;11
4800;183;2;9;29;34;35;47;0;0;0,602999;0,8337;30;3;0;0,277374;1,323037;0,397859;0,369192;11
4801;165;2;9;28;29;34;48;0;0;-0,615225;-0,3846;30;3;0;-0,045197;1,123056;0,588553;-1,608956;11
4802;311;4;9;29;34;42;47;0;0;-0,693865;-0,4632;30;3;0;-0,233415;-0,144321;0,405288;-1,373683;11
4803;358;4;28;29;34;35;42;0;0;-1,251145;-1,0205;30;3;0;0,224128;0,471103;-1,605674;-0,785501;11
4804;163;2;9;28;29;34;42;0;0;-1,062407;-0,8318;30;3;0;-0,223509;-1,147326;0,119246;-1,735879;11
4805;355;4;21;34;35;47;48;0;0;-0,498335;-0,2677;30;3;0;-0,966475;0,465530;0,247408;-0,144074;11
4806;176;2;9;28;34;42;48;0;0;-1,390197;-1,1595;30;3;0;-0,884749;0,902642;0,795965;-2,319108;11
4807;137;2;9;21;28;35;47;0;0;0,540801;0,7715;30;3;0;0,903323;1,214688;0,966228;-0,932856;11
4808;34;2;4;9;28;42;47;0;0;1,407284;1,6379;30;3;0;0,712009;1,121817;0,960656;0,764822;11
4809;310;4;9;29;34;35;48;0;0;0,607646;0,8383;30;3;0;0,909515;0,094666;0,973038;-0,830079;11
4810;149;2;9;21;29;42;47;0;0;0,593705;0,8244;30;3;0;0,225366;0,086618;0,611461;0,191500;11
4811;304;4;9;28;35;42;47;0;0;0,574760;0,8054;30;3;0;0,260657;-0,874905;-0,387828;1,122684;11
4812;263;4;9;21;28;35;47;0;0;-1,719775;-1,4891;30;3;0;-0,937995;1,560168;-0,910382;-1,130361;11
4813;28;2;4;9;28;34;42;0;0;-0,391097;-0,1604;30;3;0;-0,375198;1,051236;0,681424;-0,983626;11
4814;66;2;4;21;28;35;42;0;0;-1,086356;-0,8557;30;3;0;0,226605;0,580690;-0,876329;-1,231900;11
4815;332;4;21;28;29;47;48;0;0;-2,328172;-2,0975;30;3;0;-0,933661;-0,322633;-0,858993;-2,239858;11
4816;209;2;21;28;34;35;48;0;0;-1,191450;-0,9608;30;3;0;-0,679814;-0,118937;0,587934;-1,971771;11
4817;321;4;9;34;42;47;48;0;0;-1,927817;-1,6972;30;3;0;-2,009105;1,085288;-1,069500;-0,260472;11
4818;86;2;4;21;34;42;48;0;0;-0,075102;0,1556;30;3;0;-0,492215;1,020898;1,750057;-1,387923;11
4819;455;21;34;35;42;47;48;0;0;-1,598596;-1,3679;30;3;0;-1,870418;-0,921959;-1,475655;0,577223;11
4820;125;2;4;34;42;47;48;0;0;-0,081537;0,1491;30;3;0;-0,189456;1,043187;0,639323;-0,591092;11
4821;89;2;4;21;35;42;48;0;0;-0,106916;0,1237;30;3;0;-0,345479;0,042040;-0,725259;0,885554;11
4822;128;2;9;21;28;29;35;0;0;-1,465263;-1,2346;30;3;0;-0,673004;-0,523853;-0,025632;-1,839275;11
4823;32;2;4;9;28;35;47;0;0;0,695939;0,9266;30;3;0;-0,013002;-0,666255;2,000809;-0,782406;11
4824;221;2;21;29;34;42;48;0;0;-1,034882;-0,8042;30;3;0;-1,193080;-1,390647;0,752006;-1,351394;11
4825;384;9;21;28;29;35;47;0;0;-0,082358;-0,2515;31;3;0;0,263753;0,001857;-0,916325;0,509923;11
4826;68;2;4;21;28;35;48;0;0;-0,227130;-0,3963;31;3;0;-0,117636;-0,463116;1,273568;-1,549333;11
4827;323;4;21;28;29;34;35;0;0;1,390376;1,2212;31;3;0;1,389966;-0,725631;1,531130;-0,512894;11
4828;451;21;29;34;35;42;48;0;0;0,184663;0,0155;31;3;0;0,442684;0,391296;-0,525030;0,402192;11
4829;181;2;9;28;42;47;48;0;0;-0,332580;-0,5017;31;3;0;-0,499645;-1,832031;0,444542;-0,520943;11
4830;309;4;9;29;34;35;47;0;0;-0,000143;-0,1693;31;3;0;0,321333;-1,218465;-0,825312;0,503731;11
4831;443;21;28;29;35;47;48;0;0;-0,108453;-0,2776;31;3;0;0,603660;-1,627096;-0,080488;-0,711019;11
4832;375;4;29;34;35;47;48;0;0;0,932470;0,7633;31;3;0;1,252518;1,388728;0,627807;-0,265239;11
4833;186;2;9;29;34;42;48;0;0;1,825047;1,6559;31;3;0;1,864227;2,083402;0,795593;0,501255;11
4834;460;28;29;35;42;47;48;0;0;0,612186;0,4430;31;3;0;0,780115;-0,297187;0,616662;-0,336440;11
4835;412;9;21;34;42;47;48;0;0;0,865625;0,6965;31;3;0;1,345388;0,525030;-0,876081;1,029999;11
4836;161;2;9;21;42;47;48;0;0;-0,286111;-0,4553;31;3;0;-0,012383;0,534936;-0,900228;0,417052;11
4837;418;9;28;29;34;42;48;0;0;-1,223013;-1,3922;31;3;0;-1,206701;1,127452;-0,294091;-0,617529;11
4838;313;4;9;29;34;47;48;0;0;0,676886;0,5077;31;3;0;1,335482;-0,222271;-0,104634;-0,058447;11
4839;260;4;9;21;28;34;47;0;0;0,637923;0,4688;31;3;0;-0,391296;-1,300810;1,003005;0,493206;11
4840;267;4;9;21;28;47;48;0;0;0,633633;0,4645;31;3;0;-0,400583;1,108877;0,713248;0,784820;11
4841;193;2;9;34;35;42;48;0;0;-0,264663;-0,4338;31;3;0;-0,661859;-0,071201;1,056251;-0,852802;11
4842;171;2;9;28;29;47;48;0;0;0,682605;0,5135;31;3;0;0,053246;-0,032195;0,472403;0,656658;11
4843;98;2;4;28;29;35;48;0;0;-1,011397;-1,1805;31;3;0;0,679195;1,586233;-0,206173;-2,224813;11
4844;354;4;21;34;35;42;48;0;0;0,416298;0,2472;31;3;0;0,838314;-0,225366;0,015478;-0,132743;11
4845;102;2;4;28;34;35;42;0;0;-0,283966;-0,4531;31;3;0;0,065010;-1,521224;-0,126923;-0,429930;11
4846;198;2;21;28;29;34;42;0;0;1,033988;0,8648;31;3;0;0,194410;-0,690959;0,611709;0,984802;11
4847;403;9;21;29;34;42;48;0;0;0,782337;0,6132;31;3;0;0,855650;-0,327524;-0,118875;0,618272;11
4848;201;2;21;28;29;35;42;0;0;0,004504;-0,1646;31;3;0;-0,248894;-2,791696;0,992479;-0,735784;11
4849;142;2;9;21;29;34;35;0;0;0,062413;-0,1067;31;3;0;-0,110826;-0,812310;0,284185;-0,065257;11
4850;373;4;29;34;35;42;47;0;0;-0,479497;-0,6486;31;3;0;0,516981;0,312665;-0,873605;-0,473889;11
4851;394;9;21;28;34;47;48;0;0;0,633633;0,4645;31;3;0;-0,129400;0,089156;0,253228;0,973657;11
4852;453;21;29;34;42;47;48;0;0;0,769111;0,6000;31;3;0;0,417299;-0,518219;-0,172740;1,087579;11
4853;50;2;4;9;34;42;47;0;0;-0,747234;-0,9164;31;3;0;-1,664864;-0,354766;1,948429;-1,577813;11
4854;305;4;9;28;35;42;48;0;0;-0,436602;-0,6057;31;3;0;-0,682291;-0,258181;-0,493454;0,419528;11
4855;196;2;9;35;42;47;48;0;0;-2,116306;-2,2854;31;3;0;-0,794355;-0,347956;-1,858035;-1,013159;11
4856;141;2;9;21;28;47;48;0;0;-0,084861;-0,2540;31;3;0;0,019193;-0,512647;-0,117017;-0,049160;11
4857;280;4;9;21;34;35;48;0;0;-1,338831;-1,5080;31;3;0;-0,838933;2,676536;-0,319476;-1,160514;11
4858;235;2;28;29;34;42;47;0;0;0,618262;0,4491;31;3;0;0,522553;1,147883;0,897132;-0,348823;11
4859;307;4;9;28;42;47;48;0;0;1,973750;1,8046;31;3;0;2,933479;0,066248;0,136830;0,348327;11
4860;298;4;9;28;34;35;42;0;0;2,036306;1,8672;31;3;0;1,311336;1,866084;0,638332;1,577318;11
4861;296;4;9;28;29;42;48;0;0;-0,011224;-0,1804;31;3;0;-0,857507;1,015387;1,328672;-0,490605;11
4862;5;2;4;9;21;28;47;0;0;0,894222;0,7251;31;3;0;0,508313;1,121879;1,673532;-0,633007;11
4863;342;4;21;28;42;47;48;0;0;-1,320957;-1,4901;31;3;0;-0,360339;-0,577656;-1,487790;-0,439836;11
4864;371;4;28;34;42;47;48;0;0;1,041852;0,8727;31;3;0;-0,333716;-1,016626;0,831503;1,306754;11
4865;219;2;21;29;34;35;48;0;0;3,013244;2,8441;31;3;0;1,032723;-1,076063;2,865993;1,320375;11
4866;228;2;21;34;35;42;48;0;0;0,536404;0,3673;31;3;0;0,684767;-1,030866;-0,943567;1,187879;11
4867;117;2;4;29;34;47;48;0;0;-0,201035;-0,3702;31;3;0;0,404298;-0,787544;-0,048912;-0,703589;11
4868;421;9;28;29;35;42;48;0;0;-0,125969;-0,2951;31;3;0;-0,492834;0,932423;0,947901;-0,673251;11
4869;205;2;21;28;29;42;48;0;0;0,987519;0,8184;31;3;0;1,162742;1,685295;1,688391;-1,140701;11
4870;223;2;21;29;35;42;47;0;0;-1,614074;-1,7832;31;3;0;-1,062442;0,055722;-1,267377;-0,465840;11
4871;94;2;4;28;29;34;47;0;0;-0,880924;-1,0501;31;3;0;-1,422162;0,612947;0,619758;-0,723402;11
4872;327;4;21;28;29;35;42;0;0;0,139266;-0,0299;31;3;0;0,630283;-0,299663;0,057580;-0,446647;11
4873;43;2;4;9;29;35;48;0;0;-0,224985;-0,3941;31;3;0;0,414204;-0,338050;-0,454448;-0,349442;11
4874;203;2;21;28;29;35;48;0;0;-1,181547;-1,3507;31;3;0;-2,345297;0,609232;0,494692;-0,195895;11
4875;30;2;4;9;28;34;48;0;0;-0,221768;-0,3909;31;3;0;-0,387581;-2,071019;0,789402;-0,785935;11
4876;247;2;29;34;35;42;47;0;0;-0,497370;-0,6665;31;3;0;0,018574;0,139306;0,085441;-0,965485;11
4877;63;2;4;21;28;34;42;0;0;-0,375118;-0,5443;31;3;0;0,356005;1,420304;-0,716963;-0,288766;11
4878;229;2;21;34;35;47;48;0;0;1,506908;1,3378;31;3;0;1,619048;-0,609852;0,182646;0,808347;11
4879;395;9;21;28;35;42;47;0;0;0,374832;0,2057;31;3;0;-0,264372;-0,752253;0,682910;0,230691;11
4880;417;9;28;29;34;42;47;0;0;0,763391;0,5942;31;3;0;-0,759064;0,712629;1,898898;0,182398;11
4881;433;9;29;35;42;47;48;0;0;0,335155;0,1660;31;3;0;-0,039006;1,027151;-1,136119;1,755630;11
4882;206;2;21;28;29;47;48;0;0;0,951058;0,7819;31;3;0;1,622143;-1,162742;-1,617190;1,642327;11
4883;70;2;4;21;28;42;48;0;0;-3,054995;-3,2241;31;3;0;-2,134171;-0,413585;-1,307002;-1,850234;11
4884;204;2;21;28;29;42;47;0;0;0,030241;-0,1389;31;3;0;-0,419776;-1,432068;1,455595;-0,983440;11
4885;347;4;21;29;34;42;48;0;0;0,654008;0,4849;31;3;0;-0,442684;-0,516362;1,785596;-0,210136;11
4886;423;9;28;29;42;47;48;0;0;0,206112;0,0370;31;3;0;0,097205;-0,369007;0,732441;-0,472650;11
4887;462;29;34;35;42;47;48;0;0;2,258646;2,0895;31;3;0;-0,112683;0,796831;2,691396;1,333377;11
4888;248;2;29;34;35;42;48;0;0;-1,916842;-2,0860;31;3;0;-0,720058;-0,731203;-1,747828;-0,852182;11
4889;299;4;9;28;34;35;47;0;0;-0,625698;-0,7948;31;3;0;-0,416061;0,442684;-1,802313;1,134634;11
4890;242;2;28;34;35;42;47;0;0;-1,351341;-1,5205;31;3;0;1,097733;-1,605427;-1,814076;-1,624248;11
4891;108;2;4;28;35;42;47;0;0;3,170168;3,0010;31;3;0;1,172649;0,178312;2,935336;1,382908;11
4892;160;2;9;21;35;47;48;0;0;0,577870;0,4087;31;3;0;0,662478;-0,342384;0,797451;-0,459029;11
4893;10;2;4;9;21;29;47;0;0;-0,149204;-0,3183;31;3;0;-0,923755;0,638951;0,474879;0,190447;11
4894;42;2;4;9;29;35;47;0;0;0,186808;0,0177;31;3;0;-0,242702;-0,179550;1,800455;-1,234191;11
4895;173;2;9;28;34;35;47;0;0;0,025594;-0,1435;31;3;0;0,036529;-0,300282;0,513885;-0,506084;11
4896;397;9;21;28;35;47;48;0;0;-0,042323;-0,2115;31;3;0;-0,270564;-0,560320;1,463025;-1,265767;11
4897;199;2;21;28;29;34;47;0;0;1,067232;0,8981;31;3;0;-0,333716;1,287808;1,657434;0,524782;11
4898;39;2;4;9;29;34;47;0;0;-0,861621;-1,0308;31;3;0;-0,056961;-0,461877;-0,289138;-1,146273;11
4899;93;2;4;28;29;34;42;0;0;1,857576;1,6884;31;3;0;1,780024;-0,567131;0,574561;0,862832;11
4900;413;9;21;35;42;47;48;0;0;-1,284139;-1,4533;31;3;0;-1,274806;1,461786;-0,145498;-0,803890;11
4901;437;21;28;29;34;35;48;0;0;1,533717;1,3646;31;3;0;0,812929;0,131877;1,151598;0,691949;11
4902;341;4;21;28;35;47;48;0;0;-0,250365;-0,4195;31;3;0;-1,346007;-1,601093;1,469835;-0,557472;11
4903;419;9;28;29;34;47;48;0;0;1,094399;0,9253;31;3;0;0,286661;-1,133024;0,399344;1,209549;11
4904;370;4;28;34;35;47;48;0;0;0,525681;0,3565;31;3;0;0,582609;-1,157170;0,188837;0,139059;11
4905;399;9;21;29;34;35;42;0;0;2,430584;2,2614;31;3;0;1,248803;-1,337959;2,370682;0,590411;11
4906;194;2;9;34;35;47;48;0;0;-0,948484;-1,1176;31;3;0;-0,372721;-1,776309;-1,991150;0,721049;11
4907;106;2;4;28;34;42;48;0;0;-0,036604;-0,2057;31;3;0;-1,027770;0,334335;1,001147;-0,036777;11
4908;152;2;9;21;34;35;42;0;0;-0,231062;-0,4002;31;3;0;-0,282946;-1,929236;-0,754730;0,637465;11
4909;361;4;28;29;34;42;47;0;0;-1,476810;-1,6460;31;3;0;-0,715724;1,434544;-1,502030;-0,340155;11
4910;422;9;28;29;35;47;48;0;0;-1,006035;-1,1752;31;3;0;-0,680433;0,420395;0,372721;-1,434792;11
4911;61;2;4;21;28;29;48;0;0;0,946053;0,7769;31;3;0;0,353528;0,751634;1,324957;-0,039873;11
4912;322;4;9;35;42;47;48;0;0;1,210931;1,0418;31;3;0;0,875462;0,437112;0,755968;0,465964;11
4913;54;2;4;9;35;42;48;0;0;0,037391;-0,1318;31;3;0;-0,208031;0,337431;1,337959;-1,065166;11
4914;254;4;9;21;28;29;35;0;0;1,160171;0,9910;31;3;0;1,781262;-0,092871;0,042101;0,186113;11
4915;301;4;9;28;34;42;47;0;0;0,349810;0,1807;31;3;0;-1,219084;0,115779;1,385013;0,439960;11
4916;273;4;9;21;29;35;47;0;0;-1,058224;-1,2274;31;3;0;-1,082254;0,152927;0,334335;-1,084979;11
4917;26;2;4;9;28;29;48;0;0;0,637923;0,4688;31;3;0;-0,515123;-0,503979;0,856888;0,763150;11
4918;105;2;4;28;34;42;47;0;0;-0,207827;-0,3770;31;3;0;0,513266;1,181317;0,656906;-1,530139;11
4919;369;4;28;34;35;42;48;0;0;0,134977;-0,0342;31;3;0;-0,010525;-0,178312;-0,174597;0,418909;11
4920;172;2;9;28;34;35;42;0;0;0,885286;0,7161;31;3;0;-1,466740;0,560940;1,337340;1,662759;11
4921;167;2;9;28;29;35;47;0;0;-0,762247;-0,9314;31;3;0;-1,559610;0,949140;0,061295;0,178064;11
4922;62;2;4;21;28;34;35;0;0;1,218081;1,0489;31;3;0;0,962761;2,977438;-0,510170;1,657187;11
4923;424;9;28;34;35;42;47;0;0;-0,353670;-0,5228;31;3;0;-0,289757;0,785687;1,560849;-1,883667;11
4924;438;21;28;29;34;42;47;0;0;-1,155454;-1,3246;31;3;0;-2,085878;1,558372;-0,736156;0,820730;11
4925;72;2;4;21;29;34;35;0;0;1,537292;1,3682;31;3;0;1,511317;1,334244;0,474260;0,677090;11
4926;251;2;29;35;42;47;48;0;0;-1,996914;-2,1661;31;3;0;-0,347337;-0,172740;-0,549795;-2,561624;11
4927;56;2;4;9;42;47;48;0;0;-1,824976;-1,9941;31;3;0;-0,101539;-0,313903;-1,472312;-1,587100;11
4928;287;4;9;21;42;47;48;0;0;1,467230;1,2981;31;3;0;0,203077;-0,751634;2,436930;-0,098691;11
4929;300;4;9;28;34;35;48;0;0;-0,220338;-0,3895;31;3;0;-0,009906;-0,723154;0,093490;-0,465221;11
4930;159;2;9;21;35;42;48;0;0;0,645072;0,4759;31;3;0;0,944806;-0,416061;-0,074297;0,246789;11
4931;6;2;4;9;21;28;48;0;0;-1,339545;-1,5087;31;3;0;0,297806;0,347956;-0,414823;-2,203143;11
4932;385;9;21;28;29;35;48;0;0;0,232206;0,0631;31;3;0;0,432778;-1,072348;-0,427206;0,396620;11
4933;261;4;9;21;28;34;48;0;0;-1,951874;-2,1210;31;3;0;-0,650715;-0,574561;-0,833980;-1,896050;11
4934;53;2;4;9;35;42;47;0;0;0,517817;0,3487;31;3;0;0,074297;1,071729;0,450114;0,372474;11
4935;151;2;9;21;29;47;48;0;0;1,078314;0,9092;31;3;0;0,851935;-0,763398;1,892088;-0,876329;11
4936;19;2;4;9;21;42;47;0;0;-1,933643;-2,1028;31;3;0;-0,833361;0,178931;-0,731822;-1,783986;11
4937;447;21;28;34;35;47;48;0;0;2,008067;1,8389;31;3;0;2,353965;2,053683;1,929236;-0,805128;11
4938;120;2;4;29;35;47;48;0;0;0,547128;0,3780;31;3;0;0,209269;-0,780115;0,704580;0,033805;11
4939;222;2;21;29;34;47;48;0;0;-0,895223;-1,0644;31;3;0;-0,609852;-0,273040;0,179550;-1,120270;11
4940;122;2;4;34;35;42;47;0;0;1,382154;1,2130;31;3;0;0,629664;-0,206792;1,299572;0,464725;11
4941;450;21;29;34;35;42;47;0;0;0,447039;0,2779;31;3;0;0,762779;0,086060;-0,318856;0,330372;11
4942;52;2;4;9;34;47;48;0;0;-0,385842;-0,5550;31;3;0;0,077392;0,641428;-0,099681;-0,646009;11
4943;131;2;9;21;28;29;48;0;0;-0,379765;-0,5489;31;3;0;-1,571993;-2,333534;0,630283;0,283937;11
4944;283;4;9;21;34;47;48;0;0;1,561600;1,3925;31;3;0;0,053246;-0,341145;2,490176;0,161348;11
4945;84;2;4;21;34;35;48;0;0;1,606996;1,4379;31;3;0;0,456305;0,228462;1,228990;1,098104;11
4946;244;2;28;34;35;47;48;0;0;0,809861;0,6407;31;3;0;0,910753;-0,442684;0,458163;0,033805;11
4947;195;2;9;34;42;47;48;0;0;1,380367;1,2112;31;3;0;1,237039;0,099681;2,030775;-0,876948;11
4948;402;9;21;29;34;42;47;0;0;-0,466986;-0,6361;31;3;0;0,311427;-1,014149;0,292233;-1,412503;11
4949;92;2;4;28;29;34;35;0;0;-0,562785;-0,7319;31;3;0;1,150360;0,382009;0,915706;-3,040838;11
4950;3;2;4;9;21;28;35;0;0;-0,606395;-0,7755;31;3;0;-1,006100;-2,166366;-0,757207;0,713000;11
4951;312;4;9;29;34;42;48;0;0;0,938189;0,7690;31;3;0;-0,461877;-0,461877;0,920040;1,166829;11
4952;49;2;4;9;34;35;48;0;0;0,452044;0,2829;31;3;0;0,735537;0,354766;1,166457;-1,119031;11
4953;237;2;28;29;34;47;48;0;0;-0,523464;-0,6926;31;3;0;1,063680;0,566512;-0,890321;-1,080025;11
4954;29;2;4;9;28;34;47;0;0;-0,978869;-1,1480;31;3;0;-0,178931;-1,776309;-0,333097;-1,183422;11
4955;449;21;28;35;42;47;48;0;0;-1,032845;-1,2020;31;3;0;-1,433925;0,541127;-0,106492;-0,248522;11
4956;320;4;9;34;35;47;48;0;0;-0,676100;-0,8452;31;3;0;-0,328144;0,978239;-0,155404;-0,687492;11
4957;78;2;4;21;29;35;48;0;0;0,807001;0,6379;31;3;0;-0,356005;0,264991;2,162651;-0,408879;11
4958;79;2;4;21;29;42;47;0;0;1,338187;1,1690;31;3;0;0,392534;-0,068724;2,674060;-0,748786;11
4959;101;2;4;28;29;47;48;0;0;0,113887;-0,0553;31;3;0;0,380770;-1,409779;0,951616;-1,135129;11
4960;15;2;4;9;21;34;48;0;0;0,083503;-0,0856;31;3;0;-0,143640;0,122589;-0,070582;0,358853;11
4961;116;2;4;29;34;42;48;0;0;1,455076;1,2859;31;3;0;-0,050150;-0,480452;0,733060;1,837356;11
4962;97;2;4;28;29;35;47;0;0;-0,699334;-0,8685;31;3;0;0,334335;-0,632141;-1,390585;-0,155032;11
4963;17;2;4;9;21;35;47;0;0;1,432199;1,2631;31;3;0;0,878558;-0,234034;0,505217;1,096866;11
4964;130;2;9;21;28;29;47;0;0;0,396638;0,2275;31;3;0;0,203697;0,380770;-0,201220;0,684520;11
4965;274;4;9;21;29;35;48;0;0;-0,214619;-0,3838;31;3;0;-1,179459;-0,127543;1,231467;-0,423739;11
4966;75;2;4;21;29;34;48;0;0;-1,395666;-1,5648;31;3;0;0,162833;-0,985050;-1,812838;-0,767360;11
4967;232;2;28;29;34;35;42;0;0;0,634706;0,4656;31;3;0;0,380770;-0,764636;1,798598;-1,080025;11
4968;112;2;4;29;34;35;42;0;0;0,005219;-0,1639;31;3;0;0,247655;1,321861;-0,039625;-0,198991;11
4969;132;2;9;21;28;34;35;0;0;-0,971361;-1,1405;31;3;0;-1,830174;-0,229700;0,248275;-0,100548;11
4970;317;4;9;29;42;47;48;0;0;1,121208;0,9521;31;3;0;0,604898;1,270473;0,957188;0,379903;11
4971;23;2;4;9;28;29;35;0;0;-0,229632;-0,3988;31;3;0;0,241464;-1,999199;1,158408;-1,797607;11
4972;400;9;21;29;34;35;47;0;0;0,930682;0,7615;31;3;0;0,219794;-1,234563;-0,036529;1,428724;11
4973;175;2;9;28;34;42;47;0;0;1,026839;0,8577;31;3;0;-0,433397;0,876081;1,703870;0,508065;11
4974;306;4;9;28;35;47;48;0;0;-0,661086;-0,8302;31;3;0;-1,297715;-0,395010;0,020432;0,132248;11
4975;188;2;9;29;35;42;47;0;0;0,507450;0,3383;31;3;0;0,534936;-0,128162;0,075535;0,268459;11
4976;345;4;21;29;34;35;48;0;0;-0,839459;-1,0086;31;3;0;-1,359009;1,043868;-0,853792;0,758816;11
4977;405;9;21;29;35;42;47;0;0;0,817725;0,6486;31;3;0;0,712629;-1,194318;1,246945;-0,543232;11
4978;359;4;28;29;34;35;47;0;0;0,582159;0,4130;31;3;0;0,378294;-1,713157;1,389966;-0,759931;11
4979;99;2;4;28;29;42;47;0;0;0,730147;0,5610;31;3;0;0,455686;-2,097642;0,947901;-0,138935;11
4980;336;4;21;28;34;42;47;0;0;1,891892;1,7228;31;3;0;1,444450;1,542894;1,785596;0,046807;11
4981;266;4;9;21;28;42;48;0;0;-0,077354;-0,2465;31;3;0;-1,476646;-0,601184;1,629573;-0,286909;11
4982;169;2;9;28;29;42;47;0;0;1,343906;1,1748;31;3;0;2,176272;-0,954093;1,076063;-0,924622;11
4983;350;4;21;29;35;42;48;0;0;0,106738;-0,0624;31;3;0;0,008668;0,046435;1,490886;-1,314679;11
4984;406;9;21;29;35;42;48;0;0;-0,937760;-1,1069;31;3;0;0,003715;-0,764636;-1,490886;-0,137077;11
4985;295;4;9;28;29;42;47;0;0;-1,132219;-1,3014;31;3;0;0,230939;-1,251279;-0,190695;-2,001304;11
4986;409;9;21;34;35;42;47;0;0;-0,536333;-0,7055;31;3;0;-0,047055;0,065010;0,293472;-1,175373;11
4987;241;2;28;29;42;47;48;0;0;0,297621;0,1285;31;3;0;0,068724;0,660621;0,056342;0,390429;11
4988;440;21;28;29;34;47;48;0;0;0,540337;0,3712;31;3;0;1,091542;0,388200;0,681053;-0,836704;11
4989;104;2;4;28;34;35;48;0;0;0,417013;0,2479;31;3;0;-0,165929;-0,118255;0,414204;0,474013;11
4990;126;2;4;35;42;47;48;0;0;2,479556;2,3104;31;3;0;0,268087;-0,519457;3,135318;0,891312;11
4991;64;2;4;21;28;34;47;0;0;0,114602;-0,0545;31;3;0;-0,388819;2,206610;1,453738;-0,866423;11
4992;107;2;4;28;34;47;48;0;0;-0,640354;-0,8095;31;3;0;1,052536;0,066867;-1,009815;-1,151846;11
4993;138;2;9;21;28;35;48;0;0;-0,068060;-0,2372;31;3;0;-0,259419;0,287899;0,833361;-0,691826;11
4994;87;2;4;21;34;47;48;0;0;-1,825333;-1,9945;31;3;0;-0,473022;-0,356005;-0,079869;-2,608679;11
4995;264;4;9;21;28;35;48;0;0;0,118176;-0,0510;31;3;0;0,006191;-1,586852;0,482928;-0,284432;11
4996;344;4;21;29;34;35;47;0;0;0,575725;0,4066;31;3;0;0,783210;1,265519;1,066157;-0,852182;11
4997;218;2;21;29;34;35;47;0;0;-0,305057;-0,4742;31;3;0;-0,230320;-1,734207;-0,319476;0,021422;11
4998;408;9;21;29;42;47;48;0;0;0,909235;0,7401;31;3;0;-0,277374;0,655049;1,837604;0,014612;11
4999;374;4;29;34;35;42;48;0;0;-0,474850;-0,6440;31;3;0;-1,435783;1,295857;-1,647528;2,260847;11
5000;362;4;28;29;34;42;48;0;0;2,882413;2,7133;31;3;0;0,113922;-0,353528;3,344587;1,533978;11
5001;65;2;4;21;28;34;48;0;0;1,294219;1,1251;31;3;0;1,500173;-0,690959;0,568988;0,172492;11
5002;234;2;28;29;34;35;48;0;0;2,809492;2,6404;31;3;0;1,346007;-1,748448;2,219612;1,300563;11
5003;118;2;4;29;35;42;47;0;0;0,189668;0,0205;31;3;0;0,169644;-0,520076;-0,014859;0,173730;11
5004;136;2;9;21;28;35;42;0;0;0,615403;0,4463;31;3;0;-0,109588;0,747300;0,429682;0,745814;11
5005;268;4;9;21;29;34;35;0;0;0,574652;0,4055;31;3;0;-0,085441;0,264372;2,625767;-1,544999;11
5006;202;2;21;28;29;35;47;0;0;0,196818;0,0277;31;3;0;0,342384;0,526887;0,390677;-0,392162;11
5007;85;2;4;21;34;42;47;0;0;-0,694688;-0,8638;31;3;0;-2,038824;-0,761541;-0,053246;0,888835;11
5008;46;2;4;9;29;47;48;0;0;0,241500;0,0724;31;3;0;0,694054;0,721916;0,396249;-0,672013;11
5009;281;4;9;21;34;42;47;0;0;1,996628;1,8275;31;3;0;2,694491;-0,352290;0,777638;-0,013869;11
5010;439;21;28;29;34;42;48;0;0;-0,545627;-0,7148;31;3;0;0,731203;0,303997;-0,683529;-0,992727;11
5011;113;2;4;29;34;35;47;0;0;1,714949;1,5458;31;3;0;1,553419;-0,788783;0,398725;1,018235;11
5012;51;2;4;9;34;42;48;0;0;-0,392992;-0,5621;31;3;0;0,172740;2,700683;-0,454448;-0,398973;11
5013;76;2;4;21;29;35;42;0;0;0,303340;0,1342;31;3;0;-0,117636;1,933570;-0,633998;1,277035;11
5014;390;9;21;28;34;35;47;0;0;-0,606752;-0,7759;31;3;0;-1,396158;0,305855;1,217227;-0,871995;11
5015;381;9;21;28;29;34;47;0;0;-0,187809;-0,3570;31;3;0;-0,273040;-2,101976;-0,164691;0,112436;11
5016;134;2;9;21;28;34;47;0;0;1,344621;1,1755;31;3;0;-0,529364;0,249513;1,123737;1,734579;11
5017;154;2;9;21;34;35;48;0;0;1,417900;1,2488;31;3;0;0,461877;0,034053;0,754111;1,239887;11
5018;189;2;9;29;35;42;48;0;0;-0,097372;-0,2665;31;3;0;-1,202986;0,116398;1,004243;0,030090;11
5019;398;9;21;28;42;47;48;0;0;-0,501302;-0,6704;31;3;0;-0,256943;-1,253137;0,817882;-1,429220;11
5020;111;2;4;28;42;47;48;0;0;0,790916;0,6218;31;3;0;0,544842;2,841227;1,486552;-0,661488;11
5021;82;2;4;21;34;35;42;0;0;-0,753669;-0,9228;31;3;0;-1,238896;-2,300719;-1,209797;1,143301;11
5022;343;4;21;29;34;35;42;0;0;-0,916670;-1,0858;31;3;0;-0,567131;1,591806;0,173978;-1,194566;11
5023;414;9;28;29;34;35;42;0;0;0,097801;-0,0713;31;3;0;0,643285;0,278612;0,008668;-0,482557;11
5024;77;2;4;21;29;35;47;0;0;-1,880382;-2,0495;31;3;0;-0,258181;0,923755;-0,768351;-2,230385;11
5025;351;4;21;29;35;47;48;0;0;-0,725787;-0,8949;31;3;0;-1,149121;-3,007157;1,258090;-1,366068;11
5026;277;4;9;21;29;47;48;0;0;-2,936676;-3,1058;31;3;0;-1,070491;0,359100;-1,544751;-2,471230;11
5027;326;4;21;28;29;34;48;0;0;1,224872;1,0557;31;3;0;0,066867;0,579514;1,456833;0,597840;11
5028;330;4;21;28;29;42;47;0;0;-0,900942;-1,0701;31;3;0;-0,689720;-2,231376;0,328763;-1,199519;11
5029;407;9;21;29;35;47;48;0;0;0,904231;0,7351;31;3;0;0,306474;0,376436;2,370063;-1,110363;11
5030;335;4;21;28;34;35;48;0;0;0,006291;-0,1628;31;3;0;0,222890;0,115160;-0,546699;0,334706;11
5031;315;4;9;29;35;42;48;0;0;-0,121679;-0,2908;31;3;0;0,100920;1,685915;-1,542274;1,230600;11
5032;386;9;21;28;29;42;47;0;0;0,369649;0,3980;32;3;0;0,311427;-0,088042;0,539703;-0,210879;11
5033;275;4;9;21;29;42;47;0;0;2,569815;2,5981;32;3;0;1,056870;-2,924316;2,238001;1,156180;11
5034;145;2;9;21;29;34;48;0;0;1,754806;1,7831;32;3;0;-0,763398;0,543480;1,160699;2,642112;11
5035;217;2;21;29;34;35;42;0;0;1,181441;1,2098;32;3;0;-0,435254;-0,931308;1,287004;1,194566;11
5036;9;2;4;9;21;29;42;0;0;-0,880388;-0,8521;32;3;0;0,147355;-0,038510;-1,536888;-0,135344;11
5037;191;2;9;29;42;47;48;0;0;0,355351;0,3837;32;3;0;0,600565;-2,635797;-0,800732;0,815653;11
5038;197;2;21;28;29;34;35;0;0;-1,354022;-1,3257;32;3;0;-0,712009;-0,494196;-1,237225;-0,396001;11
5039;380;9;21;28;29;34;42;0;0;1,186802;1,2151;32;3;0;0,584467;1,032599;0,593568;0,877567;11
5040;364;4;28;29;35;42;47;0;0;0,290651;0,3190;32;3;0;0,451971;1,430087;0,266044;-0,214593;11
5041;396;9;21;28;35;42;48;0;0;-0,743481;-0,7152;32;3;0;0,709533;0,047550;-0,307898;-1,689382;11
5042;71;2;4;21;28;47;48;0;0;-1,711840;-1,6835;32;3;0;-0,891560;-0,000743;-1,724487;-0,348947;11
5043;216;2;21;28;42;47;48;0;0;-0,982622;-0,9543;32;3;0;-0,747300;0,738509;-1,056436;0,101786;11
5044;392;9;21;28;34;42;47;0;0;1,550339;1,5787;32;3;0;0,281089;-0,275641;0,767546;1,636631;11
5045;334;4;21;28;34;35;47;0;0;1,216114;1,2444;32;3;0;0,319476;-0,517724;1,428167;0,358729;11
5046;7;2;4;9;21;29;34;0;0;-0,624804;-0,5965;32;3;0;1,013530;-0,200106;-0,834166;-1,261557;11
5047;210;2;21;28;34;42;47;0;0;-0,814615;-0,7863;32;3;0;-0,791878;-0,673128;0,742162;-1,361238;11
5048;319;4;9;34;35;42;48;0;0;0,265628;0,2940;32;3;0;-0,700865;0,366406;0,859798;0,301149;11
5049;147;2;9;21;29;35;47;0;0;0,690291;0,7186;32;3;0;-0,081726;-0,726373;1,156365;0,120980;11
5050;31;2;4;9;28;35;42;0;0;-0,393528;-0,3652;32;3;0;0,156023;-1,112097;-0,928894;0,091261;11
5051;190;2;9;29;35;47;48;0;0;0,855795;0,8841;32;3;0;2,134171;0,969447;-0,918368;0,266477;11
5052;157;2;9;21;34;47;48;0;0;0,381803;0,4101;32;3;0;0,795593;0,713124;-1,715200;1,580909;11
5053;215;2;21;28;35;47;48;0;0;0,207362;0,2357;32;3;0;0,701484;-1,203729;0,951430;-1,293752;11
5054;246;2;28;35;42;47;48;0;0;-0,224092;-0,1958;32;3;0;-0,633998;-1,086093;0,352723;-0,106863;11
5055;249;2;29;34;35;47;48;0;0;-0,592275;-0,5640;32;3;0;-0,407393;-0,205678;0,438784;-1,057241;11
5056;429;9;29;34;35;42;47;0;0;0,254905;0,2832;32;3;0;1,494601;1,015264;0,580566;-1,633659;11
5057;153;2;9;21;34;35;47;0;0;-0,606216;-0,5779;32;3;0;-1,538560;-0,538774;-0,002043;0,490605;11
5058;252;2;34;35;42;47;48;0;0;-1,763314;-1,7350;32;3;0;0,478594;1,461663;-1,339383;-2,193361;11
5059;318;4;9;34;35;42;47;0;0;-0,870021;-0,8417;32;3;0;-1,035819;-0,173483;0,023342;-0,494444;11
5060;95;2;4;28;29;34;48;0;0;-0,282715;-0,2544;32;3;0;0,234654;-0,527011;-0,331425;-0,392905;11
5061;430;9;29;34;35;42;48;0;0;0,035424;0,0637;32;3;0;0,635855;-1,285456;-0,286847;-0,287652;11
5062;83;2;4;21;34;35;47;0;0;-0,613008;-0,5847;32;3;0;0,514504;1,618924;-0,387767;-1,188499;11
5063;388;9;21;28;29;47;48;0;0;-1,591018;-1,5627;32;3;0;-1,342912;-0,076897;0,120546;-1,533359;11
5064;59;2;4;21;28;29;42;0;0;0,178051;0,2064;32;3;0;0,127543;0,193667;0,810267;-0,629416;11
5065;255;4;9;21;28;29;42;0;0;-0,520069;-0,4917;32;3;0;-1,268615;-2,546022;0,218370;0,149460;11
5066;365;4;28;29;35;42;48;0;0;0,083324;0,1116;32;3;0;1,609761;-0,903447;-1,032909;-0,432530;11
5067;55;2;4;9;35;47;48;0;0;0,205932;0,2343;32;3;0;1,479741;-1,471197;0,495125;-1,618181;11
5068;47;2;4;9;34;35;42;0;0;-0,377084;-0,3488;32;3;0;0,886607;1,183050;-0,931370;-0,608366;11
5069;174;2;9;28;34;35;48;0;0;-0,326325;-0,2980;32;3;0;0,196267;-2,438911;-0,002043;-0,759435;11
5070;168;2;9;28;29;35;48;0;0;-0,870736;-0,8424;32;3;0;0,304616;-0,582733;-0,634184;-1,178592;11
5071;179;2;9;28;35;42;48;0;0;-0,477888;-0,4496;32;3;0;-0,540508;2,360033;-0,594559;0,307340;11
5072;187;2;9;29;34;47;48;0;0;0,138730;0,1671;32;3;0;0,219175;-0,798813;-0,438536;0,459649;11
5073;432;9;29;34;42;47;48;0;0;-1,217115;-1,1888;32;3;0;-0,618520;0,343498;-0,044145;-1,445441;11
5074;269;4;9;21;29;34;42;0;0;0,181268;0,2096;32;3;0;1,100829;-0,976506;-0,793922;0,007058;11
5075;428;9;28;35;42;47;48;0;0;1,010933;1,0393;32;3;0;1,681581;-0,483671;1,287623;-1,218217;11
5076;331;4;21;28;29;42;48;0;0;0,117283;0,1456;32;3;0;-0,681672;-0,655792;-0,354333;1,239144;11
5077;444;21;28;29;42;47;48;0;0;-0,471811;-0,4435;32;3;0;-0,938614;-1,217970;1,174320;-1,052907;11
5078;360;4;28;29;34;35;48;0;0;0,330687;0,3590;32;3;0;-0,062533;-0,312170;1,041825;-0,406526;11
5079;271;4;9;21;29;34;48;0;0;-0,826769;-0,7984;32;3;0;0,698388;-0,495435;0,587996;-2,718390;11
5080;288;4;9;28;29;34;35;0;0;2,257038;2,2854;32;3;0;0,507694;-1,110859;2,981586;0,420024;11
5081;454;21;29;35;42;47;48;0;0;0,819334;0,8477;32;3;0;0,203697;-0,974648;2,312916;-1,097485;11
5082;353;4;21;34;35;42;47;0;0;-0,797457;-0,7691;32;3;0;0,135591;-1,322604;0,490791;-2,007619;11
5083;224;1;14;24;33;38;44;0;0;-0,058409;-0,0688;33;3;0;-1,001766;1,235615;0,364982;0,535617;12
5084;438;14;18;24;29;38;39;0;0;0,533187;0,5228;33;3;0;-0,333097;1,266572;1,819958;-0,563354;12
5085;450;14;24;29;33;38;39;0;0;-0,128471;-0,1389;33;3;0;0,573942;-0,908462;0,423181;-1,219641;12
5086;416;10;18;24;29;33;44;0;0;0,231491;0,2211;33;3;0;1,518747;0,163886;-1,309788;0,191995;12
5087;359;4;18;24;29;33;39;0;0;-0,993524;-1,0039;33;3;0;0,414823;1,439931;-0,647929;-1,487728;12
5088;113;1;4;24;29;33;39;0;0;-0,085576;-0,0960;33;3;0;0,068724;-1,085536;-0,823145;0,606199;12
5089;220;1;14;24;29;38;39;0;0;0,976437;0,9660;33;3;0;-0,133115;0,726064;2,429191;-0,604837;12
5090;259;4;10;14;18;29;38;0;0;-1,788157;-1,7986;33;3;0;0,007430;-0,293657;-0,511099;-2,593510;12
5091;281;4;10;14;29;38;39;0;0;-0,787270;-0,7977;33;3;0;-1,035819;1,590382;-0,298734;-0,029038;12
5092;16;1;4;10;14;33;38;0;0;0,710845;0,7004;33;3;0;-0,045816;0,174411;-0,525958;1,802994;12
5093;102;1;4;18;29;33;38;0;0;-0,874848;-0,8853;33;3;0;-0,542365;1,301863;-0,991551;0,018636;12
5094;254;4;10;14;18;24;33;0;0;0,754455;0,7440;33;3;0;1,189365;0,398540;1,759283;-1,641894;12
5095;208;1;14;18;29;33;39;0;0;-0,323286;-0,3337;33;3;0;-0,448876;-0,052813;-0,636165;0,525092;12
5096;201;1;14;18;24;33;38;0;0;-1,169752;-1,1802;33;3;0;-0,712009;-0,462063;-1,405754;0,091694;12
5097;144;1;10;14;24;29;39;0;0;0,102805;0,0924;33;3;0;0,099062;1,761883;0,655977;-0,576975;12
5098;111;1;4;18;38;39;44;0;0;-1,002460;-1,0129;33;3;0;-0,403678;1,588524;-0,359410;-0,973224;12
5099;459;18;24;29;38;39;44;0;0;-0,301839;-0,3123;33;3;0;-0,761541;0,729160;-0,012073;0,250813;12
5100;395;10;14;18;33;38;39;0;0;-1,614074;-1,6245;33;3;0;0,221033;-1,232891;-1,811909;-1,204782;12
5101;270;4;10;14;24;29;39;0;0;-0,382268;-0,3927;33;3;0;-0,974524;0,147788;0,903633;-0,591216;12
5102;431;10;24;29;33;39;44;0;0;-0,298622;-0,3090;33;3;0;0,290376;-0,254652;0,911682;-1,719286;12
5103;310;4;10;24;29;33;44;0;0;0,987518;0,9771;33;3;0;1,968861;1,306197;-0,625640;0,367211;12
5104;203;1;14;18;24;33;44;0;0;-0,177801;-0,1882;33;3;0;1,287189;1,588524;0,225676;-1,820825;12
5105;437;14;18;24;29;33;44;0;0;-1,124354;-1,1348;33;3;0;-1,593044;0,010340;0,503669;-0,858064;12
5106;123;1;4;29;33;38;44;0;0;-0,393349;-0,4038;33;3;0;0,358481;1,709875;-0,593444;-0,446337;12
5107;296;4;10;18;24;38;44;0;0;0,208613;0,1982;33;3;0;-1,126213;1,309293;1,404516;0,083026;12
5108;290;4;10;18;24;29;39;0;0;-0,532043;-0,5425;33;3;0;0,437731;0,957622;1,283784;-2,643041;12
5109;4;1;4;10;14;18;38;0;0;0,640068;0,6297;33;3;0;2,051826;0,464168;-0,790331;-0,152865;12
5110;434;10;29;33;38;39;44;0;0;-1,096473;-1,1069;33;3;0;-1,783119;0,503174;-0,930256;0,814229;12
5111;419;10;18;24;29;39;44;0;0;-0,496655;-0,5071;33;3;0;-1,843795;2,244192;-0,430611;1,414175;12
5112;101;1;4;18;24;39;44;0;0;0,351240;0,3408;33;3;0;-0,671765;-0,395815;0,371793;0,908338;12
5113;226;1;14;24;38;39;44;0;0;0,997170;0,9868;33;3;0;-1,565183;0,537846;2,477483;0,814848;12
5114;458;18;24;29;33;39;44;0;0;-0,176729;-0,1871;33;3;0;-0,584467;-0,533883;0,589110;-0,310746;12
5115;420;10;18;24;33;38;39;0;0;0,455976;0,4456;33;3;0;0,214841;1,155746;-0,200910;0,775843;12
5116;457;18;24;29;33;38;44;0;0;-1,387445;-1,3979;33;3;0;-1,267377;1,334058;-0,521624;-0,614124;12
5117;319;4;10;29;33;38;44;0;0;1,603422;1,5930;33;3;0;0,077392;1,321675;1,330219;1,369597;12
5118;449;14;18;33;38;39;44;0;0;-1,062514;-1,0729;33;3;0;-0,292233;-1,503454;-0,985359;-0,562735;12
5119;157;1;10;14;29;39;44;0;0;1,111199;1,1008;33;3;0;-0,080488;0,506889;1,160575;0,844567;12
5120;396;10;14;18;33;38;44;0;0;1,830767;1,8204;33;3;0;1,097114;-0,135158;0,870819;1,203048;12
5121;52;1;4;10;29;39;44;0;0;1,222012;1,2116;33;3;0;0,604898;0,180603;0,928398;0,583291;12
5122;75;1;4;14;24;29;44;0;0;-1,323460;-1,3339;33;3;0;-1,132405;-0,321519;-0,451043;-0,708852;12
5123;405;10;14;24;33;38;39;0;0;1,144086;1,1337;33;3;0;-0,552891;0,383680;0,459091;2,075415;12
5124;274;4;10;14;24;33;44;0;0;0,753740;0,7433;33;3;0;0,026004;1,335296;0,231867;1,047645;12
5125;39;1;4;10;24;29;39;0;0;-0,591024;-0,6014;33;3;0;-0,668670;0,702537;-0,570536;0,215522;12
5126;353;4;14;29;33;38;39;0;0;0,126398;0,1160;33;3;0;0,476737;0,770642;-0,308021;0,050212;12
5127;97;1;4;18;24;33;39;0;0;0,121036;0,1106;33;3;0;0,204316;1,810176;-2,050897;2,056221;12
5128;94;1;4;18;24;29;39;0;0;0,503875;0,4935;33;3;0;0,424110;1,378017;0,754420;-0,305793;12
5129;106;1;4;18;29;38;44;0;0;-1,188697;-1,1991;33;3;0;-1,281617;1,069686;0,304307;-1,081573;12
5130;346;4;14;24;29;38;39;0;0;0,192885;0,1825;33;3;0;0,966475;0,739685;0,381699;-1,014087;12
5131;331;4;14;18;24;38;44;0;0;0,658298;0,6479;33;3;0;0,457543;1,361300;0,454138;0,228524;12
5132;160;1;10;14;33;39;44;0;0;-0,963854;-0,9743;33;3;0;-1,217846;0,470360;0,540818;-0,992417;12
5133;177;1;10;18;29;39;44;0;0;0,380909;0,3705;33;3;0;-0,006811;-1,164166;-0,493763;1,160328;12
5134;130;1;10;14;18;24;39;0;0;-0,914883;-0,9253;33;3;0;-0,147355;0,155837;-0,344551;-1,092718;12
5135;109;1;4;18;33;38;44;0;0;3,189471;3,1791;33;3;0;2,136647;0,208464;1,740089;1,647590;12
5136;116;1;4;24;29;38;44;0;0;-1,239456;-1,2499;33;3;0;-1,569517;-1,126399;-1,233634;0,656349;12
5137;239;1;18;24;33;38;44;0;0;-0,145272;-0,1557;33;3;0;-1,033962;1,152031;0,333406;0,448937;12
5138;377;4;24;33;38;39;44;0;0;0,400927;0,3905;33;3;0;-0,093490;0,959479;0,779805;0,008111;12
5139;230;1;14;29;38;39;44;0;0;1,302084;1,2917;33;3;0;0,937995;-0,087484;0,742038;0,575242;12
5140;171;1;10;18;24;39;44;0;0;-0,098801;-0,1092;33;3;0;0,963999;0,815220;-1,723372;0,588244;12
5141;282;4;10;14;29;38;44;0;0;0,557494;0,5471;33;3;0;-0,377675;1,134076;0,761850;0,581433;12
5142;124;1;4;29;33;39;44;0;0;-0,261446;-0,2719;33;3;0;-2,036347;1,102500;1,645980;-0,062471;12
5143;289;4;10;18;24;29;38;0;0;1,223800;1,2134;33;3;0;-0,515743;-0,073244;1,122189;1,513237;12
5144;118;1;4;24;33;38;39;0;0;1,171967;1,1616;33;3;0;0,813548;1,034395;-0,178622;1,394981;12
5145;381;10;14;18;24;29;39;0;0;-0,313993;-0,3244;33;3;0;-0,340526;0,100115;-0,634927;0,431602;12
5146;271;4;10;14;24;29;44;0;0;-0,600675;-0,6111;33;3;0;0,356624;0,796027;-0,530292;-0,866732;12
5147;374;4;24;29;33;38;44;0;0;0,272242;0,2618;33;3;0;0,456305;0,643099;0,156333;-0,141102;12
5148;180;1;10;18;33;39;44;0;0;-1,013542;-1,0240;33;3;0;-1,287808;-1,018050;0,496859;-0,964556;12
5149;349;4;14;24;33;38;39;0;0;0,571078;0,5607;33;3;0;0,507075;2,134604;-0,025075;0,507136;12
5150;240;1;18;24;33;39;44;0;0;-0,257514;-0,2679;33;3;0;-0,361577;-0,875029;-0,478904;0,394453;12
5151;161;1;10;14;38;39;44;0;0;0,356244;0,3458;33;3;0;-1,087827;2,064023;1,106710;0,598150;12
5152;351;4;14;24;33;39;44;0;0;-0,334010;-0,3444;33;3;0;0,339288;-1,123303;-0,372412;-0,545399;12
5153;2;1;4;10;14;18;29;0;0;0,937831;0,9274;33;3;0;1,431449;0,580566;-0,638642;0,831565;12
5154;376;4;24;29;38;39;44;0;0;-0,208542;-0,2190;33;3;0;0,280470;-0,586510;-0,185432;-0,456243;12
5155;154;1;10;14;29;33;44;0;0;-1,423191;-1,4336;33;3;0;-1,482837;1,824416;-0,073368;-0,908834;12
5156;36;1;4;10;18;39;44;0;0;-0,539193;-0,5496;33;3;0;-0,285423;2,814419;-0,532150;-0,116336;12
5157;391;10;14;18;29;33;44;0;0;0,996098;0,9857;33;3;0;1,982482;0,342198;-0,989693;0,732503;12
5158;335;4;14;18;29;33;44;0;0;0,334439;0,3240;33;3;0;1,116926;-0,125252;0,143950;-0,681610;12
5159;192;1;10;29;33;38;39;0;0;-0,650720;-0,6611;33;3;0;-0,705199;-0,605084;0,410799;-0,832680;12
5160;322;4;10;33;38;39;44;0;0;0,808788;0,7984;33;3;0;0,646381;2,649109;0,052936;0,701546;12
5161;32;1;4;10;18;33;39;0;0;0,005576;-0,0048;33;3;0;0,307093;0,817077;-0,836766;0,539332;12
5162;428;10;18;33;38;39;44;0;0;-0,327219;-0,3376;33;3;0;0,275517;0,176888;0,282018;-1,124294;12
5163;407;10;14;24;33;39;44;0;0;0,847394;0,8370;33;3;0;-0,102777;2,713499;0,318547;1,251960;12
5164;426;10;18;29;33;39;44;0;0;-0,106309;-0,1167;33;3;0;0,286661;0,626383;-0,811381;0,340588;12
5165;225;1;14;24;33;39;44;0;0;-0,143484;-0,1539;33;3;0;-1,477884;2,776032;0,335883;0,893479;12
5166;209;1;14;18;29;33;44;0;0;-1,260546;-1,2710;33;3;0;0,900847;-0,958612;-1,878776;-1,205401;12
5167;68;1;4;14;18;33;44;0;0;1,399312;1,3889;33;3;0;0,963999;1,215183;1,416899;0,042782;12
5168;164;1;10;18;24;29;39;0;0;-0,274315;-0,2847;33;3;0;0,276136;1,717305;-1,045416;0,294153;12
5169;54;1;4;10;33;38;44;0;0;0,300838;0,2904;33;3;0;-1,141073;0,091447;1,103615;0,558525;12
5170;120;1;4;24;33;39;44;0;0;-0,294690;-0,3051;33;3;0;-0,566512;0,294524;-0,509242;0,565336;12
5171;415;10;18;24;29;33;39;0;0;-0,583518;-0,5939;33;3;0;-1,398634;0,809648;0,745133;-0,357181;12
5172;181;1;10;18;38;39;44;0;0;-0,564930;-0,5753;33;3;0;-0,300901;0,279665;0,312355;-0,989941;12
5173;55;1;4;10;33;39;44;0;0;-0,627128;-0,6375;33;3;0;0,614186;-1,382103;-0,826241;-0,874162;12
5174;393;10;14;18;29;38;44;0;0;0,368756;0,3583;33;3;0;-0,002477;0,628859;1,314122;-0,672942;12
5175;332;4;14;18;24;39;44;0;0;-0,750809;-0,7612;33;3;0;0,067486;-0,480018;0,189766;-1,557691;12
5176;453;14;24;29;38;39;44;0;0;-0,205325;-0,2157;33;3;0;0,519457;0,513080;-0,878867;0,003777;12
5177;308;4;10;24;29;33;38;0;0;0,171438;0,1610;33;3;0;0,515123;0,695107;-0,454757;0,236573;12
5178;137;1;10;14;18;33;39;0;0;0,949628;0,9392;33;3;0;-0,447637;-0,039191;2,252117;-0,159676;12
5179;361;4;18;24;29;38;39;0;0;-0,729719;-0,7401;33;3;0;-1,107639;1,010868;0,218246;-0,374517;12
5180;292;4;10;18;24;33;38;0;0;-0,226415;-0,2368;33;3;0;-0,013621;0,907472;-0,319166;-0,059375;12
5181;29;1;4;10;18;29;39;0;0;-0,823731;-0,8341;33;3;0;0,074916;-1,157975;-0,684458;-0,817201;12
5182;382;10;14;18;24;29;44;0;0;0,871344;0,8609;33;3;0;-0,026623;-1,437207;1,164909;0,370926;12
5183;250;1;24;29;38;39;44;0;0;-0,378693;-0,3891;33;3;0;0,710152;-0,077578;-0,859674;-0,506394;12
5184;127;1;10;14;18;24;29;0;0;-0,640711;-0,6511;33;3;0;-1,069872;0,363249;-0,277684;0,237811;12
5185;132;1;10;14;18;29;33;0;0;-0,438031;-0,4484;33;3;0;-0,419776;1,787887;0,170573;-0,509489;12
5186;45;1;4;10;24;38;44;0;0;0,409863;0,3994;33;3;0;-0,415442;0,970005;1,049130;0,076216;12
5187;190;1;10;24;33;39;44;0;0;0,423804;0,4134;33;3;0;-0,682291;-0,873171;1,156241;0,260100;12
5188;207;1;14;18;29;33;38;0;0;0,156424;0,1460;33;3;0;-1,353437;1,667155;0,524101;1,100271;12
5189;307;4;10;18;38;39;44;0;0;-1,350269;-1,3607;33;3;0;-1,512556;0,019008;-0,322881;-0,503298;12
5190;424;10;18;29;33;38;39;0;0;0,236495;0,2261;33;3;0;0,623473;1,342726;0,904252;-1,118103;12
5191;136;1;10;14;18;33;38;0;0;0,816653;0,8062;33;3;0;0,133734;1,477079;1,499244;-0,218494;12
5192;318;4;10;29;33;38;39;0;0;1,436488;1,4261;33;3;0;1,624620;1,293814;-0,399035;1,262486;12
5193;140;1;10;14;18;38;44;0;0;0,074566;0,0642;33;3;0;-1,498935;0,740304;0,818192;0,809895;12
5194;214;1;14;18;33;38;44;0;0;-1,269126;-1,2795;33;3;0;-0,580133;-0,207597;0,004024;-1,622081;12
5195;417;10;18;24;29;38;39;0;0;0,542481;0,5321;33;3;0;1,004243;0,137263;-0,155094;0,090456;12
5196;213;1;14;18;33;38;39;0;0;0,727645;0,7172;33;3;0;-0,104634;1,239330;-0,220723;1,585676;12
5197;279;4;10;14;29;33;39;0;0;0,751595;0,7412;33;3;0;-0,285423;0,151503;0,062843;1,524381;12
5198;63;1;4;14;18;29;38;0;0;2,972136;2,9617;33;3;0;0,183884;1,491319;1,208868;3,755138;12
5199;257;4;10;14;18;24;44;0;0;0,445967;0,4356;33;3;0;-1,168315;1,536516;1,027461;0,913291;12
5200;83;1;4;14;29;33;39;0;0;-0,184235;-0,1946;33;3;0;-0,205554;0,516176;-0,386652;0,273102;12
5201;174;1;10;18;29;33;44;0;0;1,511555;1,5011;33;3;0;-0,017336;0,389872;0,946973;1,688453;12
5202;196;1;10;33;38;39;44;0;0;-0,055907;-0,0663;33;3;0;0,077392;1,548280;-0,813858;0,639632;12
5203;19;1;4;10;14;38;39;0;0;1,053291;1,0429;33;3;0;1,524319;0,137263;-0,411418;0,711452;12
5204;34;1;4;10;18;38;39;0;0;0,747663;0,7372;33;3;0;-0,715105;0,864751;2,259547;-0,249451;12
5205;186;1;10;24;29;38;44;0;0;0,370543;0,3601;33;3;0;-0,113922;0,902518;1,418756;-0,663036;12
5206;399;10;14;24;29;33;38;0;0;-0,709700;-0,7201;33;3;0;-1,447546;1,397210;1,330839;-1,112530;12
5207;51;1;4;10;29;38;44;0;0;0,769468;0,7591;33;3;0;0,801165;0,636289;-0,291305;0,822897;12
5208;345;4;14;24;29;33;44;0;0;-1,317383;-1,3278;33;3;0;-1,765784;0,689535;-0,047364;-0,468626;12
5209;262;4;10;14;18;33;38;0;0;-0,121680;-0,1321;33;3;0;-0,216079;-0,205740;0,638022;-0,632698;12
5210;268;4;10;14;24;29;33;0;0;-0,890576;-0,9010;33;3;0;-1,569517;0,453643;-0,451662;0,478656;12
5211;185;1;10;24;29;38;39;0;0;0,678673;0,6683;33;3;0;-0,599326;1,734641;2,644651;-0,869828;12
5212;344;4;14;24;29;33;39;0;0;0,316567;0,3062;33;3;0;0,526268;0,071015;1,488100;-1,466058;12
5213;129;1;10;14;18;24;38;0;0;1,288500;1,2781;33;3;0;0,055103;2,325918;2,392042;-0,215398;12
5214;341;4;14;18;33;39;44;0;0;-0,507378;-0,5178;33;3;0;-0,294091;1,090737;-0,034981;-0,549733;12
5215;24;1;4;10;18;24;38;0;0;0,562856;0,5524;33;3;0;0,186361;-0,445346;-0,374269;1,162804;12
5216;263;4;10;14;18;33;39;0;0;0,844534;0,8341;33;3;0;-1,068633;1,493796;0,347646;2,183764;12
5217;326;4;14;18;24;29;44;0;0;-1,283781;-1,2942;33;3;0;-0,751634;1,487604;-0,573013;-0,898927;12
5218;355;4;14;29;33;39;44;0;0;-1,075740;-1,0862;33;3;0;-0,745443;0,116831;0,488191;-1,605984;12
5219;286;4;10;14;33;39;44;0;0;-0,641784;-0,6522;33;3;0;-0,048912;0,584900;-1,019412;-0,043278;12
5220;248;1;24;29;33;38;44;0;0;3,070080;3,0597;33;3;0;2,326104;1,340869;1,353747;1,637684;12
5221;446;14;18;29;33;38;44;0;0;-1,757058;-1,7675;33;3;0;-1,827078;0,976815;-0,834289;-0,381947;12
5222;429;10;24;29;33;38;39;0;0;0,300481;0,2901;33;3;0;-0,260038;-0,115965;1,020031;-0,239545;12
5223;15;1;4;10;14;29;44;0;0;0,499229;0,4888;33;3;0;1,742875;-0,973472;0,663407;-1,541593;12
5224;288;4;10;18;24;29;33;0;0;0,696904;0,6865;33;3;0;-0,837075;1,155746;1,345079;0,699069;12
5225;10;1;4;10;14;24;39;0;0;0,498156;0,4877;33;3;0;-0,785068;1,609575;1,828626;-0,180727;12
5226;328;4;14;18;24;33;39;0;0;-1,086821;-1,0972;33;3;0;-1,391205;-0,738818;-0,667122;0,175897;12
5227;350;4;14;24;33;38;44;0;0;0,267952;0,2575;33;3;0;-0,113302;-0,452157;0,785997;-0,208588;12
5228;348;4;14;24;29;39;44;0;0;-0,005863;-0,0163;33;3;0;-0,720058;1,368111;0,888154;-0,178250;12
5229;451;14;24;29;33;38;44;0;0;-1,486818;-1,4972;33;3;0;-0,566512;-0,119060;-0,026313;-1,982420;12
5230;85;1;4;14;29;38;39;0;0;-0,270740;-0,2812;33;3;0;-0,865556;1,731545;-0,345789;0,742409;12
5231;219;1;14;24;29;33;44;0;0;-2,743648;-2,7541;33;3;0;-2,135409;2,783462;-1,000838;-1,615890;12
5232;70;1;4;14;18;38;44;0;0;-0,784768;-0,7952;33;3;0;-0,766494;0,157075;0,583538;-1,176302;12
5233;87;1;4;14;29;39;44;0;0;-0,880567;-0,8910;33;3;0;-1,121879;0,765070;-0,276445;-0,126862;12
5234;206;1;14;18;24;39;44;0;0;-0,303627;-0,3140;33;3;0;-0,851935;-1,134448;0,448566;-0,122528;12
5235;151;1;10;14;24;39;44;0;0;-0,789057;-0,7995;33;3;0;0,129400;-0,426772;-0,537722;-0,958365;12
5236;413;10;14;33;38;39;44;0;0;0,480640;0,4702;33;3;0;-0,925612;-0,311612;1,279450;0,478656;12
5237;104;1;4;18;29;33;44;0;0;-1,363138;-1,3736;33;3;0;-1,237658;1,524134;-0,174288;-0,949078;12
5238;368;4;18;29;33;38;39;0;0;-0,386557;-0,3970;33;3;0;-1,176983;-0,715291;-0,111135;0,618581;12
5239;227;1;14;29;33;38;39;0;0;1,346051;1,3356;33;3;0;0,527506;1,287004;0,963070;0,840852;12
5240;460;18;24;33;38;39;44;0;0;0,841675;0,8313;33;3;0;-0,843886;0,254899;1,913448;0,388262;12
5241;313;4;10;24;29;39;44;0;0;-0,057337;-0,0678;33;3;0;-0,013621;-1,775875;0,395320;-0,481009;12
5242;184;1;10;24;29;33;44;0;0;-2,385830;-2,3962;33;3;0;-0,283566;1,441788;-2,517108;-1,331705;12
5243;249;1;24;29;33;39;44;0;0;0,087435;0,0770;33;3;0;-0,552891;-0,118441;1,077611;-0,373279;12
5244;261;4;10;14;18;29;44;0;0;-0,419443;-0,4299;33;3;0;-0,648238;-1,660716;1,600783;-1,679042;12
5245;148;1;10;14;24;33;44;0;0;0,075639;0,0652;33;3;0;-0,582609;0,545895;-0,379222;1,092842;12
5246;440;14;18;24;29;39;44;0;0;1,730320;1,7199;33;3;0;1,152836;0,673437;1,717800;0,126366;12
5247;338;4;14;18;29;39;44;0;0;0,154637;0,1442;33;3;0;0,549176;-0,157447;0,890012;-1,171348;12
5248;312;4;10;24;29;38;44;0;0;0,759102;0,7487;33;3;0;1,355914;-0,229886;-0,984121;0,943010;12
5249;18;1;4;10;14;33;44;0;0;0,858476;0,8481;33;3;0;0,323190;-0,032381;1,086279;0,077454;12
5250;41;1;4;10;24;33;38;0;0;-0,825875;-0,8363;33;3;0;-0,564035;-0,135158;0,724083;-1,590505;12
5251;235;1;18;24;29;38;39;0;0;-0,542052;-0,5525;33;3;0;-0,048293;1,411450;-1,374178;0,483609;12
5252;27;1;4;10;18;29;33;0;0;-1,016759;-1,0272;33;3;0;-1,849986;1,446122;0,128471;-0,039563;12
5253;324;4;14;18;24;29;38;0;0;0,880638;0,8702;33;3;0;0,313903;-0,133920;0,230010;0,981397;12
5254;298;4;10;18;29;33;38;0;0;0,587879;0,5775;33;3;0;0,000000;1,086403;0,254776;0,763460;12
5255;187;1;10;24;29;39;44;0;0;-0,298622;-0,3090;33;3;0;-0,555367;0,449928;-0,469617;0,507756;12
5256;47;1;4;10;29;33;38;0;0;0,977153;0,9667;33;3;0;0,793736;1,438693;0,922207;-0,023465;12
5257;60;1;4;14;18;24;39;0;0;0,645787;0,6354;33;3;0;-0,204316;-0,533264;0,491906;0,830946;12
5258;378;4;29;33;38;39;44;0;0;0,817725;0,8073;33;3;0;0,175216;0,477170;2,359228;-1,118103;12
5259;21;1;4;10;14;39;44;0;0;0,249364;0,2389;33;3;0;0,339907;1,975486;0,822526;-0,730522;12
5260;293;4;10;18;24;33;39;0;0;1,696004;1,6856;33;3;0;1,342912;2,403311;1,095566;0,499088;12
5261;398;10;14;18;38;39;44;0;0;-1,108983;-1,1194;33;3;0;-1,043249;-0,293038;-0,392843;-0,484724;12
5262;30;1;4;10;18;29;44;0;0;-0,263948;-0,2744;33;3;0;0,478594;-0,337616;-1,121570;0,185804;12
5263;379;10;14;18;24;29;33;0;0;0,903516;0,8931;33;3;0;-0,241464;0,770023;0,883820;0,922579;12
5264;65;1;4;14;18;29;44;0;0;0,901371;0,8910;33;3;0;1,426496;0,384299;-0,758754;0,893479;12
5265;7;1;4;10;14;24;29;0;0;0,281893;0,2715;33;3;0;-0,248275;0,806552;2,303505;-1,566978;12
5266;211;1;14;18;29;38;44;0;0;1,129073;1,1187;33;3;0;0,894655;-0,733246;0,586015;0,474941;12
5267;304;4;10;18;33;38;39;0;0;-0,668593;-0,6790;33;3;0;-0,802404;0,150265;0,370554;-0,726188;12
5268;260;4;10;14;18;29;39;0;0;0,919244;0,9088;33;3;0;-0,446399;0,781786;0,010835;2,027741;12
5269;153;1;10;14;29;33;39;0;0;-0,228202;-0,2386;33;3;0;0,258181;0,281522;-0,475189;-0,178250;12
5270;365;4;18;24;33;38;44;0;0;-1,833197;-1,8436;33;3;0;-1,103305;0,063586;-1,654648;-0,417238;12
5271;265;4;10;14;18;38;39;0;0;0,469559;0,4591;33;3;0;-0,738632;0,196700;0,981644;0,570289;12
5272;167;1;10;18;24;33;39;0;0;-0,676815;-0,6872;33;3;0;-0,913230;1,232519;-1,024365;0,765317;12
5273;297;4;10;18;24;39;44;0;0;1,000387;0,9900;33;3;0;0,687863;-1,183360;2,464481;-1,419623;12
5274;333;4;14;18;29;33;38;0;0;-0,173511;-0,1839;33;3;0;0,294091;1,432501;-1,074515;0,479894;12
5275;40;1;4;10;24;29;44;0;0;0,433456;0,4230;33;3;0;0,453210;1,325390;-1,334553;1,632111;12
5276;78;1;4;14;24;33;44;0;0;-0,634277;-0,6447;33;3;0;-1,060585;-0,379099;-0,090704;0,052689;12
5277;244;1;18;29;33;39;44;0;0;0,448826;0,4384;33;3;0;0,704580;-0,130824;0,405226;-0,332416;12
5278;401;10;14;24;29;33;44;0;0;-2,187082;-2,1975;33;3;0;-0,516362;0,119308;-1,240444;-2,031332;12
5279;119;1;4;24;33;38;44;0;0;-0,090581;-0,1010;33;3;0;-1,019102;0,922331;0,346408;0,515804;12
5280;358;4;18;24;29;33;38;0;0;0,324073;0,3137;33;3;0;0,327524;0,708728;-0,592206;0,825993;12
5281;339;4;14;18;33;38;39;0;0;-1,064658;-1,0751;33;3;0;-0,511409;-0,096152;-0,730274;-0,602360;12
5282;57;1;4;14;18;24;29;0;0;-0,352956;-0,3634;33;3;0;-0,593754;1,665297;-1,980315;1,962732;12
5283;205;1;14;18;24;38;44;0;0;-0,287540;-0,2980;33;3;0;0,822835;-0,803209;0,376127;-1,696997;12
5284;462;24;29;33;38;39;44;0;0;0,607896;0,5975;33;3;0;0,705199;1,112406;-0,645452;0,993160;12
5285;14;1;4;10;14;29;39;0;0;-0,213547;-0,2240;33;3;0;0,466211;1,243045;-0,446709;-0,389376;12
5286;152;1;10;14;29;33;38;0;0;-0,293260;-0,3037;33;3;0;0,222271;0,393586;0,782282;-1,512494;12
5287;321;4;10;29;38;39;44;0;0;0,232742;0,1768;34;3;0;-0,840171;0,414823;-0,163700;1,406993;12
5288;182;1;10;24;29;33;38;0;0;-1,962419;-2,0184;34;3;0;-1,405445;0,748539;-2,429748;0,436183;12
5289;43;1;4;10;24;33;44;0;0;0,755706;0,6997;34;3;0;0,409251;0,895275;0,503731;0,395939;12
5290;11;1;4;10;14;24;44;0;0;1,472055;1,4161;34;3;0;0,990622;0,851935;1,293752;0,265301;12
5291;452;14;24;29;33;39;44;0;0;0,438997;0,3830;34;3;0;-0,518219;0,282327;1,527787;-0,249203;12
5292;278;4;10;14;29;33;38;0;0;1,405925;1,3500;34;3;0;-0,056961;1,214131;1,773585;0,718510;12
5293;74;1;4;14;24;29;39;0;0;-0,944015;-1,0000;34;3;0;-1,320623;1,640098;0,895027;-1,209487;12
5294;8;1;4;10;14;24;33;0;0;0,694938;0,6390;34;3;0;0,684767;1,820887;0,914839;-0,395939;12
5295;253;4;10;14;18;24;29;0;0;0,464733;0,4088;34;3;0;0,060676;1,102686;0,571217;0,173049;12
5296;76;1;4;14;24;33;38;0;0;-0,888967;-0,9449;34;3;0;-0,744824;-1,176983;0,277126;-1,072039;12
5297;221;1;14;24;29;38;44;0;0;0,319963;0,2640;34;3;0;-0,955950;1,891469;2,581561;-1,071419;12
5298;165;1;10;18;24;29;44;0;0;-1,423012;-1,4790;34;3;0;-0,952235;-1,100209;0,636846;-2,149340;12
5299;138;1;10;14;18;33;44;0;0;0,874740;0,8188;34;3;0;1,460548;-1,173887;-0,242950;0,297496;12
5300;373;4;24;29;33;38;39;0;0;-0,214797;-0,2708;34;3;0;0,490977;0,661240;-0,592763;-0,270254;12
5301;228;1;14;29;33;38;44;0;0;-0,232671;-0,2886;34;3;0;0,341145;2,114978;-0,894903;0,150760;12
5302;443;14;18;24;33;39;44;0;0;0,637030;0,5811;34;3;0;-0,344241;0,347956;0,773057;0,674552;12
5303;295;4;10;18;24;38;39;0;0;-0,432133;-0,4881;34;3;0;0,087299;0,783830;-0,168653;-0,667122;12
5304;447;14;18;29;33;39;44;0;0;-0,558316;-0,6143;34;3;0;-1,415351;1,428972;0,144631;0,303688;12
5305;233;1;18;24;29;33;39;0;0;-0,522570;-0,5785;34;3;0;-0,113922;0,484166;-1,728883;0,937686;12
5306;237;1;18;24;29;39;44;0;0;-1,354380;-1,4103;34;3;0;-0,037148;2,761358;-0,607004;-1,701703;12
5307;299;4;10;18;29;33;39;0;0;-0,189776;-0,2457;34;3;0;-0,916944;1,410398;-0,161224;0,749467;12
5308;64;1;4;14;18;29;39;0;0;0,694938;0,6390;34;3;0;1,173887;1,202986;0,634989;-0,605208;12
5309;22;1;4;10;18;24;29;0;0;2,048996;1,9930;34;3;0;2,391114;-0,617281;0,108102;1,049750;12
5310;58;1;4;14;18;24;33;0;0;-0,542231;-0,5982;34;3;0;0,504598;1,077301;-0,067115;-1,376655;12
5311;337;4;14;18;29;38;44;0;0;-0,696653;-0,7526;34;3;0;-0,754111;1,146026;0,109340;-0,561868;12
5312;42;1;4;10;24;33;39;0;0;1,162495;1,1065;34;3;0;-0,084822;-0,048912;1,311707;0,786616;12
5313;357;4;14;33;38;39;44;0;0;2,011105;1,9551;34;3;0;1,640098;-1,042630;1,358762;0,484476;12
5314;323;4;14;18;24;29;33;0;0;0,709236;0,6533;34;3;0;0,505836;0,441446;1,719100;-0,996504;12
5315;269;4;10;14;24;29;38;0;0;0,640604;0,5846;34;3;0;-0,565893;-0,824693;1,286942;0,388510;12
5316;441;14;18;24;33;38;39;0;0;0,531579;0,4756;34;3;0;-0,172740;-0,408012;0,542737;0,550724;12
5317;364;4;18;24;33;38;39;0;0;-0,155817;-0,2118;34;3;0;-1,254375;0,456924;0,118627;0,865865;12
5318;158;1;10;14;33;38;39;0;0;0,133369;0,0774;34;3;0;-0,819120;-0,295948;1,000900;0,049222;12
5319;423;10;18;24;38;39;44;0;0;-0,155102;-0,2111;34;3;0;1,017864;0,274898;-0,842276;-0,444232;12
5320;1;1;4;10;14;18;24;0;0;1,048465;0,9925;34;3;0;-0,323810;-0,120732;0,181160;1,958645;12
5321;241;1;18;24;38;39;44;0;0;0,262768;0,2068;34;3;0;-0,320095;-0,818501;1,941990;-1,166767;12
5322;252;1;29;33;38;39;44;0;0;-0,042502;-0,0985;34;3;0;-0,482928;-1,563325;1,165590;-0,756278;12
5323;266;4;10;14;18;38;44;0;0;-0,730612;-0,7866;34;3;0;-0,629045;-0,219175;-0,005201;-0,631212;12
5324;168;1;10;18;24;33;44;0;0;3,169275;3,1133;34;3;0;0,551033;1,287808;2,678146;2,260166;12
5325;88;1;4;14;33;38;39;0;0;0,951952;0,8960;34;3;0;3,043067;1,052536;-1,391452;-0,002786;12
5326;362;4;18;24;29;38;44;0;0;0,231670;0,1757;34;3;0;0,592516;-1,921187;-1,363591;1,172339;12
5327;79;1;4;14;24;38;39;0;0;2,573747;2,5178;34;3;0;1,565802;0,550414;1,590939;1,301120;12
5328;327;4;14;18;24;33;38;0;0;-0,154744;-0,2107;34;3;0;1,005481;0,375817;0,047426;-1,320932;12
5329;430;10;24;29;33;38;44;0;0;-1,034453;-1,0904;34;3;0;-1,318146;1,525558;-1,242240;0,768661;12
5330;317;4;10;24;38;39;44;0;0;0,090473;0,0345;34;3;0;-0,285423;-1,762688;0,054856;0,387271;12
5331;223;1;14;24;33;38;39;0;0;0,709594;0,6536;34;3;0;-1,007958;1,289047;2,204505;0,032505;12
5332;170;1;10;18;24;38;44;0;0;-0,047506;-0,1035;34;3;0;-0,473641;1,913138;-0,779743;1,171101;12
5333;84;1;4;14;29;33;44;0;0;0,672775;0,6168;34;3;0;1,156551;1,068633;1,494972;-1,486242;12
5334;145;1;10;14;24;29;44;0;0;0,114065;0,0581;34;3;0;1,079778;-0,134353;-0,785935;-0,096276;12
5335;302;4;10;18;29;38;44;0;0;0,424341;0,3684;34;3;0;0,879177;0,856269;0,068477;-0,212674;12
5336;77;1;4;14;24;33;39;0;0;0,598066;0,5421;34;3;0;-0,204316;1,031485;1,462777;-0,222580;12
5337;456;18;24;29;33;38;39;0;0;-0,024629;-0,0806;34;3;0;-0,377675;0,216079;-0,256571;0,591587;12
5338;336;4;14;18;29;38;39;0;0;1,756236;1,7003;34;3;0;2,037585;0,651334;1,976043;-0,971738;12
5339;340;4;14;18;33;38;44;0;0;0,741051;0,6851;34;3;0;-1,262424;-0,786306;1,201501;1,344460;12
5340;369;4;18;29;33;38;44;0;0;1,078135;1,0222;34;3;0;-1,508222;0,108968;2,499215;0,876391;12
5341;176;1;10;18;29;38;44;0;0;-0,110777;-0,1667;34;3;0;0,121970;0,439588;-1,393310;1,079468;12
5342;156;1;10;14;29;38;44;0;0;0,889039;0,8331;34;3;0;-0,495311;-1,202986;2,208220;-0,173049;12
5343;50;1;4;10;29;38;39;0;0;-0,219087;-0,2750;34;3;0;-1,375107;2,085878;1,671427;-0,675790;12
5344;311;4;10;24;29;38;39;0;0;0,239534;0,1836;34;3;0;0,536174;0,038387;-0,277622;0,156333;12
5345;173;1;10;18;29;33;39;0;0;-0,252688;-0,3086;34;3;0;0,210507;0,941710;1,188499;-1,836675;12
5346;371;4;18;29;38;39;44;0;0;-2,377788;-2,4337;34;3;0;-1,835746;-2,939051;-0,594621;-1,688082;12
5347;44;1;4;10;24;38;39;0;0;0,432562;0,3766;34;3;0;-0,262515;-0,074916;2,085631;-1,073896;12
5348;114;1;4;24;29;33;44;0;0;-0,221947;-0,2779;34;3;0;1,115069;-0,795593;-0,364301;-1,135191;12
5349;20;1;4;10;14;38;44;0;0;0,456512;0,4006;34;3;0;-2,253046;-0,214222;1,579794;1,463953;12
5350;267;4;10;14;18;39;44;0;0;0,287076;0,2311;34;3;0;-0,716343;1,326814;0,638084;0,575489;12
5351;134;1;10;14;18;29;39;0;0;0,283502;0,2275;34;3;0;0,540508;0,609852;-0,954340;0,904871;12
5352;139;1;10;14;18;38;39;0;0;-0,417120;-0,4731;34;3;0;0,817882;-0,371483;-1,164847;-0,375508;12
5353;236;1;18;24;29;38;44;0;0;1,485639;1,4297;34;3;0;-0,196267;-1,402968;2,439159;0,330310;12
5354;128;1;10;14;18;24;33;0;0;0,511203;0,4552;34;3;0;1,848129;-0,334335;-2,071886;1,109187;12
5355;191;1;10;24;38;39;44;0;0;1,221119;1,1652;34;3;0;0,577656;0,056342;1,252270;0,285113;12
5356;445;14;18;29;33;38;39;0;0;-0,490042;-0,5460;34;3;0;0,456305;-0,131877;-1,538807;0,233725;12
5357;392;10;14;18;29;38;39;0;0;-0,417477;-0,4734;34;3;0;-0,648238;-0,044578;-0,738880;0,664026;12
5358;343;4;14;24;29;33;38;0;0;-0,416405;-0,4724;34;3;0;-0,807357;0,595611;0,602793;-0,516671;12
5359;71;1;4;14;18;39;44;0;0;0,461159;0,4052;34;3;0;-1,103924;0,812929;2,086869;-0,184194;12
5360;69;1;4;14;18;38;39;0;0;0,594849;0,5389;34;3;0;-0,817882;-0,330001;1,776061;0,072130;12
5361;247;1;24;29;33;38;39;0;0;-0,726680;-0,7826;34;3;0;0,339288;-0,549795;-0,852182;-0,745753;12
5362;3;1;4;10;14;18;33;0;0;-0,973685;-1,0296;34;3;0;-1,591186;-0,794974;0,755102;-0,850387;12
5363;360;4;18;24;29;33;44;0;0;-1,643565;-1,6995;34;3;0;-1,824602;1,432687;-1,416837;0,394701;12
5364;275;4;10;14;24;38;39;0;0;-0,111134;-0,1671;34;3;0;-1,649385;-1,014149;0,734670;0,722225;12
5365;115;1;4;24;29;38;39;0;0;0,910843;0,8549;34;3;0;0,882273;-2,470982;-1,026780;1,722134;12
5366;280;4;10;14;29;33;44;0;0;0,530864;0,4749;34;3;0;0,208031;2,262952;-0,304245;1,015697;12
5367;25;1;4;10;18;24;39;0;0;-0,380302;-0,4363;34;3;0;-0,364054;1,046963;-0,035539;-0,259110;12
5368;215;1;14;18;33;39;44;0;0;0,778584;0,7226;34;3;0;-1,202367;0,369007;1,532740;1,018174;12
5369;372;4;18;33;38;39;44;0;0;0,250973;0,1950;34;3;0;-0,146117;0,786925;1,008329;-0,427515;12
5370;287;4;10;14;38;39;44;0;0;-0,098623;-0,1546;34;3;0;0,121351;1,204844;1,283846;-1,576017;12
5371;425;10;18;29;33;38;44;0;0;-0,233028;-0,2890;34;3;0;-0,447637;1,936047;0,356376;-0,312355;12
5372;141;1;10;14;18;39;44;0;0;-0,743481;-0,7994;34;3;0;-0,691578;0,032814;-0,363063;-0,233106;12
5373;125;1;4;29;38;39;44;0;0;-0,884677;-0,9406;34;3;0;-0,334954;-0,023527;-0,693064;-0,504288;12
5374;143;1;10;14;24;29;38;0;0;1,098152;1,0422;34;3;0;0,716963;1,104543;0,912982;0,272111;12
5375;90;1;4;14;33;39;44;0;0;-0,696296;-0,7523;34;3;0;-1,492124;-0,262515;0,066000;0,220104;12
5376;149;1;10;14;24;38;39;0;0;0,185915;0,1300;34;3;0;-0,956569;0,081726;0,834351;0,444232;12
5377;150;1;10;14;24;38;44;0;0;0,783945;0,7280;34;3;0;0,835837;-0,770828;1,650995;-1,128999;12
5378;285;4;10;14;33;38;44;0;0;1,309412;1,2535;34;3;0;0,993718;0,862460;0,215832;1,058418;12
5379;404;10;14;24;29;39;44;0;0;0,318890;0,2629;34;3;0;-0,225986;0,455686;0,315513;0,462806;12
5380;33;1;4;10;18;33;44;0;0;-0,063234;-0,1192;34;3;0;0,088537;1,887754;-0,057208;-0,140854;12
5381;93;1;4;18;24;29;38;0;0;-0,472527;-0,5285;34;3;0;0,134353;0,765875;-0,527135;-0,425658;12
5382;202;1;14;18;24;33;39;0;0;-0,179767;-0,2357;34;3;0;0,218556;0,871747;0,568741;-1,098662;12
5383;386;10;14;18;24;38;39;0;0;0,269203;0,2132;34;3;0;-0,580133;-0,100920;0,620129;0,426277;12
5384;409;10;14;29;33;38;39;0;0;0,476887;0,4209;34;3;0;0,884749;1,093399;-0,709781;0,651024;12
5385;314;4;10;24;33;38;39;0;0;1,661509;1,6055;34;3;0;-0,081726;-0,133115;0,558215;2,401329;12
5386;99;1;4;18;24;38;39;0;0;-0,211938;-0,2679;34;3;0;-0,700865;1,121260;1,128442;-0,794664;12
5387;414;10;18;24;29;33;38;0;0;-0,284502;-0,3405;34;3;0;-0,829646;-1,035200;1,260938;-0,924064;12
5388;370;4;18;29;33;39;44;0;0;-0,921853;-0,9778;34;3;0;0,313903;0,578895;-0,788411;-1,122189;12
5389;159;1;10;14;33;38;44;0;0;-0,520426;-0,5764;34;3;0;-0,772685;1,857416;1,225028;-1,353747;12
5390;212;1;14;18;29;39;44;0;0;1,981793;1,9258;34;3;0;0,924993;-0,760302;2,312235;0,195338;12
5391;142;1;10;14;24;29;33;0;0;-0,287362;-0,3433;34;3;0;0,162214;0,536174;0,147726;-0,807666;12
5392;276;4;10;14;24;38;44;0;0;-0,154744;-0,2107;34;3;0;0,217937;0,091013;-0,191562;-0,294400;12
5393;305;4;10;18;33;38;44;0;0;0,637387;0,5814;34;3;0;-0,136211;-0,361577;0,300654;0,939543;12
5394;238;1;18;24;33;38;39;0;0;-0,066452;-0,1224;34;3;0;0,104634;0,854411;1,119774;-1,339507;12
5395;356;4;14;29;38;39;44;0;0;-0,532580;-0,5885;34;3;0;0,625949;-1,763926;0,227595;-1,775999;12
5396;342;4;14;18;38;39;44;0;0;-2,253391;-2,3094;34;3;0;0,048912;1,590567;-1,948058;-2,003842;12
5397;385;10;14;18;24;33;44;0;0;-0,049294;-0,1053;34;3;0;0,004953;-0,491596;0,181779;-0,272111;12
5398;242;1;18;29;33;38;39;0;0;1,196811;1,1409;34;3;0;0,941710;0,951616;1,588462;-0,457234;12
5399;72;1;4;14;24;29;33;0;0;0,567682;0,5117;34;3;0;0,063771;0,889083;2,042291;-1,122808;12
5400;178;1;10;18;33;38;39;0;0;0,382518;0,3266;34;3;0;0,152308;-3,469034;0,095719;0,414513;12
5401;146;1;10;14;24;33;38;0;0;-0,121501;-0,1775;34;3;0;-0,952854;0,314522;1,041763;-0,299354;12
5402;194;1;10;29;33;39;44;0;0;2,239164;2,1832;34;3;0;-0,300901;1,594901;1,042382;3,136866;12
5403;418;10;18;24;29;38;44;0;0;-0,927573;-0,9835;34;3;0;-1,298334;1,827697;-0,956817;0,648548;12
5404;96;1;4;18;24;33;38;0;0;-0,084325;-0,1403;34;3;0;1,267377;0,656906;0,454200;-1,867632;12
5405;390;10;14;18;29;33;39;0;0;2,225223;2,1693;34;3;0;0,830265;-0,097205;0,859117;2,164818;12
5406;432;10;24;29;38;39;44;0;0;0,365360;0,3094;34;3;0;-0,066867;-0,560940;0,018946;0,680743;12
5407;169;1;10;18;24;38;39;0;0;-0,046792;-0,1028;34;3;0;-0,790021;0,076154;0,763150;-0,054175;12
5408;384;10;14;18;24;33;39;0;0;-1,362244;-1,4182;34;3;0;-0,079250;0,343003;-1,774080;-0,506146;12
5409;251;1;24;33;38;39;44;0;0;0,158033;0,1021;34;3;0;0,726869;-0,172740;0,149584;-0,602731;12
5410;98;1;4;18;24;33;44;0;0;-0,191205;-0,2472;34;3;0;1,018483;1,573851;-0,979106;-0,370554;12
5411;6;1;4;10;14;18;44;0;0;-0,024629;-0,0806;34;3;0;0,877320;2,001675;-1,125223;0,205244;12
5412;91;1;4;14;38;39;44;0;0;1,367677;1,3117;34;3;0;1,400492;-0,107730;0,579885;0,388510;12
5413;108;1;4;18;33;38;39;0;0;-1,102728;-1,1587;34;3;0;-0,333716;-1,251898;-0,528992;-1,047273;12
5414;198;1;14;18;24;29;38;0;0;0,142304;0,0863;34;3;0;1,350341;-1,310717;-1,679352;0,575489;12
5415;273;4;10;14;24;33;39;0;0;-1,611393;-1,6674;34;3;0;-0,543604;1,711299;-1,190851;-1,056560;12
5416;258;4;10;14;18;29;33;0;0;-0,763141;-0,8191;34;3;0;0,546699;0,300901;-1,731979;-0,136520;12
5417;243;1;18;29;33;38;44;0;0;-1,113094;-1,1691;34;3;0;0,199363;0,013002;-0,637960;-1,489338;12
5418;188;1;10;24;33;38;39;0;0;-1,609963;-1,6659;34;3;0;-0,850697;0,999909;-1,753029;-0,184813;12
5419;284;4;10;14;33;38;39;0;0;-1,771536;-1,8275;34;3;0;-0,761541;0,410489;-2,032880;-0,273969;12
5420;5;1;4;10;14;18;39;0;0;-2,085743;-2,1417;34;3;0;-0,533698;-0,403059;-1,622391;-1,456524;12
5421;400;10;14;24;29;33;39;0;0;0,813257;0,7573;34;3;0;-0,004334;0,104634;2,034242;-0,621306;12
5422;303;4;10;18;29;39;44;0;0;-1,117384;-1,1733;34;3;0;-0,759064;0,758445;-0,218184;-0,958117;12
5423;439;14;18;24;29;38;44;0;0;1,121030;1,0651;34;3;0;0,608613;-1,786834;1,182307;0,150760;12
5424;461;18;29;33;38;39;44;0;0;-1,766531;-1,8225;34;3;0;-2,283383;2,018392;-1,077549;0,301211;12
5425;200;1;14;18;24;29;44;0;0;0,449005;0,3930;34;3;0;-0,378294;0,023527;1,360000;-0,204006;12
5426;325;4;14;18;24;29;39;0;0;-0,305593;-0,3616;34;3;0;0,013621;-0,330620;-0,272669;-0,270254;12
5427;86;1;4;14;29;38;44;0;0;0,415047;0,3591;34;3;0;-1,503888;0,873605;0,355757;1,867013;12
5428;402;10;14;24;29;38;39;0;0;2,069728;2,0138;34;3;0;1,837604;1,035819;2,338858;-0,591587;12
5429;62;1;4;14;18;29;33;0;0;2,046136;1,9902;34;3;0;1,991150;1,545989;2,271372;-0,718510;12
5430;264;4;10;14;18;33;44;0;0;-0,065737;-0,1217;34;3;0;1,537321;-0,281708;-0,127171;-1,524010;12
5431;277;4;10;14;24;39;44;0;0;0,991987;0,9360;34;3;0;-0,206173;-0,695293;-0,934528;2,858873;12
5432;366;4;18;24;33;39;44;0;0;-1,299331;-1,3553;34;3;0;-1,587472;0,752253;-0,285671;-0,377365;12
5433;427;10;18;29;38;39;44;0;0;-0,446432;-0,5024;34;3;0;-0,962761;1,765164;-0,207659;0,397177;12
5434;66;1;4;14;18;33;38;0;0;-1,353665;-1,4096;34;3;0;-1,047583;2,231995;0,155156;-1,452190;12
5435;412;10;14;29;38;39;44;0;0;1,369465;1,3135;34;3;0;0,894036;0,523791;0,350804;1,127142;12
5436;388;10;14;18;24;39;44;0;0;0,566967;0,5110;34;3;0;-0,146736;0,288519;1,413246;-0,284494;12
5437;31;1;4;10;18;33;38;0;0;0,729611;0,6737;34;3;0;-1,570136;1,002386;1,741389;1,092470;12
5438;256;4;10;14;18;24;39;0;0;0,120500;0,0645;34;3;0;0,258800;0,428444;0,621368;-0,671456;12
5439;421;10;18;24;33;38;44;0;0;-1,013363;-1,0693;34;3;0;-0,801165;1,632050;-0,008916;-0,945115;12
5440;272;4;10;14;24;33;38;0;0;0,104057;0,0481;34;3;0;-0,056342;0,469926;-0,699255;0,935828;12
5441;61;1;4;14;18;24;44;0;0;-0,318818;-0,3748;34;3;0;1,645671;0,707676;0,391667;-2,589547;12
5442;9;1;4;10;14;24;38;0;0;1,146409;1,0904;34;3;0;-0,677338;1,672913;1,668950;0,994027;12
5443;107;1;4;18;29;39;44;0;0;-0,044647;-0,1006;34;3;0;1,126213;1,418447;-0,288147;-0,915397;12
5444;172;1;10;18;29;33;38;0;0;1,452038;1,3961;34;3;0;1,092161;2,274096;1,117298;0,305545;12
5445;422;10;18;24;33;39;44;0;0;-1,648569;-1,7045;34;3;0;-1,606665;0,497168;-0,614433;-0,634308;12
5446;291;4;10;18;24;29;44;0;0;0,327469;0,2715;34;3;0;0,313903;-0,163453;0,441817;-0,188528;12
5447;234;1;18;24;29;33;44;0;0;-1,567425;-1,6234;34;3;0;-0,672385;0,430301;-1,136367;-0,906109;12
5448;294;4;10;18;24;33;44;0;0;-1,364746;-1,4207;34;3;0;0,343003;1,318765;-0,678824;-2,027989;12
5449;147;1;10;14;24;33;39;0;0;1,380546;1,3246;34;3;0;-0,099062;1,079778;1,158161;1,332077;12
5450;433;10;24;33;38;39;44;0;0;-2,263758;-2,3197;34;3;0;-1,557753;1,492743;-0,010154;-2,353037;12
5451;397;10;14;18;33;39;44;0;0;0,574831;0,5189;34;3;0;-1,021579;-0,143021;1,498068;0,519148;12
5452;435;14;18;24;29;33;38;0;0;-0,906125;-0,9621;34;3;0;0,359100;-1,244469;-0,948149;-0,980406;12
5453;35;1;4;10;18;38;44;0;0;0,754991;0,6990;34;3;0;1,117545;-0,307093;0,717953;-0,527816;12
5454;309;4;10;24;29;33;39;0;0;-0,151527;-0,2075;34;3;0;-0,596231;1,057489;0,412718;-0,078940;12
5455;193;1;10;29;33;38;44;0;0;-0,364573;-0,4205;34;3;0;0,591277;1,040153;-0,621863;-0,600874;12
5456;48;1;4;10;29;33;39;0;0;0,577333;0,5214;34;3;0;0,051389;0,395630;0,547071;0,401511;12
5457;216;1;14;18;38;39;44;0;0;-0,088614;-0,1446;34;3;0;-0,642666;2,223327;0,626940;-0,137758;12
5458;135;1;10;14;18;29;44;0;0;0,123360;0,0674;34;3;0;0,732441;0,220413;0,381142;-0,899918;12
5459;436;14;18;24;29;33;39;0;0;-0,785304;-0,8413;34;3;0;-0,623473;-0,860603;-0,490605;-0,246108;12
5460;53;1;4;10;33;38;39;0;0;-1,451966;-1,5079;34;3;0;-0,609852;0,302140;-0,676347;-1,228681;12
5461;12;1;4;10;14;29;33;0;0;1,465264;1,4093;34;3;0;2,194227;2,201038;-0,195276;0,538960;12
5462;13;1;4;10;14;29;38;0;0;0,686716;0,6308;34;3;0;0,973286;-2,386160;-0,582238;0,798379;12
5463;183;1;10;24;29;33;39;0;0;-0,176907;-0,2329;34;3;0;-0,382628;0,512028;0,677709;-0,601493;12
5464;301;4;10;18;29;38;39;0;0;-1,268947;-1,3249;34;3;0;-0,903323;2,101357;-1,372878;0,078321;12
5465;334;4;14;18;29;33;39;0;0;-0,181197;-0,2372;34;3;0;1,100209;1,221561;-0,328391;-1,085660;12
5466;199;1;14;18;24;29;39;0;0;0,907269;0,8513;34;3;0;0,503979;0,102158;-0,269573;1,337030;12
5467;444;14;18;24;38;39;44;0;0;0,491543;0,4356;34;3;0;-0,803642;1,606665;0,341517;1,313503;12
5468;166;1;10;18;24;33;38;0;0;1,249715;1,1938;34;3;0;0,538651;-0,317618;1,400863;0,225057;12
5469;100;1;4;18;24;38;44;0;0;0,173404;0,1174;34;3;0;-0,681053;0,605518;1,429344;-0,447947;12
5470;117;1;4;24;29;39;44;0;0;-1,082710;-1,1387;34;3;0;-0,316380;1,605427;-0,534564;-1,024365;12
5471;352;4;14;24;38;39;44;0;0;-0,162609;-0,2186;34;3;0;-0,796212;0,956569;0,493206;0,021360;12
5472;110;1;4;18;33;39;44;0;0;0,861514;0,8056;34;3;0;-1,545370;2,022726;1,800827;1,236729;12
5473;162;1;10;18;24;29;33;0;0;-2,974388;-3,0303;34;3;0;-1,458691;1,337340;-1,714023;-1,979077;12
5474;56;1;4;10;38;39;44;0;0;0,032922;-0,0230;34;3;0;0,799927;1,702631;-1,783986;1,041082;12
5475;23;1;4;10;18;24;33;0;0;1,013077;0,9571;34;3;0;0,264991;0,687244;-0,594621;2,084330;12
5476;255;4;10;14;18;24;38;0;0;-0,878243;-0,9342;34;3;0;-0,432778;-0,351671;0,148965;-1,237349;12
5477;387;10;14;18;24;38;44;0;0;-0,279855;-0,3358;34;3;0;-0,269325;1,130547;1,073339;-1,288737;12
5478;37;1;4;10;24;29;33;0;0;-0,127220;-0,1832;34;3;0;-1,071729;1,212274;2,102347;-1,250970;12
5479;210;1;14;18;29;38;39;0;0;-0,787806;-0,8438;34;3;0;-0,933661;0,266230;1,253508;-1,684367;12
5480;67;1;4;14;18;33;39;0;0;-0,139016;-0,1950;34;3;0;-0,462497;-0,281089;0,377427;-0,155713;12
5481;49;1;4;10;29;33;44;0;0;-0,817475;-0,8734;34;3;0;0,422872;-1,576946;-0,520943;-1,317837;12
5482;231;1;14;33;38;39;44;0;0;-1,369393;-1,4254;34;3;0;0,145498;-0,224128;-2,098509;-0,418847;12
5483;112;1;4;24;29;33;38;0;0;-1,269662;-1,3256;34;3;0;-1,238277;-0,313903;0,077145;-1,037986;12
5484;46;1;4;10;24;39;44;0;0;-1,285033;-1,3410;34;3;0;0,893417;1,892707;-3,375792;0,256633;12
5485;122;1;4;29;33;38;39;0;0;-0,274136;-0,3301;34;3;0;-1,534226;0,081726;1,102438;-0,043030;12
5486;406;10;14;24;33;38;44;0;0;0,462589;0,4066;34;3;0;-0,139306;1,210416;0,959417;-0,018884;12
5487;189;1;10;24;33;38;44;0;0;2,932994;2,8770;34;3;0;1,932951;0,223509;1,560601;1,586543;12
5488;121;1;4;24;38;39;44;0;0;-0,397817;-0,4538;34;3;0;-1,700155;-0,699008;0,243074;0,768042;12
5489;80;1;4;14;24;38;44;0;0;1,928532;1,8726;34;3;0;1,355914;1,463025;0,237502;1,746900;12
5490;17;1;4;10;14;33;39;0;0;-1,120601;-0,7216;35;3;0;-2,147173;-1,741204;0,119741;0,086494;12
5491;229;1;14;29;33;39;44;0;0;-2,538644;-2,1396;35;3;0;-1,526177;-0,298611;-1,776061;-1,094823;12
5492;105;1;4;18;29;38;39;0;0;-1,073416;-0,6744;35;3;0;0,604898;0,643718;-1,395291;-1,068819;12
5493;246;1;18;33;38;39;44;0;0;2,124420;2,5235;35;3;0;2,756405;-1,250227;0,493082;0,430116;12
5494;455;14;29;33;38;39;44;0;0;1,621474;2,0205;35;3;0;0,204316;-0,183451;0,310436;2,293723;12
5495;217;1;14;24;29;33;38;0;0;-0,216943;0,1821;35;3;0;-0,000000;-0,387767;0,852182;-1,227938;12
5496;81;1;4;14;24;39;44;0;0;-1,039815;-0,6408;35;3;0;-0,122589;1,026346;-0,592887;-1,085536;12
5497;408;10;14;24;38;39;44;0;0;-0,474671;-0,0756;35;3;0;1,517509;-1,680528;-1,794635;-0,545028;12
5498;218;1;14;24;29;33;39;0;0;-0,815330;-0,4163;35;3;0;-0,929327;1,334058;0,228710;-0,711576;12
5499;197;1;14;18;24;29;33;0;0;-0,245896;0,1531;35;3;0;0,169644;-1,506550;-0,173730;-0,421819;12
5500;320;4;10;29;33;39;44;0;0;-1,042317;-0,6433;35;3;0;-1,691487;0,769404;1,612485;-1,726344;12
5501;82;1;4;14;29;33;38;0;0;-1,914877;-1,5158;35;3;0;0,380770;0,547752;-0,924126;-2,773308;12
5502;126;1;4;33;38;39;44;0;0;-1,248929;-0,8499;35;3;0;1,023436;0,533512;-0,860355;-2,326290;12
5503;375;4;24;29;33;39;44;0;0;0,466878;0,8659;35;3;0;-1,156551;1,184227;3,016072;-1,050864;12
5504;316;4;10;24;33;39;44;0;0;0,652042;1,0511;35;3;0;0,952854;-0,384671;0,324676;-0,148160;12
5505;89;1;4;14;33;38;44;0;0;0,427200;0,8262;35;3;0;-0,369007;-0,045383;0,998918;0,110021;12
5506;283;4;10;14;29;39;44;0;0;-0,134011;0,2650;35;3;0;1,006100;0,552086;-1,210168;-0,028047;12
5507;330;4;14;18;24;38;39;0;0;-0,726680;-0,3276;35;3;0;-1,299572;-1,215555;0,576666;-0,535741;12
5508;363;4;18;24;29;39;44;0;0;-1,337222;-0,9382;35;3;0;-0,588801;-1,297281;-1,137729;-0,589606;12
5509;411;10;14;29;33;39;44;0;0;-3,356155;-2,9571;35;3;0;-1,294619;1,462220;-2,811261;-1,707151;12
5510;454;14;24;33;38;39;44;0;0;-0,685215;-0,2862;35;3;0;0,084822;1,340249;-0,276507;-0,995142;12
5511;354;4;14;29;33;38;44;0;0;-0,367433;0,0316;35;3;0;-0,637094;0,188032;-0,261029;0,261710;12
5512;222;1;14;24;29;39;44;0;0;-0,176549;0,2225;35;3;0;0,412966;-0,623658;0,818130;-1,536888;12
5513;245;1;18;29;38;39;44;0;0;1,272235;1,6713;35;3;0;0,029100;0,212179;1,809990;0,364487;12
5514;300;4;10;18;29;33;44;0;0;0,672060;1,0711;35;3;0;1,417828;-0,067053;0,005201;-0,258986;12
5515;306;4;10;18;33;39;44;0;0;-0,389953;0,0091;35;3;0;1,029009;0,140359;-1,413246;-0,291181;12
5516;380;10;14;18;24;29;38;0;0;0,641676;1,0407;35;3;0;-0,178312;-0,876267;-0,721668;2,011396;12
5517;73;1;4;14;24;29;38;0;0;-0,276281;0,1228;35;3;0;-1,022198;-2,019816;0,221899;0,321766;12
5518;329;4;14;18;24;33;44;0;0;-0,141161;0,2579;35;3;0;0,643904;-1,076868;-0,396001;-0,492401;12
5519;131;1;10;14;18;24;44;0;0;-0,419979;-0,0209;35;3;0;-0,195648;0,622049;-2,128970;1,597192;12
5520;410;10;14;29;33;38;44;0;0;-1,885923;-1,4869;35;3;0;-0,097824;1,033157;-1,093151;-2,075539;12
5521;179;1;10;18;33;38;44;0;0;-0,128650;0,2704;35;3;0;-0,071201;1,462220;1,226761;-1,378388;12
5522;403;10;14;24;29;38;44;0;0;-0,452866;-0,0538;35;3;0;-0,883511;0,142216;-0,355138;0,454262;12
5523;232;1;18;24;29;33;38;0;0;-1,128108;-0,7291;35;3;0;-0,088537;0,771880;-1,948801;0,083398;12
5524;175;1;10;18;29;38;39;0;0;-1,401564;-1,0025;35;3;0;-0,215460;0,454262;-1,563077;-0,649043;12
5525;28;1;4;10;18;29;38;0;0;-1,474129;-1,0751;35;3;0;-0,840171;0,660435;-1,129061;-0,584034;12
5526;92;1;4;18;24;29;33;0;0;0,361070;0,7601;35;3;0;0,771447;2,277625;0,494939;-0,640994;12
5527;163;1;10;18;24;29;38;0;0;-0,815330;-0,4163;35;3;0;0,154785;-1,423586;-1,438011;-0,128967;12
5528;26;1;4;10;18;24;44;0;0;-0,063235;0,3358;35;3;0;0,382009;0,707490;-0,735289;0,243755;12
5529;442;14;18;24;33;38;44;0;0;0,795027;1,1941;35;3;0;-0,323810;-0,327710;-0,834970;2,535806;12
5530;204;1;14;18;24;38;39;0;0;-1,092361;-0,6933;35;3;0;0,074297;0,020246;-1,660901;-0,305421;12
5531;59;1;4;14;18;24;38;0;0;-0,194065;0,2050;35;3;0;1,021579;-0,059623;0,971676;-2,329385;12
5532;103;1;4;18;29;33;39;0;0;2,091176;2,4902;35;3;0;2,325485;0,843700;1,075692;0,220847;12
5533;448;14;18;29;38;39;44;0;0;1,739435;2,1385;35;3;0;1,372011;0,199177;1,078787;0,561992;12
5534;383;10;14;18;24;33;38;0;0;-0,718816;-0,3198;35;3;0;-0,929946;-1,510884;0,199610;-0,514690;12
5535;133;1;10;14;18;29;38;0;0;0,344985;0,7440;35;3;0;-0,303997;-1,518314;1,759840;-0,858312;12
5536;367;4;18;24;38;39;44;0;0;-2,177253;-1,7782;35;3;0;-0,066867;-0,171068;-2,469497;-1,234748;12
5537;155;1;10;14;29;38;39;0;0;-1,059475;-0,6604;35;3;0;-0,546080;-0,547504;-0,555739;-0,733246;12
5538;38;1;4;10;24;29;38;0;0;-0,175119;0,2239;35;3;0;-0,177693;0,291429;0,352538;-0,478161;12
5539;347;4;14;24;29;38;44;0;0;1,057044;1,4561;35;3;0;1,743495;-1,687339;-0,221404;0,308764;12
5540;389;10;14;18;29;33;38;0;0;-0,232313;0,1667;35;3;0;-1,088446;1,797793;0,265858;0,420209;12
5541;315;4;10;24;33;38;44;0;0;0,658119;1,0572;35;3;0;0,085441;-0,972853;1,536331;-0,481876;12
5542;95;1;4;18;24;29;44;0;0;-1,347588;-0,9485;35;3;0;0,777638;0,072873;-2,090584;-1,021145;12
5543;195;1;10;29;38;39;44;0;0;-1,287535;-0,8885;35;3;0;-1,217227;-1,009382;-0,828779;-0,184070;12
5544;394;10;14;18;29;39;44;0;0;-1,495576;-1,0965;35;3;0;-1,547228;1,434978;-0,794726;-0,248460;12
5545;437;8;11;12;17;38;47;0;0;-0,805501;-0,4923;36;3;0;-0,950378;0,142588;-1,014459;0,569669;13
5546;262;3;5;8;11;38;40;0;0;1,087250;1,4004;36;3;0;0,293472;-1,690063;0,631212;0,958489;13
5547;204;1;8;11;12;40;41;0;0;-0,429810;-0,1167;36;3;0;-0,009906;-2,208282;-0,821287;0,086741;13
5548;329;3;8;11;12;38;47;0;0;1,492609;1,8058;36;3;0;0,616662;-0,584900;1,757425;0,211188;13
5549;127;1;5;8;11;12;17;0;0;0,984659;1,2978;36;3;0;-0,143640;-0,830079;1,756806;0,092314;13
5550;209;1;8;11;17;38;47;0;0;0,356960;0,6701;36;3;0;0,532459;0,019998;0,859055;-0,773242;13
5551;119;1;3;12;38;40;47;0;0;-0,708628;-0,3955;36;3;0;0,569608;-0,152122;-1,101138;-0,695850;13
5552;53;1;3;5;38;40;41;0;0;0,822729;1,1359;36;3;0;-0,281708;-1,189799;0,308021;1,398696;13
5553;221;1;8;12;17;40;47;0;0;-0,214977;0,0982;36;3;0;-2,019630;-1,470269;0,307402;1,339878;13
5554;425;5;11;17;38;40;47;0;0;-1,349912;-1,0368;36;3;0;-1,048202;-1,246760;-0,781663;-0,508251;13
5555;401;5;8;12;17;38;47;0;0;-0,211045;0,1021;36;3;0;-0,655668;-1,578618;-1,059037;1,349165;13
5556;4;1;3;5;8;11;40;0;0;0,453473;0,7666;36;3;0;-0,264991;-0,079683;0,231248;0,819182;13
5557;447;8;11;17;38;41;47;0;0;-0,579943;-0,2668;36;3;0;0,499645;0,564840;0,047983;-1,552119;13
5558;148;1;5;8;12;38;47;0;0;-0,701837;-0,3887;36;3;0;-0,347956;-1,423833;0,124756;-0,992417;13
5559;289;3;5;11;12;17;40;0;0;-0,332938;-0,0198;36;3;0;0,759683;0,423677;-0,870199;-0,466150;13
5560;357;3;8;38;40;41;47;0;0;-1,178330;-0,8652;36;3;0;-1,152836;-1,734022;-0,508622;-0,379470;13
5561;337;3;8;11;17;40;47;0;0;1,534433;1,8476;36;3;0;0,868032;-1,100643;0,063462;1,726221;13
5562;11;1;3;5;8;12;47;0;0;1,075097;1,3883;36;3;0;1,428353;-0,009720;-0,503050;0,936819;13
5563;353;3;8;17;38;40;41;0;0;-0,278962;0,0342;36;3;0;-0,785068;-1,579237;0,930256;-0,628364;13
5564;430;5;12;17;38;40;47;0;0;-1,555808;-1,2427;36;3;0;-0,625330;-0,907472;-1,853392;-0,216017;13
5565;382;5;8;11;12;17;47;0;0;-0,796564;-0,4834;36;3;0;-0,735537;-0,699441;-1,033033;0,388881;13
5566;176;1;5;11;17;40;47;0;0;0,456334;0,7695;36;3;0;0,888464;-0,874038;0,795284;-0,893355;13
5567;116;1;3;12;17;40;47;0;0;0,012010;0,3252;36;3;0;1,836984;-1,221375;-1,098662;-0,717520;13
5568;109;1;3;11;38;40;47;0;0;2,413426;2,7266;36;3;0;1,383156;-1,137791;0,522243;2,274777;13
5569;96;1;3;11;12;38;40;0;0;-1,325962;-1,0128;36;3;0;-2,340344;-0,038201;0,421324;-0,377613;13
5570;346;3;8;12;17;40;41;0;0;-1,126499;-0,8133;36;3;0;0,086679;0,055289;-1,691177;-0,346656;13
5571;155;1;5;8;17;40;41;0;0;-1,550804;-1,2376;36;3;0;-0,670527;0,520262;-1,501102;-0,514442;13
5572;339;3;8;11;38;40;41;0;0;-0,695759;-0,3826;36;3;0;-0,824693;0,189642;-0,418847;0,038449;13
5573;436;8;11;12;17;38;41;0;0;-0,851970;-0,5388;36;3;0;0,471784;-1,016440;-1,089994;-0,857445;13
5574;19;1;3;5;8;40;41;0;0;-2,843379;-2,5302;36;3;0;-2,517418;0,274464;-0,608923;-1,798536;13
5575;371;3;11;17;40;41;47;0;0;1,674914;1,9881;36;3;0;1,097733;-0,340960;1,098662;0,704642;13
5576;152;1;5;8;17;38;40;0;0;0,902086;1,2152;36;3;0;0,373341;-1,386685;0,786616;0,402502;13
5577;407;5;8;12;38;41;47;0;0;-0,345092;-0,0319;36;3;0;0,373341;0,093676;-1,013220;0,042163;13
5578;440;8;11;12;17;41;47;0;0;1,275988;1,5891;36;3;0;2,440645;-0,024580;-0,509242;0,278674;13
5579;90;1;3;8;38;41;47;0;0;1,600920;1,9141;36;3;0;0,043340;-2,391547;1,088136;1,641399;13
5580;144;1;5;8;12;17;41;0;0;1,477238;1,7904;36;3;0;1,683438;-1,276478;-0,028171;0,903385;13
5581;105;1;3;11;17;40;41;0;0;1,000029;1,3132;36;3;0;0,762779;-2,055355;0,369316;0,600007;13
5582;18;1;3;5;8;38;47;0;0;1,236668;1,5498;36;3;0;-0,345479;-0,679629;2,080616;0,406836;13
5583;114;1;3;12;17;38;47;0;0;-0,245360;0,0678;36;3;0;0,278612;-1,394734;-0,145807;-0,557782;13
5584;269;3;5;8;12;17;40;0;0;0,086005;0,3992;36;3;0;0,216079;-1,916048;0,023218;-0,090332;13
5585;43;1;3;5;12;38;47;0;0;-1,094328;-0,7812;36;3;0;-0,817882;-0,660435;-0,337121;-0,740428;13
5586;355;3;8;17;38;41;47;0;0;-0,186380;0,1268;36;3;0;-0,807976;-2,327157;-1,065847;1,551004;13
5587;27;1;3;5;11;17;38;0;0;-2,095573;-1,7824;36;3;0;0,389438;-2,569240;-1,943786;-2,075291;13
5588;373;3;12;17;38;40;41;0;0;0,563929;0,8771;36;3;0;-0,245179;0,104201;1,207011;0,014921;13
5589;72;1;3;8;12;17;38;0;0;-2,808348;-2,4952;36;3;0;-1,296476;-1,005295;-2,424857;-1,142868;13
5590;397;5;8;11;38;41;47;0;0;-1,399598;-1,0864;36;3;0;-0,515743;0,276941;-2,453956;0,545523;13
5591;390;5;8;11;17;38;41;0;0;-0,480927;-0,1678;36;3;0;-0,492215;-1,743309;-1,146335;0,805561;13
5592;453;8;12;17;40;41;47;0;0;-2,004421;-1,6913;36;3;0;-1,211654;-0,134167;-1,442284;-0,817820;13
5593;135;1;5;8;11;17;47;0;0;0,245075;0,5582;36;3;0;-0,894036;0,481256;0,603351;0,715167;13
5594;183;1;5;12;17;38;41;0;0;-1,308446;-0,9953;36;3;0;-2,223946;-0,259853;0,422562;-0,464911;13
5595;188;1;5;12;38;40;41;0;0;-0,186380;0,1268;36;3;0;1,019721;-0,300097;-0,642976;-0,699565;13
5596;286;3;5;8;38;41;47;0;0;1,068662;1,3818;36;3;0;1,350341;-0,881468;0,253537;0,247098;13
5597;460;11;12;38;40;41;47;0;0;-0,100947;0,2122;36;3;0;-0,383866;-1,090117;-0,408941;0,617962;13
5598;45;1;3;5;12;40;47;0;0;-1,204783;-0,8916;36;3;0;0,905181;-0,106306;-0,862770;-2,129156;13
5599;332;3;8;11;12;41;47;0;0;-0,470918;-0,1578;36;3;0;-0,703961;-1,205896;0,540198;-0,651891;13
5600;132;1;5;8;11;17;38;0;0;0,395922;0,7091;36;3;0;0,217937;-0,986721;0,729036;-0,261215;13
5601;124;1;3;17;38;41;47;0;0;-0,119177;0,1940;36;3;0;0,378294;-1,550137;-0,416990;-0,167725;13
5602;384;5;8;11;12;38;41;0;0;0,141411;0,4546;36;3;0;0,451971;-0,019627;1,063990;-1,271030;13
5603;55;1;3;5;38;41;47;0;0;-1,066445;-0,7533;36;3;0;1,306383;-0,570041;-1,986506;-1,167014;13
5604;70;1;3;8;11;40;47;0;0;2,333712;2,6469;36;3;0;1,292762;-2,662111;1,104234;1,645113;13
5605;308;3;5;12;17;38;40;0;0;-0,122037;0,1911;36;3;0;-0,277374;-2,117888;0,446089;-0,380089;13
5606;396;5;8;11;38;40;47;0;0;-0,503446;-0,1903;36;3;0;0,916944;-0,796646;-0,968023;-0,820916;13
5607;85;1;3;8;17;40;41;0;0;0,918886;1,2320;36;3;0;0,422253;-0,062347;0,770518;0,398787;13
5608;166;1;5;11;12;38;40;0;0;-0,191742;0,1214;36;3;0;1,464263;-1,109311;-2,547446;0,751077;13
5609;164;1;5;11;12;17;41;0;0;-0,774401;-0,4612;36;3;0;0,270564;-1,816367;-1,164909;-0,446956;13
5610;177;1;5;11;17;41;47;0;0;-1,215864;-0,9027;36;3;0;-0,248894;-1,259761;-1,678795;-0,178250;13
5611;266;3;5;8;11;40;47;0;0;-2,160988;-1,8478;36;3;0;-0,443922;-1,413308;-1,587781;-1,711237;13
5612;100;1;3;11;12;40;47;0;0;1,254541;1,5677;36;3;0;0,890321;-1,160080;0,885678;0,396930;13
5613;151;1;5;8;12;41;47;0;0;1,797165;2,1103;36;3;0;-0,222271;-1,237472;1,927688;1,407364;13
5614;245;1;11;17;40;41;47;0;0;-0,288971;0,0242;36;3;0;0,828408;1,666288;-0,674552;-0,654368;13
5615;344;3;8;12;17;38;41;0;0;1,084390;1,3975;36;3;0;1,580661;-1,270287;0,984740;-0,687182;13
5616;449;8;11;38;40;41;47;0;0;-1,109698;-0,7965;36;3;0;-1,352818;-2,707927;-0,742038;0,172802;13
5617;71;1;3;8;11;41;47;0;0;-1,389589;-1,0764;36;3;0;-0,372721;-0,787359;-0,784139;-1,249979;13
5618;8;1;3;5;8;12;38;0;0;0,462410;0,7756;36;3;0;0,784449;-0,680248;0,373031;-0,356562;13
5619;322;3;5;38;40;41;47;0;0;-1,986548;-1,6734;36;3;0;-0,399344;0,069529;-1,252827;-1,788630;13
5620;375;3;12;17;38;41;47;0;0;-0,910950;-0,5978;36;3;0;-1,153455;-0,399159;0,746991;-1,171348;13
5621;336;3;8;11;17;40;41;0;0;1,426122;1,7393;36;3;0;-0,666193;-0,568803;1,382846;1,753463;13
5622;41;1;3;5;12;38;40;0;0;-2,097360;-1,7842;36;3;0;-1,867322;-0,644957;-2,245306;0,479894;13
5623;125;1;3;17;40;41;47;0;0;0,371973;0,6851;36;3;0;0,217937;2,058203;0,465902;-0,039563;13
5624;31;1;3;5;11;38;40;0;0;-0,452330;-0,1392;36;3;0;0,590658;0,312851;-1,473860;0,099743;13
5625;52;1;3;5;17;41;47;0;0;-0,568504;-0,2553;36;3;0;0,808595;-0,864751;-1,340745;-0,452528;13
5626;139;1;5;8;11;40;41;0;0;-1,809247;-1,4961;36;3;0;-0,357862;-0,952050;-1,834817;-0,941029;13
5627;30;1;3;5;11;17;47;0;0;-0,039106;0,2741;36;3;0;0,412966;0,470112;0,532150;-1,012849;13
5628;239;1;11;12;38;40;47;0;0;-1,956521;-1,6434;36;3;0;-0,782591;-3,204476;-1,010744;-1,595458;13
5629;170;1;5;11;12;40;47;0;0;1,065087;1,3782;36;3;0;0,811072;-0,347770;-1,272020;2,305734;13
5630;404;5;8;12;17;41;47;0;0;-1,725244;-1,4121;36;3;0;0,030957;-2,900479;-0,948830;-2,070338;13
5631;174;1;5;11;17;38;47;0;0;-1,571536;-1,2584;36;3;0;-0,981335;0,299230;-1,337649;-0,402997;13
5632;88;1;3;8;38;40;41;0;0;-1,755986;-1,4428;36;3;0;-1,128071;0,083150;-1,981553;0,068167;13
5633;20;1;3;5;8;40;47;0;0;-1,811750;-1,4986;36;3;0;-0,787544;0,426772;-2,198871;-0,151627;13
5634;417;5;11;12;17;40;41;0;0;-0,774401;-0,4612;36;3;0;-1,484694;-1,098166;0,036220;0,107173;13
5635;451;8;12;17;38;40;47;0;0;-0,494868;-0,1817;36;3;0;0,339288;-0,439403;0,034362;-1,230786;13
5636;424;5;11;17;38;40;41;0;0;0,781621;1,0948;36;3;0;1,226514;-0,740304;0,798998;-0,671704;13
5637;238;1;11;12;38;40;41;0;0;-0,505591;-0,1924;36;3;0;-1,589329;-1,540231;1,307930;-0,594311;13
5638;315;3;5;12;38;40;47;0;0;-0,107738;0,2054;36;3;0;0,255704;-0,373774;-0,704270;0,261958;13
5639;377;3;12;38;40;41;47;0;0;0,146416;0,4596;36;3;0;-0,195029;-0,676533;-1,539488;1,988116;13
5640;22;1;3;5;11;12;17;0;0;0,409148;0,7223;36;3;0;1,176363;-1,924097;-0,634927;0,167229;13
5641;133;1;5;8;11;17;40;0;0;0,579657;0,8928;36;3;0;-0,598707;-1,150793;-0,219485;1,822187;13
5642;244;1;11;17;38;41;47;0;0;0,284752;0,5979;36;3;0;0,476737;-0,790454;0,753801;-0,737332;13
5643;44;1;3;5;12;40;41;0;0;-0,626412;-0,3133;36;3;0;-0,118875;-1,841133;-1,174196;0,208093;13
5644;252;1;17;38;40;41;47;0;0;-0,840888;-0,5277;36;3;0;-0,355386;-0,557658;-0,625020;-0,476056;13
5645;419;5;11;12;17;41;47;0;0;-0,278246;0,0349;36;3;0;0,647619;-1,374302;-0,932732;-0,196824;13
5646;300;3;5;11;17;38;47;0;0;-0,372616;-0,0595;36;3;0;-0,772685;1,218651;0,523482;-0,396187;13
5647;108;1;3;11;38;40;41;0;0;-0,559568;-0,2464;36;3;0;-0,453210;-0,111878;-0,370554;-0,145436;13
5648;438;8;11;12;17;40;41;0;0;-1,473950;-1,1608;36;3;0;-0,538651;-0,513080;-1,366749;-0,647557;13
5649;405;5;8;12;38;40;41;0;0;-2,172426;-1,8593;36;3;0;0,473022;0,511594;-3,754766;-0,481009;13
5650;398;5;8;11;40;41;47;0;0;1,427552;1,7407;36;3;0;-0,219794;-1,561901;2,376564;0,315823;13
5651;186;1;5;12;17;40;47;0;0;-1,515773;-1,2026;36;3;0;-1,772594;1,992574;0,627497;-1,480299;13
5652;356;3;8;17;40;41;47;0;0;-1,625513;-1,3124;36;3;0;-0,789402;-0,976815;-1,691177;-0,334892;13
5653;42;1;3;5;12;38;41;0;0;1,058653;1,3718;36;3;0;-1,083493;-0,853606;3,146772;-0,229639;13
5654;391;5;8;11;17;38;47;0;0;0,805929;1,1191;36;3;0;0,515743;-1,194133;0,569298;0,310870;13
5655;282;3;5;8;17;40;47;0;0;-0,621766;-0,3086;36;3;0;-0,981335;-0,155218;0,398416;-0,494011;13
5656;50;1;3;5;17;40;41;0;0;-0,305056;0,0081;36;3;0;-0,694674;0,383433;1,478813;-1,312512;13
5657;138;1;5;8;11;38;47;0;0;0,803427;1,1166;36;3;0;0,929946;-0,591711;0,675790;-0,214160;13
5658;185;1;5;12;17;40;41;0;0;-0,885571;-0,5724;36;3;0;-2,191132;-0,039439;1,074515;-0,417238;13
5659;335;3;8;11;17;38;47;0;0;0,147846;0,4610;36;3;0;-0,030957;-1,885711;-0,506765;0,793798;13
5660;214;1;8;11;38;40;47;0;0;0,090294;0,4035;36;3;0;1,648147;-0,114355;-0,080798;-1,410955;13
5661;48;1;3;5;17;38;41;0;0;-0,615332;-0,3022;36;3;0;0,196267;-0,531654;-0,987217;-0,274836;13
5662;248;1;12;17;38;40;47;0;0;-1,438204;-1,1250;36;3;0;0,061914;-1,284527;-1,504817;-1,048140;13
5663;134;1;5;8;11;17;41;0;0;-1,005320;-0,6922;36;3;0;-1,107639;-1,912953;-1,058418;0,424791;13
5664;231;1;8;38;40;41;47;0;0;-0,829808;-0,5167;36;3;0;0,027242;-0,393586;-2,091760;0,627249;13
5665;418;5;11;12;17;40;47;0;0;-1,122567;-0,8094;36;3;0;-0,594992;-0,019008;-0,657216;-0,692135;13
5666;369;3;11;17;38;40;47;0;0;-1,025695;-0,7125;36;3;0;-0,934899;-0,670341;-0,215151;-0,626506;13
5667;431;5;12;17;38;41;47;0;0;0,545698;0,8589;36;3;0;1,987435;-1,521038;-0,907348;-0,134910;13
5668;370;3;11;17;38;41;47;0;0;-0,287898;0,0253;36;3;0;-2,056779;-0,390491;1,346317;0,211807;13
5669;240;1;11;12;38;41;47;0;0;0,471704;0,7849;36;3;0;-0,279851;-0,242517;1,034890;0,061976;13
5670;181;1;5;11;40;41;47;0;0;0,453117;0,7663;36;3;0;-0,481690;1,727583;-0,946353;2,212864;13
5671;217;1;8;12;17;38;40;0;0;-0,841603;-0,5284;36;3;0;-0,452590;-0,348389;-0,490048;-0,515061;13
5672;423;5;11;12;40;41;47;0;0;-0,479854;-0,1667;36;3;0;0,206792;-0,612142;-1,371083;0,333159;13
5673;316;3;5;12;38;41;47;0;0;-0,132045;0,1811;36;3;0;0,950378;-1,493796;-1,415041;0,235954;13
5674;223;1;8;12;38;40;41;0;0;-0,805142;-0,4920;36;3;0;0,989384;-1,894379;-1,726468;-0,657463;13
5675;302;3;5;11;17;40;47;0;0;-0,337228;-0,0241;36;3;0;0,440208;-1,519800;0,057889;-1,082192;13
5676;254;3;5;8;11;12;38;0;0;-0,187809;0,1253;36;3;0;-1,361486;0,927036;1,488719;-0,452528;13
5677;61;1;3;8;11;12;47;0;0;-1,011754;-0,6986;36;3;0;-0,946663;0,143826;-0,116708;-0,689039;13
5678;234;1;11;12;17;38;47;0;0;1,212004;1,5252;36;3;0;0,472403;-1,369349;0,159428;1,467421;13
5679;39;1;3;5;12;17;41;0;0;-0,833024;-0,5199;36;3;0;-1,350961;-0,425163;0,665265;-0,757145;13
5680;395;5;8;11;38;40;41;0;0;-0,407647;-0,0945;36;3;0;-1,806028;-0,913663;0,192862;0,907100;13
5681;35;1;3;5;11;40;47;0;0;-1,322387;-1,0092;36;3;0;-1,576327;-1,612051;0,143331;-0,857445;13
5682;23;1;3;5;11;12;38;0;0;-2,253212;-1,9401;36;3;0;-0,890321;-1,047397;-1,810052;-1,202305;13
5683;374;3;12;17;38;40;47;0;0;-1,601206;-1,2880;36;3;0;-0,351052;-3,176615;-1,862060;-0,560259;13
5684;412;5;8;17;40;41;47;0;0;1,552305;1,8655;36;3;0;1,836984;1,266943;0,961832;-0,110145;13
5685;359;3;11;12;17;38;41;0;0;-0,694687;-0,3815;36;3;0;-0,954093;-1,816986;0,353219;-0,602360;13
5686;409;5;8;17;38;40;41;0;0;0,198605;0,5118;36;3;0;0,795593;-0,353962;0,736465;-1,188065;13
5687;154;1;5;8;17;38;47;0;0;-1,331324;-1,0182;36;3;0;-0,625949;-1,469649;-0,368078;-1,311893;13
5688;120;1;3;12;38;41;47;0;0;-0,010510;0,3026;36;3;0;0,507694;-2,247288;0,655358;-1,181255;13
5689;443;8;11;12;38;41;47;0;0;-0,958136;-0,6450;36;3;0;-0,029100;-0,314956;-2,166676;0,536236;13
5690;256;3;5;8;11;12;41;0;0;1,976968;2,2901;36;3;0;2,110025;0,666379;0,746372;0,567812;13
5691;32;1;3;5;11;38;41;0;0;0,676886;0,9900;36;3;0;-0,144878;0,596416;0,603351;0,713929;13
5692;279;3;5;8;17;38;41;0;0;0,383412;0,6966;36;3;0;-0,471165;-1,326628;0,701794;0,433459;13
5693;56;1;3;5;40;41;47;0;0;-0,745804;-0,4326;36;3;0;0,379532;0,365478;-0,415132;-1,256170;13
5694;89;1;3;8;38;40;47;0;0;-0,442678;-0,1295;36;3;0;0,980097;-2,502373;-1,353128;-0,393710;13
5695;94;1;3;11;12;17;41;0;0;0,985374;1,2985;36;3;0;0,323810;-1,319199;-1,258399;2,641307;13
5696;3;1;3;5;8;11;38;0;0;-0,981013;-0,6679;36;3;0;0,193790;-0,056775;-1,294929;-0,598026;13
5697;324;3;8;11;12;17;40;0;0;-0,654652;-0,3415;36;3;0;-0,944186;-1,503702;0,292543;-0,482247;13
5698;69;1;3;8;11;40;41;0;0;0,661873;0,9750;36;3;0;1,250041;-0,963813;0,799618;-0,903261;13
5699;179;1;5;11;38;40;47;0;0;0,572150;0,8853;36;3;0;0,448876;-0,692011;-0,099991;0,642109;13
5700;455;8;17;38;40;41;47;0;0;-0,569219;-0,2561;36;3;0;-2,236329;-0,268520;0,334644;0,915768;13
5701;246;1;11;38;40;41;47;0;0;0,029527;0,3427;36;3;0;0,176455;-1,855373;-0,865246;0,739933;13
5702;341;3;8;11;38;41;47;0;0;-1,017831;-0,7047;36;3;0;-0,297187;-1,527229;-0,883820;-0,581928;13
5703;192;1;5;17;38;40;41;0;0;0,260445;0,5736;36;3;0;-0,128162;0,702289;-0,024456;0,603722;13
5704;118;1;3;12;38;40;41;0;0;0,832381;1,1455;36;3;0;0,004953;-1,572426;-0,501812;1,938585;13
5705;243;1;11;17;38;40;47;0;0;-1,204425;-0,8913;36;3;0;-0,929327;-0,483981;-1,174816;0,018017;13
5706;416;5;11;12;17;38;47;0;0;0,481355;0,7945;36;3;0;-0,081107;0,727674;0,222580;0,692259;13
5707;225;1;8;12;38;41;47;0;0;0,485288;0,7984;36;3;0;1,217846;-1,674584;-0,280779;-0,096524;13
5708;172;1;5;11;17;38;40;0;0;-1,055007;-0,7419;36;3;0;0,087299;-0,199177;-1,095566;-0,819059;13
5709;446;8;11;17;38;40;47;0;0;-1,577971;-1,2648;36;3;0;-1,209178;-2,900479;-2,139434;0,615486;13
5710;136;1;5;8;11;38;40;0;0;1,914770;2,2279;36;3;0;1,516271;0,156828;1,156861;0,643347;13
5711;196;1;5;38;40;41;47;0;0;-0,482713;-0,1696;36;3;0;0,552891;0,193357;-0,026313;-1,362662;13
5712;317;3;5;12;40;41;47;0;0;-0,388702;-0,0755;36;3;0;0,047674;-2,499277;-0,023218;-0,697707;13
5713;162;1;5;11;12;17;38;0;0;-0,866626;-0,5535;36;3;0;-0,915706;-1,274621;0,846672;-1,432006;13
5714;131;1;5;8;11;12;47;0;0;-0,547057;-0,2339;36;3;0;1,344150;-1,493796;-1,663935;-0,627745;13
5715;381;5;8;11;12;17;41;0;0;-0,543124;-0,2300;36;3;0;-1,120641;-0,826364;0,452900;-0,272978;13
5716;60;1;3;8;11;12;41;0;0;-0,659299;-0,3461;36;3;0;-0,440208;-0,480885;-0,665884;-0,035848;13
5717;75;1;3;8;12;17;47;0;0;0,096013;0,4092;36;3;0;-1,232086;-1,303720;0,779805;0,618581;13
5718;63;1;3;8;11;17;40;0;0;0,608968;0,9221;36;3;0;1,214131;1,345574;-0,223819;0,064452;13
5719;422;5;11;12;38;41;47;0;0;0,092797;0,4060;36;3;0;-0,889083;-1,438693;-0,794664;1,844476;13
5720;216;1;8;11;40;41;47;0;0;-0,918100;-0,6049;36;3;0;-0,073678;-2,648489;-2,505345;0,988826;13
5721;99;1;3;11;12;40;41;0;0;-0,849110;-0,5360;36;3;0;0,490358;0,133301;-0,610780;-1,350280;13
5722;180;1;5;11;38;41;47;0;0;0,719067;1,0322;36;3;0;2,076591;-0,446832;0,325977;-1,157108;13
5723;413;5;8;38;40;41;47;0;0;-0,334725;-0,0216;36;3;0;-0,399344;-0,934095;1,132095;-1,312512;13
5724;182;1;5;12;17;38;40;0;0;-0,118820;0,1943;36;3;0;-0,508313;-1,097547;2,304744;-2,002233;13
5725;34;1;3;5;11;40;41;0;0;-0,750809;-0,4377;36;3;0;0,494692;-0,451785;-0,404607;-1,390524;13
5726;112;1;3;12;17;38;40;0;0;-1,289858;-0,9767;36;3;0;0,358481;0,389005;-0,230629;-2,361952;13
5727;222;1;8;12;17;41;47;0;0;-0,804070;-0,4909;36;3;0;-0,490977;0,546266;-0,234963;-0,666750;13
5728;389;5;8;11;17;38;40;0;0;-1,006750;-0,6936;36;3;0;-0,031576;0,085008;-0,337740;-1,374426;13
5729;350;3;8;12;38;40;47;0;0;0,458835;0,7720;36;3;0;0,704580;-0,862894;0,047983;0,042163;13
5730;83;1;3;8;17;38;41;0;0;-0,935973;-0,6228;36;3;0;-1,731731;0,148160;0,796522;-0,685944;13
5731;205;1;8;11;12;40;47;0;0;-0,054119;0,2590;36;3;0;0,864318;-0,090209;-1,425567;0,467512;13
5732;457;11;12;17;38;40;47;0;0;-0,075567;0,2376;36;3;0;0,843886;-0,361391;-0,728417;-0,246355;13
5733;165;1;5;11;12;17;47;0;0;-1,609070;-1,2959;36;3;0;-2,319913;-0,957003;-0,551343;0,084265;13
5734;372;3;11;38;40;41;47;0;0;-0,425878;-0,1127;36;3;0;-0,374579;-1,782314;-0,675171;0,312108;13
5735;295;3;5;11;12;40;41;0;0;-0,306843;0,0063;36;3;0;0,209269;-0,121785;0,278922;-1,019659;13
5736;189;1;5;12;38;40;47;0;0;-0,514885;-0,2017;36;3;0;-0,671765;-1,093213;-0,052317;-0,167725;13
5737;274;3;5;8;12;38;47;0;0;-1,266981;-0,9538;36;3;0;0,876081;-1,918525;-1,988364;-1,082192;13
5738;301;3;5;11;17;40;41;0;0;-0,951701;-0,6385;36;3;0;-0,422872;1,096061;-1,038605;-0,186918;13
5739;62;1;3;8;11;17;38;0;0;-0,582445;-0,2693;36;3;0;0,085441;0,797017;-0,439898;-0,654368;13
5740;270;3;5;8;12;17;41;0;0;0,022734;0,3359;36;3;0;-0,825312;-0,862894;-0,524720;1,389409;13
5741;9;1;3;5;8;12;40;0;0;-2,196734;-1,8836;36;3;0;-0,908896;0,182213;-2,109096;-0,786863;13
5742;281;3;5;8;17;40;41;0;0;-1,023908;-0,7108;36;3;0;-0,232796;-0,323005;-1,358700;-0,181965;13
5743;334;3;8;11;17;38;41;0;0;0,503876;0,8170;36;3;0;1,415970;0,040430;-0,204006;-0,339226;13
5744;380;5;8;11;12;17;40;0;0;-0,138480;0,1747;36;3;0;0,172740;0,888031;-1,403897;0,991303;13
5745;111;1;3;11;40;41;47;0;0;0,432741;0,7459;36;3;0;1,256232;-0,207845;-1,150050;0,643347;13
5746;354;3;8;17;38;40;47;0;0;-1,374576;-1,0614;36;3;0;0,290376;-0,539703;-2,349322;-0,321890;13
5747;81;1;3;8;12;41;47;0;0;-0,751166;-0,4380;36;3;0;-0,296567;-0,198558;0,007120;-1,011611;13
5748;362;3;11;12;17;40;47;0;0;-0,060554;-0,1581;37;3;0;-0,670527;0,530416;0,074916;0,490729;13
5749;435;8;11;12;17;38;40;0;0;0,419515;0,3220;37;3;0;-0,170263;-0,024332;1,003005;-0,106120;13
5750;287;3;5;8;40;41;47;0;0;-0,953131;-1,0507;37;3;0;-0,591277;0,919854;-1,164600;0,105006;13
5751;432;5;12;17;40;41;47;0;0;0,042037;-0,0555;37;3;0;0,227224;0,182460;1,341674;-1,496087;13
5752;319;3;5;17;38;40;47;0;0;1,154453;1,0569;37;3;0;0,728107;1,008391;0,614186;0,657278;13
5753;137;1;5;8;11;38;41;0;0;-1,618364;-1,7159;37;3;0;-0,606137;1,258523;-0,745443;-1,451509;13
5754;307;3;5;11;40;41;47;0;0;0,274386;0,1768;37;3;0;-0,123828;-0,657711;-0,866175;1,465254;13
5755;367;3;11;12;40;41;47;0;0;-0,272885;-0,3704;37;3;0;-1,010434;0,605332;-0,546080;1,083864;13
5756;333;3;8;11;17;38;40;0;0;-1,953304;-2,0508;37;3;0;-0,993098;-0,704766;-1,388728;-1,001395;13
5757;325;3;8;11;12;17;41;0;0;0,266522;0,1690;37;3;0;0,856269;0,100734;-0,631521;0,236882;13
5758;290;3;5;11;12;17;41;0;0;-1,190127;-1,2877;37;3;0;-0,694674;-0,050336;-0,549795;-0,816892;13
5759;414;5;11;12;17;38;40;0;0;0,950343;0,8528;37;3;0;0,094728;0,597283;0,880415;0,670899;13
5760;190;1;5;12;38;41;47;0;0;2,442380;2,3448;37;3;0;-0,234034;-0,533264;3,377401;1,086960;13
5761;433;5;12;38;40;41;47;0;0;0,067059;-0,0305;37;3;0;-0,318237;1,088879;-0,333097;0,767484;13
5762;393;5;8;11;17;40;47;0;0;0,671167;0,5736;37;3;0;1,116926;0,070396;1,254994;-1,209425;13
5763;298;3;5;11;17;38;40;0;0;1,840061;1,7425;37;3;0;0,727488;-0,395196;1,601712;0,857879;13
5764;77;1;3;8;12;38;41;0;0;0,761246;0,6637;37;3;0;0,070582;-0,963566;0,064390;1,183545;13
5765;330;3;8;11;12;40;41;0;0;0,862050;0,7645;37;3;0;-1,273568;-0,483733;0,916325;1,850358;13
5766;347;3;8;12;17;40;47;0;0;0,632561;0,5350;37;3;0;1,212273;1,006534;-1,203606;1,086960;13
5767;450;8;12;17;38;40;41;0;0;-0,364395;-0,4619;37;3;0;-0,347956;-0,881220;0,257562;-0,540756;13
5768;312;3;5;12;17;40;47;0;0;-0,600318;-0,6979;37;3;0;-1,583138;1,174939;-0,030338;0,573694;13
5769;210;1;8;11;17;40;41;0;0;-1,467516;-1,5651;37;3;0;-0,592516;1,241187;-1,329291;-0,620005;13
5770;458;11;12;17;38;41;47;0;0;-0,042324;-0,1399;37;3;0;0,015478;0,539703;-0,408632;0,319847;13
5771;146;1;5;8;12;38;40;0;0;0,697976;0,6004;37;3;0;0,075535;0,451166;0,915706;0,217689;13
5772;364;3;11;12;38;40;41;0;0;1,222012;1,1245;37;3;0;0,944186;-0,041049;-0,523791;1,696192;13
5773;95;1;3;11;12;17;47;0;0;1,022192;0,9246;37;3;0;0,237749;-1,180264;1,700774;-0,168034;13
5774;84;1;3;8;17;38;47;0;0;0,953917;0,8564;37;3;0;0,578895;0,051822;-0,480452;1,553790;13
5775;392;5;8;11;17;40;41;0;0;0,499228;0,4017;37;3;0;-0,638332;-1,033528;0,582609;0,920412;13
5776;230;1;8;17;40;41;47;0;0;1,640956;1,5434;37;3;0;0,230320;1,379255;2,511846;0,100053;13
5777;251;1;12;38;40;41;47;0;0;-1,192987;-1,2905;37;3;0;-1,210416;0,129833;0,144878;-1,000776;13
5778;343;3;8;12;17;38;40;0;0;-1,325246;-1,4228;37;3;0;0,521315;-0,343189;-1,519985;-1,296724;13
5779;294;3;5;11;12;38;47;0;0;-1,086464;-1,1840;37;3;0;-0,443303;-1,024241;-2,449932;1,011425;13
5780;311;3;5;12;17;40;41;0;0;0,582160;0,4846;37;3;0;-1,228371;0,327339;1,453738;0,782963;13
5781;29;1;3;5;11;17;41;0;0;-0,586735;-0,6843;37;3;0;-0,038387;-0,196453;-0,370245;-0,607623;13
5782;328;3;8;11;12;38;41;0;0;-0,320070;-0,4176;37;3;0;0,284185;0,441879;-1,056870;0,218308;13
5783;141;1;5;8;11;41;47;0;0;1,019690;0,9221;37;3;0;0,890321;-0,099248;0,585705;0,290128;13
5784;429;5;12;17;38;40;41;0;0;-1,183693;-1,2812;37;3;0;-1,967623;0,430116;-0,562797;0,480204;13
5785;349;3;8;12;38;40;41;0;0;0,884928;0,7874;37;3;0;1,841938;-1,024860;-0,717582;0,408384;13
5786;303;3;5;11;17;41;47;0;0;1,901901;1,8044;37;3;0;-0,836456;-0,132681;4,175471;-0,044826;13
5787;459;11;12;17;40;41;47;0;0;0,633633;0,5361;37;3;0;0,797451;-1,043434;-1,011673;1,311707;13
5788;220;1;8;12;17;40;41;0;0;-0,564215;-0,6618;37;3;0;0,005572;0,521748;0,144259;-1,127080;13
5789;376;3;12;17;40;41;47;0;0;-2,138468;-2,2360;37;3;0;-1,199891;-1,539364;-2,033871;-0,470174;13
5790;161;1;5;8;40;41;47;0;0;0,767324;0,6698;37;3;0;-0,792498;-0,559887;0,065010;2,056531;13
5791;268;3;5;8;12;17;38;0;0;1,439348;1,3418;37;3;0;0,840171;-0,898556;1,211654;0,441198;13
5792;427;5;11;17;40;41;47;0;0;0,325860;0,2283;37;3;0;0,159738;-0,728293;-0,879177;1,283846;13
5793;310;3;5;12;17;38;47;0;0;0,924963;0,8274;37;3;0;0,063771;1,261619;2,352108;-0,813796;13
5794;288;3;5;11;12;17;38;0;0;-0,721140;-0,8187;37;3;0;-0,546080;-1,796926;0,248275;-0,951245;13
5795;117;1;3;12;17;41;47;0;0;0,143198;0,0457;37;3;0;0,455686;-0,286228;-0,742966;0,535307;13
5796;54;1;3;5;38;40;47;0;0;-0,451257;-0,5488;37;3;0;-0,786306;-0,211312;-0,648238;0,652944;13
5797;150;1;5;8;12;40;47;0;0;0,070277;-0,0273;37;3;0;-0,703961;0,225181;0,637094;0,188590;13
5798;169;1;5;11;12;40;41;0;0;-0,530256;-0,6278;37;3;0;-1,013530;0,948335;-1,095256;1,190356;13
5799;400;5;8;12;17;38;41;0;0;0,800210;0,7027;37;3;0;-1,126832;-0,585891;1,274807;1,238030;13
5800;21;1;3;5;8;41;47;0;0;1,778935;1,6814;37;3;0;1,403587;-1,564130;0,040863;1,636755;13
5801;101;1;3;11;12;41;47;0;0;-1,115060;-1,2126;37;3;0;-1,536083;-0,830451;-0,840171;0,444913;13
5802;385;5;8;11;12;38;47;0;0;2,075627;1,9781;37;3;0;0,654430;-0,092437;2,145315;0,795346;13
5803;265;3;5;8;11;40;41;0;0;0,182162;0,0846;37;3;0;-0,653191;1,221994;1,458072;-0,489367;13
5804;253;3;5;8;11;12;17;0;0;0,860978;0,7634;37;3;0;-0,123209;-0,442870;0,449495;1,164971;13
5805;237;1;11;12;17;41;47;0;0;0,797350;0,6998;37;3;0;0,501502;1,532182;0,058199;0,821349;13
5806;184;1;5;12;17;38;47;0;0;-2,267511;-2,3651;37;3;0;-1,812838;0,830079;0,279851;-2,394457;13
5807;226;1;8;12;40;41;47;0;0;-0,365824;-0,4634;37;3;0;0,043959;0,051203;-0,666193;-0,011392;13
5808;273;3;5;8;12;38;41;0;0;-0,001930;-0,0995;37;3;0;-0,370864;-0,151875;-0,228462;0,595983;13
5809;160;1;5;8;38;41;47;0;0;0,677601;0,5801;37;3;0;1,450642;-0,127109;-1,301429;1,024427;13
5810;276;3;5;8;12;40;47;0;0;0,247577;0,1500;37;3;0;-0,980097;0,223323;-0,798689;2,207601;13
5811;224;1;8;12;38;40;47;0;0;0,252938;0,1554;37;3;0;-1,302668;0,622049;1,037057;0,703713;13
5812;24;1;3;5;11;12;40;0;0;0,000930;-0,0966;37;3;0;0,172121;-1,060770;-0,586943;0,416433;13
5813;267;3;5;8;11;41;47;0;0;2,166422;2,0689;37;3;0;1,755258;-1,230414;0,610471;1,386623;13
5814;57;1;3;8;11;12;17;0;0;0,770540;0,6730;37;3;0;-0,653191;-0,149398;0,287899;1,699907;13
5815;456;11;12;17;38;40;41;0;0;0,447397;0,3499;37;3;0;0,186361;0,334149;0,078631;0,509923;13
5816;363;3;11;12;17;41;47;0;0;-2,065189;-2,1627;37;3;0;-0,970809;1,749500;-0,022908;-2,583294;13
5817;129;1;5;8;11;12;40;0;0;0,284752;0,1872;37;3;0;0,015478;-0,171068;-1,240754;1,718481;13
5818;258;3;5;8;11;17;38;0;0;-0,009794;-0,1073;37;3;0;-0,019193;0,856083;-0,215460;0,217689;13
5819;104;1;3;11;17;38;47;0;0;-0,815152;-0,9127;37;3;0;-0,868652;-0,398911;-0,082965;-0,460268;13
5820;255;3;5;8;11;12;40;0;0;0,088150;-0,0094;37;3;0;-0,000619;-0,826736;0,606137;-0,452838;13
5821;82;1;3;8;17;38;40;0;0;-0,155638;-0,2532;37;3;0;0,494692;0,445594;-0,104634;-0,659630;13
5822;280;3;5;8;17;38;47;0;0;1,086535;0,9890;37;3;0;0,104015;-0,396434;1,165219;0,612700;13
5823;386;5;8;11;12;40;41;0;0;-0,589237;-0,6868;37;3;0;-0,388819;-0,564840;-0,651953;0,020184;13
5824;178;1;5;11;38;40;41;0;0;0,654009;0,5565;37;3;0;0,076773;-0,532645;0,052627;1,003376;13
5825;103;1;3;11;17;38;41;0;0;-0,519175;-0,6167;37;3;0;0,034053;0,332292;-0,967714;0,034424;13
5826;264;3;5;8;11;38;47;0;0;-1,317025;-1,4146;37;3;0;0,063771;0,591092;-1,705727;-0,639199;13
5827;261;3;5;8;11;17;47;0;0;-0,057337;-0,1549;37;3;0;0,915706;-0,122156;-0,874224;-0,140792;13
5828;142;1;5;8;12;17;38;0;0;-0,746877;-0,8444;37;3;0;-0,314522;1,294433;-1,128071;0,148965;13
5829;147;1;5;8;12;38;41;0;0;0,068132;-0,0294;37;3;0;0,379532;-0,490544;-0,814167;0,552643;13
5830;7;1;3;5;8;12;17;0;0;-0,173511;-0,2711;37;3;0;-0,869271;-0,922083;0,170882;0,397859;13
5831;410;5;8;17;38;40;47;0;0;1,240958;1,1434;37;3;0;0,547938;0,056775;1,233943;0,367521;13
5832;40;1;3;5;12;17;47;0;0;-0,503089;-0,6006;37;3;0;0,780734;0,207845;-1,376345;-0,275764;13
5833;199;1;8;11;12;17;41;0;0;0,859548;0,7620;37;3;0;-0,060676;-0,189023;0,820359;0,729098;13
5834;1;1;3;5;8;11;12;0;0;-0,174941;-0,2725;37;3;0;-0,074297;-0,210074;-0,833980;0,605270;13
5835;263;3;5;8;11;38;41;0;0;-0,142769;-0,2403;37;3;0;0,049531;0,067300;-0,825312;0,528497;13
5836;64;1;3;8;11;17;41;0;0;-1,316668;-1,4142;37;3;0;-0,679814;0,592949;-1,331767;-0,268954;13
5837;421;5;11;12;38;40;47;0;0;-1,205498;-1,3030;37;3;0;-1,290285;-1,811785;-0,601803;-0,195895;13
5838;454;8;12;38;40;41;47;0;0;-1,054292;-1,1518;37;3;0;-0,630283;0,523606;-0,498407;-0,697398;13
5839;207;1;8;11;17;38;40;0;0;-0,359747;-0,4573;37;3;0;-0,221033;-0,936323;-0,835837;0,433769;13
5840;167;1;5;11;12;38;41;0;0;0,875276;0,7777;37;3;0;0,167167;0,818935;0,951616;0,397239;13
5841;360;3;11;12;17;38;47;0;0;1,470090;1,3725;37;3;0;1,482218;-1,452685;0,830265;0,233787;13
5842;318;3;5;17;38;40;41;0;0;0,929610;0,8321;37;3;0;0,755349;0,192986;-1,069252;1,924035;13
5843;320;3;5;17;38;41;47;0;0;1,501189;1,4036;37;3;0;1,863607;1,578618;-0,813548;1,550076;13
5844;92;1;3;11;12;17;38;0;0;-0,413724;-0,5113;37;3;0;0,261277;-0,618086;0,310808;-1,288675;13
5845;228;1;8;17;38;40;47;0;0;-0,062341;-0,1599;37;3;0;0,107730;1,156984;0,581371;-0,797079;13
5846;149;1;5;8;12;40;41;0;0;-0,130973;-0,2285;37;3;0;0,356005;-0,606942;-1,340435;0,757578;13
5847;163;1;5;11;12;17;40;0;0;1,600205;1,5027;37;3;0;-0,390057;-0,259605;0,201220;2,960473;13
5848;13;1;3;5;8;17;40;0;0;0,725143;0,6276;37;3;0;0,062533;0,594187;-0,326905;1,520357;13
5849;198;1;8;11;12;17;40;0;0;0,780549;0,6830;37;3;0;-0,023527;-0,552457;0,206173;1,169305;13
5850;406;5;8;12;38;40;47;0;0;-1,268053;-1,3656;37;3;0;-1,422781;-0,530168;1,058108;-1,831660;13
5851;168;1;5;11;12;38;47;0;0;1,921919;1,8244;37;3;0;0,097205;-1,439683;1,715633;1,516023;13
5852;201;1;8;11;12;38;40;0;0;0,556065;0,4585;37;3;0;-0,723154;0,189271;0,986907;0,699379;13
5853;38;1;3;5;12;17;40;0;0;1,920489;1,8229;37;3;0;1,901375;2,416932;-0,331858;1,756868;13
5854;121;1;3;12;40;41;47;0;0;1,706728;1,6092;37;3;0;1,448165;-0,853978;0,066248;1,441726;13
5855;197;1;8;11;12;17;38;0;0;0,901728;0,8042;37;3;0;1,679723;-0,163638;1,185031;-1,302915;13
5856;49;1;3;5;17;38;47;0;0;0,878851;0,7813;37;3;0;0,066867;1,326009;2,017773;-0,562426;13
5857;249;1;12;17;38;41;47;0;0;-0,119892;-0,2174;37;3;0;-0,025385;-1,240321;-1,275426;1,093151;13
5858;157;1;5;8;17;41;47;0;0;-0,838029;-0,9356;37;3;0;-1,028389;-0,477542;-0,071820;-0,351299;13
5859;208;1;8;11;17;38;41;0;0;-1,396739;-1,4943;37;3;0;-0,141164;0,406588;-0,829027;-1,449032;13
5860;345;3;8;12;17;38;47;0;0;1,189126;1,0916;37;3;0;0,030957;-0,166115;1,726159;0,302511;13
5861;462;12;17;38;40;41;47;0;0;0,616833;0,5193;37;3;0;0,363434;2,434268;-0,024766;0,729717;13
5862;17;1;3;5;8;38;41;0;0;-0,779048;-0,8766;37;3;0;-1,437640;0,954526;1,253756;-1,165467;13
5863;26;1;3;5;11;12;47;0;0;1,180547;1,0830;37;3;0;0,982573;-0,311612;1,571993;-0,509799;13
5864;14;1;3;5;8;17;41;0;0;1,551233;1,4537;37;3;0;-0,573942;0,507508;1,052536;2,208220;13
5865;403;5;8;12;17;40;47;0;0;-1,535433;-1,6330;37;3;0;-0,621615;-0,915892;-0,541746;-1,496087;13
5866;193;1;5;17;38;40;47;0;0;0,082430;-0,0151;37;3;0;-3,096313;1,133457;1,549085;1,690001;13
5867;296;3;5;11;12;40;47;0;0;0,519961;0,4224;37;3;0;1,659911;0,476551;0,411108;-1,170420;13
5868;206;1;8;11;12;41;47;0;0;0,789128;0,6916;37;3;0;-0,531221;-1,291090;1,279140;0,618891;13
5869;47;1;3;5;17;38;40;0;0;-0,450900;-0,5484;37;3;0;-1,316908;1,455409;-0,359720;0,895646;13
5870;378;3;17;38;40;41;47;0;0;1,090467;0,9929;37;3;0;-0,143640;-2,254470;0,094109;1,938276;13
5871;342;3;8;11;40;41;47;0;0;-0,430167;-0,5277;37;3;0;-1,542894;0,786120;-0,225366;1,023189;13
5872;351;3;8;12;38;41;47;0;0;-0,051259;-0,1488;37;3;0;1,170172;-1,053960;0,816644;-2,075600;13
5873;229;1;8;17;38;41;47;0;0;0,173583;0,0760;37;3;0;0,084203;-0,625516;0,382009;-0,165558;13
5874;272;3;5;8;12;38;40;0;0;-1,498257;-1,5958;37;3;0;-1,988673;-0,787730;-0,916325;0,309941;13
5875;10;1;3;5;8;12;41;0;0;-0,935973;-1,0335;37;3;0;0,084822;-1,241559;-0,653810;-1,052164;13
5876;78;1;3;8;12;38;47;0;0;0,111027;0,0135;37;3;0;-0,052627;1,435597;-0,209269;0,454200;13
5877;67;1;3;8;11;38;41;0;0;-1,672340;-1,7699;37;3;0;0,248894;-0,787111;-1,604188;-1,541284;13
5878;79;1;3;8;12;40;41;0;0;1,417186;1,3196;37;3;0;-0,323810;-1,739346;2,041300;0,737147;13
5879;445;8;11;17;38;40;41;0;0;0,086005;-0,0115;37;3;0;-0,682291;1,340249;0,832742;-0,001486;13
5880;28;1;3;5;11;17;40;0;0;0,836313;0,7388;37;3;0;-0,576418;-0,060861;0,412965;1,611989;13
5881;452;8;12;17;38;41;47;0;0;1,104051;1,0065;37;3;0;-0,607994;0,713681;2,097642;0,422624;13
5882;194;1;5;17;38;41;47;0;0;-1,248036;-1,3456;37;3;0;-0,987526;-0,384052;-0,463116;-0,711019;13
5883;97;1;3;11;12;38;41;0;0;0,746233;0,6487;37;3;0;-1,017864;1,491319;0,325667;1,984711;13
5884;73;1;3;8;12;17;40;0;0;0,021662;-0,0759;37;3;0;-0,379532;0,215275;0,052008;0,365044;13
5885;365;3;11;12;38;40;47;0;0;1,507265;1,4097;37;3;0;-0,338050;0,000433;2,261094;0,687615;13
5886;411;5;8;17;38;41;47;0;0;0,897081;0,7995;37;3;0;0,474260;-0,353095;0,318237;0,761293;13
5887;195;1;5;17;40;41;47;0;0;-1,306302;-1,4038;37;3;0;-0,261896;-0,594559;-0,957808;-1,042877;13
5888;115;1;3;12;17;40;41;0;0;-1,452145;-1,5497;37;3;0;-0,584467;-1,166024;0,590039;-2,520761;13
5889;327;3;8;11;12;38;40;0;0;-0,970647;-1,0682;37;3;0;-0,505836;1,275859;-1,883420;0,708047;13
5890;285;3;5;8;38;40;47;0;0;-0,202465;-0,3000;37;3;0;-1,764545;0,826984;1,182555;0,231310;13
5891;340;3;8;11;38;40;47;0;0;-1,084676;-1,1822;37;3;0;-0,447637;0,035105;0,178931;-1,610008;13
5892;241;1;11;12;40;41;47;0;0;-0,973149;-1,0707;37;3;0;0,191933;0,224562;-0,294710;-1,582766;13
5893;321;3;5;17;40;41;47;0;0;0,379122;0,2816;37;3;0;0,660621;-0,294896;0,929946;-0,933909;13
5894;212;1;8;11;17;41;47;0;0;-0,099874;-0,1974;37;3;0;-0,783830;-0,290562;0,490358;0,120484;13
5895;58;1;3;8;11;12;38;0;0;-0,912381;-1,0099;37;3;0;-1,092161;-1,118969;-0,467450;-0,020679;13
5896;420;5;11;12;38;40;41;0;0;-1,091826;-1,1894;37;3;0;-0,550414;1,543327;-1,291523;-0,049160;13
5897;291;3;5;11;12;17;47;0;0;-2,459824;-2,5574;37;3;0;-2,427024;0,996008;-1,504507;-0,329010;13
5898;98;1;3;11;12;38;47;0;0;-1,949729;-2,0473;37;3;0;-1,731731;0,406588;-1,814695;0,169396;13
5899;68;1;3;8;11;38;47;0;0;0,154995;0,0574;37;3;0;-0,744824;1,219517;-0,036529;1,049812;13
5900;219;1;8;12;17;38;47;0;0;0,553562;0,4560;37;3;0;-1,446927;0,854226;1,018483;1,387242;13
5901;415;5;11;12;17;38;41;0;0;0,271527;0,1740;37;3;0;0,987526;1,018917;-1,688391;1,171163;13
5902;91;1;3;8;40;41;47;0;0;0,079928;-0,0176;37;3;0;0,888464;1,550137;0,331239;-1,081264;13
5903;313;3;5;12;17;41;47;0;0;1,904046;1,8065;37;3;0;2,009105;-2,127546;0,726869;0,561930;13
5904;247;1;12;17;38;40;41;0;0;1,364281;1,2667;37;3;0;0,798070;1,978581;0,583848;0,981087;13
5905;399;5;8;12;17;38;40;0;0;3,092957;2,9954;37;3;0;0,744205;0,537846;2,822653;1,790301;13
5906;387;5;8;11;12;40;47;0;0;0,454188;0,3566;37;3;0;1,810362;0,651148;0,023527;-1,047211;13
5907;202;1;8;11;12;38;41;0;0;-0,082001;-0,1795;37;3;0;-0,707676;-0,068910;-0,963380;1,529025;13
5908;12;1;3;5;8;17;38;0;0;-0,353671;-0,4512;37;3;0;-0,856888;-0,424915;-0,214841;0,459153;13
5909;293;3;5;11;12;38;41;0;0;-1,105052;-1,2026;37;3;0;-2,145315;0,186794;-0,024766;0,256076;13
5910;368;3;11;17;38;40;41;0;0;-0,988162;-1,0857;37;3;0;-0,014240;-1,187694;-0,712629;-0,984678;13
5911;233;1;11;12;17;38;41;0;0;-0,481284;-0,5788;37;3;0;-1,359629;-0,472589;-1,839461;2,365481;13
5912;441;8;11;12;38;40;41;0;0;-0,471990;-0,5695;37;3;0;0,770208;0,886421;-0,933661;-0,654058;13
5913;461;11;17;38;40;41;47;0;0;0,300124;0,2026;37;3;0;0,702103;0,257376;0,900228;-1,082502;13
5914;227;1;8;17;38;40;41;0;0;0,860263;0,7627;37;3;0;-0,269325;-0,209455;0,215460;1,543884;13
5915;260;3;5;8;11;17;41;0;0;0,999673;0,9021;37;3;0;-0,210507;0,176269;1,761450;0,180541;13
5916;130;1;5;8;11;12;41;0;0;1,217723;1,1202;37;3;0;-1,231467;-0,187166;2,254903;1,085722;13
5917;444;8;11;12;40;41;47;0;0;1,504405;1,4069;37;3;0;2,189274;1,448599;1,202986;-0,786554;13
5918;37;1;3;5;12;17;38;0;0;-1,143657;-1,2412;37;3;0;-1,267377;-0,380956;-0,298425;-0,415071;13
5919;299;3;5;11;17;38;41;0;0;-1,126857;-1,2244;37;3;0;-1,116307;1,088879;-0,585705;-0,249761;13
5920;358;3;11;12;17;38;40;0;0;1,143371;1,0458;37;3;0;0,804880;-1,401916;-0,248894;1,424390;13
5921;128;1;5;8;11;12;38;0;0;1,879381;1,7818;37;3;0;0,707676;0,623906;-0,226605;2,774113;13
5922;309;3;5;12;17;38;41;0;0;-1,058581;-1,1561;37;3;0;-0,008049;-1,286756;-1,053774;-0,771694;13
5923;66;1;3;8;11;38;40;0;0;0,310490;0,2129;37;3;0;-0,853792;0,540322;1,554657;-0,163081;13
5924;5;1;3;5;8;11;41;0;0;-0,583517;-0,6811;37;3;0;0,355386;-0,650281;-0,255704;-1,110363;13
5925;59;1;3;8;11;12;40;0;0;1,187339;1,0898;37;3;0;0,478594;-0,234220;1,585614;-0,007677;13
5926;297;3;5;11;12;41;47;0;0;0,471346;0,3738;37;3;0;-0,287280;-0,515928;0,549795;0,553881;13
5927;33;1;3;5;11;38;47;0;0;-0,630702;-0,7282;37;3;0;-0,855650;1,148936;-0,742347;0,505589;13
5928;402;5;8;12;17;40;41;0;0;-0,514171;-0,6117;37;3;0;0,578276;-0,907224;-1,262424;-0,206421;13
5929;331;3;8;11;12;40;47;0;0;0,182161;0,0846;37;3;0;-1,594282;-0,941277;0,393153;1,516642;13
5930;305;3;5;11;38;40;47;0;0;-1,978684;-2,0762;37;3;0;-1,220941;0,841843;-2,196085;-0,010154;13
5931;140;1;5;8;11;40;47;0;0;1,175543;1,0780;37;3;0;1,139215;-1,296662;0,801785;0,095100;13
5932;235;1;11;12;17;40;41;0;0;-0,806572;-0,9041;37;3;0;-0,857507;0,474694;-0,089156;-0,450361;13
5933;80;1;3;8;12;40;47;0;0;1,474737;1,3772;37;3;0;-0,264991;0,913663;2,058636;0,760674;13
5934;203;1;8;11;12;38;47;0;0;-0,844106;-0,9417;37;3;0;0,212984;1,618862;-0,112683;-1,562335;13
5935;46;1;3;5;12;41;47;0;0;-0,671095;-0,7686;37;3;0;-0,513885;0,585519;-1,622762;0,974277;13
5936;218;1;8;12;17;38;41;0;0;-0,417299;-0,5148;37;3;0;1,391205;0,565088;-1,122498;-0,991489;13
5937;122;1;3;17;38;40;41;0;0;-1,139368;-1,2369;37;3;0;-1,505126;0,735970;-0,419157;-0,049160;13
5938;326;3;8;11;12;17;47;0;0;-0,643928;-0,7415;37;3;0;-2,678394;0,405350;0,798689;0,764389;13
5939;16;1;3;5;8;38;40;0;0;-0,612472;-0,7100;37;3;0;0,092252;-0,149398;-1,498316;0,345232;13
5940;428;5;11;38;40;41;47;0;0;1,803242;1,7057;37;3;0;2,094546;1,306197;0,414823;0,613938;13
5941;366;3;11;12;38;41;47;0;0;0,367683;0,2701;37;3;0;-0,265610;0,470360;0,295329;0,607127;13
5942;408;5;8;12;40;41;47;0;0;1,823617;1,7261;37;3;0;0,374579;-0,069529;1,536702;1,247317;13
5943;323;3;8;11;12;17;38;0;0;-1,604066;-1,7016;37;3;0;-0,977620;-0,068291;-1,063061;-0,737642;13
5944;314;3;5;12;38;40;41;0;0;0,720854;0,6233;37;3;0;0,359720;0,069158;0,324429;0,564407;13
5945;277;3;5;8;12;41;47;0;0;-0,159928;-0,2575;37;3;0;-1,035200;0,988579;-0,370245;1,128442;13
5946;126;1;3;38;40;41;47;0;0;1,134435;1,0369;37;3;0;0,245179;0,142216;0,593135;1,126585;13
5947;278;3;5;8;17;38;40;0;0;1,678131;1,5806;37;3;0;1,610999;2,468320;0,384485;0,911124;13
5948;107;1;3;11;17;41;47;0;0;-0,547057;-0,6446;37;3;0;0,579514;-0,177879;-1,445070;-0,081974;13
5949;113;1;3;12;17;38;41;0;0;0,088507;-0,0090;37;3;0;-0,014240;-0,338235;-0,539889;0,707428;13
5950;442;8;11;12;38;40;47;0;0;-2,039809;-2,1374;37;3;0;-1,803551;-0,151875;-1,488409;-0,241093;13
5951;123;1;3;17;38;40;47;0;0;1,630946;2,1968;38;3;0;1,674770;-0,770518;-0,011268;1,161380;13
5952;36;1;3;5;11;41;47;0;0;-0,069847;0,4960;38;3;0;-0,166548;0,535865;-1,582642;1,628211;13
5953;352;3;8;12;40;41;47;0;0;0,692257;1,2582;38;3;0;1,266139;1,369844;0,014736;-0,081850;13
5954;292;3;5;11;12;38;40;0;0;-0,690041;-0,1241;38;3;0;-0,720058;0,492525;-0,562921;0,087794;13
5955;213;1;8;11;38;40;41;0;0;-1,465371;-0,8995;38;3;0;-1,945334;-0,371793;-0,879301;0,286537;13
5956;6;1;3;5;8;11;47;0;0;-0,668950;-0,1031;38;3;0;0,110826;-0,817573;-1,421666;0,152184;13
5957;158;1;5;8;38;40;41;0;0;-2,105582;-1,5397;38;3;0;-0,519457;0,421943;-2,722477;-0,405041;13
5958;242;1;11;17;38;40;41;0;0;-0,629272;-0,0634;38;3;0;-2,186179;0,295639;-0,075040;1,171287;13
5959;76;1;3;8;12;38;40;0;0;-0,101662;0,4642;38;3;0;-0,257562;0,404607;-1,128814;1,210292;13
5960;171;1;5;11;12;41;47;0;0;-2,685024;-2,1191;38;3;0;-0,750396;-0,062223;-3,849309;-0,050893;13
5961;304;3;5;11;38;40;41;0;0;-2,437662;-1,8718;38;3;0;-0,924374;0,022599;-1,313936;-1,983844;13
5962;175;1;5;11;17;40;41;0;0;-1,480027;-0,9141;38;3;0;0,399964;-0,148903;-1,815438;-1,148007;13
5963;211;1;8;11;17;40;47;0;0;-1,681992;-1,1161;38;3;0;-1,402968;1,159337;-0,090518;-1,419809;13
5964;65;1;3;8;11;17;47;0;0;-0,051975;0,5139;38;3;0;-1,765164;1,301120;-0,442189;2,117330;13
5965;93;1;3;11;12;17;40;0;0;-1,223371;-0,6575;38;3;0;-0,926851;1,690558;-0,857631;-0,334459;13
5966;383;5;8;11;12;38;40;0;0;-0,430882;0,1350;38;3;0;0,548557;0,490048;-0,798813;-0,496054;13
5967;271;3;5;8;12;17;47;0;0;0,470631;1,0365;38;3;0;0,362815;-0,313594;-0,003220;0,455562;13
5968;236;1;11;12;17;40;47;0;0;-0,393706;0,1722;38;3;0;-2,008486;0,431849;0,315018;1,011549;13
5969;284;3;5;8;38;40;41;0;0;-0,857689;-0,2918;38;3;0;-0,127543;-0,575489;-1,208063;-0,149955;13
5970;153;1;5;8;17;38;41;0;0;0,687252;1,2531;38;3;0;0,707676;2,369753;-0,342508;0,825188;13
5971;361;3;11;12;17;40;41;0;0;-0,833024;-0,2671;38;3;0;-0,250132;1,846581;-1,744237;0,551529;13
5972;143;1;5;8;12;17;40;0;0;-0,353671;0,2122;38;3;0;-0,664336;1,386561;0,112559;-0,060799;13
5973;306;3;5;11;38;41;47;0;0;-1,066088;-0,5002;38;3;0;-0,514504;0,644833;-1,402473;0,070458;13
5974;257;3;5;8;11;12;47;0;0;-1,149734;-0,5838;38;3;0;-2,009105;1,315979;-0,951740;0,969447;13
5975;215;1;8;11;38;41;47;0;0;-0,574224;-0,0083;38;3;0;0,385104;0,153237;-0,934404;-0,445285;13
5976;434;5;17;38;40;41;47;0;0;-1,083604;-0,5177;38;3;0;0,574561;0,722225;-1,079283;-1,372135;13
5977;250;1;12;17;40;41;47;0;0;-0,451615;0,1143;38;3;0;-0,448876;1,247255;-1,156675;0,823331;13
5978;191;1;5;12;40;41;47;0;0;-1,819256;-1,2534;38;3;0;-1,173887;-0,870199;0,394268;-2,371425;13
5979;15;1;3;5;8;17;47;0;0;-0,512383;0,0535;38;3;0;1,486552;0,601493;-0,756092;-1,617933;13
5980;156;1;5;8;17;40;47;0;0;0,357317;0,9232;38;3;0;-0,343622;-0,627497;-0,069467;1,031980;13
5981;74;1;3;8;12;17;41;0;0;0,223627;0,7895;38;3;0;0,903942;0,081417;-1,427238;0,910629;13
5982;110;1;3;11;38;41;47;0;0;-0,790844;-0,2250;38;3;0;0,387581;1,972266;-1,409283;-0,348080;13
5983;232;1;11;12;17;38;40;0;0;-0,786198;-0,2203;38;3;0;-0,138687;0,178622;-0,762284;-0,460763;13
5984;259;3;5;8;11;17;40;0;0;-1,593342;-1,0274;38;3;0;-1,703870;0,601493;0,102034;-1,157913;13
5985;86;1;3;8;17;40;47;0;0;0,279748;0,8456;38;3;0;-0,427825;0,471474;0,705694;0,206668;13
5986;159;1;5;8;38;40;47;0;0;-1,407463;-0,8416;38;3;0;-0,348575;1,381608;-0,299787;-1,789435;13
5987;388;5;8;11;12;41;47;0;0;-0,073780;0,4921;38;3;0;-0,225366;1,226204;0,375693;-0,278117;13
5988;173;1;5;11;17;38;41;0;0;-0,152421;0,4135;38;3;0;-0,111445;-0,910443;0,302635;-0,455191;13
5989;145;1;5;8;12;17;47;0;0;0,772328;1,3382;38;3;0;2,028298;0,848530;0,046931;-0,737518;13
5990;426;5;11;17;38;41;47;0;0;1,015043;1,5809;38;3;0;0,855030;1,830483;0,693931;0,209145;13
5991;102;1;3;11;17;38;40;0;0;-1,965815;-1,3999;38;3;0;-1,879705;-0,848530;-1,640841;0,115655;13
5992;439;8;11;12;17;40;47;0;0;-1,200493;-0,6346;38;3;0;-1,500792;-1,512246;-1,565306;0,986783;13
5993;87;1;3;8;17;41;47;0;0;-0,566360;-0,0005;38;3;0;-0,877939;0,548866;0,924250;-1,027275;13
5994;338;3;8;11;17;41;47;0;0;-0,815152;-0,2493;38;3;0;-1,960193;0,751944;0,124323;0,423986;13
5995;379;5;8;11;12;17;38;0;0;-0,670023;-0,1041;38;3;0;0,382009;0,997123;0,089032;-1,631554;13
5996;275;3;5;8;12;40;41;0;0;-1,125427;-0,5595;38;3;0;-0,994337;0,599636;-0,759807;-0,195153;13
5997;51;1;3;5;17;40;47;0;0;-0,359390;0,2065;38;3;0;-1,406683;0,005263;-1,450766;2,234967;13
5998;283;3;5;8;17;41;47;0;0;2,115662;2,6816;38;3;0;2,032632;0,601493;0,176950;1,454852;13
5999;394;5;8;11;17;41;47;0;0;1,075454;1,6413;38;3;0;1,232086;-0,279541;1,015883;-0,385228;13
6000;348;3;8;12;17;41;47;0;0;-1,205855;-0,6400;38;3;0;-1,461786;-1,537631;-1,785101;1,158285;13
6001;25;1;3;5;11;12;41;0;0;-2,571709;-2,0058;38;3;0;-2,853610;-0,303068;-0,977744;-0,622977;13
6002;200;1;8;11;12;17;47;0;0;-1,282352;-0,7165;38;3;0;-0,797451;0,116089;0,004210;-1,427858;13
6003;187;1;5;12;17;41;47;0;0;0,678316;1,2442;38;3;0;-1,108877;0,644833;-0,100424;2,384179;13
6004;2;1;3;5;8;11;17;0;0;0,117819;0,6837;38;3;0;0,811691;-0,098753;-0,522058;-0,085565;13
6005;448;8;11;17;40;41;47;0;0;0,834169;1,4001;38;3;0;1,604188;0,725940;-0,835961;0,676595;13
6006;106;1;3;11;17;40;47;0;0;-1,257329;-0,6914;38;3;0;0,325048;1,333934;-1,331891;-1,170915;13
6007;127;3;10;27;28;30;31;0;0;-1,386587;-1,2097;39;3;0;0,471784;-0,614186;-0,303564;-2,569859;14
6008;94;3;5;28;30;31;36;0;0;-2,296680;-2,1198;39;3;0;-1,407921;0,809833;-1,010001;-1,560044;14
6009;24;3;5;10;28;30;34;0;0;-1,533145;-1,3563;39;3;0;0,225366;-0,326905;-1,690434;-1,190418;14
6010;210;3;27;28;31;34;36;0;0;-1,686853;-1,5100;39;3;0;-1,827078;-0,708914;0,408446;-1,503083;14
6011;194;3;10;31;32;36;43;0;0;-0,735653;-0,5588;39;3;0;-0,551653;0,859364;-0,194595;-0,527940;14
6012;11;3;5;10;27;30;43;0;0;-0,307416;-0,1306;39;3;0;-1,654338;1,544132;1,735879;-0,614000;14
6013;135;3;10;27;28;31;43;0;0;1,880954;2,0578;39;3;0;0,651334;1,086588;1,859707;0,746867;14
6014;88;3;5;27;32;34;36;0;0;1,083461;1,2603;39;3;0;-0,449495;0,660002;1,469030;0,857074;14
6015;170;3;10;28;30;34;43;0;0;0,231634;0,4085;39;3;0;0,053246;0,303378;1,189799;-0,841843;14
6016;97;3;5;28;30;32;36;0;0;-0,476851;-0,3000;39;3;0;0,408632;-0,171501;-0,832927;-0,401635;14
6017;370;5;28;31;32;36;43;0;0;0,600176;0,7770;39;3;0;1,069252;1,896422;0,019627;-0,049345;14
6018;233;3;28;30;31;32;36;0;0;-0,553348;-0,3765;39;3;0;0,546699;1,342293;-1,044054;-0,461073;14
6019;433;10;30;32;34;36;43;0;0;0,924749;1,1016;39;3;0;-0,752253;1,092161;0,946477;1,407488;14
6020;106;3;5;28;31;34;43;0;0;-0,026452;0,1504;39;3;0;-0,214222;-0,265610;0,030771;0,137635;14
6021;9;3;5;10;27;30;34;0;0;-0,018945;0,1579;39;3;0;0,483547;1,425257;-0,247841;-0,268520;14
6022;303;5;10;28;31;36;43;0;0;-3,000161;-2,8233;39;3;0;-0,228462;-1,814076;-1,041577;-3,926392;14
6023;396;10;27;28;32;34;43;0;0;-0,182305;-0,0054;39;3;0;-0,008668;0,199363;-0,076340;-0,230753;14
6024;154;3;10;27;31;32;43;0;0;0,015371;0,1922;39;3;0;0,508932;0,973286;-0,828593;0,346284;14
6025;237;3;28;30;31;36;43;0;0;0,220910;0,3978;39;3;0;0,615424;0,016717;-1,338764;1,105967;14
6026;250;3;30;31;34;36;43;0;0;0,490077;0,6669;39;3;0;0,361577;-0,542985;0,362010;0,125252;14
6027;199;3;27;28;30;31;36;0;0;0,934758;1,1116;39;3;0;0,290995;-1,321242;1,525372;-0,197319;14
6028;245;3;28;31;34;36;43;0;0;0,507593;0,6844;39;3;0;0,169644;0,323810;1,735260;-1,025727;14
6029;240;3;28;30;32;36;43;0;0;-1,164247;-0,9874;39;3;0;-0,951616;-0,350432;-0,177879;-0,887040;14
6030;443;27;28;30;32;36;43;0;0;0,337442;0,5143;39;3;0;1,179459;0,564654;-0,428630;-0,166363;14
6031;41;3;5;10;30;32;34;0;0;-0,669165;-0,4923;39;3;0;-0,006191;0,052627;-0,067672;-1,085164;14
6032;298;5;10;28;31;32;34;0;0;-0,614474;-0,4376;39;3;0;0,605518;0,152927;-1,021765;-0,648052;14
6033;280;5;10;27;31;32;43;0;0;-1,040565;-0,8637;39;3;0;0,722535;0,934899;-1,306568;-1,218279;14
6034;297;5;10;28;30;36;43;0;0;0,295619;0,4725;39;3;0;-0,503979;0,165310;0,933475;0,082531;14
6035;414;10;28;30;31;32;34;0;0;-0,699549;-0,5227;39;3;0;-0,476737;-1,161504;0,437545;-1,172463;14
6036;76;3;5;27;30;32;34;0;0;1,141727;1,3186;39;3;0;0,026004;0,233415;1,951958;-0,000433;14
6037;382;10;27;28;30;31;43;0;0;0,072922;0,2498;39;3;0;-0,786306;-0,572703;0,342198;0,570412;14
6038;82;3;5;27;31;32;34;0;0;0,352813;0,5297;39;3;0;-0,981335;0,732441;-0,482495;2,074919;14
6039;319;5;10;31;32;34;43;0;0;-0,832524;-0,6557;39;3;0;-0,727488;-0,055103;1,159461;-1,873947;14
6040;39;3;5;10;30;31;36;0;0;-0,229489;-0,0526;39;3;0;0,450114;2,308768;-0,807543;-0,040058;14
6041;84;3;5;27;31;32;43;0;0;-0,719210;-0,5424;39;3;0;-0,274898;-0,808595;-0,454634;-0,516176;14
6042;434;10;31;32;34;36;43;0;0;-1,793376;-1,6165;39;3;0;-0,155404;1,021579;-2,205558;-0,745257;14
6043;381;10;27;28;30;31;36;0;0;-0,322429;-0,1456;39;3;0;-1,272330;-0,109588;0,757640;-0,043773;14
6044;285;5;10;27;32;34;43;0;0;1,627515;1,8044;39;3;0;-1,120022;0,489120;3,076933;0,862027;14
6045;43;3;5;10;30;32;43;0;0;0,718137;0,8950;39;3;0;-0,150451;0,760921;0,572518;0,821783;14
6046;330;5;27;28;30;34;36;0;0;-0,281678;-0,1048;39;3;0;-0,824693;0,260657;-1,243416;1,580228;14
6047;301;5;10;28;31;34;36;0;0;-0,180517;-0,0037;39;3;0;0,690340;0,819740;1,000342;-2,003347;14
6048;230;3;27;31;34;36;43;0;0;-0,612329;-0,4355;39;3;0;1,253756;0,565893;-1,174692;-1,139649;14
6049;34;3;5;10;28;34;36;0;0;-0,573723;-0,3969;39;3;0;0,360958;1,424638;-0,610656;-0,744019;14
6050;54;3;5;10;32;34;43;0;0;2,820358;2,9972;39;3;0;1,705727;-0,421014;1,878900;1,300377;14
6051;126;3;5;32;34;36;43;0;0;-0,625913;-0,4491;39;3;0;-0,640809;1,853701;-0,598274;0,154970;14
6052;17;3;5;10;27;32;36;0;0;-0,443608;-0,2668;39;3;0;-0,959046;1,318146;0,957003;-0,766308;14
6053;415;10;28;30;31;32;36;0;0;-1,978540;-1,8017;39;3;0;-0,867413;0,387581;-1,354861;-1,204658;14
6054;75;3;5;27;30;31;43;0;0;1,119564;1,2964;39;3;0;1,814695;0,201839;0,204130;-0,079683;14
6055;14;3;5;10;27;31;36;0;0;-0,584089;-0,4072;39;3;0;0,190695;1,818410;-1,351765;0,149398;14
6056;31;3;5;10;28;32;34;0;0;-1,534933;-1,3581;39;3;0;-1,114450;3,291960;-1,312760;-0,231372;14
6057;78;3;5;27;30;32;43;0;0;-0,906876;-0,7300;39;3;0;-1,917472;1,524319;0,786740;-0,440022;14
6058;425;10;28;31;32;34;43;0;0;-2,697392;-2,5205;39;3;0;-0,888464;0,440208;-1,543698;-2,239858;14
6059;122;3;5;31;32;34;36;0;0;-1,716880;-1,5400;39;3;0;-0,369626;1,042630;-1,231653;-1,372445;14
6060;27;3;5;10;28;31;32;0;0;0,029312;0,2062;39;3;0;0,156642;0,116398;-0,853359;0,747486;14
6061;73;3;5;27;30;31;34;0;0;-0,590524;-0,4137;39;3;0;-0,968333;1,258090;-0,002043;-0,052441;14
6062;284;5;10;27;32;34;36;0;0;-0,845392;-0,6685;39;3;0;-1,029009;0,473022;-1,333191;0,897937;14
6063;394;10;27;28;31;36;43;0;0;-1,133148;-0,9563;39;3;0;0,013621;1,255613;-1,437826;-0,538465;14
6064;366;5;28;30;32;36;43;0;0;-0,152278;0,0246;39;3;0;-0,846363;-0,058818;1,463458;-0,880849;14
6065;389;10;27;28;31;32;34;0;0;-0,622695;-0,4458;39;3;0;1,254994;1,710061;-2,062537;-0,270997;14
6066;198;3;27;28;30;31;34;0;0;-0,357102;-0,1802;39;3;0;0,226605;1,035200;0,019008;-0,864132;14
6067;334;5;27;28;31;32;36;0;0;-2,140470;-1,9636;39;3;0;-1,952763;-0,794355;0,480885;-2,235524;14
6068;124;3;5;31;32;36;43;0;0;-1,247893;-1,0710;39;3;0;-0,658144;-0,874224;-1,088632;-0,414637;14
6069;348;5;27;30;31;36;43;0;0;-0,400712;-0,2239;39;3;0;0,910134;1,048821;-0,992046;-0,612142;14
6070;279;5;10;27;31;32;36;0;0;0,178373;0,3552;39;3;0;0,482309;0,132496;1,166272;-1,339630;14
6071;81;3;5;27;30;36;43;0;0;0,169436;0,3463;39;3;0;1,474788;-1,124356;0,654244;-1,835560;14
6072;103;3;5;28;31;32;36;0;0;-1,148161;-0,9713;39;3;0;-0,312665;0,430301;-1,876176;0,200168;14
6073;460;28;30;32;34;36;43;0;0;0,371758;0,5486;39;3;0;-1,023436;-1,100209;0,558896;1,108444;14
6074;144;3;10;27;30;31;36;0;0;-1,182835;-1,0060;39;3;0;-1,773213;0,192552;0,445594;-0,721111;14
6075;208;3;27;28;31;32;36;0;0;-0,324931;-0,1481;39;3;0;0,060676;-0,052627;-0,520262;-0,103210;14
6076;44;3;5;10;30;34;36;0;0;-0,301339;-0,1245;39;3;0;0,290376;2,324247;-0,206978;-0,605332;14
6077;30;3;5;10;28;31;43;0;0;1,665048;1,8419;39;3;0;-0,367149;-0,513885;1,860326;1,390771;14
6078;32;3;5;10;28;32;36;0;0;-1,885959;-1,7091;39;3;0;-1,818410;1,386251;-0,508499;-0,939667;14
6079;320;5;10;31;32;36;43;0;0;0,262376;0,4392;39;3;0;-0,909515;1,084112;1,564378;-0,200415;14
6080;212;3;27;28;31;36;43;0;0;-1,104551;-0,9277;39;3;0;-1,638241;0,754730;0,126119;-0,401016;14
6081;387;10;27;28;30;34;43;0;0;1,044140;1,2210;39;3;0;1,107639;-0,290376;-0,498592;1,199457;14
6082;6;3;5;10;27;28;43;0;0;-0,732078;-0,5552;39;3;0;-1,913758;0,016717;0,690154;-0,044392;14
6083;204;3;27;28;30;34;36;0;0;-0,056121;0,1207;39;3;0;-0,032195;0,770209;-0,424296;0,359286;14
6084;36;3;5;10;28;36;43;0;0;-2,414999;-2,2381;39;3;0;-1,541655;0,502121;-0,991427;-1,649819;14
6085;205;3;27;28;30;34;43;0;0;-0,171938;0,0049;39;3;0;-0,323810;2,036347;1,264715;-1,238711;14
6086;391;10;27;28;31;32;43;0;0;0,035746;0,2126;39;3;0;-0,042101;0,565274;-0,127109;0,231124;14
6087;109;3;5;28;32;34;43;0;0;-0,402857;-0,2260;39;3;0;0,482309;-0,274898;-0,723959;-0,456119;14
6088;52;3;5;10;31;36;43;0;0;0,091510;0,2684;39;3;0;-0,526268;1,048202;-0,577223;1,261990;14
6089;59;3;5;27;28;30;34;0;0;-0,914025;-0,7372;39;3;0;0,587563;2,202276;-1,829121;-0,341579;14
6090;114;3;5;30;31;32;43;0;0;0,499014;0,6759;39;3;0;-0,246417;1,440736;0,691392;0,419343;14
6091;444;27;28;30;34;36;43;0;0;0,114387;0,2912;39;3;0;-0,474879;1,834508;1,259761;-0,586758;14
6092;379;10;27;28;30;31;32;0;0;0,234494;0,4113;39;3;0;0,741109;-1,178840;-0,363001;0,028047;14
6093;99;3;5;28;30;34;36;0;0;-0,384627;-0,2078;39;3;0;0,474879;-1,776309;0,714919;-1,855992;14
6094;314;5;10;30;32;34;36;0;0;0,555493;0,7323;39;3;0;0,100300;2,249950;0,836890;0,024951;14
6095;437;27;28;30;31;32;43;0;0;0,324931;0,5018;39;3;0;1,142930;0,336811;0,257995;-0,838128;14
6096;25;3;5;10;28;30;36;0;0;0,782837;0,9597;39;3;0;0,702103;0,209888;0,644957;0,008854;14
6097;37;3;5;10;30;31;32;0;0;0,399997;0,5769;39;3;0;1,421542;0,910134;-0,111012;-0,617715;14
6098;91;3;5;27;34;36;43;0;0;-1,370501;-1,1936;39;3;0;-0,842029;0,699008;-0,810019;-0,721730;14
6099;275;5;10;27;30;34;36;0;0;-0,981227;-0,8044;39;3;0;-0,709533;0,198124;-1,681766;0,691764;14
6100;404;10;27;30;31;36;43;0;0;1,578186;1,7550;39;3;0;1,123737;1,836365;1,529087;0,080674;14
6101;95;3;5;28;30;31;43;0;0;0,131188;0,3080;39;3;0;-0,052008;1,143549;-0,653996;0,933228;14
6102;259;5;10;27;28;31;34;0;0;0,509380;0,6862;39;3;0;-0,157261;0,013621;-0,201406;1,240940;14
6103;243;3;28;31;32;34;43;0;0;-0,838959;-0,6621;39;3;0;0,201220;1,821506;-1,237844;-0,416495;14
6104;263;5;10;27;28;32;36;0;0;2,897569;3,0744;39;3;0;1,484075;1,485933;0,540941;2,993721;14
6105;179;3;10;28;32;34;43;0;0;0,984445;1,1613;39;3;0;0,142402;1,658673;0,020246;1,542460;14
6106;168;3;10;28;30;32;43;0;0;-0,482928;-0,3061;39;3;0;0,791878;0,874224;-1,463830;-0,164505;14
6107;60;3;5;27;28;30;36;0;0;1,211432;1,3883;39;3;0;-0,941091;0,925612;1,052350;1,987002;14
6108;315;5;10;30;32;34;43;0;0;-0,700264;-0,5234;39;3;0;-0,926851;1,996722;0,060490;-0,346532;14
6109;147;3;10;27;30;32;36;0;0;-0,480069;-0,3032;39;3;0;-1,260566;0,926231;0,261091;0,167972;14
6110;49;3;5;10;31;32;43;0;0;-1,878094;-1,7012;39;3;0;-0,786925;0,004953;-1,127637;-1,338392;14
6111;193;3;10;31;32;34;43;0;0;0,855402;1,0323;39;3;0;-1,118784;1,357152;1,431263;1,169120;14
6112;146;3;10;27;30;32;34;0;0;-0,560497;-0,3836;39;3;0;-0,698388;0,501502;0,118070;-0,390491;14
6113;143;3;10;27;30;31;34;0;0;0,957277;1,1341;39;3;0;0,365292;1,104543;0,387395;0,905366;14
6114;435;27;28;30;31;32;34;0;0;0,086505;0,2634;39;3;0;-1,165838;0,386343;1,958769;-0,643099;14
6115;307;5;10;28;34;36;43;0;0;-1,034846;-0,8580;39;3;0;-0,466211;0,268087;0,635051;-1,961246;14
6116;409;10;27;31;32;34;36;0;0;-0,549774;-0,3729;39;3;0;0,206173;1,440117;-1,379627;0,221218;14
6117;83;3;5;27;31;32;36;0;0;1,575683;1,7525;39;3;0;0,175835;0,212984;0,758878;1,794450;14
6118;328;5;27;28;30;32;36;0;0;-1,145301;-0,9684;39;3;0;-0,843267;-0,005572;0,698822;-1,839275;14
6119;357;5;27;32;34;36;43;0;0;0,078641;0,2555;39;3;0;0,199982;0,656287;-0,806923;0,743152;14
6120;292;5;10;28;30;32;34;0;0;0,043968;0,2208;39;3;0;-1,568278;0,633379;0,251185;1,393248;14
6121;77;3;5;27;30;32;36;0;0;-0,600891;-0,4240;39;3;0;0,406774;0,299044;-0,561745;-0,885802;14
6122;271;5;10;27;30;31;43;0;0;0,283465;0,4603;39;3;0;1,020341;-0,493454;-0,022475;-0,506889;14
6123;119;3;5;30;32;34;43;0;0;0,658798;0,8357;39;3;0;0,147355;-0,566512;0,861655;0,132062;14
6124;247;3;30;31;32;34;36;0;0;-0,364252;-0,1874;39;3;0;0,429682;-1,276664;0,004148;-1,064733;14
6125;244;3;28;31;32;36;43;0;0;0,891147;1,0680;39;3;0;-0,553510;-1,777547;1,844847;0,252175;14
6126;227;3;27;31;32;34;36;0;0;0,916170;1,0930;39;3;0;1,690249;0,695912;0,227038;-0,330434;14
6127;149;3;10;27;30;34;36;0;0;0,027167;0,2040;39;3;0;-0,320095;0,329382;-0,271368;0,638518;14
6128;427;10;28;31;34;36;43;0;0;0,839316;1,0162;39;3;0;-0,021670;-1,712538;1,993441;-0,518033;14
6129;138;3;10;27;28;32;43;0;0;-1,587479;-1,4106;39;3;0;-1,199272;-1,884658;-0,516547;-1,033776;14
6130;282;5;10;27;31;34;43;0;0;-0,606252;-0,4294;39;3;0;0,655668;-1,016626;-1,600040;-0,105687;14
6131;431;10;30;31;32;36;43;0;0;-1,070950;-0,8941;39;3;0;-1,295238;0,896513;-0,101105;-0,458596;14
6132;461;28;31;32;34;36;43;0;0;1,343334;1,5202;39;3;0;1,030866;-0,525649;0,857940;0,437917;14
6133;417;10;28;30;31;34;36;0;0;1,775146;1,9520;39;3;0;1,097733;-0,595611;1,386685;0,590225;14
6134;100;3;5;28;30;34;43;0;0;0,671667;0,8485;39;3;0;1,280998;-0,325667;-0,656473;0,538836;14
6135;117;3;5;30;31;36;43;0;0;-1,228947;-1,0521;39;3;0;-0,440208;-0,821597;-0,753058;-0,935333;14
6136;62;3;5;27;28;31;32;0;0;0,857189;1,0340;39;3;0;2,301338;0,807357;0,412780;-1,229424;14
6137;256;5;10;27;28;30;36;0;0;-0,491865;-0,3150;39;3;0;-1,260566;-0,247036;0,048726;0,359905;14
6138;190;3;10;30;32;36;43;0;0;-2,201953;-2,0251;39;3;0;-2,035728;0,941091;0,483362;-2,261528;14
6139;174;3;10;28;31;32;43;0;0;-0,858261;-0,6814;39;3;0;-0,303997;-0,380770;-0,312851;-0,869704;14
6140;343;5;27;30;31;32;34;0;0;-0,435386;-0,2585;39;3;0;-1,809742;0,250132;1,247998;-0,192366;14
6141;171;3;10;28;30;36;43;0;0;-0,379622;-0,2028;39;3;0;-0,004953;1,827078;0,050584;-0,703156;14
6142;430;10;30;31;32;34;43;0;0;-2,068621;-1,8918;39;3;0;-0,941710;1,528034;-1,925088;-0,716158;14
6143;217;3;27;30;31;32;34;0;0;0,607682;0,7845;39;3;0;0,497788;0,573942;-0,912796;1,467544;14
6144;342;5;27;28;34;36;43;0;0;0,958708;1,1356;39;3;0;-0,594992;0,515743;2,309202;-0,053679;14
6145;96;3;5;28;30;32;34;0;0;-0,683821;-0,5070;39;3;0;-0,056342;0,872986;-0,771633;-0,356438;14
6146;304;5;10;28;32;34;36;0;0;-1,212504;-1,0356;39;3;0;-0,523172;2,317436;-0,223076;-1,353871;14
6147;183;3;10;30;31;32;36;0;0;-0,163717;0,0131;39;3;0;-1,368916;-0,408012;0,580566;0,504784;14
6148;118;3;5;30;32;34;36;0;0;-0,225557;-0,0487;39;3;0;0,847601;2,748357;-0,506022;-0,732255;14
6149;120;3;5;30;32;36;43;0;0;-0,357102;-0,1802;39;3;0;-0,373341;1,121879;-0,091818;-0,153361;14
6150;211;3;27;28;31;34;43;0;0;-0,217336;-0,0405;39;3;0;-1,409160;1,556515;-0,001424;1,034147;14
6151;360;5;28;30;31;32;43;0;0;-0,233064;-0,0562;39;3;0;-1,947810;-0,816025;2,068976;-0,524844;14
6152;413;10;27;32;34;36;43;0;0;-0,416441;-0,2396;39;3;0;0,003715;1,739161;-0,619944;-0,105068;14
6153;145;3;10;27;30;31;43;0;0;-1,533503;-1,3566;39;3;0;-1,238896;-0,816644;-0,561745;-0,855464;14
6154;322;5;10;32;34;36;43;0;0;0,728503;0,9054;39;3;0;-0,781353;-0,989384;1,293814;0,749344;14
6155;388;10;27;28;30;36;43;0;0;-0,776403;-0,5995;39;3;0;1,344150;0,006811;-0,655234;-2,033685;14
6156;10;3;5;10;27;30;36;0;0;0,104378;0,2812;39;3;0;-0,287280;2,015296;1,225090;-0,757021;14
6157;361;5;28;30;31;34;36;0;0;2,798195;2,9751;39;3;0;0,766494;0,822216;1,563139;2,516984;14
6158;246;3;28;32;34;36;43;0;0;-0,010009;0,1668;39;3;0;-0,263134;-0,915706;-0,094295;0,340093;14
6159;155;3;10;27;31;34;36;0;0;0,506878;0,6837;39;3;0;0,088537;0,335573;0,359534;0,429868;14
6160;368;5;28;31;32;34;36;0;0;1,294719;1,4716;39;3;0;-0,336192;-0,223509;2,008300;0,570412;14
6161;411;10;27;31;32;36;43;0;0;1,465228;1,6421;39;3;0;1,353437;1,287189;1,093832;0,090580;14
6162;451;27;30;31;32;34;43;0;0;1,524208;1,7011;39;3;0;1,100829;1,144168;1,326628;0,212550;14
6163;367;5;28;30;34;36;43;0;0;-0,109025;0,0678;39;3;0;1,186889;-0,520076;-0,211312;-1,164414;14
6164;61;3;5;27;28;30;43;0;0;1,355846;1,5327;39;3;0;0,502121;-0,022289;1,228805;0,617467;14
6165;378;5;31;32;34;36;43;0;0;-0,479354;-0,3025;39;3;0;1,624620;2,828225;0,220847;-2,675732;14
6166;385;10;27;28;30;32;43;0;0;-1,523851;-1,3470;39;3;0;-0,829027;0,063771;-0,216884;-1,593477;14
6167;419;10;28;30;31;36;43;0;0;-1,419116;-1,2423;39;3;0;-1,087208;1,072967;-0,949944;-0,420829;14
6168;291;5;10;28;30;31;43;0;0;0,006077;0,1829;39;3;0;0,398725;0,855031;0,636908;-1,025108;14
6169;410;10;27;31;32;34;43;0;0;0,497584;0,6744;39;3;0;0,298425;0,269944;-0,388386;0,951802;14
6170;162;3;10;28;30;31;32;0;0;-0,416440;-0,2396;39;3;0;0,532459;-0,520696;-1,123922;-0,129833;14
6171;317;5;10;30;34;36;43;0;0;0,565144;0,7420;39;3;0;-0,873605;0,784449;1,845467;0,006996;14
6172;442;27;28;30;32;34;43;0;0;-0,876134;-0,6993;39;3;0;-0,645762;0,829646;-0,796398;-0,075349;14
6173;337;5;27;28;31;34;43;0;0;-0,936188;-0,7593;39;3;0;1,453738;2,599144;-1,759159;-1,316103;14
6174;306;5;10;28;32;36;43;0;0;0,232349;0,4092;39;3;0;1,046963;-0,754730;-0,475684;-0,168839;14
6175;239;3;28;30;32;34;43;0;0;-1,959596;-1,7827;39;3;0;-0,719439;1,539798;-0,959232;-1,715448;14
6176;449;27;28;32;34;36;43;0;0;-0,001430;0,1754;39;3;0;1,394919;0,619758;-1,054579;-0,342817;14
6177;242;3;28;31;32;34;36;0;0;0,027525;0,2044;39;3;0;0,424729;0,253228;-0,511594;0,134539;14
6178;184;3;10;30;31;32;43;0;0;-1,012327;-0,8355;39;3;0;-0,457543;0,363434;-0,745629;-0,550229;14
6179;299;5;10;28;31;32;36;0;0;0,544769;0,7216;39;3;0;0,420395;0,733679;0,283380;0,239792;14
6180;235;3;28;30;31;34;36;0;0;1,458794;1,6356;39;3;0;1,673532;-0,410489;0,680248;0,172925;14
6181;202;3;27;28;30;32;36;0;0;-2,504364;-2,3275;39;3;0;-0,482928;1,399253;-1,764112;-2,090646;14
6182;142;3;10;27;30;31;32;0;0;-0,234136;-0,0573;39;3;0;0,109588;1,579423;-0,804447;0,289324;14
6183;402;10;27;30;31;34;36;0;0;0,897582;1,0744;39;3;0;1,358390;0,882892;0,708728;-0,512461;14
6184;69;3;5;27;28;34;36;0;0;-0,734580;-0,5577;39;3;0;-0,571465;-0,100300;-0,443489;-0,257376;14
6185;445;27;28;31;32;34;36;0;0;0,100446;0,2773;39;3;0;0,227224;0,605518;-0,652758;0,599512;14
6186;4;3;5;10;27;28;34;0;0;1,044855;1,2217;39;3;0;0,357243;1,126213;1,329724;0,122775;14
6187;197;3;27;28;30;31;32;0;0;0,891862;1,0687;39;3;0;-0,608613;-0,016717;1,444884;0,708480;14
6188;102;3;5;28;31;32;34;0;0;0,284539;0,4614;39;3;0;0,009906;0,509551;-0,128347;0,611276;14
6189;173;3;10;28;31;32;36;0;0;1,018761;1,1956;39;3;0;-0,043959;0,856269;1,189180;0,619324;14
6190;254;5;10;27;28;30;32;0;0;0,671667;0,8485;39;3;0;1,858035;0,976382;0,328577;-1,023250;14
6191;441;27;28;30;32;34;36;0;0;-0,163359;0,0135;39;3;0;0,814167;2,132933;0,111259;-1,208373;14
6192;281;5;10;27;31;34;36;0;0;-0,209471;-0,0326;39;3;0;2,383684;0,865556;-1,261990;-1,484509;14
6193;354;5;27;31;32;34;43;0;0;-2,303471;-2,1266;39;3;0;-1,972576;1,011673;-1,686100;-0,331053;14
6194;161;3;10;27;34;36;43;0;0;1,276489;1,4533;39;3;0;0,373960;0,287899;-0,067672;1,904656;14
6195;438;27;28;30;31;34;36;0;0;-0,571579;-0,3947;39;3;0;0,221652;0,429682;-0,284990;-0,926665;14
6196;187;3;10;30;31;36;43;0;0;-0,665948;-0,4891;39;3;0;0,160976;0,881034;-0,291800;-1,022631;14
6197;80;3;5;27;30;34;43;0;0;-0,161929;0,0149;39;3;0;0,034053;-1,019721;0,050584;-0,365106;14
6198;158;3;10;27;32;34;36;0;0;0,536905;0,7138;39;3;0;0,299663;-1,423400;0,449309;0,180974;14
6199;28;3;5;10;28;31;34;0;0;-0,614473;-0,4376;39;3;0;-2,160175;-0,515123;1,216422;-0,120546;14
6200;313;5;10;30;31;36;43;0;0;-0,672024;-0,4952;39;3;0;0,073678;1,378203;0,727302;-1,964960;14
6201;446;27;28;31;32;34;43;0;0;1,306516;1,4834;39;3;0;-0,005572;-0,082965;1,682633;0,585891;14
6202;302;5;10;28;31;34;43;0;0;-0,348523;-0,1717;39;3;0;0,686625;2,954530;0,374393;-1,664678;14
6203;200;3;27;28;30;31;43;0;0;-0,180875;-0,0040;39;3;0;1,311955;1,729873;-0,218742;-1,406497;14
6204;329;5;27;28;30;32;43;0;0;-1,635021;-1,4582;39;3;0;-0,734918;0,978239;-0,699812;-1,397210;14
6205;432;10;30;31;34;36;43;0;0;0,041823;0,2187;39;3;0;-0,150451;1,870418;0,656101;-0,433211;14
6206;358;5;28;30;31;32;34;0;0;-0,354958;-0,1781;39;3;0;0,180788;1,826459;0,391110;-1,186703;14
6207;347;5;27;30;31;34;43;0;0;-0,287398;-0,1105;39;3;0;-0,104634;0,933042;-0,297372;-0,095781;14
6208;87;3;5;27;31;36;43;0;0;-0,718137;-0,5413;39;3;0;-1,357771;0,983811;-0,119680;0,233601;14
6209;207;3;27;28;31;32;34;0;0;-1,475166;-1,4752;40;3;0;-1,810981;-0,224809;0,697893;-1,441974;14
6210;229;3;27;31;32;36;43;0;0;-0,510024;-0,5100;40;3;0;0,677957;-0,070025;-0,388695;-1,172649;14
6211;390;10;27;28;31;32;36;0;0;-1,226016;-1,2260;40;3;0;-1,415351;0,201777;-1,792283;1,084112;14
6212;248;3;30;31;32;34;43;0;0;1,701580;1,7016;40;3;0;-0,193790;-0,401883;2,100242;1,040772;14
6213;459;28;30;31;34;36;43;0;0;-1,168465;-1,1685;40;3;0;-1,074206;1,682138;-0,700741;-0,248894;14
6214;272;5;10;27;30;32;34;0;0;-2,427439;-2,4274;40;3;0;-1,741018;0,622172;-0,746557;-1,716872;14
6215;12;3;5;10;27;31;32;0;0;-0,824231;-0,8242;40;3;0;-0,764636;0,856826;-0,197381;-0,465592;14
6216;152;3;10;27;31;32;34;0;0;-0,584375;-0,5844;40;3;0;-2,061732;0,511347;0,983935;0,065629;14
6217;121;3;5;30;34;36;43;0;0;0,510524;0,5105;40;3;0;-0,004334;-0,851378;0,608118;0,280470;14
6218;47;3;5;10;31;32;34;0;0;0,136621;0,1366;40;3;0;-0,138687;-0,076216;0,987031;-0,611709;14
6219;26;3;5;10;28;30;43;0;0;0,881210;0,8812;40;3;0;1,133024;-0,364735;0,350556;0,042721;14
6220;40;3;5;10;30;31;43;0;0;-0,023520;-0,0235;40;3;0;-0,145498;-0,932485;0,905305;-0,800546;14
6221;447;27;28;31;32;36;43;0;0;-0,290543;-0,2905;40;3;0;1,040153;-1,831474;-0,712505;-0,830884;14
6222;220;3;27;30;31;34;36;0;0;0,979869;0,9799;40;3;0;0,253847;0,957126;0,432902;1,010434;14
6223;344;5;27;30;31;32;36;0;0;0,076568;0,0766;40;3;0;-1,210416;1,137915;-0,103891;1,446927;14
6224;89;3;5;27;32;34;43;0;0;-1,464084;-1,4641;40;3;0;-1,846891;-1,781943;-0,614681;-0,074297;14
6225;79;3;5;27;30;34;36;0;0;1,231521;1,2315;40;3;0;-0,701484;0,497106;2,316941;0,517600;14
6226;216;3;27;28;34;36;43;0;0;0,085862;0,0859;40;3;0;-0,585086;-0,614867;-0,964494;1,698297;14
6227;312;5;10;30;31;34;43;0;0;0,337871;0,3379;40;3;0;1,815315;-2,391795;-1,209054;-0,021051;14
6228;214;3;27;28;32;34;43;0;0;0,710702;0,7107;40;3;0;0,362815;0,492153;0,502864;0,365292;14
6229;98;3;5;28;30;32;43;0;0;0,276388;0,2764;40;3;0;-0,240226;-0,562859;0,114045;0,604898;14
6230;294;5;10;28;30;32;43;0;0;-1,187410;-1,1874;40;3;0;-1,684676;2,082101;-0,411603;0,039625;14
6231;356;5;27;31;34;36;43;0;0;-0,762033;-0,7620;40;3;0;-1,411636;0,152865;0,123332;-0,031576;14
6232;345;5;27;30;31;32;43;0;0;0,139838;0,1398;40;3;0;0,105254;0,489058;-0,578152;0,715105;14
6233;92;3;5;28;30;31;32;0;0;0,883355;0,8834;40;3;0;-1,067395;-3,038175;1,486676;1,110735;14
6234;222;3;27;30;31;36;43;0;0;0,002216;0,0022;40;3;0;0,358481;-0,561002;0,881158;-1,235801;14
6235;376;5;30;31;34;36;43;0;0;-0,045326;-0,0453;40;3;0;0,134353;-0,882954;-0,619634;0,406774;14
6236;64;3;5;27;28;31;36;0;0;0,886930;0,8869;40;3;0;0,751015;1,604746;0,026747;0,758445;14
6237;374;5;30;31;32;34;43;0;0;-0,852470;-0,8525;40;3;0;-0,119494;0,174535;-1,477141;0,120113;14
6238;45;3;5;10;30;34;43;0;0;0,066559;0,0666;40;3;0;0,655049;-0,393215;-1,382413;0,842648;14
6239;462;30;31;32;34;36;43;0;0;-0,627628;-0,6276;40;3;0;-0,007430;0,942267;0,178436;-1,258090;14
6240;287;5;10;27;34;36;43;0;0;-0,331651;-0,3317;40;3;0;-1,887754;-0,282389;0,318361;0,994956;14
6241;241;3;28;30;34;36;43;0;0;0,366110;0,3661;40;3;0;1,005481;1,176921;0,868156;-1,239516;14
6242;116;3;5;30;31;34;43;0;0;0,153422;0,1534;40;3;0;0,362815;-0,933104;-0,388076;0,290995;14
6243;3;3;5;10;27;28;32;0;0;0,225986;0,2260;40;3;0;0,132496;1,465439;-1,056127;1,315051;14
6244;341;5;27;28;32;36;43;0;0;-0,420659;-0,4207;40;3;0;-0,749777;0,238306;-0,817139;0,838314;14
6245;221;3;27;30;31;34;43;0;0;0,124468;0,1245;40;3;0;-0,205554;0,679752;1,333749;-0,912610;14
6246;375;5;30;31;32;36;43;0;0;1,885672;1,8857;40;3;0;0,654430;0,482866;2,056283;0,555367;14
6247;423;10;28;30;34;36;43;0;0;-0,396709;-0,3967;40;3;0;0,153546;0,236449;-0,571341;-0,269325;14
6248;7;3;5;10;27;30;31;0;0;-0,211902;-0,2119;40;3;0;-0,526887;-0,818563;-1,311831;1,471693;14
6249;439;27;28;30;31;34;43;0;0;-0,048186;-0,0482;40;3;0;-0,505217;-1,029690;1,475531;-1,053774;14
6250;273;5;10;27;30;32;36;0;0;-2,366670;-2,3667;40;3;0;-1,595520;-1,219765;-0,968209;-1,535464;14
6251;19;3;5;10;27;34;36;0;0;0,076211;0,0762;40;3;0;1,282236;-1,042691;-1,099466;-0,050769;14
6252;416;10;28;30;31;32;43;0;0;0,095870;0,0959;40;3;0;-2,181226;-1,928679;2,077334;0,269944;14
6253;178;3;10;28;32;34;36;0;0;-0,172939;-0,1729;40;3;0;1,175744;-0,007492;-0,529240;-0,946044;14
6254;405;10;27;30;32;34;36;0;0;0,544483;0,5445;40;3;0;0,428444;0,772004;-0,261153;0,775781;14
6255;398;10;27;28;34;36;43;0;0;1,087107;1,0871;40;3;0;2,765073;0,307650;-0,302016;-0,580133;14
6256;458;28;30;31;32;36;43;0;0;-1,590982;-1,5910;40;3;0;-1,070491;1,225214;-1,308735;-0,376436;14
6257;399;10;27;30;31;32;34;0;0;-0,952559;-0,9526;40;3;0;-1,146645;0,369564;1,167819;-1,671055;14
6258;51;3;5;10;31;34;43;0;0;1,465300;1,4653;40;3;0;0,593135;-1,536764;2,084145;-0,139306;14
